{
"type": "FeatureCollection",
"name": "arrets_stan",
"crs": { "type": "name", "properties": { "name": "urn:ogc:def:crs:OGC:1.3:CRS84" } },
"features": [
{ "type": "Feature", "properties": { "id": "1", "stop_id": "1", "stop_name": "Gare de Laneuveville-devant-Nancy" }, "geometry": { "type": "Point", "coordinates": [ 6.2279111, 48.6556056 ] } },
{ "type": "Feature", "properties": { "id": "LNGAR0", "stop_id": "LNGAR0", "stop_name": "Laneuveville Gare" }, "geometry": { "type": "Point", "coordinates": [ 6.227779, 48.6554569 ] } },
{ "type": "Feature", "properties": { "id": "9", "stop_id": "9", "stop_name": "Place Stanislas - Dom Calmet" }, "geometry": { "type": "Point", "coordinates": [ 6.1812196, 48.6914444 ] } },
{ "type": "Feature", "properties": { "id": "NYPCL1", "stop_id": "NYPCL1", "stop_name": "Place Stanislas - Dom Calmet" }, "geometry": { "type": "Point", "coordinates": [ 6.1808781, 48.6909139 ] } },
{ "type": "Feature", "properties": { "id": "NYSTN0", "stop_id": "NYSTN0", "stop_name": "Place Stanislas - Dom Calmet" }, "geometry": { "type": "Point", "coordinates": [ 6.1815611, 48.6919749 ] } },
{ "type": "Feature", "properties": { "id": "11", "stop_id": "11", "stop_name": "Château de Montaigu" }, "geometry": { "type": "Point", "coordinates": [ 6.2165985, 48.6652831 ] } },
{ "type": "Feature", "properties": { "id": "LNGLT0", "stop_id": "LNGLT0", "stop_name": "Château de Montaigu" }, "geometry": { "type": "Point", "coordinates": [ 6.216466, 48.6653399 ] } },
{ "type": "Feature", "properties": { "id": "LNGLT1", "stop_id": "LNGLT1", "stop_name": "Château de Montaigu" }, "geometry": { "type": "Point", "coordinates": [ 6.217005, 48.6650959 ] } },
{ "type": "Feature", "properties": { "id": "13", "stop_id": "13", "stop_name": "Sainte-Valdrée" }, "geometry": { "type": "Point", "coordinates": [ 6.2223225, 48.6614359 ] } },
{ "type": "Feature", "properties": { "id": "LNVAL0", "stop_id": "LNVAL0", "stop_name": "Sainte-Valdrée" }, "geometry": { "type": "Point", "coordinates": [ 6.222313, 48.6613959 ] } },
{ "type": "Feature", "properties": { "id": "LNVAL1", "stop_id": "LNVAL1", "stop_name": "Sainte-Valdrée" }, "geometry": { "type": "Point", "coordinates": [ 6.222332, 48.6614759 ] } },
{ "type": "Feature", "properties": { "id": "14", "stop_id": "14", "stop_name": "Jarville Gabriel Fauré" }, "geometry": { "type": "Point", "coordinates": [ 6.2135515, 48.6664254 ] } },
{ "type": "Feature", "properties": { "id": "LNFAU0", "stop_id": "LNFAU0", "stop_name": "Jarville Gabriel Fauré" }, "geometry": { "type": "Point", "coordinates": [ 6.213476, 48.6664199 ] } },
{ "type": "Feature", "properties": { "id": "LNFAU1", "stop_id": "LNFAU1", "stop_name": "Jarville Gabriel Fauré" }, "geometry": { "type": "Point", "coordinates": [ 6.213627, 48.6664309 ] } },
{ "type": "Feature", "properties": { "id": "17", "stop_id": "17", "stop_name": "JARVILLE-LA-MALGRANGE - Atelier" }, "geometry": { "type": "Point", "coordinates": [ 6.2078545, 48.6687029 ] } },
{ "type": "Feature", "properties": { "id": "JREGL0", "stop_id": "JREGL0", "stop_name": "L'Atelier" }, "geometry": { "type": "Point", "coordinates": [ 6.207696, 48.6688729 ] } },
{ "type": "Feature", "properties": { "id": "JREGL1", "stop_id": "JREGL1", "stop_name": "L'Atelier" }, "geometry": { "type": "Point", "coordinates": [ 6.207866, 48.6687429 ] } },
{ "type": "Feature", "properties": { "id": "18", "stop_id": "18", "stop_name": "Place Charles III - Point Central" }, "geometry": { "type": "Point", "coordinates": [ 6.1825668, 48.6892392 ] } },
{ "type": "Feature", "properties": { "id": "NYCOU0", "stop_id": "NYCOU0", "stop_name": "Place Charles III - Point Central" }, "geometry": { "type": "Point", "coordinates": [ 6.1822751, 48.6889459 ] } },
{ "type": "Feature", "properties": { "id": "NYMAR0", "stop_id": "NYMAR0", "stop_name": "Place Charles III - Point Central" }, "geometry": { "type": "Point", "coordinates": [ 6.1832121, 48.6896709 ] } },
{ "type": "Feature", "properties": { "id": "23", "stop_id": "23", "stop_name": "Place Carnot" }, "geometry": { "type": "Point", "coordinates": [ 6.1773742, 48.6934859 ] } },
{ "type": "Feature", "properties": { "id": "NYCAR0", "stop_id": "NYCAR0", "stop_name": "Place Carnot" }, "geometry": { "type": "Point", "coordinates": [ 6.1769351, 48.6929739 ] } },
{ "type": "Feature", "properties": { "id": "NYCAR1", "stop_id": "NYCAR1", "stop_name": "Place Carnot" }, "geometry": { "type": "Point", "coordinates": [ 6.1777531, 48.6941679 ] } },
{ "type": "Feature", "properties": { "id": "32", "stop_id": "32", "stop_name": "UFR Staps" }, "geometry": { "type": "Point", "coordinates": [ 6.1582463, 48.6672235 ] } },
{ "type": "Feature", "properties": { "id": "VLUFR0", "stop_id": "VLUFR0", "stop_name": "UFR Staps" }, "geometry": { "type": "Point", "coordinates": [ 6.1582791, 48.6672289 ] } },
{ "type": "Feature", "properties": { "id": "VLUFR1", "stop_id": "VLUFR1", "stop_name": "UFR Staps" }, "geometry": { "type": "Point", "coordinates": [ 6.1581981, 48.6672399 ] } },
{ "type": "Feature", "properties": { "id": "37", "stop_id": "37", "stop_name": "Mairie" }, "geometry": { "type": "Point", "coordinates": [ 6.2311522, 48.6564954 ] } },
{ "type": "Feature", "properties": { "id": "LNMAI0", "stop_id": "LNMAI0", "stop_name": "Laneuveville Mairie" }, "geometry": { "type": "Point", "coordinates": [ 6.231169, 48.6564709 ] } },
{ "type": "Feature", "properties": { "id": "LNMAI1", "stop_id": "LNMAI1", "stop_name": "Laneuveville Mairie" }, "geometry": { "type": "Point", "coordinates": [ 6.231255, 48.6565209 ] } },
{ "type": "Feature", "properties": { "id": "39", "stop_id": "39", "stop_name": "Leclerc" }, "geometry": { "type": "Point", "coordinates": [ 6.2323579, 48.6546129 ] } },
{ "type": "Feature", "properties": { "id": "LNLEC0", "stop_id": "LNLEC0", "stop_name": "Leclerc" }, "geometry": { "type": "Point", "coordinates": [ 6.232428, 48.6544149 ] } },
{ "type": "Feature", "properties": { "id": "LNLEC1", "stop_id": "LNLEC1", "stop_name": "Leclerc" }, "geometry": { "type": "Point", "coordinates": [ 6.232297, 48.6548499 ] } },
{ "type": "Feature", "properties": { "id": "41", "stop_id": "41", "stop_name": "Transformateur" }, "geometry": { "type": "Point", "coordinates": [ 6.2333644, 48.6529072 ] } },
{ "type": "Feature", "properties": { "id": "LNTRA0", "stop_id": "LNTRA0", "stop_name": "Transformateur" }, "geometry": { "type": "Point", "coordinates": [ 6.23336, 48.6528889 ] } },
{ "type": "Feature", "properties": { "id": "LNTRA1", "stop_id": "LNTRA1", "stop_name": "Transformateur" }, "geometry": { "type": "Point", "coordinates": [ 6.233365, 48.6529619 ] } },
{ "type": "Feature", "properties": { "id": "57", "stop_id": "57", "stop_name": "Hôpital Central-Maternité" }, "geometry": { "type": "Point", "coordinates": [ 6.1913102, 48.6826883 ] } },
{ "type": "Feature", "properties": { "id": "NYHOP1", "stop_id": "NYHOP1", "stop_name": "Hôpital Central - Maternité" }, "geometry": { "type": "Point", "coordinates": [ 6.1920851, 48.6822889 ] } },
{ "type": "Feature", "properties": { "id": "NYMAT0", "stop_id": "NYMAT0", "stop_name": "Hôpital Central - Maternité" }, "geometry": { "type": "Point", "coordinates": [ 6.192293, 48.6819879 ] } },
{ "type": "Feature", "properties": { "id": "59", "stop_id": "59", "stop_name": "Vic" }, "geometry": { "type": "Point", "coordinates": [ 6.194775, 48.6805364 ] } },
{ "type": "Feature", "properties": { "id": "NYSAV0", "stop_id": "NYSAV0", "stop_name": "Vic" }, "geometry": { "type": "Point", "coordinates": [ 6.194807, 48.6805079 ] } },
{ "type": "Feature", "properties": { "id": "NYSAV1", "stop_id": "NYSAV1", "stop_name": "Vic" }, "geometry": { "type": "Point", "coordinates": [ 6.194743, 48.6805649 ] } },
{ "type": "Feature", "properties": { "id": "61", "stop_id": "61", "stop_name": "Alsace-Bonsecours" }, "geometry": { "type": "Point", "coordinates": [ 6.2002475, 48.6757239 ] } },
{ "type": "Feature", "properties": { "id": "JRALS0", "stop_id": "JRALS0", "stop_name": "Alsace-Bonsecours" }, "geometry": { "type": "Point", "coordinates": [ 6.199772, 48.6761819 ] } },
{ "type": "Feature", "properties": { "id": "JRALS1", "stop_id": "JRALS1", "stop_name": "Alsace-Bonsecours" }, "geometry": { "type": "Point", "coordinates": [ 6.200723, 48.6752659 ] } },
{ "type": "Feature", "properties": { "id": "63", "stop_id": "63", "stop_name": "Mairie" }, "geometry": { "type": "Point", "coordinates": [ 6.2023098, 48.6734539 ] } },
{ "type": "Feature", "properties": { "id": "JRMAI0", "stop_id": "JRMAI0", "stop_name": "Jarville Mairie" }, "geometry": { "type": "Point", "coordinates": [ 6.202464, 48.6732749 ] } },
{ "type": "Feature", "properties": { "id": "JRMAI1", "stop_id": "JRMAI1", "stop_name": "Jarville Mairie" }, "geometry": { "type": "Point", "coordinates": [ 6.202479, 48.6732939 ] } },
{ "type": "Feature", "properties": { "id": "66", "stop_id": "66", "stop_name": "Jarville République" }, "geometry": { "type": "Point", "coordinates": [ 6.2062131, 48.6707879 ] } },
{ "type": "Feature", "properties": { "id": "JRREP2", "stop_id": "JRREP2", "stop_name": "Jarville République" }, "geometry": { "type": "Point", "coordinates": [ 6.2062821, 48.6707039 ] } },
{ "type": "Feature", "properties": { "id": "JRREP3", "stop_id": "JRREP3", "stop_name": "Jarville République" }, "geometry": { "type": "Point", "coordinates": [ 6.206144, 48.6708719 ] } },
{ "type": "Feature", "properties": { "id": "70", "stop_id": "70", "stop_name": "Essey Mouzimpré" }, "geometry": { "type": "Point", "coordinates": [ 6.2254041, 48.7016315 ] } },
{ "type": "Feature", "properties": { "id": "ESMZM7", "stop_id": "ESMZM7", "stop_name": "Mouzimpré" }, "geometry": { "type": "Point", "coordinates": [ 6.22582, 48.7016829 ] } },
{ "type": "Feature", "properties": { "id": "ESMZM9", "stop_id": "ESMZM9", "stop_name": "Essey Mouzimpré" }, "geometry": { "type": "Point", "coordinates": [ 6.225606, 48.7016719 ] } },
{ "type": "Feature", "properties": { "id": "TRMZM0", "stop_id": "TRMZM0", "stop_name": "Essey Mouzimpré" }, "geometry": { "type": "Point", "coordinates": [ 6.224872, 48.7012709 ] } },
{ "type": "Feature", "properties": { "id": "TRMZM1", "stop_id": "TRMZM1", "stop_name": "Essey Mouzimpré" }, "geometry": { "type": "Point", "coordinates": [ 6.224721, 48.7018049 ] } },
{ "type": "Feature", "properties": { "id": "72", "stop_id": "72", "stop_name": "Mairie de Saint-Max" }, "geometry": { "type": "Point", "coordinates": [ 6.2077631, 48.7005539 ] } },
{ "type": "Feature", "properties": { "id": "TRMAX0", "stop_id": "TRMAX0", "stop_name": "Mairie de Saint-Max" }, "geometry": { "type": "Point", "coordinates": [ 6.207791, 48.7005449 ] } },
{ "type": "Feature", "properties": { "id": "TRMAX1", "stop_id": "TRMAX1", "stop_name": "Mairie de Saint-Max" }, "geometry": { "type": "Point", "coordinates": [ 6.2077351, 48.7005629 ] } },
{ "type": "Feature", "properties": { "id": "74", "stop_id": "74", "stop_name": "Division de Fer" }, "geometry": { "type": "Point", "coordinates": [ 6.1910648, 48.6932798 ] } },
{ "type": "Feature", "properties": { "id": "NYDFE3", "stop_id": "NYDFE3", "stop_name": "Division de Fer" }, "geometry": { "type": "Point", "coordinates": [ 6.1902701, 48.6926539 ] } },
{ "type": "Feature", "properties": { "id": "TRDFE0", "stop_id": "TRDFE0", "stop_name": "Division de Fer" }, "geometry": { "type": "Point", "coordinates": [ 6.1916031, 48.6936499 ] } },
{ "type": "Feature", "properties": { "id": "TRDFE1", "stop_id": "TRDFE1", "stop_name": "Division de Fer" }, "geometry": { "type": "Point", "coordinates": [ 6.1913201, 48.6935349 ] } },
{ "type": "Feature", "properties": { "id": "93", "stop_id": "93", "stop_name": "Bibliotheque" }, "geometry": { "type": "Point", "coordinates": [ 6.1786531, 48.6921649 ] } },
{ "type": "Feature", "properties": { "id": "NYBIB0", "stop_id": "NYBIB0", "stop_name": "Bibliotheque" }, "geometry": { "type": "Point", "coordinates": [ 6.1786531, 48.6921649 ] } },
{ "type": "Feature", "properties": { "id": "5927", "stop_id": "5927", "stop_name": "Chartreuse" }, "geometry": { "type": "Point", "coordinates": [ 6.2478505, 48.6618784 ] } },
{ "type": "Feature", "properties": { "id": "ARCHA0", "stop_id": "ARCHA0", "stop_name": "Chartreuse" }, "geometry": { "type": "Point", "coordinates": [ 6.247861, 48.6618419 ] } },
{ "type": "Feature", "properties": { "id": "ARCHA1", "stop_id": "ARCHA1", "stop_name": "Chartreuse" }, "geometry": { "type": "Point", "coordinates": [ 6.24784, 48.6619149 ] } },
{ "type": "Feature", "properties": { "id": "5930", "stop_id": "5930", "stop_name": "Napoléon" }, "geometry": { "type": "Point", "coordinates": [ 6.23424, 48.6674384 ] } },
{ "type": "Feature", "properties": { "id": "ARNPL0", "stop_id": "ARNPL0", "stop_name": "Napoléon" }, "geometry": { "type": "Point", "coordinates": [ 6.235433, 48.6665609 ] } },
{ "type": "Feature", "properties": { "id": "ARNPL1", "stop_id": "ARNPL1", "stop_name": "Napoléon" }, "geometry": { "type": "Point", "coordinates": [ 6.233047, 48.6683159 ] } },
{ "type": "Feature", "properties": { "id": "5931", "stop_id": "5931", "stop_name": "Repentir" }, "geometry": { "type": "Point", "coordinates": [ 6.254997, 48.6615314 ] } },
{ "type": "Feature", "properties": { "id": "ARTIR0", "stop_id": "ARTIR0", "stop_name": "Repentir" }, "geometry": { "type": "Point", "coordinates": [ 6.254966, 48.6616629 ] } },
{ "type": "Feature", "properties": { "id": "ARTIR1", "stop_id": "ARTIR1", "stop_name": "Repentir" }, "geometry": { "type": "Point", "coordinates": [ 6.255028, 48.6613999 ] } },
{ "type": "Feature", "properties": { "id": "6007", "stop_id": "6007", "stop_name": "Colonies" }, "geometry": { "type": "Point", "coordinates": [ 6.2345255, 48.7072924 ] } },
{ "type": "Feature", "properties": { "id": "ESCLN0", "stop_id": "ESCLN0", "stop_name": "Colonies" }, "geometry": { "type": "Point", "coordinates": [ 6.234632, 48.7074199 ] } },
{ "type": "Feature", "properties": { "id": "ESCLN1", "stop_id": "ESCLN1", "stop_name": "Colonies" }, "geometry": { "type": "Point", "coordinates": [ 6.234419, 48.7071649 ] } },
{ "type": "Feature", "properties": { "id": "6012", "stop_id": "6012", "stop_name": "Essey Centre" }, "geometry": { "type": "Point", "coordinates": [ 6.2214678, 48.7036516 ] } },
{ "type": "Feature", "properties": { "id": "TRESS0", "stop_id": "TRESS0", "stop_name": "Essey Centre" }, "geometry": { "type": "Point", "coordinates": [ 6.221153, 48.7036639 ] } },
{ "type": "Feature", "properties": { "id": "TRESS1", "stop_id": "TRESS1", "stop_name": "Essey Centre" }, "geometry": { "type": "Point", "coordinates": [ 6.221782, 48.7036389 ] } },
{ "type": "Feature", "properties": { "id": "6022", "stop_id": "6022", "stop_name": "ESSEY-LES-NANCY - Quartier Kléber" }, "geometry": { "type": "Point", "coordinates": [ 6.2301433, 48.7036193 ] } },
{ "type": "Feature", "properties": { "id": "ESCSR0", "stop_id": "ESCSR0", "stop_name": "Quartier Kléber" }, "geometry": { "type": "Point", "coordinates": [ 6.230204, 48.7036709 ] } },
{ "type": "Feature", "properties": { "id": "ESKLE0", "stop_id": "ESKLE0", "stop_name": "Quartier Kléber" }, "geometry": { "type": "Point", "coordinates": [ 6.230088, 48.7035679 ] } },
{ "type": "Feature", "properties": { "id": "6029", "stop_id": "6029", "stop_name": "Croix du Soldat" }, "geometry": { "type": "Point", "coordinates": [ 6.2078075, 48.6286754 ] } },
{ "type": "Feature", "properties": { "id": "FLCSL0", "stop_id": "FLCSL0", "stop_name": "Croix du Soldat" }, "geometry": { "type": "Point", "coordinates": [ 6.207376, 48.6282619 ] } },
{ "type": "Feature", "properties": { "id": "FLCSL1", "stop_id": "FLCSL1", "stop_name": "Croix du Soldat" }, "geometry": { "type": "Point", "coordinates": [ 6.208239, 48.6290889 ] } },
{ "type": "Feature", "properties": { "id": "6031", "stop_id": "6031", "stop_name": "Ducret" }, "geometry": { "type": "Point", "coordinates": [ 6.202245, 48.6235049 ] } },
{ "type": "Feature", "properties": { "id": "FLDUC0", "stop_id": "FLDUC0", "stop_name": "Ducret" }, "geometry": { "type": "Point", "coordinates": [ 6.202245, 48.6235049 ] } },
{ "type": "Feature", "properties": { "id": "6034", "stop_id": "6034", "stop_name": "Fleurychamp" }, "geometry": { "type": "Point", "coordinates": [ 6.198959, 48.6233249 ] } },
{ "type": "Feature", "properties": { "id": "FLFLR0", "stop_id": "FLFLR0", "stop_name": "Fleurychamp" }, "geometry": { "type": "Point", "coordinates": [ 6.198959, 48.6233249 ] } },
{ "type": "Feature", "properties": { "id": "6057", "stop_id": "6057", "stop_name": "Besançon" }, "geometry": { "type": "Point", "coordinates": [ 6.2088235, 48.6480484 ] } },
{ "type": "Feature", "properties": { "id": "HLBSC0", "stop_id": "HLBSC0", "stop_name": "Besançon" }, "geometry": { "type": "Point", "coordinates": [ 6.208884, 48.6475489 ] } },
{ "type": "Feature", "properties": { "id": "HLBSC1", "stop_id": "HLBSC1", "stop_name": "Besançon" }, "geometry": { "type": "Point", "coordinates": [ 6.208763, 48.6485479 ] } },
{ "type": "Feature", "properties": { "id": "6058", "stop_id": "6058", "stop_name": "Chateaubriand" }, "geometry": { "type": "Point", "coordinates": [ 6.19668, 48.6449489 ] } },
{ "type": "Feature", "properties": { "id": "HLEMB0", "stop_id": "HLEMB0", "stop_name": "Chateaubriand" }, "geometry": { "type": "Point", "coordinates": [ 6.196556, 48.6449199 ] } },
{ "type": "Feature", "properties": { "id": "HLEMB1", "stop_id": "HLEMB1", "stop_name": "Chateaubriand" }, "geometry": { "type": "Point", "coordinates": [ 6.196804, 48.6449779 ] } },
{ "type": "Feature", "properties": { "id": "6061", "stop_id": "6061", "stop_name": "Heillecourt" }, "geometry": { "type": "Point", "coordinates": [ 6.209943, 48.6481589 ] } },
{ "type": "Feature", "properties": { "id": "HLCRT0", "stop_id": "HLCRT0", "stop_name": "Heillecourt" }, "geometry": { "type": "Point", "coordinates": [ 6.209943, 48.6481589 ] } },
{ "type": "Feature", "properties": { "id": "6062", "stop_id": "6062", "stop_name": "Husson" }, "geometry": { "type": "Point", "coordinates": [ 6.199645, 48.6548839 ] } },
{ "type": "Feature", "properties": { "id": "HLHSS0", "stop_id": "HLHSS0", "stop_name": "Husson" }, "geometry": { "type": "Point", "coordinates": [ 6.199645, 48.6548839 ] } },
{ "type": "Feature", "properties": { "id": "6064", "stop_id": "6064", "stop_name": "Morlaix" }, "geometry": { "type": "Point", "coordinates": [ 6.1978205, 48.6413744 ] } },
{ "type": "Feature", "properties": { "id": "HLMOR0", "stop_id": "HLMOR0", "stop_name": "Morlaix" }, "geometry": { "type": "Point", "coordinates": [ 6.198039, 48.6412999 ] } },
{ "type": "Feature", "properties": { "id": "HLMOR1", "stop_id": "HLMOR1", "stop_name": "Morlaix" }, "geometry": { "type": "Point", "coordinates": [ 6.197602, 48.6414489 ] } },
{ "type": "Feature", "properties": { "id": "6067", "stop_id": "6067", "stop_name": "Pré de la Dame" }, "geometry": { "type": "Point", "coordinates": [ 6.208019, 48.6507529 ] } },
{ "type": "Feature", "properties": { "id": "HLDAM0", "stop_id": "HLDAM0", "stop_name": "Pré de la Dame" }, "geometry": { "type": "Point", "coordinates": [ 6.208043, 48.6507609 ] } },
{ "type": "Feature", "properties": { "id": "HLDAM1", "stop_id": "HLDAM1", "stop_name": "Pré de la Dame" }, "geometry": { "type": "Point", "coordinates": [ 6.207995, 48.6507449 ] } },
{ "type": "Feature", "properties": { "id": "6068", "stop_id": "6068", "stop_name": "Route de Fléville" }, "geometry": { "type": "Point", "coordinates": [ 6.2067326, 48.6560427 ] } },
{ "type": "Feature", "properties": { "id": "HLRFL0", "stop_id": "HLRFL0", "stop_name": "Route de Fléville" }, "geometry": { "type": "Point", "coordinates": [ 6.20669, 48.6560709 ] } },
{ "type": "Feature", "properties": { "id": "HLRFL1", "stop_id": "HLRFL1", "stop_name": "Route de Fléville" }, "geometry": { "type": "Point", "coordinates": [ 6.206744, 48.6562109 ] } },
{ "type": "Feature", "properties": { "id": "6069", "stop_id": "6069", "stop_name": "HEILLECOURT - Route d'Heillecourt" }, "geometry": { "type": "Point", "coordinates": [ 6.1845337, 48.6524386 ] } },
{ "type": "Feature", "properties": { "id": "HLHLL0", "stop_id": "HLHLL0", "stop_name": "Route de Heillecourt" }, "geometry": { "type": "Point", "coordinates": [ 6.1837181, 48.6525919 ] } },
{ "type": "Feature", "properties": { "id": "HLRHL0", "stop_id": "HLRHL0", "stop_name": "Route d'Heillecourt" }, "geometry": { "type": "Point", "coordinates": [ 6.184869, 48.6524779 ] } },
{ "type": "Feature", "properties": { "id": "HLRHL1", "stop_id": "HLRHL1", "stop_name": "Route de Heillecourt" }, "geometry": { "type": "Point", "coordinates": [ 6.1845051, 48.6525759 ] } },
{ "type": "Feature", "properties": { "id": "HLRHL2", "stop_id": "HLRHL2", "stop_name": "Route d'Heillecourt" }, "geometry": { "type": "Point", "coordinates": [ 6.1846331, 48.6522939 ] } },
{ "type": "Feature", "properties": { "id": "6072", "stop_id": "6072", "stop_name": "Versailles" }, "geometry": { "type": "Point", "coordinates": [ 6.2013145, 48.6441724 ] } },
{ "type": "Feature", "properties": { "id": "HLVSL0", "stop_id": "HLVSL0", "stop_name": "Versailles" }, "geometry": { "type": "Point", "coordinates": [ 6.201332, 48.6441269 ] } },
{ "type": "Feature", "properties": { "id": "HLVSL1", "stop_id": "HLVSL1", "stop_name": "Versailles" }, "geometry": { "type": "Point", "coordinates": [ 6.201297, 48.6442179 ] } },
{ "type": "Feature", "properties": { "id": "6073", "stop_id": "6073", "stop_name": "Victor Hugo" }, "geometry": { "type": "Point", "coordinates": [ 6.205848, 48.6462379 ] } },
{ "type": "Feature", "properties": { "id": "HLHUG0", "stop_id": "HLHUG0", "stop_name": "Victor Hugo" }, "geometry": { "type": "Point", "coordinates": [ 6.206064, 48.6460339 ] } },
{ "type": "Feature", "properties": { "id": "HLHUG1", "stop_id": "HLHUG1", "stop_name": "Victor Hugo" }, "geometry": { "type": "Point", "coordinates": [ 6.205632, 48.6464419 ] } },
{ "type": "Feature", "properties": { "id": "6074", "stop_id": "6074", "stop_name": "Vigne des Sables" }, "geometry": { "type": "Point", "coordinates": [ 6.1975881, 48.6595759 ] } },
{ "type": "Feature", "properties": { "id": "HLVSB0", "stop_id": "HLVSB0", "stop_name": "Vigne des Sables" }, "geometry": { "type": "Point", "coordinates": [ 6.1975881, 48.6595759 ] } },
{ "type": "Feature", "properties": { "id": "6081", "stop_id": "6081", "stop_name": "Erables" }, "geometry": { "type": "Point", "coordinates": [ 6.1821006, 48.6427679 ] } },
{ "type": "Feature", "properties": { "id": "HDERB0", "stop_id": "HDERB0", "stop_name": "Erables" }, "geometry": { "type": "Point", "coordinates": [ 6.1821851, 48.6423299 ] } },
{ "type": "Feature", "properties": { "id": "HDERB1", "stop_id": "HDERB1", "stop_name": "Erables" }, "geometry": { "type": "Point", "coordinates": [ 6.1820661, 48.6427189 ] } },
{ "type": "Feature", "properties": { "id": "6083", "stop_id": "6083", "stop_name": "Gare de Houdemont" }, "geometry": { "type": "Point", "coordinates": [ 6.1811682, 48.6450526 ] } },
{ "type": "Feature", "properties": { "id": "HDGAR0", "stop_id": "HDGAR0", "stop_name": "Houdemont Gare" }, "geometry": { "type": "Point", "coordinates": [ 6.181986, 48.6449619 ] } },
{ "type": "Feature", "properties": { "id": "HDGAR1", "stop_id": "HDGAR1", "stop_name": "Houdemont Gare" }, "geometry": { "type": "Point", "coordinates": [ 6.1817781, 48.6450879 ] } },
{ "type": "Feature", "properties": { "id": "6084", "stop_id": "6084", "stop_name": "La Ronchere" }, "geometry": { "type": "Point", "coordinates": [ 6.1762661, 48.6495304 ] } },
{ "type": "Feature", "properties": { "id": "HDRCH0", "stop_id": "HDRCH0", "stop_name": "La Ronchere" }, "geometry": { "type": "Point", "coordinates": [ 6.1764871, 48.6501349 ] } },
{ "type": "Feature", "properties": { "id": "HDRCH1", "stop_id": "HDRCH1", "stop_name": "La Ronchere" }, "geometry": { "type": "Point", "coordinates": [ 6.176045, 48.6489259 ] } },
{ "type": "Feature", "properties": { "id": "6086", "stop_id": "6086", "stop_name": "Les Muriers" }, "geometry": { "type": "Point", "coordinates": [ 6.1835411, 48.6501104 ] } },
{ "type": "Feature", "properties": { "id": "HDMUR0", "stop_id": "HDMUR0", "stop_name": "Les Muriers" }, "geometry": { "type": "Point", "coordinates": [ 6.183645, 48.6501389 ] } },
{ "type": "Feature", "properties": { "id": "HDMUR1", "stop_id": "HDMUR1", "stop_name": "Les Muriers" }, "geometry": { "type": "Point", "coordinates": [ 6.1834371, 48.6500819 ] } },
{ "type": "Feature", "properties": { "id": "6087", "stop_id": "6087", "stop_name": "Houdemont Mairie" }, "geometry": { "type": "Point", "coordinates": [ 6.1752791, 48.6452709 ] } },
{ "type": "Feature", "properties": { "id": "HDLAV0", "stop_id": "HDLAV0", "stop_name": "Houdemont Mairie" }, "geometry": { "type": "Point", "coordinates": [ 6.1752721, 48.6452709 ] } },
{ "type": "Feature", "properties": { "id": "HDLAV1", "stop_id": "HDLAV1", "stop_name": "Houdemont Mairie" }, "geometry": { "type": "Point", "coordinates": [ 6.1752861, 48.6452709 ] } },
{ "type": "Feature", "properties": { "id": "6088", "stop_id": "6088", "stop_name": "Mances" }, "geometry": { "type": "Point", "coordinates": [ 6.1771015, 48.6420839 ] } },
{ "type": "Feature", "properties": { "id": "HDMNC0", "stop_id": "HDMNC0", "stop_name": "Mances" }, "geometry": { "type": "Point", "coordinates": [ 6.1771791, 48.6422119 ] } },
{ "type": "Feature", "properties": { "id": "HDMNC1", "stop_id": "HDMNC1", "stop_name": "Mances" }, "geometry": { "type": "Point", "coordinates": [ 6.177024, 48.6419559 ] } },
{ "type": "Feature", "properties": { "id": "6089", "stop_id": "6089", "stop_name": "Montauban" }, "geometry": { "type": "Point", "coordinates": [ 6.1764766, 48.6442869 ] } },
{ "type": "Feature", "properties": { "id": "HDMAN0", "stop_id": "HDMAN0", "stop_name": "Montauban" }, "geometry": { "type": "Point", "coordinates": [ 6.1765171, 48.6442869 ] } },
{ "type": "Feature", "properties": { "id": "HDMAN1", "stop_id": "HDMAN1", "stop_name": "Montauban" }, "geometry": { "type": "Point", "coordinates": [ 6.1764361, 48.6442869 ] } },
{ "type": "Feature", "properties": { "id": "6090", "stop_id": "6090", "stop_name": "Parc Embanie" }, "geometry": { "type": "Point", "coordinates": [ 6.19651, 48.6476004 ] } },
{ "type": "Feature", "properties": { "id": "HDTEN0", "stop_id": "HDTEN0", "stop_name": "Parc Embanie" }, "geometry": { "type": "Point", "coordinates": [ 6.196514, 48.6474689 ] } },
{ "type": "Feature", "properties": { "id": "HDTEN1", "stop_id": "HDTEN1", "stop_name": "Parc Embanie" }, "geometry": { "type": "Point", "coordinates": [ 6.196506, 48.6477319 ] } },
{ "type": "Feature", "properties": { "id": "6091", "stop_id": "6091", "stop_name": "Poncel" }, "geometry": { "type": "Point", "coordinates": [ 6.1789375, 48.6366884 ] } },
{ "type": "Feature", "properties": { "id": "HDMAJ0", "stop_id": "HDMAJ0", "stop_name": "Poncel" }, "geometry": { "type": "Point", "coordinates": [ 6.178985, 48.6366809 ] } },
{ "type": "Feature", "properties": { "id": "HDMAJ1", "stop_id": "HDMAJ1", "stop_name": "Poncel" }, "geometry": { "type": "Point", "coordinates": [ 6.17889, 48.6366959 ] } },
{ "type": "Feature", "properties": { "id": "6093", "stop_id": "6093", "stop_name": "Rouzé" }, "geometry": { "type": "Point", "coordinates": [ 6.177644, 48.6384809 ] } },
{ "type": "Feature", "properties": { "id": "HDRUZ0", "stop_id": "HDRUZ0", "stop_name": "Rouzé" }, "geometry": { "type": "Point", "coordinates": [ 6.177639, 48.6385079 ] } },
{ "type": "Feature", "properties": { "id": "HDRUZ1", "stop_id": "HDRUZ1", "stop_name": "Rouzé" }, "geometry": { "type": "Point", "coordinates": [ 6.1776491, 48.6384539 ] } },
{ "type": "Feature", "properties": { "id": "6098", "stop_id": "6098", "stop_name": "Clemenceau" }, "geometry": { "type": "Point", "coordinates": [ 6.1990041, 48.6682149 ] } },
{ "type": "Feature", "properties": { "id": "JRCLM0", "stop_id": "JRCLM0", "stop_name": "Clemenceau" }, "geometry": { "type": "Point", "coordinates": [ 6.199181, 48.6685869 ] } },
{ "type": "Feature", "properties": { "id": "JRCLM1", "stop_id": "JRCLM1", "stop_name": "Clemenceau" }, "geometry": { "type": "Point", "coordinates": [ 6.1988271, 48.6678429 ] } },
{ "type": "Feature", "properties": { "id": "6099", "stop_id": "6099", "stop_name": "Emmaüs" }, "geometry": { "type": "Point", "coordinates": [ 6.206625, 48.6595149 ] } },
{ "type": "Feature", "properties": { "id": "JREMM0", "stop_id": "JREMM0", "stop_name": "Emmaüs" }, "geometry": { "type": "Point", "coordinates": [ 6.20649, 48.6590609 ] } },
{ "type": "Feature", "properties": { "id": "JREMM1", "stop_id": "JREMM1", "stop_name": "Emmaüs" }, "geometry": { "type": "Point", "coordinates": [ 6.20676, 48.6599689 ] } },
{ "type": "Feature", "properties": { "id": "6100", "stop_id": "6100", "stop_name": "Evrard" }, "geometry": { "type": "Point", "coordinates": [ 6.2019206, 48.6679284 ] } },
{ "type": "Feature", "properties": { "id": "JREVR0", "stop_id": "JREVR0", "stop_name": "Evrard" }, "geometry": { "type": "Point", "coordinates": [ 6.2018061, 48.6680259 ] } },
{ "type": "Feature", "properties": { "id": "JREVR1", "stop_id": "JREVR1", "stop_name": "Evrard" }, "geometry": { "type": "Point", "coordinates": [ 6.2020351, 48.6678309 ] } },
{ "type": "Feature", "properties": { "id": "6101", "stop_id": "6101", "stop_name": "Fonteno" }, "geometry": { "type": "Point", "coordinates": [ 6.2046466, 48.6689034 ] } },
{ "type": "Feature", "properties": { "id": "JRFNT1", "stop_id": "JRFNT1", "stop_name": "Fonteno" }, "geometry": { "type": "Point", "coordinates": [ 6.2049451, 48.6686249 ] } },
{ "type": "Feature", "properties": { "id": "JRFNT3", "stop_id": "JRFNT3", "stop_name": "Fonteno" }, "geometry": { "type": "Point", "coordinates": [ 6.2043481, 48.6691819 ] } },
{ "type": "Feature", "properties": { "id": "6104", "stop_id": "6104", "stop_name": "Léon Songeur" }, "geometry": { "type": "Point", "coordinates": [ 6.1999797, 48.6606208 ] } },
{ "type": "Feature", "properties": { "id": "JRSNG0", "stop_id": "JRSNG0", "stop_name": "Léon Songeur" }, "geometry": { "type": "Point", "coordinates": [ 6.1995121, 48.6610179 ] } },
{ "type": "Feature", "properties": { "id": "JRSNG1", "stop_id": "JRSNG1", "stop_name": "Léon Songeur" }, "geometry": { "type": "Point", "coordinates": [ 6.2001611, 48.6605989 ] } },
{ "type": "Feature", "properties": { "id": "JRSNG2", "stop_id": "JRSNG2", "stop_name": "Léon Songeur" }, "geometry": { "type": "Point", "coordinates": [ 6.1999071, 48.6602059 ] } },
{ "type": "Feature", "properties": { "id": "6105", "stop_id": "6105", "stop_name": "Montaigu" }, "geometry": { "type": "Point", "coordinates": [ 6.207477, 48.6633029 ] } },
{ "type": "Feature", "properties": { "id": "JRMON0", "stop_id": "JRMON0", "stop_name": "Montaigu" }, "geometry": { "type": "Point", "coordinates": [ 6.207251, 48.6629139 ] } },
{ "type": "Feature", "properties": { "id": "JRMON1", "stop_id": "JRMON1", "stop_name": "Montaigu" }, "geometry": { "type": "Point", "coordinates": [ 6.207703, 48.6636919 ] } },
{ "type": "Feature", "properties": { "id": "6110", "stop_id": "6110", "stop_name": "5 Fontaines" }, "geometry": { "type": "Point", "coordinates": [ 6.2216814, 48.656334 ] } },
{ "type": "Feature", "properties": { "id": "LNFON0", "stop_id": "LNFON0", "stop_name": "5 Fontaines" }, "geometry": { "type": "Point", "coordinates": [ 6.221727, 48.6561209 ] } },
{ "type": "Feature", "properties": { "id": "LNFON1", "stop_id": "LNFON1", "stop_name": "5 Fontaines" }, "geometry": { "type": "Point", "coordinates": [ 6.221728, 48.6566989 ] } },
{ "type": "Feature", "properties": { "id": "6114", "stop_id": "6114", "stop_name": "Collège Montaigu" }, "geometry": { "type": "Point", "coordinates": [ 6.2091345, 48.6575371 ] } },
{ "type": "Feature", "properties": { "id": "LNMON0", "stop_id": "LNMON0", "stop_name": "College Montaigu" }, "geometry": { "type": "Point", "coordinates": [ 6.209659, 48.6576689 ] } },
{ "type": "Feature", "properties": { "id": "LNMON1", "stop_id": "LNMON1", "stop_name": "College Montaigu" }, "geometry": { "type": "Point", "coordinates": [ 6.208933, 48.6574819 ] } },
{ "type": "Feature", "properties": { "id": "LNMTG0", "stop_id": "LNMTG0", "stop_name": "Heillecourt Montaigu" }, "geometry": { "type": "Point", "coordinates": [ 6.208746, 48.6574479 ] } },
{ "type": "Feature", "properties": { "id": "6122", "stop_id": "6122", "stop_name": "Robert Damery" }, "geometry": { "type": "Point", "coordinates": [ 6.2163249, 48.6588493 ] } },
{ "type": "Feature", "properties": { "id": "LNERY0", "stop_id": "LNERY0", "stop_name": "Robert Damery" }, "geometry": { "type": "Point", "coordinates": [ 6.216834, 48.6589079 ] } },
{ "type": "Feature", "properties": { "id": "LNERY1", "stop_id": "LNERY1", "stop_name": "Robert Damery" }, "geometry": { "type": "Point", "coordinates": [ 6.21616, 48.6588629 ] } },
{ "type": "Feature", "properties": { "id": "6126", "stop_id": "6126", "stop_name": "Cascade - La Fontaine" }, "geometry": { "type": "Point", "coordinates": [ 6.1350481, 48.6990984 ] } },
{ "type": "Feature", "properties": { "id": "LXMTA0", "stop_id": "LXMTA0", "stop_name": "Cascade - La Fontaine" }, "geometry": { "type": "Point", "coordinates": [ 6.1349731, 48.6990239 ] } },
{ "type": "Feature", "properties": { "id": "LXMTA1", "stop_id": "LXMTA1", "stop_name": "Cascade - La Fontaine" }, "geometry": { "type": "Point", "coordinates": [ 6.1351231, 48.6991729 ] } },
{ "type": "Feature", "properties": { "id": "6134", "stop_id": "6134", "stop_name": "Europe" }, "geometry": { "type": "Point", "coordinates": [ 6.1518121, 48.6801879 ] } },
{ "type": "Feature", "properties": { "id": "LXERP0", "stop_id": "LXERP0", "stop_name": "Europe" }, "geometry": { "type": "Point", "coordinates": [ 6.1513251, 48.6800539 ] } },
{ "type": "Feature", "properties": { "id": "LXERP1", "stop_id": "LXERP1", "stop_name": "Europe" }, "geometry": { "type": "Point", "coordinates": [ 6.1522991, 48.6803219 ] } },
{ "type": "Feature", "properties": { "id": "6135", "stop_id": "6135", "stop_name": "Foch" }, "geometry": { "type": "Point", "coordinates": [ 6.1556101, 48.6780619 ] } },
{ "type": "Feature", "properties": { "id": "LXFCH1", "stop_id": "LXFCH1", "stop_name": "Foch" }, "geometry": { "type": "Point", "coordinates": [ 6.1556101, 48.6780619 ] } },
{ "type": "Feature", "properties": { "id": "6136", "stop_id": "6136", "stop_name": "Hardeval" }, "geometry": { "type": "Point", "coordinates": [ 6.1527606, 48.6811849 ] } },
{ "type": "Feature", "properties": { "id": "LXHRD0", "stop_id": "LXHRD0", "stop_name": "Hardeval" }, "geometry": { "type": "Point", "coordinates": [ 6.1525531, 48.6814079 ] } },
{ "type": "Feature", "properties": { "id": "LXHRD1", "stop_id": "LXHRD1", "stop_name": "Hardeval" }, "geometry": { "type": "Point", "coordinates": [ 6.1529681, 48.6809619 ] } },
{ "type": "Feature", "properties": { "id": "6139", "stop_id": "6139", "stop_name": "La Poste - Champ-le-Boeuf" }, "geometry": { "type": "Point", "coordinates": [ 6.1332971, 48.7006034 ] } },
{ "type": "Feature", "properties": { "id": "LXMDO0", "stop_id": "LXMDO0", "stop_name": "La Poste - Champ-le-Boeuf" }, "geometry": { "type": "Point", "coordinates": [ 6.1334241, 48.7002979 ] } },
{ "type": "Feature", "properties": { "id": "LXMDO1", "stop_id": "LXMDO1", "stop_name": "La Poste - Champ-le-Boeuf" }, "geometry": { "type": "Point", "coordinates": [ 6.1331701, 48.7009089 ] } },
{ "type": "Feature", "properties": { "id": "6142", "stop_id": "6142", "stop_name": "Moselotte" }, "geometry": { "type": "Point", "coordinates": [ 6.1251631, 48.6972849 ] } },
{ "type": "Feature", "properties": { "id": "LXMST0", "stop_id": "LXMST0", "stop_name": "Moselotte" }, "geometry": { "type": "Point", "coordinates": [ 6.1251631, 48.6972849 ] } },
{ "type": "Feature", "properties": { "id": "6144", "stop_id": "6144", "stop_name": "Observatoire" }, "geometry": { "type": "Point", "coordinates": [ 6.1350866, 48.6893749 ] } },
{ "type": "Feature", "properties": { "id": "LXCCL1", "stop_id": "LXCCL1", "stop_name": "Observatoire" }, "geometry": { "type": "Point", "coordinates": [ 6.1349931, 48.6893959 ] } },
{ "type": "Feature", "properties": { "id": "LXCCL3", "stop_id": "LXCCL3", "stop_name": "Observatoire" }, "geometry": { "type": "Point", "coordinates": [ 6.1351801, 48.6893539 ] } },
{ "type": "Feature", "properties": { "id": "6146", "stop_id": "6146", "stop_name": "Parc" }, "geometry": { "type": "Point", "coordinates": [ 6.1316241, 48.6972429 ] } },
{ "type": "Feature", "properties": { "id": "LXPRC0", "stop_id": "LXPRC0", "stop_name": "Parc" }, "geometry": { "type": "Point", "coordinates": [ 6.1312631, 48.6969569 ] } },
{ "type": "Feature", "properties": { "id": "LXPRC1", "stop_id": "LXPRC1", "stop_name": "Parc" }, "geometry": { "type": "Point", "coordinates": [ 6.1319851, 48.6975289 ] } },
{ "type": "Feature", "properties": { "id": "6151", "stop_id": "6151", "stop_name": "Provinces" }, "geometry": { "type": "Point", "coordinates": [ 6.1480862, 48.6797685 ] } },
{ "type": "Feature", "properties": { "id": "LXPRO1", "stop_id": "LXPRO1", "stop_name": "Provinces" }, "geometry": { "type": "Point", "coordinates": [ 6.1481331, 48.6797069 ] } },
{ "type": "Feature", "properties": { "id": "LXPRO3", "stop_id": "LXPRO3", "stop_name": "Provinces" }, "geometry": { "type": "Point", "coordinates": [ 6.1480393, 48.6798301 ] } },
{ "type": "Feature", "properties": { "id": "6152", "stop_id": "6152", "stop_name": "Domaine Sainte-Anne" }, "geometry": { "type": "Point", "coordinates": [ 6.1553821, 48.6847839 ] } },
{ "type": "Feature", "properties": { "id": "LXANN0", "stop_id": "LXANN0", "stop_name": "Domaine Sainte-Anne" }, "geometry": { "type": "Point", "coordinates": [ 6.1561831, 48.6847569 ] } },
{ "type": "Feature", "properties": { "id": "LXANN1", "stop_id": "LXANN1", "stop_name": "Domaine Sainte-Anne" }, "geometry": { "type": "Point", "coordinates": [ 6.1545811, 48.6848109 ] } },
{ "type": "Feature", "properties": { "id": "6153", "stop_id": "6153", "stop_name": "Laxou Sapiniere" }, "geometry": { "type": "Point", "coordinates": [ 6.1283728, 48.6911149 ] } },
{ "type": "Feature", "properties": { "id": "LXSAP0", "stop_id": "LXSAP0", "stop_name": "Laxou Sapiniere" }, "geometry": { "type": "Point", "coordinates": [ 6.1283441, 48.6908719 ] } },
{ "type": "Feature", "properties": { "id": "LXSAP1", "stop_id": "LXSAP1", "stop_name": "Laxou Sapiniere" }, "geometry": { "type": "Point", "coordinates": [ 6.1284761, 48.6911279 ] } },
{ "type": "Feature", "properties": { "id": "LXSAP2", "stop_id": "LXSAP2", "stop_name": "Laxou Sapiniere" }, "geometry": { "type": "Point", "coordinates": [ 6.1282981, 48.6913449 ] } },
{ "type": "Feature", "properties": { "id": "6159", "stop_id": "6159", "stop_name": "Victoire" }, "geometry": { "type": "Point", "coordinates": [ 6.1520814, 48.6840606 ] } },
{ "type": "Feature", "properties": { "id": "LXVCT0", "stop_id": "LXVCT0", "stop_name": "Victoire" }, "geometry": { "type": "Point", "coordinates": [ 6.1523591, 48.6843219 ] } },
{ "type": "Feature", "properties": { "id": "LXVCT1", "stop_id": "LXVCT1", "stop_name": "Victoire" }, "geometry": { "type": "Point", "coordinates": [ 6.1511351, 48.6832079 ] } },
{ "type": "Feature", "properties": { "id": "LXVCT4", "stop_id": "LXVCT4", "stop_name": "Victoire" }, "geometry": { "type": "Point", "coordinates": [ 6.1524861, 48.6843909 ] } },
{ "type": "Feature", "properties": { "id": "LXVCT5", "stop_id": "LXVCT5", "stop_name": "Victoire" }, "geometry": { "type": "Point", "coordinates": [ 6.1523451, 48.6843219 ] } },
{ "type": "Feature", "properties": { "id": "6160", "stop_id": "6160", "stop_name": "Ville d'Avray" }, "geometry": { "type": "Point", "coordinates": [ 6.1444016, 48.6794029 ] } },
{ "type": "Feature", "properties": { "id": "LXVAV0", "stop_id": "LXVAV0", "stop_name": "Ville d'Avray" }, "geometry": { "type": "Point", "coordinates": [ 6.1445211, 48.6793629 ] } },
{ "type": "Feature", "properties": { "id": "LXVAV1", "stop_id": "LXVAV1", "stop_name": "Ville d'Avray" }, "geometry": { "type": "Point", "coordinates": [ 6.1442821, 48.6794429 ] } },
{ "type": "Feature", "properties": { "id": "6161", "stop_id": "6161", "stop_name": "Vologne" }, "geometry": { "type": "Point", "coordinates": [ 6.1376371, 48.6971604 ] } },
{ "type": "Feature", "properties": { "id": "LXVOG0", "stop_id": "LXVOG0", "stop_name": "Vologne" }, "geometry": { "type": "Point", "coordinates": [ 6.1376481, 48.6971319 ] } },
{ "type": "Feature", "properties": { "id": "LXVOG3", "stop_id": "LXVOG3", "stop_name": "Vologne" }, "geometry": { "type": "Point", "coordinates": [ 6.1376261, 48.6971889 ] } },
{ "type": "Feature", "properties": { "id": "6211", "stop_id": "6211", "stop_name": "Albâtre" }, "geometry": { "type": "Point", "coordinates": [ 6.1667075, 48.6146924 ] } },
{ "type": "Feature", "properties": { "id": "LDABT0", "stop_id": "LDABT0", "stop_name": "Albâtre" }, "geometry": { "type": "Point", "coordinates": [ 6.1665861, 48.6146999 ] } },
{ "type": "Feature", "properties": { "id": "LDABT1", "stop_id": "LDABT1", "stop_name": "Albâtre" }, "geometry": { "type": "Point", "coordinates": [ 6.166829, 48.6146849 ] } },
{ "type": "Feature", "properties": { "id": "6213", "stop_id": "6213", "stop_name": "Collège Monod" }, "geometry": { "type": "Point", "coordinates": [ 6.167302, 48.6203427 ] } },
{ "type": "Feature", "properties": { "id": "LDCES0", "stop_id": "LDCES0", "stop_name": "College Jacques Monod" }, "geometry": { "type": "Point", "coordinates": [ 6.167573, 48.6209339 ] } },
{ "type": "Feature", "properties": { "id": "LDCES1", "stop_id": "LDCES1", "stop_name": "College Jacques Monod" }, "geometry": { "type": "Point", "coordinates": [ 6.1679661, 48.6209109 ] } },
{ "type": "Feature", "properties": { "id": "LDMON0", "stop_id": "LDMON0", "stop_name": "College Jacques Monod" }, "geometry": { "type": "Point", "coordinates": [ 6.1670371, 48.6199779 ] } },
{ "type": "Feature", "properties": { "id": "LDMON1", "stop_id": "LDMON1", "stop_name": "College Jacques Monod" }, "geometry": { "type": "Point", "coordinates": [ 6.16643, 48.6197589 ] } },
{ "type": "Feature", "properties": { "id": "6215", "stop_id": "6215", "stop_name": "Ludres Ecoles" }, "geometry": { "type": "Point", "coordinates": [ 6.1601581, 48.6207389 ] } },
{ "type": "Feature", "properties": { "id": "LDECO0", "stop_id": "LDECO0", "stop_name": "Ludres Ecoles" }, "geometry": { "type": "Point", "coordinates": [ 6.1600281, 48.6205829 ] } },
{ "type": "Feature", "properties": { "id": "LDECO1", "stop_id": "LDECO1", "stop_name": "Ludres Ecoles" }, "geometry": { "type": "Point", "coordinates": [ 6.1602881, 48.6208949 ] } },
{ "type": "Feature", "properties": { "id": "6216", "stop_id": "6216", "stop_name": "Eurydice" }, "geometry": { "type": "Point", "coordinates": [ 6.1643014, 48.6153092 ] } },
{ "type": "Feature", "properties": { "id": "LDERY0", "stop_id": "LDERY0", "stop_name": "Eurydice" }, "geometry": { "type": "Point", "coordinates": [ 6.1639241, 48.6150469 ] } },
{ "type": "Feature", "properties": { "id": "LDERY1", "stop_id": "LDERY1", "stop_name": "Eurydice" }, "geometry": { "type": "Point", "coordinates": [ 6.164263, 48.6150469 ] } },
{ "type": "Feature", "properties": { "id": "LDERY2", "stop_id": "LDERY2", "stop_name": "Eurydice" }, "geometry": { "type": "Point", "coordinates": [ 6.1647171, 48.6158339 ] } },
{ "type": "Feature", "properties": { "id": "6224", "stop_id": "6224", "stop_name": "Ludres Mairie" }, "geometry": { "type": "Point", "coordinates": [ 6.1620265, 48.6212174 ] } },
{ "type": "Feature", "properties": { "id": "LDMAI0", "stop_id": "LDMAI0", "stop_name": "Ludres Mairie" }, "geometry": { "type": "Point", "coordinates": [ 6.161494, 48.6215169 ] } },
{ "type": "Feature", "properties": { "id": "LDMAI1", "stop_id": "LDMAI1", "stop_name": "Ludres Mairie" }, "geometry": { "type": "Point", "coordinates": [ 6.162559, 48.6209179 ] } },
{ "type": "Feature", "properties": { "id": "6225", "stop_id": "6225", "stop_name": "Marie Marvingt" }, "geometry": { "type": "Point", "coordinates": [ 6.160080370099999, 48.61682490135 ] } },
{ "type": "Feature", "properties": { "id": "LDMAR0", "stop_id": "LDMAR0", "stop_name": "Marie Marvingt" }, "geometry": { "type": "Point", "coordinates": [ 6.1600861, 48.6167979 ] } },
{ "type": "Feature", "properties": { "id": "LDMAR1", "stop_id": "LDMAR1", "stop_name": "Marie Marvingt" }, "geometry": { "type": "Point", "coordinates": [ 6.160075, 48.6168519 ] } },
{ "type": "Feature", "properties": { "id": "6226", "stop_id": "6226", "stop_name": "Messein" }, "geometry": { "type": "Point", "coordinates": [ 6.159505, 48.6163289 ] } },
{ "type": "Feature", "properties": { "id": "LDMES0", "stop_id": "LDMES0", "stop_name": "Messein" }, "geometry": { "type": "Point", "coordinates": [ 6.159439, 48.6162639 ] } },
{ "type": "Feature", "properties": { "id": "LDMES1", "stop_id": "LDMES1", "stop_name": "Messein" }, "geometry": { "type": "Point", "coordinates": [ 6.1595711, 48.6163939 ] } },
{ "type": "Feature", "properties": { "id": "6230", "stop_id": "6230", "stop_name": "Secours" }, "geometry": { "type": "Point", "coordinates": [ 6.1595556, 48.6191389 ] } },
{ "type": "Feature", "properties": { "id": "LDSRS0", "stop_id": "LDSRS0", "stop_name": "Secours" }, "geometry": { "type": "Point", "coordinates": [ 6.159427, 48.6190529 ] } },
{ "type": "Feature", "properties": { "id": "LDSRS1", "stop_id": "LDSRS1", "stop_name": "Secours" }, "geometry": { "type": "Point", "coordinates": [ 6.1596841, 48.6192249 ] } },
{ "type": "Feature", "properties": { "id": "6232", "stop_id": "6232", "stop_name": "Vert Village" }, "geometry": { "type": "Point", "coordinates": [ 6.1748445, 48.6144119 ] } },
{ "type": "Feature", "properties": { "id": "LDVVI0", "stop_id": "LDVVI0", "stop_name": "Vert Village" }, "geometry": { "type": "Point", "coordinates": [ 6.1748081, 48.6144709 ] } },
{ "type": "Feature", "properties": { "id": "LDVVI1", "stop_id": "LDVVI1", "stop_name": "Vert Village" }, "geometry": { "type": "Point", "coordinates": [ 6.174881, 48.6143529 ] } },
{ "type": "Feature", "properties": { "id": "6253", "stop_id": "6253", "stop_name": "Alexandre 1er" }, "geometry": { "type": "Point", "coordinates": [ 6.1924051, 48.7044894 ] } },
{ "type": "Feature", "properties": { "id": "MLALE0", "stop_id": "MLALE0", "stop_name": "Alexandre 1er" }, "geometry": { "type": "Point", "coordinates": [ 6.1924951, 48.7045059 ] } },
{ "type": "Feature", "properties": { "id": "MLALE1", "stop_id": "MLALE1", "stop_name": "Alexandre 1er" }, "geometry": { "type": "Point", "coordinates": [ 6.1923151, 48.7044729 ] } },
{ "type": "Feature", "properties": { "id": "6255", "stop_id": "6255", "stop_name": "Barres" }, "geometry": { "type": "Point", "coordinates": [ 6.1884851, 48.7074619 ] } },
{ "type": "Feature", "properties": { "id": "MLBAR1", "stop_id": "MLBAR1", "stop_name": "Barres" }, "geometry": { "type": "Point", "coordinates": [ 6.1884851, 48.7074619 ] } },
{ "type": "Feature", "properties": { "id": "6256", "stop_id": "6256", "stop_name": "Croix de Mission" }, "geometry": { "type": "Point", "coordinates": [ 6.1846116, 48.7152329 ] } },
{ "type": "Feature", "properties": { "id": "MLCMS0", "stop_id": "MLCMS0", "stop_name": "Croix de Mission" }, "geometry": { "type": "Point", "coordinates": [ 6.1849141, 48.7156869 ] } },
{ "type": "Feature", "properties": { "id": "MLCMS1", "stop_id": "MLCMS1", "stop_name": "Croix de Mission" }, "geometry": { "type": "Point", "coordinates": [ 6.1843091, 48.7147789 ] } },
{ "type": "Feature", "properties": { "id": "6261", "stop_id": "6261", "stop_name": "Malzéville Eglise" }, "geometry": { "type": "Point", "coordinates": [ 6.1867101, 48.7117649 ] } },
{ "type": "Feature", "properties": { "id": "MLEGL0", "stop_id": "MLEGL0", "stop_name": "Malzéville Eglise" }, "geometry": { "type": "Point", "coordinates": [ 6.1867101, 48.7117649 ] } },
{ "type": "Feature", "properties": { "id": "6266", "stop_id": "6266", "stop_name": "Longefond" }, "geometry": { "type": "Point", "coordinates": [ 6.1815586, 48.7210804 ] } },
{ "type": "Feature", "properties": { "id": "MLLNG0", "stop_id": "MLLNG0", "stop_name": "Longefond" }, "geometry": { "type": "Point", "coordinates": [ 6.1816871, 48.7208819 ] } },
{ "type": "Feature", "properties": { "id": "MLLNG1", "stop_id": "MLLNG1", "stop_name": "Longefond" }, "geometry": { "type": "Point", "coordinates": [ 6.1814301, 48.7212789 ] } },
{ "type": "Feature", "properties": { "id": "6274", "stop_id": "6274", "stop_name": "Pinsons" }, "geometry": { "type": "Point", "coordinates": [ 6.1977951, 48.7066729 ] } },
{ "type": "Feature", "properties": { "id": "MLPIN0", "stop_id": "MLPIN0", "stop_name": "Pinsons" }, "geometry": { "type": "Point", "coordinates": [ 6.1977951, 48.7066729 ] } },
{ "type": "Feature", "properties": { "id": "6275", "stop_id": "6275", "stop_name": "MALZEVILLE Pixérécourt" }, "geometry": { "type": "Point", "coordinates": [ 6.1823856, 48.7310937 ] } },
{ "type": "Feature", "properties": { "id": "MLPXR0", "stop_id": "MLPXR0", "stop_name": "Malzéville Pixerécourt" }, "geometry": { "type": "Point", "coordinates": [ 6.1822531, 48.7316629 ] } },
{ "type": "Feature", "properties": { "id": "6279", "stop_id": "6279", "stop_name": "Collège Paul Verlaine" }, "geometry": { "type": "Point", "coordinates": [ 6.1808786, 48.723942 ] } },
{ "type": "Feature", "properties": { "id": "MLVER0", "stop_id": "MLVER0", "stop_name": "College Paul Verlaine" }, "geometry": { "type": "Point", "coordinates": [ 6.1809211, 48.7237699 ] } },
{ "type": "Feature", "properties": { "id": "MLVER1", "stop_id": "MLVER1", "stop_name": "College Paul Verlaine" }, "geometry": { "type": "Point", "coordinates": [ 6.1811721, 48.7243999 ] } },
{ "type": "Feature", "properties": { "id": "MLVER2", "stop_id": "MLVER2", "stop_name": "Malzéville Paul Verlaine" }, "geometry": { "type": "Point", "coordinates": [ 6.1804111, 48.7236099 ] } },
{ "type": "Feature", "properties": { "id": "6281", "stop_id": "6281", "stop_name": "Cheverny" }, "geometry": { "type": "Point", "coordinates": [ 6.1573246, 48.7133444 ] } },
{ "type": "Feature", "properties": { "id": "MXRNY0", "stop_id": "MXRNY0", "stop_name": "Cheverny" }, "geometry": { "type": "Point", "coordinates": [ 6.1573161, 48.7133179 ] } },
{ "type": "Feature", "properties": { "id": "MXRNY1", "stop_id": "MXRNY1", "stop_name": "Cheverny" }, "geometry": { "type": "Point", "coordinates": [ 6.1573331, 48.7133709 ] } },
{ "type": "Feature", "properties": { "id": "6283", "stop_id": "6283", "stop_name": "Deville" }, "geometry": { "type": "Point", "coordinates": [ 6.1720961, 48.7078419 ] } },
{ "type": "Feature", "properties": { "id": "MXDVL0", "stop_id": "MXDVL0", "stop_name": "Deville" }, "geometry": { "type": "Point", "coordinates": [ 6.1722021, 48.7076799 ] } },
{ "type": "Feature", "properties": { "id": "MXDVL1", "stop_id": "MXDVL1", "stop_name": "Deville" }, "geometry": { "type": "Point", "coordinates": [ 6.1719901, 48.7080039 ] } },
{ "type": "Feature", "properties": { "id": "6286", "stop_id": "6286", "stop_name": "Lafayette" }, "geometry": { "type": "Point", "coordinates": [ 6.1722121, 48.7101989 ] } },
{ "type": "Feature", "properties": { "id": "MXMRT1", "stop_id": "MXMRT1", "stop_name": "Lafayette" }, "geometry": { "type": "Point", "coordinates": [ 6.1722631, 48.7102199 ] } },
{ "type": "Feature", "properties": { "id": "MXMRT2", "stop_id": "MXMRT2", "stop_name": "Lafayette" }, "geometry": { "type": "Point", "coordinates": [ 6.1721611, 48.7101779 ] } },
{ "type": "Feature", "properties": { "id": "6287", "stop_id": "6287", "stop_name": "Les Aulnes" }, "geometry": { "type": "Point", "coordinates": [ 6.1558611, 48.7056404 ] } },
{ "type": "Feature", "properties": { "id": "MXAUL0", "stop_id": "MXAUL0", "stop_name": "Les Aulnes" }, "geometry": { "type": "Point", "coordinates": [ 6.1559711, 48.7055699 ] } },
{ "type": "Feature", "properties": { "id": "MXAUL1", "stop_id": "MXAUL1", "stop_name": "Les Aulnes" }, "geometry": { "type": "Point", "coordinates": [ 6.1557511, 48.7057109 ] } },
{ "type": "Feature", "properties": { "id": "6289", "stop_id": "6289", "stop_name": "Nancy Pôle de Santé" }, "geometry": { "type": "Point", "coordinates": [ 6.1419406, 48.7035979 ] } },
{ "type": "Feature", "properties": { "id": "MXJAC0", "stop_id": "MXJAC0", "stop_name": "Nancy Pôle de Santé" }, "geometry": { "type": "Point", "coordinates": [ 6.1419691, 48.7037049 ] } },
{ "type": "Feature", "properties": { "id": "MXJAC1", "stop_id": "MXJAC1", "stop_name": "Nancy Pôle de Santé" }, "geometry": { "type": "Point", "coordinates": [ 6.1419121, 48.7034909 ] } },
{ "type": "Feature", "properties": { "id": "6290", "stop_id": "6290", "stop_name": "Montée de Pinchard" }, "geometry": { "type": "Point", "coordinates": [ 6.1618411, 48.7074489 ] } },
{ "type": "Feature", "properties": { "id": "MXPAT0", "stop_id": "MXPAT0", "stop_name": "Montée de Pinchard" }, "geometry": { "type": "Point", "coordinates": [ 6.1621761, 48.7078439 ] } },
{ "type": "Feature", "properties": { "id": "MXPAT1", "stop_id": "MXPAT1", "stop_name": "Montée de Pinchard" }, "geometry": { "type": "Point", "coordinates": [ 6.1615061, 48.7070539 ] } },
{ "type": "Feature", "properties": { "id": "6291", "stop_id": "6291", "stop_name": "Saint-Jacques II" }, "geometry": { "type": "Point", "coordinates": [ 6.1308531, 48.7026059 ] } },
{ "type": "Feature", "properties": { "id": "MXJAQ0", "stop_id": "MXJAQ0", "stop_name": "Saint-Jacques II" }, "geometry": { "type": "Point", "coordinates": [ 6.1310191, 48.7025529 ] } },
{ "type": "Feature", "properties": { "id": "MXJAQ1", "stop_id": "MXJAQ1", "stop_name": "Saint-Jacques II" }, "geometry": { "type": "Point", "coordinates": [ 6.1306871, 48.7026589 ] } },
{ "type": "Feature", "properties": { "id": "6293", "stop_id": "6293", "stop_name": "Stade Darnys" }, "geometry": { "type": "Point", "coordinates": [ 6.1489496, 48.7062284 ] } },
{ "type": "Feature", "properties": { "id": "MXDAR0", "stop_id": "MXDAR0", "stop_name": "Stade Darnys" }, "geometry": { "type": "Point", "coordinates": [ 6.1489761, 48.7062189 ] } },
{ "type": "Feature", "properties": { "id": "MXDAR1", "stop_id": "MXDAR1", "stop_name": "Stade Darnys" }, "geometry": { "type": "Point", "coordinates": [ 6.1489231, 48.7062379 ] } },
{ "type": "Feature", "properties": { "id": "6328", "stop_id": "6328", "stop_name": "Alix Le Clerc" }, "geometry": { "type": "Point", "coordinates": [ 6.1640941, 48.7017614 ] } },
{ "type": "Feature", "properties": { "id": "NYACL0", "stop_id": "NYACL0", "stop_name": "Alix Le Clerc" }, "geometry": { "type": "Point", "coordinates": [ 6.1642461, 48.7014239 ] } },
{ "type": "Feature", "properties": { "id": "NYACL1", "stop_id": "NYACL1", "stop_name": "Alix Le Clerc" }, "geometry": { "type": "Point", "coordinates": [ 6.1639421, 48.7020989 ] } },
{ "type": "Feature", "properties": { "id": "6339", "stop_id": "6339", "stop_name": "Buthegnémont" }, "geometry": { "type": "Point", "coordinates": [ 6.1465016, 48.6965464 ] } },
{ "type": "Feature", "properties": { "id": "NYBUT0", "stop_id": "NYBUT0", "stop_name": "Buthegnémont" }, "geometry": { "type": "Point", "coordinates": [ 6.1462811, 48.6964989 ] } },
{ "type": "Feature", "properties": { "id": "NYBUT1", "stop_id": "NYBUT1", "stop_name": "Buthegnémont" }, "geometry": { "type": "Point", "coordinates": [ 6.1467221, 48.6965939 ] } },
{ "type": "Feature", "properties": { "id": "6343", "stop_id": "6343", "stop_name": "Cavallier" }, "geometry": { "type": "Point", "coordinates": [ 6.1653168, 48.6937322 ] } },
{ "type": "Feature", "properties": { "id": "NYCAV0", "stop_id": "NYCAV0", "stop_name": "Cavallier" }, "geometry": { "type": "Point", "coordinates": [ 6.1654041, 48.6932259 ] } },
{ "type": "Feature", "properties": { "id": "NYCAV1", "stop_id": "NYCAV1", "stop_name": "Cavallier" }, "geometry": { "type": "Point", "coordinates": [ 6.1651661, 48.6942979 ] } },
{ "type": "Feature", "properties": { "id": "6345", "stop_id": "6345", "stop_name": "Cedre Bleu" }, "geometry": { "type": "Point", "coordinates": [ 6.1515581, 48.7021234 ] } },
{ "type": "Feature", "properties": { "id": "NYCED0", "stop_id": "NYCED0", "stop_name": "Cedre Bleu" }, "geometry": { "type": "Point", "coordinates": [ 6.1522241, 48.7023049 ] } },
{ "type": "Feature", "properties": { "id": "NYCED1", "stop_id": "NYCED1", "stop_name": "Cedre Bleu" }, "geometry": { "type": "Point", "coordinates": [ 6.1508921, 48.7019419 ] } },
{ "type": "Feature", "properties": { "id": "6347", "stop_id": "6347", "stop_name": "Centre Pénitentiaire" }, "geometry": { "type": "Point", "coordinates": [ 6.1518676, 48.7055069 ] } },
{ "type": "Feature", "properties": { "id": "NYMRR0", "stop_id": "NYMRR0", "stop_name": "Centre Pénitentiaire" }, "geometry": { "type": "Point", "coordinates": [ 6.1518051, 48.7054859 ] } },
{ "type": "Feature", "properties": { "id": "NYMRR1", "stop_id": "NYMRR1", "stop_name": "Centre Pénitentiaire" }, "geometry": { "type": "Point", "coordinates": [ 6.1519301, 48.7055279 ] } },
{ "type": "Feature", "properties": { "id": "6350", "stop_id": "6350", "stop_name": "Charles V" }, "geometry": { "type": "Point", "coordinates": [ 6.1753121, 48.6985379 ] } },
{ "type": "Feature", "properties": { "id": "NYCH50", "stop_id": "NYCH50", "stop_name": "Charles V" }, "geometry": { "type": "Point", "coordinates": [ 6.1754141, 48.6986009 ] } },
{ "type": "Feature", "properties": { "id": "NYCH51", "stop_id": "NYCH51", "stop_name": "Charles V" }, "geometry": { "type": "Point", "coordinates": [ 6.1752101, 48.6984749 ] } },
{ "type": "Feature", "properties": { "id": "6351", "stop_id": "6351", "stop_name": "Chemin Blanc" }, "geometry": { "type": "Point", "coordinates": [ 6.1559156, 48.6904659 ] } },
{ "type": "Feature", "properties": { "id": "NYBLC0", "stop_id": "NYBLC0", "stop_name": "Chemin Blanc" }, "geometry": { "type": "Point", "coordinates": [ 6.1560421, 48.6904299 ] } },
{ "type": "Feature", "properties": { "id": "NYBLC1", "stop_id": "NYBLC1", "stop_name": "Chemin Blanc" }, "geometry": { "type": "Point", "coordinates": [ 6.1557891, 48.6905019 ] } },
{ "type": "Feature", "properties": { "id": "6360", "stop_id": "6360", "stop_name": "Cliniques" }, "geometry": { "type": "Point", "coordinates": [ 6.1436881, 48.7001994 ] } },
{ "type": "Feature", "properties": { "id": "NYPOL0", "stop_id": "NYPOL0", "stop_name": "Cliniques" }, "geometry": { "type": "Point", "coordinates": [ 6.1441341, 48.7002529 ] } },
{ "type": "Feature", "properties": { "id": "NYPOL1", "stop_id": "NYPOL1", "stop_name": "Cliniques" }, "geometry": { "type": "Point", "coordinates": [ 6.1432421, 48.7001459 ] } },
{ "type": "Feature", "properties": { "id": "6362", "stop_id": "6362", "stop_name": "Commanderie" }, "geometry": { "type": "Point", "coordinates": [ 6.1672916, 48.6861494 ] } },
{ "type": "Feature", "properties": { "id": "NYCOM0", "stop_id": "NYCOM0", "stop_name": "Commanderie" }, "geometry": { "type": "Point", "coordinates": [ 6.1680161, 48.6867899 ] } },
{ "type": "Feature", "properties": { "id": "NYCOM1", "stop_id": "NYCOM1", "stop_name": "Commanderie" }, "geometry": { "type": "Point", "coordinates": [ 6.1665671, 48.6855089 ] } },
{ "type": "Feature", "properties": { "id": "6369", "stop_id": "6369", "stop_name": "Dusaulx" }, "geometry": { "type": "Point", "coordinates": [ 6.1741281, 48.7049099 ] } },
{ "type": "Feature", "properties": { "id": "NYDUS0", "stop_id": "NYDUS0", "stop_name": "Dusaulx" }, "geometry": { "type": "Point", "coordinates": [ 6.1741281, 48.7049099 ] } },
{ "type": "Feature", "properties": { "id": "6373", "stop_id": "6373", "stop_name": "Fontenoy" }, "geometry": { "type": "Point", "coordinates": [ 6.1764301, 48.7051429 ] } },
{ "type": "Feature", "properties": { "id": "NYFTE0", "stop_id": "NYFTE0", "stop_name": "Fontenoy" }, "geometry": { "type": "Point", "coordinates": [ 6.1764301, 48.7051429 ] } },
{ "type": "Feature", "properties": { "id": "6374", "stop_id": "6374", "stop_name": "Gare de Nancy" }, "geometry": { "type": "Point", "coordinates": [ 6.1750341, 48.6890142 ] } },
{ "type": "Feature", "properties": { "id": "NYGAR1", "stop_id": "NYGAR1", "stop_name": "Gare - Poirel" }, "geometry": { "type": "Point", "coordinates": [ 6.1756561, 48.6904369 ] } },
{ "type": "Feature", "properties": { "id": "NYJOF0", "stop_id": "NYJOF0", "stop_name": "Gare - Joffre" }, "geometry": { "type": "Point", "coordinates": [ 6.1773971, 48.6884049 ] } },
{ "type": "Feature", "properties": { "id": "NYJOF1", "stop_id": "NYJOF1", "stop_name": "Gare - Joffre" }, "geometry": { "type": "Point", "coordinates": [ 6.1771671, 48.6887459 ] } },
{ "type": "Feature", "properties": { "id": "NYKEN1", "stop_id": "NYKEN1", "stop_name": "Gare - Saint-Léon" }, "geometry": { "type": "Point", "coordinates": [ 6.1731961, 48.6883529 ] } },
{ "type": "Feature", "properties": { "id": "NYLEO1", "stop_id": "NYLEO1", "stop_name": "Gare - Raymond Poincaré" }, "geometry": { "type": "Point", "coordinates": [ 6.1712561, 48.6899219 ] } },
{ "type": "Feature", "properties": { "id": "NYMAZ0", "stop_id": "NYMAZ0", "stop_name": "Gare - Simone Veil" }, "geometry": { "type": "Point", "coordinates": [ 6.1745121, 48.6908869 ] } },
{ "type": "Feature", "properties": { "id": "NYREP0", "stop_id": "NYREP0", "stop_name": "Nancy Gare - République" }, "geometry": { "type": "Point", "coordinates": [ 6.1766361, 48.6886009 ] } },
{ "type": "Feature", "properties": { "id": "NYREP1", "stop_id": "NYREP1", "stop_name": "Nancy Gare - République" }, "geometry": { "type": "Point", "coordinates": [ 6.1761371, 48.6885209 ] } },
{ "type": "Feature", "properties": { "id": "TRGAR0", "stop_id": "TRGAR0", "stop_name": "Gare - Pierre Semard" }, "geometry": { "type": "Point", "coordinates": [ 6.1773771, 48.6891399 ] } },
{ "type": "Feature", "properties": { "id": "TRGAR1", "stop_id": "TRGAR1", "stop_name": "Gare - Pierre Semard" }, "geometry": { "type": "Point", "coordinates": [ 6.1770521, 48.6890909 ] } },
{ "type": "Feature", "properties": { "id": "TRLEO0", "stop_id": "TRLEO0", "stop_name": "Gare - Saint-Léon" }, "geometry": { "type": "Point", "coordinates": [ 6.1740111, 48.6875489 ] } },
{ "type": "Feature", "properties": { "id": "TRLEO1", "stop_id": "TRLEO1", "stop_name": "Gare - Saint-Léon" }, "geometry": { "type": "Point", "coordinates": [ 6.1740231, 48.6873429 ] } },
{ "type": "Feature", "properties": { "id": "6380", "stop_id": "6380", "stop_name": "Garenne - Saurupt" }, "geometry": { "type": "Point", "coordinates": [ 6.1834356, 48.6818094 ] } },
{ "type": "Feature", "properties": { "id": "NYGNN0", "stop_id": "NYGNN0", "stop_name": "Garenne - Saurupt" }, "geometry": { "type": "Point", "coordinates": [ 6.1840351, 48.6822359 ] } },
{ "type": "Feature", "properties": { "id": "NYGNN1", "stop_id": "NYGNN1", "stop_name": "Garenne - Saurupt" }, "geometry": { "type": "Point", "coordinates": [ 6.1828361, 48.6813829 ] } },
{ "type": "Feature", "properties": { "id": "6381", "stop_id": "6381", "stop_name": "ARTEM - Gebhart" }, "geometry": { "type": "Point", "coordinates": [ 6.1736881, 48.6736109 ] } },
{ "type": "Feature", "properties": { "id": "NYGEB0", "stop_id": "NYGEB0", "stop_name": "ARTEM - Gebhart" }, "geometry": { "type": "Point", "coordinates": [ 6.1736881, 48.6736109 ] } },
{ "type": "Feature", "properties": { "id": "6386", "stop_id": "6386", "stop_name": "Nancy College Jean Lamour" }, "geometry": { "type": "Point", "coordinates": [ 6.1630726, 48.7043229 ] } },
{ "type": "Feature", "properties": { "id": "NYSOL0", "stop_id": "NYSOL0", "stop_name": "Nancy College Jean Lamour" }, "geometry": { "type": "Point", "coordinates": [ 6.1632551, 48.7036589 ] } },
{ "type": "Feature", "properties": { "id": "NYSOL1", "stop_id": "NYSOL1", "stop_name": "Nancy College Jean Lamour" }, "geometry": { "type": "Point", "coordinates": [ 6.1628901, 48.7049869 ] } },
{ "type": "Feature", "properties": { "id": "6388", "stop_id": "6388", "stop_name": "Joli Coeur" }, "geometry": { "type": "Point", "coordinates": [ 6.1746371, 48.7024419 ] } },
{ "type": "Feature", "properties": { "id": "NYJCR0", "stop_id": "NYJCR0", "stop_name": "Joli Coeur" }, "geometry": { "type": "Point", "coordinates": [ 6.1745021, 48.7024149 ] } },
{ "type": "Feature", "properties": { "id": "6390", "stop_id": "6390", "stop_name": "Kléber" }, "geometry": { "type": "Point", "coordinates": [ 6.1680271, 48.6845439 ] } },
{ "type": "Feature", "properties": { "id": "NYKLB0", "stop_id": "NYKLB0", "stop_name": "Kléber" }, "geometry": { "type": "Point", "coordinates": [ 6.1680271, 48.6845439 ] } },
{ "type": "Feature", "properties": { "id": "6392", "stop_id": "6392", "stop_name": "La Côte" }, "geometry": { "type": "Point", "coordinates": [ 6.1492696, 48.6917724 ] } },
{ "type": "Feature", "properties": { "id": "NYLCO0", "stop_id": "NYLCO0", "stop_name": "La Côte" }, "geometry": { "type": "Point", "coordinates": [ 6.1495321, 48.6917379 ] } },
{ "type": "Feature", "properties": { "id": "NYLCO1", "stop_id": "NYLCO1", "stop_name": "La Côte" }, "geometry": { "type": "Point", "coordinates": [ 6.1490071, 48.6918069 ] } },
{ "type": "Feature", "properties": { "id": "6393", "stop_id": "6393", "stop_name": "La Foucotte" }, "geometry": { "type": "Point", "coordinates": [ 6.1591921, 48.6969414 ] } },
{ "type": "Feature", "properties": { "id": "NYFOC0", "stop_id": "NYFOC0", "stop_name": "La Foucotte" }, "geometry": { "type": "Point", "coordinates": [ 6.1593051, 48.6968959 ] } },
{ "type": "Feature", "properties": { "id": "NYFOC1", "stop_id": "NYFOC1", "stop_name": "La Foucotte" }, "geometry": { "type": "Point", "coordinates": [ 6.1590791, 48.6969869 ] } },
{ "type": "Feature", "properties": { "id": "6395", "stop_id": "6395", "stop_name": "Les Ombelles" }, "geometry": { "type": "Point", "coordinates": [ 6.1473336, 48.7009694 ] } },
{ "type": "Feature", "properties": { "id": "NYOMB0", "stop_id": "NYOMB0", "stop_name": "Les Ombelles" }, "geometry": { "type": "Point", "coordinates": [ 6.1474111, 48.7010039 ] } },
{ "type": "Feature", "properties": { "id": "NYOMB1", "stop_id": "NYOMB1", "stop_name": "Les Ombelles" }, "geometry": { "type": "Point", "coordinates": [ 6.1472561, 48.7009349 ] } },
{ "type": "Feature", "properties": { "id": "6397", "stop_id": "6397", "stop_name": "Loritz" }, "geometry": { "type": "Point", "coordinates": [ 6.1962145, 48.6865005 ] } },
{ "type": "Feature", "properties": { "id": "NYLOR0", "stop_id": "NYLOR0", "stop_name": "Loritz" }, "geometry": { "type": "Point", "coordinates": [ 6.1955421, 48.6871189 ] } },
{ "type": "Feature", "properties": { "id": "NYLOR1", "stop_id": "NYLOR1", "stop_name": "Loritz" }, "geometry": { "type": "Point", "coordinates": [ 6.196891, 48.6858739 ] } },
{ "type": "Feature", "properties": { "id": "6403", "stop_id": "6403", "stop_name": "Marquette" }, "geometry": { "type": "Point", "coordinates": [ 6.1527086, 48.6911279 ] } },
{ "type": "Feature", "properties": { "id": "NYMAQ0", "stop_id": "NYMAQ0", "stop_name": "Marquette" }, "geometry": { "type": "Point", "coordinates": [ 6.1527071, 48.6911049 ] } },
{ "type": "Feature", "properties": { "id": "NYMAQ1", "stop_id": "NYMAQ1", "stop_name": "Marquette" }, "geometry": { "type": "Point", "coordinates": [ 6.1527101, 48.6911509 ] } },
{ "type": "Feature", "properties": { "id": "6404", "stop_id": "6404", "stop_name": "Médreville" }, "geometry": { "type": "Point", "coordinates": [ 6.1588721, 48.6855734 ] } },
{ "type": "Feature", "properties": { "id": "NYMED0", "stop_id": "NYMED0", "stop_name": "Médreville" }, "geometry": { "type": "Point", "coordinates": [ 6.1602451, 48.6852989 ] } },
{ "type": "Feature", "properties": { "id": "NYMED1", "stop_id": "NYMED1", "stop_name": "Médreville" }, "geometry": { "type": "Point", "coordinates": [ 6.1574991, 48.6858479 ] } },
{ "type": "Feature", "properties": { "id": "6405", "stop_id": "6405", "stop_name": "Messier" }, "geometry": { "type": "Point", "coordinates": [ 6.1598826, 48.6896034 ] } },
{ "type": "Feature", "properties": { "id": "NYMES0", "stop_id": "NYMES0", "stop_name": "Messier" }, "geometry": { "type": "Point", "coordinates": [ 6.1601221, 48.6895329 ] } },
{ "type": "Feature", "properties": { "id": "NYMES1", "stop_id": "NYMES1", "stop_name": "Messier" }, "geometry": { "type": "Point", "coordinates": [ 6.1596431, 48.6896739 ] } },
{ "type": "Feature", "properties": { "id": "6412", "stop_id": "6412", "stop_name": "Painlevé" }, "geometry": { "type": "Point", "coordinates": [ 6.1654755, 48.6822054 ] } },
{ "type": "Feature", "properties": { "id": "NYPAI0", "stop_id": "NYPAI0", "stop_name": "Painlevé" }, "geometry": { "type": "Point", "coordinates": [ 6.1662161, 48.6822749 ] } },
{ "type": "Feature", "properties": { "id": "NYPAI1", "stop_id": "NYPAI1", "stop_name": "Painlevé" }, "geometry": { "type": "Point", "coordinates": [ 6.1645471, 48.6820759 ] } },
{ "type": "Feature", "properties": { "id": "NYPAI2", "stop_id": "NYPAI2", "stop_name": "Painlevé" }, "geometry": { "type": "Point", "coordinates": [ 6.1658071, 48.6823769 ] } },
{ "type": "Feature", "properties": { "id": "6413", "stop_id": "6413", "stop_name": "Palais des Sports - Gentilly" }, "geometry": { "type": "Point", "coordinates": [ 6.1394781, 48.6997034 ] } },
{ "type": "Feature", "properties": { "id": "NYPAL0", "stop_id": "NYPAL0", "stop_name": "Palais des Sports - Gentilly" }, "geometry": { "type": "Point", "coordinates": [ 6.1406051, 48.6997799 ] } },
{ "type": "Feature", "properties": { "id": "NYPAL1", "stop_id": "NYPAL1", "stop_name": "Palais des Sports - Gentilly" }, "geometry": { "type": "Point", "coordinates": [ 6.1383511, 48.6996269 ] } },
{ "type": "Feature", "properties": { "id": "6417", "stop_id": "6417", "stop_name": "Place Aimé Morot" }, "geometry": { "type": "Point", "coordinates": [ 6.1656676, 48.6994054 ] } },
{ "type": "Feature", "properties": { "id": "NYBOU0", "stop_id": "NYBOU0", "stop_name": "Place Aimé Morot" }, "geometry": { "type": "Point", "coordinates": [ 6.1658131, 48.6992569 ] } },
{ "type": "Feature", "properties": { "id": "NYBOU1", "stop_id": "NYBOU1", "stop_name": "Place Aimé Morot" }, "geometry": { "type": "Point", "coordinates": [ 6.1655221, 48.6995539 ] } },
{ "type": "Feature", "properties": { "id": "6419", "stop_id": "6419", "stop_name": "Place Godefroy de Bouillon" }, "geometry": { "type": "Point", "coordinates": [ 6.1677581, 48.6925266 ] } },
{ "type": "Feature", "properties": { "id": "NYGOB0", "stop_id": "NYGOB0", "stop_name": "Place Godefroy de Bouillon" }, "geometry": { "type": "Point", "coordinates": [ 6.1684071, 48.6919019 ] } },
{ "type": "Feature", "properties": { "id": "NYGOB1", "stop_id": "NYGOB1", "stop_name": "Place Godefroy de Bouillon" }, "geometry": { "type": "Point", "coordinates": [ 6.1665831, 48.6927339 ] } },
{ "type": "Feature", "properties": { "id": "NYGOB2", "stop_id": "NYGOB2", "stop_name": "Place Godefroy de Bouillon" }, "geometry": { "type": "Point", "coordinates": [ 6.1682841, 48.6929439 ] } },
{ "type": "Feature", "properties": { "id": "6423", "stop_id": "6423", "stop_name": "Préville" }, "geometry": { "type": "Point", "coordinates": [ 6.1658758, 48.6879296 ] } },
{ "type": "Feature", "properties": { "id": "NYPVI0", "stop_id": "NYPVI0", "stop_name": "Préville" }, "geometry": { "type": "Point", "coordinates": [ 6.1661161, 48.6874959 ] } },
{ "type": "Feature", "properties": { "id": "NYPVI1", "stop_id": "NYPVI1", "stop_name": "Préville" }, "geometry": { "type": "Point", "coordinates": [ 6.1652341, 48.6878929 ] } },
{ "type": "Feature", "properties": { "id": "NYPVI2", "stop_id": "NYPVI2", "stop_name": "Préville" }, "geometry": { "type": "Point", "coordinates": [ 6.1662771, 48.6883999 ] } },
{ "type": "Feature", "properties": { "id": "6424", "stop_id": "6424", "stop_name": "Quai de la Bataille" }, "geometry": { "type": "Point", "coordinates": [ 6.1854366, 48.6820144 ] } },
{ "type": "Feature", "properties": { "id": "NYQBA0", "stop_id": "NYQBA0", "stop_name": "Quai de la Bataille" }, "geometry": { "type": "Point", "coordinates": [ 6.1850531, 48.6821979 ] } },
{ "type": "Feature", "properties": { "id": "NYQBA1", "stop_id": "NYQBA1", "stop_name": "Quai de la Bataille" }, "geometry": { "type": "Point", "coordinates": [ 6.1858201, 48.6818309 ] } },
{ "type": "Feature", "properties": { "id": "6425", "stop_id": "6425", "stop_name": "Quartier Saint-Nicolas" }, "geometry": { "type": "Point", "coordinates": [ 6.1845971, 48.6868034 ] } },
{ "type": "Feature", "properties": { "id": "NYCH30", "stop_id": "NYCH30", "stop_name": "Quartier Saint-Nicolas" }, "geometry": { "type": "Point", "coordinates": [ 6.1844561, 48.6860919 ] } },
{ "type": "Feature", "properties": { "id": "NYCH31", "stop_id": "NYCH31", "stop_name": "Quartier Saint-Nicolas" }, "geometry": { "type": "Point", "coordinates": [ 6.1847381, 48.6875149 ] } },
{ "type": "Feature", "properties": { "id": "6426", "stop_id": "6426", "stop_name": "Sacré Coeur" }, "geometry": { "type": "Point", "coordinates": [ 6.1628461, 48.6862789 ] } },
{ "type": "Feature", "properties": { "id": "NYSAC0", "stop_id": "NYSAC0", "stop_name": "Sacré Coeur" }, "geometry": { "type": "Point", "coordinates": [ 6.1628461, 48.6862789 ] } },
{ "type": "Feature", "properties": { "id": "6429", "stop_id": "6429", "stop_name": "Saint-Mansuy" }, "geometry": { "type": "Point", "coordinates": [ 6.1549326, 48.6973454 ] } },
{ "type": "Feature", "properties": { "id": "NYMSY0", "stop_id": "NYMSY0", "stop_name": "Saint-Mansuy" }, "geometry": { "type": "Point", "coordinates": [ 6.1551381, 48.6973569 ] } },
{ "type": "Feature", "properties": { "id": "NYMSY1", "stop_id": "NYMSY1", "stop_name": "Saint-Mansuy" }, "geometry": { "type": "Point", "coordinates": [ 6.1547271, 48.6973339 ] } },
{ "type": "Feature", "properties": { "id": "6433", "stop_id": "6433", "stop_name": "Sainte-Colette" }, "geometry": { "type": "Point", "coordinates": [ 6.1826636, 48.6747799 ] } },
{ "type": "Feature", "properties": { "id": "NYVAU1", "stop_id": "NYVAU1", "stop_name": "Sainte-Colette" }, "geometry": { "type": "Point", "coordinates": [ 6.18278, 48.6747279 ] } },
{ "type": "Feature", "properties": { "id": "NYVAU2", "stop_id": "NYVAU2", "stop_name": "Sainte-Colette" }, "geometry": { "type": "Point", "coordinates": [ 6.1825471, 48.6748319 ] } },
{ "type": "Feature", "properties": { "id": "6434", "stop_id": "6434", "stop_name": "Santifontaine" }, "geometry": { "type": "Point", "coordinates": [ 6.1629811, 48.6889479 ] } },
{ "type": "Feature", "properties": { "id": "NYSAN0", "stop_id": "NYSAN0", "stop_name": "Santifontaine" }, "geometry": { "type": "Point", "coordinates": [ 6.1633081, 48.6888659 ] } },
{ "type": "Feature", "properties": { "id": "NYSAN1", "stop_id": "NYSAN1", "stop_name": "Santifontaine" }, "geometry": { "type": "Point", "coordinates": [ 6.1626541, 48.6890299 ] } },
{ "type": "Feature", "properties": { "id": "6437", "stop_id": "6437", "stop_name": "ARTEM - Vauban" }, "geometry": { "type": "Point", "coordinates": [ 6.1712566, 48.6750644 ] } },
{ "type": "Feature", "properties": { "id": "NYSIV0", "stop_id": "NYSIV0", "stop_name": "ARTEM - Vauban" }, "geometry": { "type": "Point", "coordinates": [ 6.1719371, 48.6754459 ] } },
{ "type": "Feature", "properties": { "id": "NYVOB0", "stop_id": "NYVOB0", "stop_name": "ARTEM - Vauban" }, "geometry": { "type": "Point", "coordinates": [ 6.1705761, 48.6746829 ] } },
{ "type": "Feature", "properties": { "id": "6438", "stop_id": "6438", "stop_name": "NANCY - STAN Stade Matter" }, "geometry": { "type": "Point", "coordinates": [ 6.2024338, 48.6896599 ] } },
{ "type": "Feature", "properties": { "id": "NYSTD0", "stop_id": "NYSTD0", "stop_name": "Stade Matter" }, "geometry": { "type": "Point", "coordinates": [ 6.202542, 48.6896899 ] } },
{ "type": "Feature", "properties": { "id": "NYSTD1", "stop_id": "NYSTD1", "stop_name": "Stade Matter" }, "geometry": { "type": "Point", "coordinates": [ 6.2023461, 48.6897129 ] } },
{ "type": "Feature", "properties": { "id": "6439", "stop_id": "6439", "stop_name": "Tilleul Argenté" }, "geometry": { "type": "Point", "coordinates": [ 6.1552781, 48.7033629 ] } },
{ "type": "Feature", "properties": { "id": "NYTAM0", "stop_id": "NYTAM0", "stop_name": "Tilleul Argenté" }, "geometry": { "type": "Point", "coordinates": [ 6.1552681, 48.7032169 ] } },
{ "type": "Feature", "properties": { "id": "NYTAM1", "stop_id": "NYTAM1", "stop_name": "Tilleul Argenté" }, "geometry": { "type": "Point", "coordinates": [ 6.1550461, 48.7031589 ] } },
{ "type": "Feature", "properties": { "id": "NYTAM2", "stop_id": "NYTAM2", "stop_name": "Tilleul Argenté" }, "geometry": { "type": "Point", "coordinates": [ 6.1555201, 48.7037129 ] } },
{ "type": "Feature", "properties": { "id": "6440", "stop_id": "6440", "stop_name": "Nancy Thermal" }, "geometry": { "type": "Point", "coordinates": [ 6.1671251, 48.6793994 ] } },
{ "type": "Feature", "properties": { "id": "NYTHE0", "stop_id": "NYTHE0", "stop_name": "Nancy Thermal" }, "geometry": { "type": "Point", "coordinates": [ 6.1670601, 48.6795999 ] } },
{ "type": "Feature", "properties": { "id": "NYTHE1", "stop_id": "NYTHE1", "stop_name": "Nancy Thermal" }, "geometry": { "type": "Point", "coordinates": [ 6.1671901, 48.6791989 ] } },
{ "type": "Feature", "properties": { "id": "6445", "stop_id": "6445", "stop_name": "Vayringe" }, "geometry": { "type": "Point", "coordinates": [ 6.1773316, 48.7069594 ] } },
{ "type": "Feature", "properties": { "id": "NYVAY0", "stop_id": "NYVAY0", "stop_name": "Vayringe" }, "geometry": { "type": "Point", "coordinates": [ 6.1770691, 48.7066439 ] } },
{ "type": "Feature", "properties": { "id": "NYVAY1", "stop_id": "NYVAY1", "stop_name": "Vayringe" }, "geometry": { "type": "Point", "coordinates": [ 6.1775941, 48.7072749 ] } },
{ "type": "Feature", "properties": { "id": "6491", "stop_id": "6491", "stop_name": "Blés d'Or" }, "geometry": { "type": "Point", "coordinates": [ 6.258657, 48.7053509 ] } },
{ "type": "Feature", "properties": { "id": "PLBOR0", "stop_id": "PLBOR0", "stop_name": "Blés d'Or" }, "geometry": { "type": "Point", "coordinates": [ 6.258974, 48.7054479 ] } },
{ "type": "Feature", "properties": { "id": "PLBOR1", "stop_id": "PLBOR1", "stop_name": "Blés d'Or" }, "geometry": { "type": "Point", "coordinates": [ 6.25834, 48.7052539 ] } },
{ "type": "Feature", "properties": { "id": "6492", "stop_id": "6492", "stop_name": "Charles de Gaulle" }, "geometry": { "type": "Point", "coordinates": [ 6.254528, 48.7044409 ] } },
{ "type": "Feature", "properties": { "id": "PLCHG0", "stop_id": "PLCHG0", "stop_name": "Charles de Gaulle" }, "geometry": { "type": "Point", "coordinates": [ 6.254586, 48.7044869 ] } },
{ "type": "Feature", "properties": { "id": "PLCHG1", "stop_id": "PLCHG1", "stop_name": "Charles de Gaulle" }, "geometry": { "type": "Point", "coordinates": [ 6.25447, 48.7043949 ] } },
{ "type": "Feature", "properties": { "id": "6497", "stop_id": "6497", "stop_name": "Renaissance" }, "geometry": { "type": "Point", "coordinates": [ 6.2488835, 48.7046659 ] } },
{ "type": "Feature", "properties": { "id": "PLREN0", "stop_id": "PLREN0", "stop_name": "Renaissance" }, "geometry": { "type": "Point", "coordinates": [ 6.24892, 48.7046509 ] } },
{ "type": "Feature", "properties": { "id": "PLREN1", "stop_id": "PLREN1", "stop_name": "Renaissance" }, "geometry": { "type": "Point", "coordinates": [ 6.248847, 48.7046809 ] } },
{ "type": "Feature", "properties": { "id": "6498", "stop_id": "6498", "stop_name": "Pulnoy République" }, "geometry": { "type": "Point", "coordinates": [ 6.2577115, 48.7020529 ] } },
{ "type": "Feature", "properties": { "id": "PLREP0", "stop_id": "PLREP0", "stop_name": "Pulnoy République" }, "geometry": { "type": "Point", "coordinates": [ 6.257972, 48.7020799 ] } },
{ "type": "Feature", "properties": { "id": "PLREP1", "stop_id": "PLREP1", "stop_name": "Pulnoy République" }, "geometry": { "type": "Point", "coordinates": [ 6.257451, 48.7020259 ] } },
{ "type": "Feature", "properties": { "id": "6500", "stop_id": "6500", "stop_name": "Semoir" }, "geometry": { "type": "Point", "coordinates": [ 6.26429, 48.7095069 ] } },
{ "type": "Feature", "properties": { "id": "PLSEM0", "stop_id": "PLSEM0", "stop_name": "Semoir" }, "geometry": { "type": "Point", "coordinates": [ 6.264385, 48.7097629 ] } },
{ "type": "Feature", "properties": { "id": "PLSEM1", "stop_id": "PLSEM1", "stop_name": "Semoir" }, "geometry": { "type": "Point", "coordinates": [ 6.264195, 48.7092509 ] } },
{ "type": "Feature", "properties": { "id": "6501", "stop_id": "6501", "stop_name": "Sorbiers" }, "geometry": { "type": "Point", "coordinates": [ 6.260227, 48.7040344 ] } },
{ "type": "Feature", "properties": { "id": "PLSOR0", "stop_id": "PLSOR0", "stop_name": "Sorbiers" }, "geometry": { "type": "Point", "coordinates": [ 6.260255, 48.7040479 ] } },
{ "type": "Feature", "properties": { "id": "PLSOR1", "stop_id": "PLSOR1", "stop_name": "Sorbiers" }, "geometry": { "type": "Point", "coordinates": [ 6.260199, 48.7040209 ] } },
{ "type": "Feature", "properties": { "id": "6502", "stop_id": "6502", "stop_name": "Vervaux" }, "geometry": { "type": "Point", "coordinates": [ 6.254659, 48.6972709 ] } },
{ "type": "Feature", "properties": { "id": "PLVVA0", "stop_id": "PLVVA0", "stop_name": "Vervaux" }, "geometry": { "type": "Point", "coordinates": [ 6.254626, 48.6973759 ] } },
{ "type": "Feature", "properties": { "id": "PLVVA1", "stop_id": "PLVVA1", "stop_name": "Vervaux" }, "geometry": { "type": "Point", "coordinates": [ 6.254692, 48.6971659 ] } },
{ "type": "Feature", "properties": { "id": "6510", "stop_id": "6510", "stop_name": "Balzac" }, "geometry": { "type": "Point", "coordinates": [ 6.2040705, 48.7085039 ] } },
{ "type": "Feature", "properties": { "id": "MABLZ0", "stop_id": "MABLZ0", "stop_name": "Balzac" }, "geometry": { "type": "Point", "coordinates": [ 6.204041, 48.7087479 ] } },
{ "type": "Feature", "properties": { "id": "MABLZ1", "stop_id": "MABLZ1", "stop_name": "Balzac" }, "geometry": { "type": "Point", "coordinates": [ 6.2041001, 48.7082599 ] } },
{ "type": "Feature", "properties": { "id": "6512", "stop_id": "6512", "stop_name": "Blaison - Parc" }, "geometry": { "type": "Point", "coordinates": [ 6.1996436, 48.7017084 ] } },
{ "type": "Feature", "properties": { "id": "MAPRC0", "stop_id": "MAPRC0", "stop_name": "Blaison - Parc" }, "geometry": { "type": "Point", "coordinates": [ 6.1999711, 48.7015459 ] } },
{ "type": "Feature", "properties": { "id": "MAPRC1", "stop_id": "MAPRC1", "stop_name": "Blaison - Parc" }, "geometry": { "type": "Point", "coordinates": [ 6.1993161, 48.7018709 ] } },
{ "type": "Feature", "properties": { "id": "6514", "stop_id": "6514", "stop_name": "Charpentier" }, "geometry": { "type": "Point", "coordinates": [ 6.2035476, 48.7060394 ] } },
{ "type": "Feature", "properties": { "id": "MACHP0", "stop_id": "MACHP0", "stop_name": "Charpentier" }, "geometry": { "type": "Point", "coordinates": [ 6.2031091, 48.7057269 ] } },
{ "type": "Feature", "properties": { "id": "MACHP1", "stop_id": "MACHP1", "stop_name": "Charpentier" }, "geometry": { "type": "Point", "coordinates": [ 6.2039861, 48.7063519 ] } },
{ "type": "Feature", "properties": { "id": "6515", "stop_id": "6515", "stop_name": "Chemin Stratégique" }, "geometry": { "type": "Point", "coordinates": [ 6.2044735, 48.7109949 ] } },
{ "type": "Feature", "properties": { "id": "MACHS0", "stop_id": "MACHS0", "stop_name": "Chemin Stratégique" }, "geometry": { "type": "Point", "coordinates": [ 6.204453, 48.7109909 ] } },
{ "type": "Feature", "properties": { "id": "MACHS1", "stop_id": "MACHS1", "stop_name": "Chemin Stratégique" }, "geometry": { "type": "Point", "coordinates": [ 6.2044941, 48.7109989 ] } },
{ "type": "Feature", "properties": { "id": "6519", "stop_id": "6519", "stop_name": "Haie le Comte" }, "geometry": { "type": "Point", "coordinates": [ 6.2068936, 48.7110784 ] } },
{ "type": "Feature", "properties": { "id": "MAHCT0", "stop_id": "MAHCT0", "stop_name": "Haie le Comte" }, "geometry": { "type": "Point", "coordinates": [ 6.2069871, 48.7110629 ] } },
{ "type": "Feature", "properties": { "id": "MAHCT1", "stop_id": "MAHCT1", "stop_name": "Haie le Comte" }, "geometry": { "type": "Point", "coordinates": [ 6.2068001, 48.7110939 ] } },
{ "type": "Feature", "properties": { "id": "6520", "stop_id": "6520", "stop_name": "Jacques Cartier" }, "geometry": { "type": "Point", "coordinates": [ 6.1962275, 48.7029809 ] } },
{ "type": "Feature", "properties": { "id": "MAMNV0", "stop_id": "MAMNV0", "stop_name": "Jacques Cartier" }, "geometry": { "type": "Point", "coordinates": [ 6.1958411, 48.7030559 ] } },
{ "type": "Feature", "properties": { "id": "MAMNV1", "stop_id": "MAMNV1", "stop_name": "Jacques Cartier" }, "geometry": { "type": "Point", "coordinates": [ 6.196614, 48.7029059 ] } },
{ "type": "Feature", "properties": { "id": "6523", "stop_id": "6523", "stop_name": "Libérator" }, "geometry": { "type": "Point", "coordinates": [ 6.2009445, 48.7040464 ] } },
{ "type": "Feature", "properties": { "id": "MALIB0", "stop_id": "MALIB0", "stop_name": "Libérator" }, "geometry": { "type": "Point", "coordinates": [ 6.2014181, 48.7041969 ] } },
{ "type": "Feature", "properties": { "id": "MALIB1", "stop_id": "MALIB1", "stop_name": "Libérator" }, "geometry": { "type": "Point", "coordinates": [ 6.200471, 48.7038959 ] } },
{ "type": "Feature", "properties": { "id": "6524", "stop_id": "6524", "stop_name": "Massenet" }, "geometry": { "type": "Point", "coordinates": [ 6.1986271, 48.7051524 ] } },
{ "type": "Feature", "properties": { "id": "MAMAS0", "stop_id": "MAMAS0", "stop_name": "Massenet" }, "geometry": { "type": "Point", "coordinates": [ 6.1985041, 48.7050479 ] } },
{ "type": "Feature", "properties": { "id": "MAMAS1", "stop_id": "MAMAS1", "stop_name": "Massenet" }, "geometry": { "type": "Point", "coordinates": [ 6.1987501, 48.7052569 ] } },
{ "type": "Feature", "properties": { "id": "6530", "stop_id": "6530", "stop_name": "Washington Foch" }, "geometry": { "type": "Point", "coordinates": [ 6.2133486, 48.7021409 ] } },
{ "type": "Feature", "properties": { "id": "TRFOC0", "stop_id": "TRFOC0", "stop_name": "Washington Foch" }, "geometry": { "type": "Point", "coordinates": [ 6.21347, 48.7021569 ] } },
{ "type": "Feature", "properties": { "id": "TRFOC1", "stop_id": "TRFOC1", "stop_name": "Washington Foch" }, "geometry": { "type": "Point", "coordinates": [ 6.2132271, 48.7021249 ] } },
{ "type": "Feature", "properties": { "id": "6542", "stop_id": "6542", "stop_name": "La Vahotte" }, "geometry": { "type": "Point", "coordinates": [ 6.2404665, 48.6857034 ] } },
{ "type": "Feature", "properties": { "id": "SLBAR0", "stop_id": "SLBAR0", "stop_name": "La Vahotte" }, "geometry": { "type": "Point", "coordinates": [ 6.240482, 48.6857299 ] } },
{ "type": "Feature", "properties": { "id": "SLBAR1", "stop_id": "SLBAR1", "stop_name": "La Vahotte" }, "geometry": { "type": "Point", "coordinates": [ 6.240451, 48.6856769 ] } },
{ "type": "Feature", "properties": { "id": "6544", "stop_id": "6544", "stop_name": "Grands Pâquis" }, "geometry": { "type": "Point", "coordinates": [ 6.2356325, 48.6781524 ] } },
{ "type": "Feature", "properties": { "id": "SLGPQ0", "stop_id": "SLGPQ0", "stop_name": "Grands Pâquis" }, "geometry": { "type": "Point", "coordinates": [ 6.235644, 48.6781199 ] } },
{ "type": "Feature", "properties": { "id": "SLGPQ1", "stop_id": "SLGPQ1", "stop_name": "Grands Pâquis" }, "geometry": { "type": "Point", "coordinates": [ 6.235621, 48.6781849 ] } },
{ "type": "Feature", "properties": { "id": "6546", "stop_id": "6546", "stop_name": "Saulxures Château" }, "geometry": { "type": "Point", "coordinates": [ 6.2512315, 48.6922014 ] } },
{ "type": "Feature", "properties": { "id": "SLJRF0", "stop_id": "SLJRF0", "stop_name": "Saulxures Château" }, "geometry": { "type": "Point", "coordinates": [ 6.251191, 48.6922069 ] } },
{ "type": "Feature", "properties": { "id": "SLJRF1", "stop_id": "SLJRF1", "stop_name": "Saulxures Château" }, "geometry": { "type": "Point", "coordinates": [ 6.251272, 48.6921959 ] } },
{ "type": "Feature", "properties": { "id": "6547", "stop_id": "6547", "stop_name": "Saulxures Eglise" }, "geometry": { "type": "Point", "coordinates": [ 6.2491125, 48.6891439 ] } },
{ "type": "Feature", "properties": { "id": "SLEGL0", "stop_id": "SLEGL0", "stop_name": "Saulxures Eglise" }, "geometry": { "type": "Point", "coordinates": [ 6.249217, 48.6892659 ] } },
{ "type": "Feature", "properties": { "id": "SLEGL1", "stop_id": "SLEGL1", "stop_name": "Saulxures Eglise" }, "geometry": { "type": "Point", "coordinates": [ 6.249008, 48.6890219 ] } },
{ "type": "Feature", "properties": { "id": "6550", "stop_id": "6550", "stop_name": "Saulxures Mairie" }, "geometry": { "type": "Point", "coordinates": [ 6.2447288, 48.6874142 ] } },
{ "type": "Feature", "properties": { "id": "SLMAI0", "stop_id": "SLMAI0", "stop_name": "Saulxures Mairie" }, "geometry": { "type": "Point", "coordinates": [ 6.245179, 48.6876339 ] } },
{ "type": "Feature", "properties": { "id": "SLMAI1", "stop_id": "SLMAI1", "stop_name": "Saulxures Mairie" }, "geometry": { "type": "Point", "coordinates": [ 6.24506, 48.6876369 ] } },
{ "type": "Feature", "properties": { "id": "SLMAI2", "stop_id": "SLMAI2", "stop_name": "Saulxures Mairie" }, "geometry": { "type": "Point", "coordinates": [ 6.244315, 48.6872179 ] } },
{ "type": "Feature", "properties": { "id": "SLMAI3", "stop_id": "SLMAI3", "stop_name": "Saulxures Mairie" }, "geometry": { "type": "Point", "coordinates": [ 6.244361, 48.6871679 ] } },
{ "type": "Feature", "properties": { "id": "6552", "stop_id": "6552", "stop_name": "Vert Pré" }, "geometry": { "type": "Point", "coordinates": [ 6.2356495, 48.6842674 ] } },
{ "type": "Feature", "properties": { "id": "SLVPR0", "stop_id": "SLVPR0", "stop_name": "Vert Pré" }, "geometry": { "type": "Point", "coordinates": [ 6.235657, 48.6842769 ] } },
{ "type": "Feature", "properties": { "id": "SLVPR1", "stop_id": "SLVPR1", "stop_name": "Vert Pré" }, "geometry": { "type": "Point", "coordinates": [ 6.235642, 48.6842579 ] } },
{ "type": "Feature", "properties": { "id": "6554", "stop_id": "6554", "stop_name": "Donon" }, "geometry": { "type": "Point", "coordinates": [ 6.269223, 48.7148474 ] } },
{ "type": "Feature", "properties": { "id": "SCDNO0", "stop_id": "SCDNO0", "stop_name": "Donon" }, "geometry": { "type": "Point", "coordinates": [ 6.269193, 48.7149009 ] } },
{ "type": "Feature", "properties": { "id": "SCDNO1", "stop_id": "SCDNO1", "stop_name": "Donon" }, "geometry": { "type": "Point", "coordinates": [ 6.269253, 48.7147939 ] } },
{ "type": "Feature", "properties": { "id": "6555", "stop_id": "6555", "stop_name": "Seichamps - Eglise" }, "geometry": { "type": "Point", "coordinates": [ 6.2654235, 48.7169749 ] } },
{ "type": "Feature", "properties": { "id": "SCEGL0", "stop_id": "SCEGL0", "stop_name": "Seichamps - Eglise" }, "geometry": { "type": "Point", "coordinates": [ 6.265538, 48.7169229 ] } },
{ "type": "Feature", "properties": { "id": "SCEGL1", "stop_id": "SCEGL1", "stop_name": "Seichamps - Eglise" }, "geometry": { "type": "Point", "coordinates": [ 6.265309, 48.7170269 ] } },
{ "type": "Feature", "properties": { "id": "6559", "stop_id": "6559", "stop_name": "Jardin Roussel" }, "geometry": { "type": "Point", "coordinates": [ 6.267216, 48.7123929 ] } },
{ "type": "Feature", "properties": { "id": "SCPRA0", "stop_id": "SCPRA0", "stop_name": "Jardin Roussel" }, "geometry": { "type": "Point", "coordinates": [ 6.267829, 48.7128679 ] } },
{ "type": "Feature", "properties": { "id": "SCROU0", "stop_id": "SCROU0", "stop_name": "Jardin Roussel" }, "geometry": { "type": "Point", "coordinates": [ 6.266603, 48.7119179 ] } },
{ "type": "Feature", "properties": { "id": "6566", "stop_id": "6566", "stop_name": "Parterres Fleuris" }, "geometry": { "type": "Point", "coordinates": [ 6.254133, 48.7099554 ] } },
{ "type": "Feature", "properties": { "id": "SCFLE0", "stop_id": "SCFLE0", "stop_name": "Parterres Fleuris" }, "geometry": { "type": "Point", "coordinates": [ 6.254158, 48.7099269 ] } },
{ "type": "Feature", "properties": { "id": "SCFLE1", "stop_id": "SCFLE1", "stop_name": "Parterres Fleuris" }, "geometry": { "type": "Point", "coordinates": [ 6.254108, 48.7099839 ] } },
{ "type": "Feature", "properties": { "id": "6577", "stop_id": "6577", "stop_name": "Bois La Dame" }, "geometry": { "type": "Point", "coordinates": [ 6.2348197, 48.6764184 ] } },
{ "type": "Feature", "properties": { "id": "TMBDA0", "stop_id": "TMBDA0", "stop_name": "Bois La Dame" }, "geometry": { "type": "Point", "coordinates": [ 6.234287, 48.6763309 ] } },
{ "type": "Feature", "properties": { "id": "TMBDA1", "stop_id": "TMBDA1", "stop_name": "Bois La Dame" }, "geometry": { "type": "Point", "coordinates": [ 6.234702, 48.6762539 ] } },
{ "type": "Feature", "properties": { "id": "TMBDA2", "stop_id": "TMBDA2", "stop_name": "Bois La Dame" }, "geometry": { "type": "Point", "coordinates": [ 6.235198, 48.6765369 ] } },
{ "type": "Feature", "properties": { "id": "TMBDA3", "stop_id": "TMBDA3", "stop_name": "Bois La Dame" }, "geometry": { "type": "Point", "coordinates": [ 6.235092, 48.6765519 ] } },
{ "type": "Feature", "properties": { "id": "6578", "stop_id": "6578", "stop_name": "Concorde" }, "geometry": { "type": "Point", "coordinates": [ 6.211564, 48.6870729 ] } },
{ "type": "Feature", "properties": { "id": "TMCNC0", "stop_id": "TMCNC0", "stop_name": "Concorde" }, "geometry": { "type": "Point", "coordinates": [ 6.211564, 48.6870729 ] } },
{ "type": "Feature", "properties": { "id": "6579", "stop_id": "6579", "stop_name": "Fraternité" }, "geometry": { "type": "Point", "coordinates": [ 6.2149253, 48.694382 ] } },
{ "type": "Feature", "properties": { "id": "TMFRA0", "stop_id": "TMFRA0", "stop_name": "Fraternité" }, "geometry": { "type": "Point", "coordinates": [ 6.2138101, 48.6939509 ] } },
{ "type": "Feature", "properties": { "id": "TMFRA1", "stop_id": "TMFRA1", "stop_name": "Fraternité" }, "geometry": { "type": "Point", "coordinates": [ 6.21603, 48.6948359 ] } },
{ "type": "Feature", "properties": { "id": "6580", "stop_id": "6580", "stop_name": "Galilée" }, "geometry": { "type": "Point", "coordinates": [ 6.2213047, 48.6763739 ] } },
{ "type": "Feature", "properties": { "id": "TMMAR0", "stop_id": "TMMAR0", "stop_name": "Galilée" }, "geometry": { "type": "Point", "coordinates": [ 6.221595, 48.6764339 ] } },
{ "type": "Feature", "properties": { "id": "TMMAR1", "stop_id": "TMMAR1", "stop_name": "Galilée" }, "geometry": { "type": "Point", "coordinates": [ 6.221674, 48.6759949 ] } },
{ "type": "Feature", "properties": { "id": "TMMAR4", "stop_id": "TMMAR4", "stop_name": "Galilée" }, "geometry": { "type": "Point", "coordinates": [ 6.220645, 48.6766929 ] } },
{ "type": "Feature", "properties": { "id": "6581", "stop_id": "6581", "stop_name": "Grande Haie" }, "geometry": { "type": "Point", "coordinates": [ 6.2180505, 48.6862984 ] } },
{ "type": "Feature", "properties": { "id": "TMGAI0", "stop_id": "TMGAI0", "stop_name": "Grande Haie" }, "geometry": { "type": "Point", "coordinates": [ 6.217683, 48.6867489 ] } },
{ "type": "Feature", "properties": { "id": "TMGAI1", "stop_id": "TMGAI1", "stop_name": "Grande Haie" }, "geometry": { "type": "Point", "coordinates": [ 6.218418, 48.6858479 ] } },
{ "type": "Feature", "properties": { "id": "6585", "stop_id": "6585", "stop_name": "Leroux" }, "geometry": { "type": "Point", "coordinates": [ 6.2291445, 48.6840704 ] } },
{ "type": "Feature", "properties": { "id": "TMLRX0", "stop_id": "TMLRX0", "stop_name": "Leroux" }, "geometry": { "type": "Point", "coordinates": [ 6.229373, 48.6840399 ] } },
{ "type": "Feature", "properties": { "id": "TMLRX1", "stop_id": "TMLRX1", "stop_name": "Leroux" }, "geometry": { "type": "Point", "coordinates": [ 6.228916, 48.6841009 ] } },
{ "type": "Feature", "properties": { "id": "6586", "stop_id": "6586", "stop_name": "Les Ensanges" }, "geometry": { "type": "Point", "coordinates": [ 6.2168175, 48.6797294 ] } },
{ "type": "Feature", "properties": { "id": "TMENS0", "stop_id": "TMENS0", "stop_name": "Les Ensanges" }, "geometry": { "type": "Point", "coordinates": [ 6.216559, 48.6800689 ] } },
{ "type": "Feature", "properties": { "id": "TMENS1", "stop_id": "TMENS1", "stop_name": "Les Ensanges" }, "geometry": { "type": "Point", "coordinates": [ 6.217076, 48.6793899 ] } },
{ "type": "Feature", "properties": { "id": "6588", "stop_id": "6588", "stop_name": "Tomblaine Maria Deraismes" }, "geometry": { "type": "Point", "coordinates": [ 6.2236865, 48.6806754 ] } },
{ "type": "Feature", "properties": { "id": "TMDER0", "stop_id": "TMDER0", "stop_name": "Tomblaine Maria Deraismes" }, "geometry": { "type": "Point", "coordinates": [ 6.223836, 48.6806069 ] } },
{ "type": "Feature", "properties": { "id": "TMDER1", "stop_id": "TMDER1", "stop_name": "Tomblaine Maria Deraismes" }, "geometry": { "type": "Point", "coordinates": [ 6.223537, 48.6807439 ] } },
{ "type": "Feature", "properties": { "id": "6589", "stop_id": "6589", "stop_name": "Porte de Bosserville" }, "geometry": { "type": "Point", "coordinates": [ 6.2292103, 48.6759339 ] } },
{ "type": "Feature", "properties": { "id": "TMPBO0", "stop_id": "TMPBO0", "stop_name": "Porte de Bosserville" }, "geometry": { "type": "Point", "coordinates": [ 6.229294, 48.6757199 ] } },
{ "type": "Feature", "properties": { "id": "TMPBO1", "stop_id": "TMPBO1", "stop_name": "Porte de Bosserville" }, "geometry": { "type": "Point", "coordinates": [ 6.229267, 48.6755379 ] } },
{ "type": "Feature", "properties": { "id": "TMPBO2", "stop_id": "TMPBO2", "stop_name": "Porte de Bosserville" }, "geometry": { "type": "Point", "coordinates": [ 6.22907, 48.6765439 ] } },
{ "type": "Feature", "properties": { "id": "6591", "stop_id": "6591", "stop_name": "Sainte-Marguerite" }, "geometry": { "type": "Point", "coordinates": [ 6.2263255, 48.6723519 ] } },
{ "type": "Feature", "properties": { "id": "TMBDF0", "stop_id": "TMBDF0", "stop_name": "Sainte-Marguerite" }, "geometry": { "type": "Point", "coordinates": [ 6.226878, 48.6720889 ] } },
{ "type": "Feature", "properties": { "id": "TMBDF1", "stop_id": "TMBDF1", "stop_name": "Sainte-Marguerite" }, "geometry": { "type": "Point", "coordinates": [ 6.225773, 48.6726149 ] } },
{ "type": "Feature", "properties": { "id": "6595", "stop_id": "6595", "stop_name": "Voltaire" }, "geometry": { "type": "Point", "coordinates": [ 6.210789, 48.6908624 ] } },
{ "type": "Feature", "properties": { "id": "TMVOL0", "stop_id": "TMVOL0", "stop_name": "Voltaire" }, "geometry": { "type": "Point", "coordinates": [ 6.210731, 48.6906929 ] } },
{ "type": "Feature", "properties": { "id": "TMVOL1", "stop_id": "TMVOL1", "stop_name": "Voltaire" }, "geometry": { "type": "Point", "coordinates": [ 6.210847, 48.6910319 ] } },
{ "type": "Feature", "properties": { "id": "6614", "stop_id": "6614", "stop_name": "Angleterre" }, "geometry": { "type": "Point", "coordinates": [ 6.180912, 48.6591509 ] } },
{ "type": "Feature", "properties": { "id": "VAGTH2", "stop_id": "VAGTH2", "stop_name": "Angleterre" }, "geometry": { "type": "Point", "coordinates": [ 6.181001, 48.6590729 ] } },
{ "type": "Feature", "properties": { "id": "VAGTH3", "stop_id": "VAGTH3", "stop_name": "Angleterre" }, "geometry": { "type": "Point", "coordinates": [ 6.180886, 48.6592939 ] } },
{ "type": "Feature", "properties": { "id": "6616", "stop_id": "6616", "stop_name": "Barthou" }, "geometry": { "type": "Point", "coordinates": [ 6.184727, 48.6725749 ] } },
{ "type": "Feature", "properties": { "id": "VABRT0", "stop_id": "VABRT0", "stop_name": "Barthou" }, "geometry": { "type": "Point", "coordinates": [ 6.184845, 48.6726069 ] } },
{ "type": "Feature", "properties": { "id": "VABRT1", "stop_id": "VABRT1", "stop_name": "Barthou" }, "geometry": { "type": "Point", "coordinates": [ 6.184609, 48.6725429 ] } },
{ "type": "Feature", "properties": { "id": "6621", "stop_id": "6621", "stop_name": "Briand" }, "geometry": { "type": "Point", "coordinates": [ 6.1817156, 48.6724834 ] } },
{ "type": "Feature", "properties": { "id": "VABRI1", "stop_id": "VABRI1", "stop_name": "Briand" }, "geometry": { "type": "Point", "coordinates": [ 6.1813151, 48.6722789 ] } },
{ "type": "Feature", "properties": { "id": "VABRI3", "stop_id": "VABRI3", "stop_name": "Briand" }, "geometry": { "type": "Point", "coordinates": [ 6.1821161, 48.6726879 ] } },
{ "type": "Feature", "properties": { "id": "6622", "stop_id": "6622", "stop_name": "Brichambeau" }, "geometry": { "type": "Point", "coordinates": [ 6.186746, 48.6653289 ] } },
{ "type": "Feature", "properties": { "id": "VABRH0", "stop_id": "VABRH0", "stop_name": "Brichambeau" }, "geometry": { "type": "Point", "coordinates": [ 6.186746, 48.6653289 ] } },
{ "type": "Feature", "properties": { "id": "6623", "stop_id": "6623", "stop_name": "Bruges" }, "geometry": { "type": "Point", "coordinates": [ 6.1690491, 48.6647759 ] } },
{ "type": "Feature", "properties": { "id": "VABRU0", "stop_id": "VABRU0", "stop_name": "Bruges" }, "geometry": { "type": "Point", "coordinates": [ 6.1690491, 48.6647759 ] } },
{ "type": "Feature", "properties": { "id": "6629", "stop_id": "6629", "stop_name": "Faron" }, "geometry": { "type": "Point", "coordinates": [ 6.1812786, 48.6708604 ] } },
{ "type": "Feature", "properties": { "id": "VABRI0", "stop_id": "VABRI0", "stop_name": "Faron" }, "geometry": { "type": "Point", "coordinates": [ 6.1813661, 48.6709479 ] } },
{ "type": "Feature", "properties": { "id": "VABRI2", "stop_id": "VABRI2", "stop_name": "Faron" }, "geometry": { "type": "Point", "coordinates": [ 6.181191, 48.6707729 ] } },
{ "type": "Feature", "properties": { "id": "6633", "stop_id": "6633", "stop_name": "Foyer" }, "geometry": { "type": "Point", "coordinates": [ 6.18753, 48.6700589 ] } },
{ "type": "Feature", "properties": { "id": "VAFOY0", "stop_id": "VAFOY0", "stop_name": "Foyer" }, "geometry": { "type": "Point", "coordinates": [ 6.187298, 48.6701429 ] } },
{ "type": "Feature", "properties": { "id": "VAFOY1", "stop_id": "VAFOY1", "stop_name": "Foyer" }, "geometry": { "type": "Point", "coordinates": [ 6.187762, 48.6699749 ] } },
{ "type": "Feature", "properties": { "id": "6635", "stop_id": "6635", "stop_name": "Glaieuls" }, "geometry": { "type": "Point", "coordinates": [ 6.186566, 48.6663059 ] } },
{ "type": "Feature", "properties": { "id": "VAGLL0", "stop_id": "VAGLL0", "stop_name": "Glaieuls" }, "geometry": { "type": "Point", "coordinates": [ 6.186566, 48.6663059 ] } },
{ "type": "Feature", "properties": { "id": "6637", "stop_id": "6637", "stop_name": "Haut de Penoy" }, "geometry": { "type": "Point", "coordinates": [ 6.1756884, 48.6521339 ] } },
{ "type": "Feature", "properties": { "id": "VAHPY0", "stop_id": "VAHPY0", "stop_name": "College Simone de Beauvoir" }, "geometry": { "type": "Point", "coordinates": [ 6.1759131, 48.6521189 ] } },
{ "type": "Feature", "properties": { "id": "VAHPY1", "stop_id": "VAHPY1", "stop_name": "College Simone de Beauvoir" }, "geometry": { "type": "Point", "coordinates": [ 6.175879, 48.6519999 ] } },
{ "type": "Feature", "properties": { "id": "VAHPY2", "stop_id": "VAHPY2", "stop_name": "Simone de Beauvoir" }, "geometry": { "type": "Point", "coordinates": [ 6.1752731, 48.6522829 ] } },
{ "type": "Feature", "properties": { "id": "6638", "stop_id": "6638", "stop_name": "Haute-Malgrange" }, "geometry": { "type": "Point", "coordinates": [ 6.1886026, 48.6611226 ] } },
{ "type": "Feature", "properties": { "id": "VAHML0", "stop_id": "VAHML0", "stop_name": "Haute-Malgrange" }, "geometry": { "type": "Point", "coordinates": [ 6.1882471, 48.6614799 ] } },
{ "type": "Feature", "properties": { "id": "VAHML1", "stop_id": "VAHML1", "stop_name": "Haute-Malgrange" }, "geometry": { "type": "Point", "coordinates": [ 6.186638, 48.6603009 ] } },
{ "type": "Feature", "properties": { "id": "6640", "stop_id": "6640", "stop_name": "Jeanne d'Arc" }, "geometry": { "type": "Point", "coordinates": [ 6.1781588, 48.6586244 ] } },
{ "type": "Feature", "properties": { "id": "VAJAR0", "stop_id": "VAJAR0", "stop_name": "Jeanne d'Arc" }, "geometry": { "type": "Point", "coordinates": [ 6.178618, 48.6584089 ] } },
{ "type": "Feature", "properties": { "id": "VAJAR2", "stop_id": "VAJAR2", "stop_name": "Jeanne d'Arc" }, "geometry": { "type": "Point", "coordinates": [ 6.1786831, 48.6585429 ] } },
{ "type": "Feature", "properties": { "id": "VAJAR3", "stop_id": "VAJAR3", "stop_name": "Jeanne d'Arc" }, "geometry": { "type": "Point", "coordinates": [ 6.177467, 48.6589089 ] } },
{ "type": "Feature", "properties": { "id": "6641", "stop_id": "6641", "stop_name": "Jonquilles" }, "geometry": { "type": "Point", "coordinates": [ 6.1848536, 48.6631154 ] } },
{ "type": "Feature", "properties": { "id": "VAJNQ0", "stop_id": "VAJNQ0", "stop_name": "Jonquilles" }, "geometry": { "type": "Point", "coordinates": [ 6.1848101, 48.6633889 ] } },
{ "type": "Feature", "properties": { "id": "VAJNQ1", "stop_id": "VAJNQ1", "stop_name": "Jonquilles" }, "geometry": { "type": "Point", "coordinates": [ 6.1848971, 48.6628419 ] } },
{ "type": "Feature", "properties": { "id": "6644", "stop_id": "6644", "stop_name": "La Haye" }, "geometry": { "type": "Point", "coordinates": [ 6.185047, 48.6612854 ] } },
{ "type": "Feature", "properties": { "id": "VAHAY0", "stop_id": "VAHAY0", "stop_name": "La Haye" }, "geometry": { "type": "Point", "coordinates": [ 6.1851, 48.6613619 ] } },
{ "type": "Feature", "properties": { "id": "VAHAY1", "stop_id": "VAHAY1", "stop_name": "La Haye" }, "geometry": { "type": "Point", "coordinates": [ 6.1849941, 48.6612089 ] } },
{ "type": "Feature", "properties": { "id": "6647", "stop_id": "6647", "stop_name": "Mermoz" }, "geometry": { "type": "Point", "coordinates": [ 6.1859861, 48.6553439 ] } },
{ "type": "Feature", "properties": { "id": "VAMRM0", "stop_id": "VAMRM0", "stop_name": "Mermoz" }, "geometry": { "type": "Point", "coordinates": [ 6.186032, 48.6548649 ] } },
{ "type": "Feature", "properties": { "id": "VAMRM1", "stop_id": "VAMRM1", "stop_name": "Mermoz" }, "geometry": { "type": "Point", "coordinates": [ 6.1859401, 48.6558229 ] } },
{ "type": "Feature", "properties": { "id": "6651", "stop_id": "6651", "stop_name": "Norvege" }, "geometry": { "type": "Point", "coordinates": [ 6.1769825, 48.6670514 ] } },
{ "type": "Feature", "properties": { "id": "VANOR0", "stop_id": "VANOR0", "stop_name": "Norvege" }, "geometry": { "type": "Point", "coordinates": [ 6.176998, 48.6671829 ] } },
{ "type": "Feature", "properties": { "id": "VANOR1", "stop_id": "VANOR1", "stop_name": "Norvege" }, "geometry": { "type": "Point", "coordinates": [ 6.1769671, 48.6669199 ] } },
{ "type": "Feature", "properties": { "id": "6652", "stop_id": "6652", "stop_name": "Parc des Expositions" }, "geometry": { "type": "Point", "coordinates": [ 6.1929676, 48.6671254 ] } },
{ "type": "Feature", "properties": { "id": "VAPEX2", "stop_id": "VAPEX2", "stop_name": "Parc des Expositions" }, "geometry": { "type": "Point", "coordinates": [ 6.193081, 48.6670799 ] } },
{ "type": "Feature", "properties": { "id": "VAPEX3", "stop_id": "VAPEX3", "stop_name": "Parc des Expositions" }, "geometry": { "type": "Point", "coordinates": [ 6.1928541, 48.6671709 ] } },
{ "type": "Feature", "properties": { "id": "6654", "stop_id": "6654", "stop_name": "Général Frere" }, "geometry": { "type": "Point", "coordinates": [ 6.1678981, 48.6635969 ] } },
{ "type": "Feature", "properties": { "id": "VATIR0", "stop_id": "VATIR0", "stop_name": "Général Frere" }, "geometry": { "type": "Point", "coordinates": [ 6.1675571, 48.6642489 ] } },
{ "type": "Feature", "properties": { "id": "VATIR1", "stop_id": "VATIR1", "stop_name": "Général Frere" }, "geometry": { "type": "Point", "coordinates": [ 6.1682391, 48.6629449 ] } },
{ "type": "Feature", "properties": { "id": "6655", "stop_id": "6655", "stop_name": "Rimbaud" }, "geometry": { "type": "Point", "coordinates": [ 6.1765918, 48.6544502 ] } },
{ "type": "Feature", "properties": { "id": "VAFON0", "stop_id": "VAFON0", "stop_name": "Rimbaud" }, "geometry": { "type": "Point", "coordinates": [ 6.1764971, 48.6547619 ] } },
{ "type": "Feature", "properties": { "id": "VAFON1", "stop_id": "VAFON1", "stop_name": "Rimbaud" }, "geometry": { "type": "Point", "coordinates": [ 6.176343, 48.6545099 ] } },
{ "type": "Feature", "properties": { "id": "VAFON3", "stop_id": "VAFON3", "stop_name": "Fournier" }, "geometry": { "type": "Point", "coordinates": [ 6.176846, 48.6542359 ] } },
{ "type": "Feature", "properties": { "id": "VAFON4", "stop_id": "VAFON4", "stop_name": "Fournier" }, "geometry": { "type": "Point", "coordinates": [ 6.1766811, 48.6542929 ] } },
{ "type": "Feature", "properties": { "id": "6657", "stop_id": "6657", "stop_name": "Acacias" }, "geometry": { "type": "Point", "coordinates": [ 6.1894258, 48.6672247 ] } },
{ "type": "Feature", "properties": { "id": "VAFAS1", "stop_id": "VAFAS1", "stop_name": "Saint-François d'Assise" }, "geometry": { "type": "Point", "coordinates": [ 6.191052, 48.6667099 ] } },
{ "type": "Feature", "properties": { "id": "VAFAS3", "stop_id": "VAFAS3", "stop_name": "Saint-François d'Assise" }, "geometry": { "type": "Point", "coordinates": [ 6.18956, 48.6680992 ] } },
{ "type": "Feature", "properties": { "id": "VAFAS4", "stop_id": "VAFAS4", "stop_name": "Acacias" }, "geometry": { "type": "Point", "coordinates": [ 6.1886531, 48.6669039 ] } },
{ "type": "Feature", "properties": { "id": "VAFAS5", "stop_id": "VAFAS5", "stop_name": "Acacias" }, "geometry": { "type": "Point", "coordinates": [ 6.1888881, 48.6670839 ] } },
{ "type": "Feature", "properties": { "id": "VAFAS6", "stop_id": "VAFAS6", "stop_name": "Acacias" }, "geometry": { "type": "Point", "coordinates": [ 6.1882746, 48.6674942 ] } },
{ "type": "Feature", "properties": { "id": "VAFAS7", "stop_id": "VAFAS7", "stop_name": "Acacias" }, "geometry": { "type": "Point", "coordinates": [ 6.1884686, 48.6675631 ] } },
{ "type": "Feature", "properties": { "id": "6659", "stop_id": "6659", "stop_name": "Vandoeuvre - Marché" }, "geometry": { "type": "Point", "coordinates": [ 6.1748001, 48.6649359 ] } },
{ "type": "Feature", "properties": { "id": "VAMAR1", "stop_id": "VAMAR1", "stop_name": "Vandoeuvre - Marché" }, "geometry": { "type": "Point", "coordinates": [ 6.1747911, 48.6649929 ] } },
{ "type": "Feature", "properties": { "id": "VAMAR3", "stop_id": "VAMAR3", "stop_name": "Vandoeuvre - Marché" }, "geometry": { "type": "Point", "coordinates": [ 6.1748091, 48.6648789 ] } },
{ "type": "Feature", "properties": { "id": "6664", "stop_id": "6664", "stop_name": "Wilson" }, "geometry": { "type": "Point", "coordinates": [ 6.1782856, 48.6705551 ] } },
{ "type": "Feature", "properties": { "id": "VAWIL0", "stop_id": "VAWIL0", "stop_name": "Wilson" }, "geometry": { "type": "Point", "coordinates": [ 6.1783021, 48.6712269 ] } },
{ "type": "Feature", "properties": { "id": "VAWIL1", "stop_id": "VAWIL1", "stop_name": "Wilson" }, "geometry": { "type": "Point", "coordinates": [ 6.1784101, 48.6701089 ] } },
{ "type": "Feature", "properties": { "id": "VAWIL2", "stop_id": "VAWIL2", "stop_name": "Wilson" }, "geometry": { "type": "Point", "coordinates": [ 6.1778031, 48.6708679 ] } },
{ "type": "Feature", "properties": { "id": "VAWIL3", "stop_id": "VAWIL3", "stop_name": "Wilson" }, "geometry": { "type": "Point", "coordinates": [ 6.1786271, 48.6700169 ] } },
{ "type": "Feature", "properties": { "id": "6668", "stop_id": "6668", "stop_name": "Longchamp" }, "geometry": { "type": "Point", "coordinates": [ 6.1350521, 48.6571779 ] } },
{ "type": "Feature", "properties": { "id": "VLAIR0", "stop_id": "VLAIR0", "stop_name": "Longchamp" }, "geometry": { "type": "Point", "coordinates": [ 6.1356531, 48.6571239 ] } },
{ "type": "Feature", "properties": { "id": "VLAIR1", "stop_id": "VLAIR1", "stop_name": "Longchamp" }, "geometry": { "type": "Point", "coordinates": [ 6.1345151, 48.6571659 ] } },
{ "type": "Feature", "properties": { "id": "6669", "stop_id": "6669", "stop_name": "Albert 1er" }, "geometry": { "type": "Point", "coordinates": [ 6.1475281, 48.6729299 ] } },
{ "type": "Feature", "properties": { "id": "VLALB0", "stop_id": "VLALB0", "stop_name": "Albert 1er" }, "geometry": { "type": "Point", "coordinates": [ 6.1477711, 48.6729049 ] } },
{ "type": "Feature", "properties": { "id": "VLALB1", "stop_id": "VLALB1", "stop_name": "Albert 1er" }, "geometry": { "type": "Point", "coordinates": [ 6.1472851, 48.6729549 ] } },
{ "type": "Feature", "properties": { "id": "6673", "stop_id": "6673", "stop_name": "Camping" }, "geometry": { "type": "Point", "coordinates": [ 6.1388283, 48.6583409 ] } },
{ "type": "Feature", "properties": { "id": "VLCPG0", "stop_id": "VLCPG0", "stop_name": "Camping" }, "geometry": { "type": "Point", "coordinates": [ 6.1392681, 48.6584549 ] } },
{ "type": "Feature", "properties": { "id": "VLCPG1", "stop_id": "VLCPG1", "stop_name": "Camping" }, "geometry": { "type": "Point", "coordinates": [ 6.1384621, 48.6582029 ] } },
{ "type": "Feature", "properties": { "id": "6674", "stop_id": "6674", "stop_name": "Carriere" }, "geometry": { "type": "Point", "coordinates": [ 6.1399511, 48.6683504 ] } },
{ "type": "Feature", "properties": { "id": "VLCRR0", "stop_id": "VLCRR0", "stop_name": "Carriere" }, "geometry": { "type": "Point", "coordinates": [ 6.1399111, 48.6687279 ] } },
{ "type": "Feature", "properties": { "id": "VLCRR1", "stop_id": "VLCRR1", "stop_name": "Carriere" }, "geometry": { "type": "Point", "coordinates": [ 6.1399911, 48.6679729 ] } },
{ "type": "Feature", "properties": { "id": "6676", "stop_id": "6676", "stop_name": "Cottages" }, "geometry": { "type": "Point", "coordinates": [ 6.1419485, 48.6619627 ] } },
{ "type": "Feature", "properties": { "id": "VLCTT0", "stop_id": "VLCTT0", "stop_name": "Cottages" }, "geometry": { "type": "Point", "coordinates": [ 6.1421671, 48.6622899 ] } },
{ "type": "Feature", "properties": { "id": "VLCTT1", "stop_id": "VLCTT1", "stop_name": "Cottages" }, "geometry": { "type": "Point", "coordinates": [ 6.1417311, 48.6616709 ] } },
{ "type": "Feature", "properties": { "id": "6679", "stop_id": "6679", "stop_name": "Jean Savine" }, "geometry": { "type": "Point", "coordinates": [ 6.1172021, 48.6566039 ] } },
{ "type": "Feature", "properties": { "id": "VLGYM0", "stop_id": "VLGYM0", "stop_name": "Jean Savine" }, "geometry": { "type": "Point", "coordinates": [ 6.1173051, 48.6566089 ] } },
{ "type": "Feature", "properties": { "id": "VLGYM1", "stop_id": "VLGYM1", "stop_name": "Jean Savine" }, "geometry": { "type": "Point", "coordinates": [ 6.1170991, 48.6565989 ] } },
{ "type": "Feature", "properties": { "id": "6682", "stop_id": "6682", "stop_name": "La Sance" }, "geometry": { "type": "Point", "coordinates": [ 6.1210566, 48.6573009 ] } },
{ "type": "Feature", "properties": { "id": "VLSAN0", "stop_id": "VLSAN0", "stop_name": "La Sance" }, "geometry": { "type": "Point", "coordinates": [ 6.1211031, 48.6571009 ] } },
{ "type": "Feature", "properties": { "id": "VLSAN1", "stop_id": "VLSAN1", "stop_name": "La Sance" }, "geometry": { "type": "Point", "coordinates": [ 6.1210101, 48.6575009 ] } },
{ "type": "Feature", "properties": { "id": "6683", "stop_id": "6683", "stop_name": "Les Essarts" }, "geometry": { "type": "Point", "coordinates": [ 6.1149596, 48.6579494 ] } },
{ "type": "Feature", "properties": { "id": "VLESS0", "stop_id": "VLESS0", "stop_name": "Les Essarts" }, "geometry": { "type": "Point", "coordinates": [ 6.1149581, 48.6579629 ] } },
{ "type": "Feature", "properties": { "id": "VLESS2", "stop_id": "VLESS2", "stop_name": "Les Essarts" }, "geometry": { "type": "Point", "coordinates": [ 6.1149611, 48.6579359 ] } },
{ "type": "Feature", "properties": { "id": "6685", "stop_id": "6685", "stop_name": "Louis Armand" }, "geometry": { "type": "Point", "coordinates": [ 6.1594474, 48.6709381 ] } },
{ "type": "Feature", "properties": { "id": "VLARM0", "stop_id": "VLARM0", "stop_name": "Louis Armand" }, "geometry": { "type": "Point", "coordinates": [ 6.1600491, 48.6711689 ] } },
{ "type": "Feature", "properties": { "id": "VLARM1", "stop_id": "VLARM1", "stop_name": "Louis Armand" }, "geometry": { "type": "Point", "coordinates": [ 6.1587381, 48.6707079 ] } },
{ "type": "Feature", "properties": { "id": "6688", "stop_id": "6688", "stop_name": "Mutualité - Télécom Nancy" }, "geometry": { "type": "Point", "coordinates": [ 6.1565995, 48.6697149 ] } },
{ "type": "Feature", "properties": { "id": "VLPRV0", "stop_id": "VLPRV0", "stop_name": "Mutualité - Télécom Nancy" }, "geometry": { "type": "Point", "coordinates": [ 6.1565881, 48.6697309 ] } },
{ "type": "Feature", "properties": { "id": "6689", "stop_id": "6689", "stop_name": "Paul Muller" }, "geometry": { "type": "Point", "coordinates": [ 6.1576696, 48.6705894 ] } },
{ "type": "Feature", "properties": { "id": "VLMUL0", "stop_id": "VLMUL0", "stop_name": "Paul Muller" }, "geometry": { "type": "Point", "coordinates": [ 6.1577781, 48.6704059 ] } },
{ "type": "Feature", "properties": { "id": "VLMUL1", "stop_id": "VLMUL1", "stop_name": "Paul Muller" }, "geometry": { "type": "Point", "coordinates": [ 6.1575611, 48.6707729 ] } },
{ "type": "Feature", "properties": { "id": "6690", "stop_id": "6690", "stop_name": "Pléiade" }, "geometry": { "type": "Point", "coordinates": [ 6.1409146, 48.6633109 ] } },
{ "type": "Feature", "properties": { "id": "VLPLD0", "stop_id": "VLPLD0", "stop_name": "Pléiade" }, "geometry": { "type": "Point", "coordinates": [ 6.1408621, 48.6633339 ] } },
{ "type": "Feature", "properties": { "id": "VLPLD1", "stop_id": "VLPLD1", "stop_name": "Pléiade" }, "geometry": { "type": "Point", "coordinates": [ 6.1409671, 48.6632879 ] } },
{ "type": "Feature", "properties": { "id": "6693", "stop_id": "6693", "stop_name": "Saint-Bernard" }, "geometry": { "type": "Point", "coordinates": [ 6.1112511, 48.6572339 ] } },
{ "type": "Feature", "properties": { "id": "VLBER0", "stop_id": "VLBER0", "stop_name": "Saint-Bernard" }, "geometry": { "type": "Point", "coordinates": [ 6.1112511, 48.6572339 ] } },
{ "type": "Feature", "properties": { "id": "6699", "stop_id": "6699", "stop_name": "Pagnol" }, "geometry": { "type": "Point", "coordinates": [ 6.1143026, 48.6551129 ] } },
{ "type": "Feature", "properties": { "id": "VLECO0", "stop_id": "VLECO0", "stop_name": "Pagnol" }, "geometry": { "type": "Point", "coordinates": [ 6.1143601, 48.6551549 ] } },
{ "type": "Feature", "properties": { "id": "VLECO1", "stop_id": "VLECO1", "stop_name": "Pagnol" }, "geometry": { "type": "Point", "coordinates": [ 6.1142451, 48.6550709 ] } },
{ "type": "Feature", "properties": { "id": "11220", "stop_id": "11220", "stop_name": "Saint-Julien" }, "geometry": { "type": "Point", "coordinates": [ 6.1912521, 48.6860024 ] } },
{ "type": "Feature", "properties": { "id": "NYJUL0", "stop_id": "NYJUL0", "stop_name": "Saint-Julien" }, "geometry": { "type": "Point", "coordinates": [ 6.1911371, 48.6860119 ] } },
{ "type": "Feature", "properties": { "id": "NYJUL1", "stop_id": "NYJUL1", "stop_name": "Saint-Julien" }, "geometry": { "type": "Point", "coordinates": [ 6.1913671, 48.6859929 ] } },
{ "type": "Feature", "properties": { "id": "11512", "stop_id": "11512", "stop_name": "Europeen" }, "geometry": { "type": "Point", "coordinates": [ 6.1888191, 48.6638959 ] } },
{ "type": "Feature", "properties": { "id": "VAERN0", "stop_id": "VAERN0", "stop_name": "Européen" }, "geometry": { "type": "Point", "coordinates": [ 6.1888321, 48.6638829 ] } },
{ "type": "Feature", "properties": { "id": "16057", "stop_id": "16057", "stop_name": "Achille Lévy" }, "geometry": { "type": "Point", "coordinates": [ 6.1977108, 48.6784402 ] } },
{ "type": "Feature", "properties": { "id": "NYBCR1", "stop_id": "NYBCR1", "stop_name": "Achille Lévy" }, "geometry": { "type": "Point", "coordinates": [ 6.1988221, 48.6776699 ] } },
{ "type": "Feature", "properties": { "id": "NYLEV0", "stop_id": "NYLEV0", "stop_name": "Achille Lévy" }, "geometry": { "type": "Point", "coordinates": [ 6.19799, 48.6781729 ] } },
{ "type": "Feature", "properties": { "id": "16506", "stop_id": "16506", "stop_name": "VILLERS-LES-NANCY - VILLERS-LES-NANCY STAN ESIAL Mutualité" }, "geometry": { "type": "Point", "coordinates": [ 6.1559775, 48.6697707 ] } },
{ "type": "Feature", "properties": { "id": "VLPRV2", "stop_id": "VLPRV2", "stop_name": "Mutualité - Télécom Nancy" }, "geometry": { "type": "Point", "coordinates": [ 6.1554831, 48.6698679 ] } },
{ "type": "Feature", "properties": { "id": "16611", "stop_id": "16611", "stop_name": "Ludres Marvingt" }, "geometry": { "type": "Point", "coordinates": [ 6.1656569818, 48.619323347300003 ] } },
{ "type": "Feature", "properties": { "id": "LDMVT0", "stop_id": "LDMVT0", "stop_name": "Ludres Marvingt" }, "geometry": { "type": "Point", "coordinates": [ 6.1656571, 48.6193239 ] } },
{ "type": "Feature", "properties": { "id": "24569", "stop_id": "24569", "stop_name": "Cinéma" }, "geometry": { "type": "Point", "coordinates": [ 6.1969845, 48.6925734 ] } },
{ "type": "Feature", "properties": { "id": "NYCNM0", "stop_id": "NYCNM0", "stop_name": "Cinéma" }, "geometry": { "type": "Point", "coordinates": [ 6.197205, 48.6925429 ] } },
{ "type": "Feature", "properties": { "id": "NYCNM1", "stop_id": "NYCNM1", "stop_name": "Cinéma" }, "geometry": { "type": "Point", "coordinates": [ 6.196764, 48.6926039 ] } },
{ "type": "Feature", "properties": { "id": "61399", "stop_id": "61399", "stop_name": "Grange aux Moines" }, "geometry": { "type": "Point", "coordinates": [ 6.1469474, 48.6677427 ] } },
{ "type": "Feature", "properties": { "id": "VLFIA0", "stop_id": "VLFIA0", "stop_name": "Grange aux Moines" }, "geometry": { "type": "Point", "coordinates": [ 6.1471121, 48.6676249 ] } },
{ "type": "Feature", "properties": { "id": "VLFIA1", "stop_id": "VLFIA1", "stop_name": "Grange aux Moines" }, "geometry": { "type": "Point", "coordinates": [ 6.1468951, 48.6678119 ] } },
{ "type": "Feature", "properties": { "id": "61415", "stop_id": "61415", "stop_name": "Art-sur-Meurthe Mairie" }, "geometry": { "type": "Point", "coordinates": [ 6.265229, 48.6557189 ] } },
{ "type": "Feature", "properties": { "id": "ARMAI0", "stop_id": "ARMAI0", "stop_name": "Art-sur-Meurthe Mairie" }, "geometry": { "type": "Point", "coordinates": [ 6.265229, 48.6557189 ] } },
{ "type": "Feature", "properties": { "id": "61421", "stop_id": "61421", "stop_name": "Le Reclus" }, "geometry": { "type": "Point", "coordinates": [ 6.1626939, 48.6626218 ] } },
{ "type": "Feature", "properties": { "id": "TRREC0", "stop_id": "TRREC0", "stop_name": "Le Reclus" }, "geometry": { "type": "Point", "coordinates": [ 6.1620381, 48.6625559 ] } },
{ "type": "Feature", "properties": { "id": "TRREC1", "stop_id": "TRREC1", "stop_name": "Le Reclus" }, "geometry": { "type": "Point", "coordinates": [ 6.1617681, 48.6623659 ] } },
{ "type": "Feature", "properties": { "id": "61423", "stop_id": "61423", "stop_name": "Laxou Plateau de Haye" }, "geometry": { "type": "Point", "coordinates": [ 6.1201876, 48.6977314 ] } },
{ "type": "Feature", "properties": { "id": "LXOUZ0", "stop_id": "LXOUZ0", "stop_name": "Laxou Plateau de Haye" }, "geometry": { "type": "Point", "coordinates": [ 6.1201651, 48.6977619 ] } },
{ "type": "Feature", "properties": { "id": "LXOUZ1", "stop_id": "LXOUZ1", "stop_name": "Laxou Plateau de Haye" }, "geometry": { "type": "Point", "coordinates": [ 6.1202101, 48.6977009 ] } },
{ "type": "Feature", "properties": { "id": "61427", "stop_id": "61427", "stop_name": "Clair Matin" }, "geometry": { "type": "Point", "coordinates": [ 6.1702936, 48.6580979 ] } },
{ "type": "Feature", "properties": { "id": "VACMT2", "stop_id": "VACMT2", "stop_name": "Clair Matin" }, "geometry": { "type": "Point", "coordinates": [ 6.1702151, 48.6580959 ] } },
{ "type": "Feature", "properties": { "id": "VACMT4", "stop_id": "VACMT4", "stop_name": "Clair matin" }, "geometry": { "type": "Point", "coordinates": [ 6.1703721, 48.6580999 ] } },
{ "type": "Feature", "properties": { "id": "61428", "stop_id": "61428", "stop_name": "Place de Londres" }, "geometry": { "type": "Point", "coordinates": [ 6.1856982, 48.6605467 ] } },
{ "type": "Feature", "properties": { "id": "VAHML2", "stop_id": "VAHML2", "stop_name": "Place de Londres" }, "geometry": { "type": "Point", "coordinates": [ 6.1859081, 48.6607129 ] } },
{ "type": "Feature", "properties": { "id": "VAHML3", "stop_id": "VAHML3", "stop_name": "Place de Londres" }, "geometry": { "type": "Point", "coordinates": [ 6.1852871, 48.6603059 ] } },
{ "type": "Feature", "properties": { "id": "61432", "stop_id": "61432", "stop_name": "69eme RI" }, "geometry": { "type": "Point", "coordinates": [ 6.230546, 48.7055814 ] } },
{ "type": "Feature", "properties": { "id": "ESKLB0", "stop_id": "ESKLB0", "stop_name": "69eme RI" }, "geometry": { "type": "Point", "coordinates": [ 6.230207, 48.7054899 ] } },
{ "type": "Feature", "properties": { "id": "ESKLB1", "stop_id": "ESKLB1", "stop_name": "69eme RI" }, "geometry": { "type": "Point", "coordinates": [ 6.230885, 48.7056729 ] } },
{ "type": "Feature", "properties": { "id": "61437", "stop_id": "61437", "stop_name": "Clinique Pasteur" }, "geometry": { "type": "Point", "coordinates": [ 6.2171481, 48.7032419 ] } },
{ "type": "Feature", "properties": { "id": "TRPAS0", "stop_id": "TRPAS0", "stop_name": "Clinique Pasteur" }, "geometry": { "type": "Point", "coordinates": [ 6.217435, 48.7032779 ] } },
{ "type": "Feature", "properties": { "id": "TRPAS1", "stop_id": "TRPAS1", "stop_name": "Clinique Pasteur" }, "geometry": { "type": "Point", "coordinates": [ 6.2168611, 48.7032059 ] } },
{ "type": "Feature", "properties": { "id": "61451", "stop_id": "61451", "stop_name": "Heillecourt Mairie" }, "geometry": { "type": "Point", "coordinates": [ 6.196006, 48.6536769 ] } },
{ "type": "Feature", "properties": { "id": "HLMAI0", "stop_id": "HLMAI0", "stop_name": "Heillecourt Mairie" }, "geometry": { "type": "Point", "coordinates": [ 6.196008, 48.6536749 ] } },
{ "type": "Feature", "properties": { "id": "HLMAI1", "stop_id": "HLMAI1", "stop_name": "Heillecourt Mairie" }, "geometry": { "type": "Point", "coordinates": [ 6.196004, 48.6536789 ] } },
{ "type": "Feature", "properties": { "id": "61455", "stop_id": "61455", "stop_name": "Vanoise" }, "geometry": { "type": "Point", "coordinates": [ 6.20649, 48.6478459 ] } },
{ "type": "Feature", "properties": { "id": "HLPLD0", "stop_id": "HLPLD0", "stop_name": "Vanoise" }, "geometry": { "type": "Point", "coordinates": [ 6.206759, 48.6475409 ] } },
{ "type": "Feature", "properties": { "id": "HLPLD1", "stop_id": "HLPLD1", "stop_name": "Vanoise" }, "geometry": { "type": "Point", "coordinates": [ 6.206221, 48.6481509 ] } },
{ "type": "Feature", "properties": { "id": "61472", "stop_id": "61472", "stop_name": "Vair" }, "geometry": { "type": "Point", "coordinates": [ 6.1240401, 48.6958629 ] } },
{ "type": "Feature", "properties": { "id": "LXMZN0", "stop_id": "LXMZN0", "stop_name": "Vair" }, "geometry": { "type": "Point", "coordinates": [ 6.1237301, 48.6960169 ] } },
{ "type": "Feature", "properties": { "id": "LXORN0", "stop_id": "LXORN0", "stop_name": "Vair" }, "geometry": { "type": "Point", "coordinates": [ 6.1243501, 48.6957089 ] } },
{ "type": "Feature", "properties": { "id": "61486", "stop_id": "61486", "stop_name": "Le Nid" }, "geometry": { "type": "Point", "coordinates": [ 6.1945751, 48.7051469 ] } },
{ "type": "Feature", "properties": { "id": "MLNID0", "stop_id": "MLNID0", "stop_name": "Le Nid" }, "geometry": { "type": "Point", "coordinates": [ 6.1949761, 48.7051429 ] } },
{ "type": "Feature", "properties": { "id": "MLNID1", "stop_id": "MLNID1", "stop_name": "Le Nid" }, "geometry": { "type": "Point", "coordinates": [ 6.1941741, 48.7051509 ] } },
{ "type": "Feature", "properties": { "id": "61491", "stop_id": "61491", "stop_name": "Pavillon" }, "geometry": { "type": "Point", "coordinates": [ 6.1831106, 48.7184904 ] } },
{ "type": "Feature", "properties": { "id": "MLPVL0", "stop_id": "MLPVL0", "stop_name": "Pavillon" }, "geometry": { "type": "Point", "coordinates": [ 6.1831641, 48.7185359 ] } },
{ "type": "Feature", "properties": { "id": "MLPVL1", "stop_id": "MLPVL1", "stop_name": "Pavillon" }, "geometry": { "type": "Point", "coordinates": [ 6.1830571, 48.7184449 ] } },
{ "type": "Feature", "properties": { "id": "61500", "stop_id": "61500", "stop_name": "Campus Lettres" }, "geometry": { "type": "Point", "coordinates": [ 6.1674229, 48.6955444 ] } },
{ "type": "Feature", "properties": { "id": "NYVER0", "stop_id": "NYVER0", "stop_name": "Campus Lettres" }, "geometry": { "type": "Point", "coordinates": [ 6.1675071, 48.6953089 ] } },
{ "type": "Feature", "properties": { "id": "NYVER1", "stop_id": "NYVER1", "stop_name": "Campus Lettres" }, "geometry": { "type": "Point", "coordinates": [ 6.1673061, 48.6957279 ] } },
{ "type": "Feature", "properties": { "id": "61505", "stop_id": "61505", "stop_name": "Cité Universitaire" }, "geometry": { "type": "Point", "coordinates": [ 6.1624666, 48.6962719 ] } },
{ "type": "Feature", "properties": { "id": "NYCUV0", "stop_id": "NYCUV0", "stop_name": "Cité Universitaire" }, "geometry": { "type": "Point", "coordinates": [ 6.1624831, 48.6962319 ] } },
{ "type": "Feature", "properties": { "id": "NYCUV1", "stop_id": "NYCUV1", "stop_name": "Cité Universitaire" }, "geometry": { "type": "Point", "coordinates": [ 6.1624501, 48.6963119 ] } },
{ "type": "Feature", "properties": { "id": "61523", "stop_id": "61523", "stop_name": "Molitor" }, "geometry": { "type": "Point", "coordinates": [ 6.1957256, 48.6857384 ] } },
{ "type": "Feature", "properties": { "id": "NYMOL0", "stop_id": "NYMOL0", "stop_name": "Molitor" }, "geometry": { "type": "Point", "coordinates": [ 6.1957971, 48.6853329 ] } },
{ "type": "Feature", "properties": { "id": "NYMOL1", "stop_id": "NYMOL1", "stop_name": "Molitor" }, "geometry": { "type": "Point", "coordinates": [ 6.195654, 48.6861439 ] } },
{ "type": "Feature", "properties": { "id": "61531", "stop_id": "61531", "stop_name": "Rives de Meurthe" }, "geometry": { "type": "Point", "coordinates": [ 6.1999816, 48.6901359 ] } },
{ "type": "Feature", "properties": { "id": "NYGUI0", "stop_id": "NYGUI0", "stop_name": "Rives de Meurthe" }, "geometry": { "type": "Point", "coordinates": [ 6.1999911, 48.6902199 ] } },
{ "type": "Feature", "properties": { "id": "NYGUI2", "stop_id": "NYGUI2", "stop_name": "Rives de Meurthe" }, "geometry": { "type": "Point", "coordinates": [ 6.1999721, 48.6900519 ] } },
{ "type": "Feature", "properties": { "id": "61541", "stop_id": "61541", "stop_name": "Petite Fin" }, "geometry": { "type": "Point", "coordinates": [ 6.2577185, 48.7090054 ] } },
{ "type": "Feature", "properties": { "id": "PLFIN0", "stop_id": "PLFIN0", "stop_name": "Petite Fin" }, "geometry": { "type": "Point", "coordinates": [ 6.25794, 48.7090569 ] } },
{ "type": "Feature", "properties": { "id": "PLFIN1", "stop_id": "PLFIN1", "stop_name": "Petite Fin" }, "geometry": { "type": "Point", "coordinates": [ 6.257497, 48.7089539 ] } },
{ "type": "Feature", "properties": { "id": "61548", "stop_id": "61548", "stop_name": "Champagne" }, "geometry": { "type": "Point", "coordinates": [ 6.2394715, 48.6785984 ] } },
{ "type": "Feature", "properties": { "id": "SLALS0", "stop_id": "SLALS0", "stop_name": "Champagne" }, "geometry": { "type": "Point", "coordinates": [ 6.239592, 48.6785659 ] } },
{ "type": "Feature", "properties": { "id": "SLALS1", "stop_id": "SLALS1", "stop_name": "Champagne" }, "geometry": { "type": "Point", "coordinates": [ 6.239351, 48.6786309 ] } },
{ "type": "Feature", "properties": { "id": "61557", "stop_id": "61557", "stop_name": "La Meurthe" }, "geometry": { "type": "Point", "coordinates": [ 6.2080081, 48.6881669 ] } },
{ "type": "Feature", "properties": { "id": "TMMRT0", "stop_id": "TMMRT0", "stop_name": "La Meurthe" }, "geometry": { "type": "Point", "coordinates": [ 6.208362, 48.6882619 ] } },
{ "type": "Feature", "properties": { "id": "TMMRT1", "stop_id": "TMMRT1", "stop_name": "La Meurthe" }, "geometry": { "type": "Point", "coordinates": [ 6.2076541, 48.6880719 ] } },
{ "type": "Feature", "properties": { "id": "61570", "stop_id": "61570", "stop_name": "Goethe" }, "geometry": { "type": "Point", "coordinates": [ 6.1798516, 48.6598964 ] } },
{ "type": "Feature", "properties": { "id": "VAGTH0", "stop_id": "VAGTH0", "stop_name": "Goethe" }, "geometry": { "type": "Point", "coordinates": [ 6.1796821, 48.6602389 ] } },
{ "type": "Feature", "properties": { "id": "VAGTH1", "stop_id": "VAGTH1", "stop_name": "Goethe" }, "geometry": { "type": "Point", "coordinates": [ 6.180021, 48.6595539 ] } },
{ "type": "Feature", "properties": { "id": "61572", "stop_id": "61572", "stop_name": "Lisbonne" }, "geometry": { "type": "Point", "coordinates": [ 6.1689446, 48.6617564 ] } },
{ "type": "Feature", "properties": { "id": "VALIS0", "stop_id": "VALIS0", "stop_name": "Lisbonne" }, "geometry": { "type": "Point", "coordinates": [ 6.1690481, 48.6617429 ] } },
{ "type": "Feature", "properties": { "id": "VALIS1", "stop_id": "VALIS1", "stop_name": "Lisbonne" }, "geometry": { "type": "Point", "coordinates": [ 6.1688411, 48.6617699 ] } },
{ "type": "Feature", "properties": { "id": "61582", "stop_id": "61582", "stop_name": "Bois de L'Hospice" }, "geometry": { "type": "Point", "coordinates": [ 6.1086911, 48.6559254 ] } },
{ "type": "Feature", "properties": { "id": "VLBHO0", "stop_id": "VLBHO0", "stop_name": "Bois de L'Hospice" }, "geometry": { "type": "Point", "coordinates": [ 6.1089051, 48.6557879 ] } },
{ "type": "Feature", "properties": { "id": "VLBHO1", "stop_id": "VLBHO1", "stop_name": "Bois de L'Hospice" }, "geometry": { "type": "Point", "coordinates": [ 6.1084771, 48.6560629 ] } },
{ "type": "Feature", "properties": { "id": "61588", "stop_id": "61588", "stop_name": "Rodin" }, "geometry": { "type": "Point", "coordinates": [ 6.1510299, 48.6751012 ] } },
{ "type": "Feature", "properties": { "id": "VLROD0", "stop_id": "VLROD0", "stop_name": "Rodin" }, "geometry": { "type": "Point", "coordinates": [ 6.1502061, 48.6751589 ] } },
{ "type": "Feature", "properties": { "id": "VLROD1", "stop_id": "VLROD1", "stop_name": "Rodin" }, "geometry": { "type": "Point", "coordinates": [ 6.1501491, 48.6750299 ] } },
{ "type": "Feature", "properties": { "id": "VLSEB0", "stop_id": "VLSEB0", "stop_name": "Rodin" }, "geometry": { "type": "Point", "coordinates": [ 6.1518531, 48.6751249 ] } },
{ "type": "Feature", "properties": { "id": "VLSEB2", "stop_id": "VLSEB2", "stop_name": "Rodin" }, "geometry": { "type": "Point", "coordinates": [ 6.1519111, 48.6750909 ] } },
{ "type": "Feature", "properties": { "id": "61836", "stop_id": "61836", "stop_name": "Bégonias" }, "geometry": { "type": "Point", "coordinates": [ 6.1690611, 48.6892809 ] } },
{ "type": "Feature", "properties": { "id": "NYHUG1", "stop_id": "NYHUG1", "stop_name": "Bégonias" }, "geometry": { "type": "Point", "coordinates": [ 6.1690611, 48.6892809 ] } },
{ "type": "Feature", "properties": { "id": "61837", "stop_id": "61837", "stop_name": "Domrémy" }, "geometry": { "type": "Point", "coordinates": [ 6.1703471, 48.6882763 ] } },
{ "type": "Feature", "properties": { "id": "NYHUG0", "stop_id": "NYHUG0", "stop_name": "Domrémy" }, "geometry": { "type": "Point", "coordinates": [ 6.1703471, 48.6882759 ] } },
{ "type": "Feature", "properties": { "id": "62125", "stop_id": "62125", "stop_name": "Varsovie" }, "geometry": { "type": "Point", "coordinates": [ 6.1837501, 48.6835764 ] } },
{ "type": "Feature", "properties": { "id": "NYGHE0", "stop_id": "NYGHE0", "stop_name": "Varsovie" }, "geometry": { "type": "Point", "coordinates": [ 6.1838911, 48.6834179 ] } },
{ "type": "Feature", "properties": { "id": "NYGHE1", "stop_id": "NYGHE1", "stop_name": "Varsovie" }, "geometry": { "type": "Point", "coordinates": [ 6.1836091, 48.6837349 ] } },
{ "type": "Feature", "properties": { "id": "65183", "stop_id": "65183", "stop_name": "Grande Rue" }, "geometry": { "type": "Point", "coordinates": [ 6.1864171, 48.6526909 ] } },
{ "type": "Feature", "properties": { "id": "HLGRU0", "stop_id": "HLGRU0", "stop_name": "Grande Rue" }, "geometry": { "type": "Point", "coordinates": [ 6.1863791, 48.6527059 ] } },
{ "type": "Feature", "properties": { "id": "HLGRU1", "stop_id": "HLGRU1", "stop_name": "Grande Rue" }, "geometry": { "type": "Point", "coordinates": [ 6.1864551, 48.6526759 ] } },
{ "type": "Feature", "properties": { "id": "65184", "stop_id": "65184", "stop_name": "Papin" }, "geometry": { "type": "Point", "coordinates": [ 6.190915, 48.6118542 ] } },
{ "type": "Feature", "properties": { "id": "LDPAP0", "stop_id": "LDPAP0", "stop_name": "Papin" }, "geometry": { "type": "Point", "coordinates": [ 6.191417, 48.6123919 ] } },
{ "type": "Feature", "properties": { "id": "LDPAP1", "stop_id": "LDPAP1", "stop_name": "Papin" }, "geometry": { "type": "Point", "coordinates": [ 6.190694, 48.6115529 ] } },
{ "type": "Feature", "properties": { "id": "LDPAP2", "stop_id": "LDPAP2", "stop_name": "Papin" }, "geometry": { "type": "Point", "coordinates": [ 6.190634, 48.6116179 ] } },
{ "type": "Feature", "properties": { "id": "65185", "stop_id": "65185", "stop_name": "Dynapole" }, "geometry": { "type": "Point", "coordinates": [ 6.1927895, 48.6103899 ] } },
{ "type": "Feature", "properties": { "id": "LDFRS0", "stop_id": "LDFRS0", "stop_name": "Dynapole" }, "geometry": { "type": "Point", "coordinates": [ 6.192749, 48.6103859 ] } },
{ "type": "Feature", "properties": { "id": "LDFRS1", "stop_id": "LDFRS1", "stop_name": "Dynapole" }, "geometry": { "type": "Point", "coordinates": [ 6.19283, 48.6103939 ] } },
{ "type": "Feature", "properties": { "id": "65187", "stop_id": "65187", "stop_name": "Champs Moyen" }, "geometry": { "type": "Point", "coordinates": [ 6.2034495, 48.6176129 ] } },
{ "type": "Feature", "properties": { "id": "FLAUT0", "stop_id": "FLAUT0", "stop_name": "Champs Moyen" }, "geometry": { "type": "Point", "coordinates": [ 6.203458, 48.6175459 ] } },
{ "type": "Feature", "properties": { "id": "FLAUT1", "stop_id": "FLAUT1", "stop_name": "Champs Moyen" }, "geometry": { "type": "Point", "coordinates": [ 6.203441, 48.6176799 ] } },
{ "type": "Feature", "properties": { "id": "65188", "stop_id": "65188", "stop_name": "Descartes" }, "geometry": { "type": "Point", "coordinates": [ 6.182269, 48.6131534 ] } },
{ "type": "Feature", "properties": { "id": "FLDSC0", "stop_id": "FLDSC0", "stop_name": "Descartes" }, "geometry": { "type": "Point", "coordinates": [ 6.182191, 48.6131779 ] } },
{ "type": "Feature", "properties": { "id": "FLDSC1", "stop_id": "FLDSC1", "stop_name": "Descartes" }, "geometry": { "type": "Point", "coordinates": [ 6.182347, 48.6131289 ] } },
{ "type": "Feature", "properties": { "id": "65189", "stop_id": "65189", "stop_name": "Eiffel" }, "geometry": { "type": "Point", "coordinates": [ 6.197266, 48.6123219 ] } },
{ "type": "Feature", "properties": { "id": "FLEFF0", "stop_id": "FLEFF0", "stop_name": "Eiffel" }, "geometry": { "type": "Point", "coordinates": [ 6.19698, 48.6122439 ] } },
{ "type": "Feature", "properties": { "id": "FLEFF1", "stop_id": "FLEFF1", "stop_name": "Eiffel" }, "geometry": { "type": "Point", "coordinates": [ 6.197552, 48.6123999 ] } },
{ "type": "Feature", "properties": { "id": "65190", "stop_id": "65190", "stop_name": "Pasteur" }, "geometry": { "type": "Point", "coordinates": [ 6.1812405, 48.6148929 ] } },
{ "type": "Feature", "properties": { "id": "FLPST0", "stop_id": "FLPST0", "stop_name": "Pasteur" }, "geometry": { "type": "Point", "coordinates": [ 6.181237, 48.6149639 ] } },
{ "type": "Feature", "properties": { "id": "FLPST1", "stop_id": "FLPST1", "stop_name": "Pasteur" }, "geometry": { "type": "Point", "coordinates": [ 6.181244, 48.6148219 ] } },
{ "type": "Feature", "properties": { "id": "65195", "stop_id": "65195", "stop_name": "Maxéville Mairie" }, "geometry": { "type": "Point", "coordinates": [ 6.1621106, 48.7125626 ] } },
{ "type": "Feature", "properties": { "id": "MXMAI1", "stop_id": "MXMAI1", "stop_name": "Maxéville Mairie" }, "geometry": { "type": "Point", "coordinates": [ 6.1617931, 48.7127799 ] } },
{ "type": "Feature", "properties": { "id": "MXMAI2", "stop_id": "MXMAI2", "stop_name": "Maxéville Mairie" }, "geometry": { "type": "Point", "coordinates": [ 6.1613641, 48.7128909 ] } },
{ "type": "Feature", "properties": { "id": "MXMAI3", "stop_id": "MXMAI3", "stop_name": "Maxéville Mairie" }, "geometry": { "type": "Point", "coordinates": [ 6.1625921, 48.7122729 ] } },
{ "type": "Feature", "properties": { "id": "MXMAI4", "stop_id": "MXMAI4", "stop_name": "Maxéville Mairie" }, "geometry": { "type": "Point", "coordinates": [ 6.1626931, 48.7123069 ] } },
{ "type": "Feature", "properties": { "id": "65200", "stop_id": "65200", "stop_name": "Le Hohneck" }, "geometry": { "type": "Point", "coordinates": [ 6.271553, 48.7137354 ] } },
{ "type": "Feature", "properties": { "id": "SCHOH0", "stop_id": "SCHOH0", "stop_name": "Le Hohneck" }, "geometry": { "type": "Point", "coordinates": [ 6.271486, 48.7137449 ] } },
{ "type": "Feature", "properties": { "id": "SCHOH1", "stop_id": "SCHOH1", "stop_name": "Le Hohneck" }, "geometry": { "type": "Point", "coordinates": [ 6.27162, 48.7137259 ] } },
{ "type": "Feature", "properties": { "id": "65201", "stop_id": "65201", "stop_name": "Saint-Laurent" }, "geometry": { "type": "Point", "coordinates": [ 6.259084, 48.7152004 ] } },
{ "type": "Feature", "properties": { "id": "SCLAU0", "stop_id": "SCLAU0", "stop_name": "Saint-Laurent" }, "geometry": { "type": "Point", "coordinates": [ 6.259006, 48.7152479 ] } },
{ "type": "Feature", "properties": { "id": "SCLAU1", "stop_id": "SCLAU1", "stop_name": "Saint-Laurent" }, "geometry": { "type": "Point", "coordinates": [ 6.259162, 48.7151529 ] } },
{ "type": "Feature", "properties": { "id": "65202", "stop_id": "65202", "stop_name": "Seichamps Mairie" }, "geometry": { "type": "Point", "coordinates": [ 6.260611, 48.7141859 ] } },
{ "type": "Feature", "properties": { "id": "SCMAI0", "stop_id": "SCMAI0", "stop_name": "Seichamps Mairie" }, "geometry": { "type": "Point", "coordinates": [ 6.260671, 48.7140619 ] } },
{ "type": "Feature", "properties": { "id": "SCMAI1", "stop_id": "SCMAI1", "stop_name": "Seichamps Mairie" }, "geometry": { "type": "Point", "coordinates": [ 6.260551, 48.7143099 ] } },
{ "type": "Feature", "properties": { "id": "65205", "stop_id": "65205", "stop_name": "Varoquaux" }, "geometry": { "type": "Point", "coordinates": [ 6.2155041, 48.6971706 ] } },
{ "type": "Feature", "properties": { "id": "MAVAR0", "stop_id": "MAVAR0", "stop_name": "Varoquaux" }, "geometry": { "type": "Point", "coordinates": [ 6.2156391, 48.6970819 ] } },
{ "type": "Feature", "properties": { "id": "MAVAR1", "stop_id": "MAVAR1", "stop_name": "Varoquaux" }, "geometry": { "type": "Point", "coordinates": [ 6.2155331, 48.6971049 ] } },
{ "type": "Feature", "properties": { "id": "65215", "stop_id": "65215", "stop_name": "La Bure" }, "geometry": { "type": "Point", "coordinates": [ 6.2223691, 48.7156719 ] } },
{ "type": "Feature", "properties": { "id": "ESBUR0", "stop_id": "ESBUR0", "stop_name": "La Bure" }, "geometry": { "type": "Point", "coordinates": [ 6.2223691, 48.7156719 ] } },
{ "type": "Feature", "properties": { "id": "65217", "stop_id": "65217", "stop_name": "Plein Soleil" }, "geometry": { "type": "Point", "coordinates": [ 6.22133, 48.7155689 ] } },
{ "type": "Feature", "properties": { "id": "ESSOL0", "stop_id": "ESSOL0", "stop_name": "Plein Soleil" }, "geometry": { "type": "Point", "coordinates": [ 6.22133, 48.7155689 ] } },
{ "type": "Feature", "properties": { "id": "65221", "stop_id": "65221", "stop_name": "8 Mai" }, "geometry": { "type": "Point", "coordinates": [ 6.229395, 48.6505489 ] } },
{ "type": "Feature", "properties": { "id": "LNHTM0", "stop_id": "LNHTM0", "stop_name": "8 Mai" }, "geometry": { "type": "Point", "coordinates": [ 6.229087, 48.6507869 ] } },
{ "type": "Feature", "properties": { "id": "LNHTM1", "stop_id": "LNHTM1", "stop_name": "8 Mai" }, "geometry": { "type": "Point", "coordinates": [ 6.229703, 48.6503109 ] } },
{ "type": "Feature", "properties": { "id": "65223", "stop_id": "65223", "stop_name": "Sablonniere" }, "geometry": { "type": "Point", "coordinates": [ 6.225153, 48.6543079 ] } },
{ "type": "Feature", "properties": { "id": "LNSAB0", "stop_id": "LNSAB0", "stop_name": "Sablonniere" }, "geometry": { "type": "Point", "coordinates": [ 6.225153, 48.6543079 ] } },
{ "type": "Feature", "properties": { "id": "65227", "stop_id": "65227", "stop_name": "Grignard" }, "geometry": { "type": "Point", "coordinates": [ 6.188091, 48.6153179 ] } },
{ "type": "Feature", "properties": { "id": "LDZI30", "stop_id": "LDZI30", "stop_name": "Grignard" }, "geometry": { "type": "Point", "coordinates": [ 6.188091, 48.6153179 ] } },
{ "type": "Feature", "properties": { "id": "65228", "stop_id": "65228", "stop_name": "Lavoisier" }, "geometry": { "type": "Point", "coordinates": [ 6.18289, 48.6156649 ] } },
{ "type": "Feature", "properties": { "id": "LDZI20", "stop_id": "LDZI20", "stop_name": "Lavoisier" }, "geometry": { "type": "Point", "coordinates": [ 6.18289, 48.6156649 ] } },
{ "type": "Feature", "properties": { "id": "65231", "stop_id": "65231", "stop_name": "Améthyste" }, "geometry": { "type": "Point", "coordinates": [ 6.1672791, 48.7149734 ] } },
{ "type": "Feature", "properties": { "id": "MXAME0", "stop_id": "MXAME0", "stop_name": "Améthyste" }, "geometry": { "type": "Point", "coordinates": [ 6.1672651, 48.7145729 ] } },
{ "type": "Feature", "properties": { "id": "MXAME1", "stop_id": "MXAME1", "stop_name": "Améthyste" }, "geometry": { "type": "Point", "coordinates": [ 6.1672931, 48.7153739 ] } },
{ "type": "Feature", "properties": { "id": "65233", "stop_id": "65233", "stop_name": "Solvay" }, "geometry": { "type": "Point", "coordinates": [ 6.1663596, 48.7170509 ] } },
{ "type": "Feature", "properties": { "id": "MXSOL0", "stop_id": "MXSOL0", "stop_name": "Solvay" }, "geometry": { "type": "Point", "coordinates": [ 6.1666491, 48.7170299 ] } },
{ "type": "Feature", "properties": { "id": "MXSOL1", "stop_id": "MXSOL1", "stop_name": "Solvay" }, "geometry": { "type": "Point", "coordinates": [ 6.1660701, 48.7170719 ] } },
{ "type": "Feature", "properties": { "id": "65235", "stop_id": "65235", "stop_name": "Clinchant" }, "geometry": { "type": "Point", "coordinates": [ 6.1846501, 48.6795254 ] } },
{ "type": "Feature", "properties": { "id": "NYCAN0", "stop_id": "NYCAN0", "stop_name": "Clinchant" }, "geometry": { "type": "Point", "coordinates": [ 6.184611, 48.6802829 ] } },
{ "type": "Feature", "properties": { "id": "NYCAN1", "stop_id": "NYCAN1", "stop_name": "Clinchant" }, "geometry": { "type": "Point", "coordinates": [ 6.1846891, 48.6787679 ] } },
{ "type": "Feature", "properties": { "id": "65240", "stop_id": "65240", "stop_name": "Villard" }, "geometry": { "type": "Point", "coordinates": [ 6.187736, 48.6802709 ] } },
{ "type": "Feature", "properties": { "id": "NYVIL0", "stop_id": "NYVIL0", "stop_name": "Villard" }, "geometry": { "type": "Point", "coordinates": [ 6.187736, 48.6802709 ] } },
{ "type": "Feature", "properties": { "id": "65247", "stop_id": "65247", "stop_name": "Tricoterie" }, "geometry": { "type": "Point", "coordinates": [ 6.243763, 48.6816349 ] } },
{ "type": "Feature", "properties": { "id": "SLTRI0", "stop_id": "SLTRI0", "stop_name": "Tricoterie" }, "geometry": { "type": "Point", "coordinates": [ 6.243777, 48.6818239 ] } },
{ "type": "Feature", "properties": { "id": "SLTRI1", "stop_id": "SLTRI1", "stop_name": "Tricoterie" }, "geometry": { "type": "Point", "coordinates": [ 6.243749, 48.6814459 ] } },
{ "type": "Feature", "properties": { "id": "65248", "stop_id": "65248", "stop_name": "Galibier" }, "geometry": { "type": "Point", "coordinates": [ 6.2737955, 48.7153299 ] } },
{ "type": "Feature", "properties": { "id": "SCGLB0", "stop_id": "SCGLB0", "stop_name": "Galibier" }, "geometry": { "type": "Point", "coordinates": [ 6.27393, 48.7154919 ] } },
{ "type": "Feature", "properties": { "id": "SCGLB1", "stop_id": "SCGLB1", "stop_name": "Galibier" }, "geometry": { "type": "Point", "coordinates": [ 6.273661, 48.7151679 ] } },
{ "type": "Feature", "properties": { "id": "65249", "stop_id": "65249", "stop_name": "Maison de l'Amitié" }, "geometry": { "type": "Point", "coordinates": [ 6.262749, 48.7127689 ] } },
{ "type": "Feature", "properties": { "id": "SCAGE0", "stop_id": "SCAGE0", "stop_name": "Maison de l'Amitié" }, "geometry": { "type": "Point", "coordinates": [ 6.262749, 48.7127689 ] } },
{ "type": "Feature", "properties": { "id": "65251", "stop_id": "65251", "stop_name": "Varinchamps" }, "geometry": { "type": "Point", "coordinates": [ 6.26396, 48.7112199 ] } },
{ "type": "Feature", "properties": { "id": "SCVAR1", "stop_id": "SCVAR1", "stop_name": "Varinchamps" }, "geometry": { "type": "Point", "coordinates": [ 6.26396, 48.7112199 ] } },
{ "type": "Feature", "properties": { "id": "68428", "stop_id": "68428", "stop_name": "Cuénot" }, "geometry": { "type": "Point", "coordinates": [ 6.1360851, 48.7056599 ] } },
{ "type": "Feature", "properties": { "id": "MXENO0", "stop_id": "MXENO0", "stop_name": "Cuénot" }, "geometry": { "type": "Point", "coordinates": [ 6.1360841, 48.7057149 ] } },
{ "type": "Feature", "properties": { "id": "MXENO1", "stop_id": "MXENO1", "stop_name": "Cuénot" }, "geometry": { "type": "Point", "coordinates": [ 6.1360861, 48.7056049 ] } },
{ "type": "Feature", "properties": { "id": "68429", "stop_id": "68429", "stop_name": "Victoire Daubié" }, "geometry": { "type": "Point", "coordinates": [ 6.226465, 48.6800554 ] } },
{ "type": "Feature", "properties": { "id": "TMVIC0", "stop_id": "TMVIC0", "stop_name": "Victoire Daubié" }, "geometry": { "type": "Point", "coordinates": [ 6.226438, 48.6801299 ] } },
{ "type": "Feature", "properties": { "id": "TMVIC1", "stop_id": "TMVIC1", "stop_name": "Victoire Daubié" }, "geometry": { "type": "Point", "coordinates": [ 6.226492, 48.6799809 ] } },
{ "type": "Feature", "properties": { "id": "68434", "stop_id": "68434", "stop_name": "Faculté de Droit" }, "geometry": { "type": "Point", "coordinates": [ 6.1752971, 48.6931919 ] } },
{ "type": "Feature", "properties": { "id": "NYFAC0", "stop_id": "NYFAC0", "stop_name": "Faculté de Droit" }, "geometry": { "type": "Point", "coordinates": [ 6.1752971, 48.6931919 ] } },
{ "type": "Feature", "properties": { "id": "68436", "stop_id": "68436", "stop_name": "Gambetta" }, "geometry": { "type": "Point", "coordinates": [ 6.1804471, 48.6921579 ] } },
{ "type": "Feature", "properties": { "id": "NYGAM0", "stop_id": "NYGAM0", "stop_name": "Gambetta" }, "geometry": { "type": "Point", "coordinates": [ 6.1804471, 48.6921579 ] } },
{ "type": "Feature", "properties": { "id": "68437", "stop_id": "68437", "stop_name": "Léopold" }, "geometry": { "type": "Point", "coordinates": [ 6.1758141, 48.6971399 ] } },
{ "type": "Feature", "properties": { "id": "NYPDE0", "stop_id": "NYPDE0", "stop_name": "Léopold" }, "geometry": { "type": "Point", "coordinates": [ 6.1758141, 48.6971399 ] } },
{ "type": "Feature", "properties": { "id": "68438", "stop_id": "68438", "stop_name": "Manufacture" }, "geometry": { "type": "Point", "coordinates": [ 6.1729101, 48.6961939 ] } },
{ "type": "Feature", "properties": { "id": "NYMAF0", "stop_id": "NYMAF0", "stop_name": "Manufacture" }, "geometry": { "type": "Point", "coordinates": [ 6.1729101, 48.6961939 ] } },
{ "type": "Feature", "properties": { "id": "68441", "stop_id": "68441", "stop_name": "Porte de la Craffe" }, "geometry": { "type": "Point", "coordinates": [ 6.1782951, 48.6983069 ] } },
{ "type": "Feature", "properties": { "id": "NYPPI0", "stop_id": "NYPPI0", "stop_name": "Porte de la Craffe" }, "geometry": { "type": "Point", "coordinates": [ 6.1782951, 48.6983069 ] } },
{ "type": "Feature", "properties": { "id": "68442", "stop_id": "68442", "stop_name": "Saint-Epvre" }, "geometry": { "type": "Point", "coordinates": [ 6.1796971, 48.6950299 ] } },
{ "type": "Feature", "properties": { "id": "NYEPV0", "stop_id": "NYEPV0", "stop_name": "Saint-Epvre" }, "geometry": { "type": "Point", "coordinates": [ 6.1796971, 48.6950299 ] } },
{ "type": "Feature", "properties": { "id": "68443", "stop_id": "68443", "stop_name": "Saint-Nicolas" }, "geometry": { "type": "Point", "coordinates": [ 6.1855031, 48.6889379 ] } },
{ "type": "Feature", "properties": { "id": "NYCLA0", "stop_id": "NYCLA0", "stop_name": "Saint-Nicolas" }, "geometry": { "type": "Point", "coordinates": [ 6.1855031, 48.6889379 ] } },
{ "type": "Feature", "properties": { "id": "70865", "stop_id": "70865", "stop_name": "Lido" }, "geometry": { "type": "Point", "coordinates": [ 6.2064695, 48.6981314 ] } },
{ "type": "Feature", "properties": { "id": "MALID0", "stop_id": "MALID0", "stop_name": "Lido" }, "geometry": { "type": "Point", "coordinates": [ 6.206518, 48.6981469 ] } },
{ "type": "Feature", "properties": { "id": "MALID1", "stop_id": "MALID1", "stop_name": "Lido" }, "geometry": { "type": "Point", "coordinates": [ 6.2064211, 48.6981159 ] } },
{ "type": "Feature", "properties": { "id": "70867", "stop_id": "70867", "stop_name": "Haut de Fléville" }, "geometry": { "type": "Point", "coordinates": [ 6.191177, 48.6243779 ] } },
{ "type": "Feature", "properties": { "id": "FLHFL0", "stop_id": "FLHFL0", "stop_name": "Haut de Fléville" }, "geometry": { "type": "Point", "coordinates": [ 6.191177, 48.6243779 ] } },
{ "type": "Feature", "properties": { "id": "70868", "stop_id": "70868", "stop_name": "Emile Gallé" }, "geometry": { "type": "Point", "coordinates": [ 6.1935341, 48.6527139 ] } },
{ "type": "Feature", "properties": { "id": "HLECO1", "stop_id": "HLECO1", "stop_name": "Emile Gallé" }, "geometry": { "type": "Point", "coordinates": [ 6.1935341, 48.6527139 ] } },
{ "type": "Feature", "properties": { "id": "70875", "stop_id": "70875", "stop_name": "Le Bourgarel" }, "geometry": { "type": "Point", "coordinates": [ 6.1765241, 48.7234264 ] } },
{ "type": "Feature", "properties": { "id": "MLBOU0", "stop_id": "MLBOU0", "stop_name": "Le Bourgarel" }, "geometry": { "type": "Point", "coordinates": [ 6.1765581, 48.7232279 ] } },
{ "type": "Feature", "properties": { "id": "MLBOU1", "stop_id": "MLBOU1", "stop_name": "Le Bourgarel" }, "geometry": { "type": "Point", "coordinates": [ 6.1764901, 48.7236249 ] } },
{ "type": "Feature", "properties": { "id": "70876", "stop_id": "70876", "stop_name": "Libremont" }, "geometry": { "type": "Point", "coordinates": [ 6.1967956, 48.7098849 ] } },
{ "type": "Feature", "properties": { "id": "MLLIB0", "stop_id": "MLLIB0", "stop_name": "Libremont" }, "geometry": { "type": "Point", "coordinates": [ 6.1977531, 48.7101519 ] } },
{ "type": "Feature", "properties": { "id": "MLLIB1", "stop_id": "MLLIB1", "stop_name": "Libremont" }, "geometry": { "type": "Point", "coordinates": [ 6.1958381, 48.7096179 ] } },
{ "type": "Feature", "properties": { "id": "70877", "stop_id": "70877", "stop_name": "Margeville" }, "geometry": { "type": "Point", "coordinates": [ 6.1771421, 48.7195049 ] } },
{ "type": "Feature", "properties": { "id": "MLMAR0", "stop_id": "MLMAR0", "stop_name": "Margeville" }, "geometry": { "type": "Point", "coordinates": [ 6.1771421, 48.7195049 ] } },
{ "type": "Feature", "properties": { "id": "MLMAR1", "stop_id": "MLMAR1", "stop_name": "Margeville" }, "geometry": { "type": "Point", "coordinates": [ 6.1771421, 48.7195049 ] } },
{ "type": "Feature", "properties": { "id": "70878", "stop_id": "70878", "stop_name": "Saulxures Foret" }, "geometry": { "type": "Point", "coordinates": [ 6.241953, 48.6756359 ] } },
{ "type": "Feature", "properties": { "id": "SLFOR0", "stop_id": "SLFOR0", "stop_name": "Saulxures Foret" }, "geometry": { "type": "Point", "coordinates": [ 6.241953, 48.6756359 ] } },
{ "type": "Feature", "properties": { "id": "70882", "stop_id": "70882", "stop_name": "Remicourt" }, "geometry": { "type": "Point", "coordinates": [ 6.1519958, 48.6694716 ] } },
{ "type": "Feature", "properties": { "id": "VLRMI0", "stop_id": "VLRMI0", "stop_name": "Remicourt" }, "geometry": { "type": "Point", "coordinates": [ 6.1523681, 48.6694369 ] } },
{ "type": "Feature", "properties": { "id": "VLRMI1", "stop_id": "VLRMI1", "stop_name": "Remicourt" }, "geometry": { "type": "Point", "coordinates": [ 6.1514061, 48.6694759 ] } },
{ "type": "Feature", "properties": { "id": "102077", "stop_id": "102077", "stop_name": "Belle Croix" }, "geometry": { "type": "Point", "coordinates": [ 6.2010216, 48.6720529 ] } },
{ "type": "Feature", "properties": { "id": "JRGAR0", "stop_id": "JRGAR0", "stop_name": "Belle Croix" }, "geometry": { "type": "Point", "coordinates": [ 6.2008031, 48.6717639 ] } },
{ "type": "Feature", "properties": { "id": "JRGAR1", "stop_id": "JRGAR1", "stop_name": "Belle Croix" }, "geometry": { "type": "Point", "coordinates": [ 6.2012401, 48.6723419 ] } },
{ "type": "Feature", "properties": { "id": "106047", "stop_id": "106047", "stop_name": "Le Royal - Jean XXIII" }, "geometry": { "type": "Point", "coordinates": [ 6.209928, 48.6990029 ] } },
{ "type": "Feature", "properties": { "id": "MALRO0", "stop_id": "MALRO0", "stop_name": "Le Royal - Jean XXIII" }, "geometry": { "type": "Point", "coordinates": [ 6.2099, 48.6990049 ] } },
{ "type": "Feature", "properties": { "id": "MALRO1", "stop_id": "MALRO1", "stop_name": "Le Royal - Jean XXIII" }, "geometry": { "type": "Point", "coordinates": [ 6.209956, 48.6990009 ] } },
{ "type": "Feature", "properties": { "id": "126370", "stop_id": "126370", "stop_name": "Sadi Carnot" }, "geometry": { "type": "Point", "coordinates": [ 6.1852621, 48.7070879 ] } },
{ "type": "Feature", "properties": { "id": "MLCAR1", "stop_id": "MLCAR1", "stop_name": "Sadi Carnot" }, "geometry": { "type": "Point", "coordinates": [ 6.1852621, 48.7070879 ] } },
{ "type": "Feature", "properties": { "id": "126371", "stop_id": "126371", "stop_name": "Giron" }, "geometry": { "type": "Point", "coordinates": [ 6.272259, 48.7174529 ] } },
{ "type": "Feature", "properties": { "id": "SCSUR0", "stop_id": "SCSUR0", "stop_name": "Giron" }, "geometry": { "type": "Point", "coordinates": [ 6.272331, 48.7174679 ] } },
{ "type": "Feature", "properties": { "id": "SCSUR1", "stop_id": "SCSUR1", "stop_name": "Giron" }, "geometry": { "type": "Point", "coordinates": [ 6.272187, 48.7174379 ] } },
{ "type": "Feature", "properties": { "id": "126755", "stop_id": "126755", "stop_name": "Charles Gide" }, "geometry": { "type": "Point", "coordinates": [ 6.1440906, 48.6810049 ] } },
{ "type": "Feature", "properties": { "id": "LXGID0", "stop_id": "LXGID0", "stop_name": "Charles Gide" }, "geometry": { "type": "Point", "coordinates": [ 6.1440761, 48.6810869 ] } },
{ "type": "Feature", "properties": { "id": "LXGID1", "stop_id": "LXGID1", "stop_name": "Charles Gide" }, "geometry": { "type": "Point", "coordinates": [ 6.1441051, 48.6809229 ] } },
{ "type": "Feature", "properties": { "id": "126757", "stop_id": "126757", "stop_name": "Didelot" }, "geometry": { "type": "Point", "coordinates": [ 6.1436491, 48.6833269 ] } },
{ "type": "Feature", "properties": { "id": "LXDDL0", "stop_id": "LXDDL0", "stop_name": "Didelot" }, "geometry": { "type": "Point", "coordinates": [ 6.1434601, 48.6832469 ] } },
{ "type": "Feature", "properties": { "id": "LXDDL1", "stop_id": "LXDDL1", "stop_name": "Didelot" }, "geometry": { "type": "Point", "coordinates": [ 6.1438381, 48.6834069 ] } },
{ "type": "Feature", "properties": { "id": "128140", "stop_id": "128140", "stop_name": "Bois Châtel" }, "geometry": { "type": "Point", "coordinates": [ 6.222024, 48.7126119 ] } },
{ "type": "Feature", "properties": { "id": "ESBCH0", "stop_id": "ESBCH0", "stop_name": "Bois Châtel" }, "geometry": { "type": "Point", "coordinates": [ 6.221808, 48.7126729 ] } },
{ "type": "Feature", "properties": { "id": "ESBCH1", "stop_id": "ESBCH1", "stop_name": "Bois Châtel" }, "geometry": { "type": "Point", "coordinates": [ 6.22224, 48.7125509 ] } },
{ "type": "Feature", "properties": { "id": "128141", "stop_id": "128141", "stop_name": "Chanoine Laurent" }, "geometry": { "type": "Point", "coordinates": [ 6.219261, 48.7069284 ] } },
{ "type": "Feature", "properties": { "id": "ESCHL0", "stop_id": "ESCHL0", "stop_name": "Chanoine Laurent" }, "geometry": { "type": "Point", "coordinates": [ 6.219232, 48.7069549 ] } },
{ "type": "Feature", "properties": { "id": "ESCHL1", "stop_id": "ESCHL1", "stop_name": "Chanoine Laurent" }, "geometry": { "type": "Point", "coordinates": [ 6.21929, 48.7069019 ] } },
{ "type": "Feature", "properties": { "id": "128142", "stop_id": "128142", "stop_name": "Edith Piaf" }, "geometry": { "type": "Point", "coordinates": [ 6.23899, 48.7090834 ] } },
{ "type": "Feature", "properties": { "id": "ESFYR0", "stop_id": "ESFYR0", "stop_name": "Edith Piaf" }, "geometry": { "type": "Point", "coordinates": [ 6.238461, 48.7089689 ] } },
{ "type": "Feature", "properties": { "id": "ESFYR1", "stop_id": "ESFYR1", "stop_name": "Edith Piaf" }, "geometry": { "type": "Point", "coordinates": [ 6.239519, 48.7091979 ] } },
{ "type": "Feature", "properties": { "id": "128144", "stop_id": "128144", "stop_name": "Emile Gallé" }, "geometry": { "type": "Point", "coordinates": [ 6.22077, 48.7001109 ] } },
{ "type": "Feature", "properties": { "id": "ESCES1", "stop_id": "ESCES1", "stop_name": "Emile Gallé" }, "geometry": { "type": "Point", "coordinates": [ 6.22077, 48.7001109 ] } },
{ "type": "Feature", "properties": { "id": "128145", "stop_id": "128145", "stop_name": "Essey La Fallée" }, "geometry": { "type": "Point", "coordinates": [ 6.22164, 48.7102794 ] } },
{ "type": "Feature", "properties": { "id": "ESFAL1", "stop_id": "ESFAL1", "stop_name": "Essey La Fallée" }, "geometry": { "type": "Point", "coordinates": [ 6.2219001, 48.7105099 ] } },
{ "type": "Feature", "properties": { "id": "ESFAL2", "stop_id": "ESFAL2", "stop_name": "Essey La Fallée" }, "geometry": { "type": "Point", "coordinates": [ 6.22138, 48.7100489 ] } },
{ "type": "Feature", "properties": { "id": "128146", "stop_id": "128146", "stop_name": "Essey Mairie" }, "geometry": { "type": "Point", "coordinates": [ 6.2222101, 48.7051579 ] } },
{ "type": "Feature", "properties": { "id": "ESPCT2", "stop_id": "ESPCT2", "stop_name": "Essey Mairie" }, "geometry": { "type": "Point", "coordinates": [ 6.2222101, 48.7051579 ] } },
{ "type": "Feature", "properties": { "id": "128148", "stop_id": "128148", "stop_name": "Oppidum" }, "geometry": { "type": "Point", "coordinates": [ 6.221566, 48.7139054 ] } },
{ "type": "Feature", "properties": { "id": "ESOPP0", "stop_id": "ESOPP0", "stop_name": "Oppidum" }, "geometry": { "type": "Point", "coordinates": [ 6.2212501, 48.7139589 ] } },
{ "type": "Feature", "properties": { "id": "ESOPP1", "stop_id": "ESOPP1", "stop_name": "Oppidum" }, "geometry": { "type": "Point", "coordinates": [ 6.221882, 48.7138519 ] } },
{ "type": "Feature", "properties": { "id": "128151", "stop_id": "128151", "stop_name": "Tronc qui fume" }, "geometry": { "type": "Point", "coordinates": [ 6.2437785, 48.7096709 ] } },
{ "type": "Feature", "properties": { "id": "ESONC0", "stop_id": "ESONC0", "stop_name": "Tronc qui fume" }, "geometry": { "type": "Point", "coordinates": [ 6.243851, 48.7089689 ] } },
{ "type": "Feature", "properties": { "id": "ESONC1", "stop_id": "ESONC1", "stop_name": "Tronc qui fume" }, "geometry": { "type": "Point", "coordinates": [ 6.243706, 48.7103729 ] } },
{ "type": "Feature", "properties": { "id": "128152", "stop_id": "128152", "stop_name": "Château" }, "geometry": { "type": "Point", "coordinates": [ 6.2030135, 48.6256404 ] } },
{ "type": "Feature", "properties": { "id": "FLCHT0", "stop_id": "FLCHT0", "stop_name": "Château" }, "geometry": { "type": "Point", "coordinates": [ 6.202622, 48.6256709 ] } },
{ "type": "Feature", "properties": { "id": "FLCHT1", "stop_id": "FLCHT1", "stop_name": "Château" }, "geometry": { "type": "Point", "coordinates": [ 6.203405, 48.6256099 ] } },
{ "type": "Feature", "properties": { "id": "128154", "stop_id": "128154", "stop_name": "Fléville" }, "geometry": { "type": "Point", "coordinates": [ 6.202247, 48.6213839 ] } },
{ "type": "Feature", "properties": { "id": "FLNOU0", "stop_id": "FLNOU0", "stop_name": "Fléville" }, "geometry": { "type": "Point", "coordinates": [ 6.202281, 48.6215099 ] } },
{ "type": "Feature", "properties": { "id": "FLNOU1", "stop_id": "FLNOU1", "stop_name": "Fléville" }, "geometry": { "type": "Point", "coordinates": [ 6.202213, 48.6212579 ] } },
{ "type": "Feature", "properties": { "id": "128156", "stop_id": "128156", "stop_name": "L'Orée du Bois" }, "geometry": { "type": "Point", "coordinates": [ 6.20979, 48.6438304 ] } },
{ "type": "Feature", "properties": { "id": "FLOBO0", "stop_id": "FLOBO0", "stop_name": "L'Orée du Bois" }, "geometry": { "type": "Point", "coordinates": [ 6.210444, 48.6437709 ] } },
{ "type": "Feature", "properties": { "id": "FLOBO1", "stop_id": "FLOBO1", "stop_name": "L'Orée du Bois" }, "geometry": { "type": "Point", "coordinates": [ 6.209136, 48.6438899 ] } },
{ "type": "Feature", "properties": { "id": "128159", "stop_id": "128159", "stop_name": "Port Cros" }, "geometry": { "type": "Point", "coordinates": [ 6.2028478, 48.653498 ] } },
{ "type": "Feature", "properties": { "id": "HLCRO0", "stop_id": "HLCRO0", "stop_name": "Port Cros" }, "geometry": { "type": "Point", "coordinates": [ 6.202944, 48.6534079 ] } },
{ "type": "Feature", "properties": { "id": "HLCRO1", "stop_id": "HLCRO1", "stop_name": "Port Cros" }, "geometry": { "type": "Point", "coordinates": [ 6.203156, 48.6531559 ] } },
{ "type": "Feature", "properties": { "id": "128161", "stop_id": "128161", "stop_name": "Temps Libre" }, "geometry": { "type": "Point", "coordinates": [ 6.1940795, 48.6504554 ] } },
{ "type": "Feature", "properties": { "id": "HLTLI0", "stop_id": "HLTLI0", "stop_name": "Temps Libre" }, "geometry": { "type": "Point", "coordinates": [ 6.1939481, 48.6502339 ] } },
{ "type": "Feature", "properties": { "id": "HLTLI1", "stop_id": "HLTLI1", "stop_name": "Temps Libre" }, "geometry": { "type": "Point", "coordinates": [ 6.194211, 48.6506769 ] } },
{ "type": "Feature", "properties": { "id": "128163", "stop_id": "128163", "stop_name": "Les Egrez" }, "geometry": { "type": "Point", "coordinates": [ 6.1806975, 48.6388714 ] } },
{ "type": "Feature", "properties": { "id": "HDMON0", "stop_id": "HDMON0", "stop_name": "Les Egrez" }, "geometry": { "type": "Point", "coordinates": [ 6.180637, 48.6389219 ] } },
{ "type": "Feature", "properties": { "id": "HDMON1", "stop_id": "HDMON1", "stop_name": "Les Egrez" }, "geometry": { "type": "Point", "coordinates": [ 6.180758, 48.6388209 ] } },
{ "type": "Feature", "properties": { "id": "128164", "stop_id": "128164", "stop_name": "Houdemont Porte Sud" }, "geometry": { "type": "Point", "coordinates": [ 6.1850851, 48.6374102 ] } },
{ "type": "Feature", "properties": { "id": "HDCCO0", "stop_id": "HDCCO0", "stop_name": "Houdemont Porte Sud" }, "geometry": { "type": "Point", "coordinates": [ 6.1851201, 48.6374549 ] } },
{ "type": "Feature", "properties": { "id": "HDCCO1", "stop_id": "HDCCO1", "stop_name": "Houdemont Porte Sud" }, "geometry": { "type": "Point", "coordinates": [ 6.1849871, 48.6374129 ] } },
{ "type": "Feature", "properties": { "id": "HDCCO2", "stop_id": "HDCCO2", "stop_name": "Houdemont Porte Sud" }, "geometry": { "type": "Point", "coordinates": [ 6.185148, 48.6373629 ] } },
{ "type": "Feature", "properties": { "id": "128166", "stop_id": "128166", "stop_name": "Sion" }, "geometry": { "type": "Point", "coordinates": [ 6.1985011, 48.6645492 ] } },
{ "type": "Feature", "properties": { "id": "JRSIO0", "stop_id": "JRSIO0", "stop_name": "Sion" }, "geometry": { "type": "Point", "coordinates": [ 6.1981211, 48.6645619 ] } },
{ "type": "Feature", "properties": { "id": "JRSIO1", "stop_id": "JRSIO1", "stop_name": "Jarville Sion" }, "geometry": { "type": "Point", "coordinates": [ 6.19888, 48.6645279 ] } },
{ "type": "Feature", "properties": { "id": "JRSIO2", "stop_id": "JRSIO2", "stop_name": "Sion" }, "geometry": { "type": "Point", "coordinates": [ 6.1985021, 48.6645579 ] } },
{ "type": "Feature", "properties": { "id": "128168", "stop_id": "128168", "stop_name": "le Féru des sciences" }, "geometry": { "type": "Point", "coordinates": [ 6.2077845, 48.6654319 ] } },
{ "type": "Feature", "properties": { "id": "JRMSF0", "stop_id": "JRMSF0", "stop_name": "le Féru des sciences" }, "geometry": { "type": "Point", "coordinates": [ 6.207747, 48.6652029 ] } },
{ "type": "Feature", "properties": { "id": "JRMSF1", "stop_id": "JRMSF1", "stop_name": "le Féru des sciences" }, "geometry": { "type": "Point", "coordinates": [ 6.207822, 48.6656609 ] } },
{ "type": "Feature", "properties": { "id": "128171", "stop_id": "128171", "stop_name": "Gérardcourt" }, "geometry": { "type": "Point", "coordinates": [ 6.2324055, 48.6492154 ] } },
{ "type": "Feature", "properties": { "id": "LNGRD0", "stop_id": "LNGRD0", "stop_name": "Gérardcourt" }, "geometry": { "type": "Point", "coordinates": [ 6.232337, 48.6492039 ] } },
{ "type": "Feature", "properties": { "id": "LNGRD1", "stop_id": "LNGRD1", "stop_name": "Gérardcourt" }, "geometry": { "type": "Point", "coordinates": [ 6.232474, 48.6492269 ] } },
{ "type": "Feature", "properties": { "id": "128172", "stop_id": "128172", "stop_name": "Les Aulnois" }, "geometry": { "type": "Point", "coordinates": [ 6.2262139054, 48.6533281233 ] } },
{ "type": "Feature", "properties": { "id": "LNALN1", "stop_id": "LNALN1", "stop_name": "Les Aulnois" }, "geometry": { "type": "Point", "coordinates": [ 6.226214, 48.6533279 ] } },
{ "type": "Feature", "properties": { "id": "128174", "stop_id": "128174", "stop_name": "Croix Saint-Claude" }, "geometry": { "type": "Point", "coordinates": [ 6.1326386, 48.6892489 ] } },
{ "type": "Feature", "properties": { "id": "LXCCL0", "stop_id": "LXCCL0", "stop_name": "Croix Saint-Claude" }, "geometry": { "type": "Point", "coordinates": [ 6.1319331, 48.6893459 ] } },
{ "type": "Feature", "properties": { "id": "LXCCL2", "stop_id": "LXCCL2", "stop_name": "Croix Saint-Claude" }, "geometry": { "type": "Point", "coordinates": [ 6.1333441, 48.6891519 ] } },
{ "type": "Feature", "properties": { "id": "128176", "stop_id": "128176", "stop_name": "Heubach" }, "geometry": { "type": "Point", "coordinates": [ 6.1482756, 48.6823384 ] } },
{ "type": "Feature", "properties": { "id": "LXMAR0", "stop_id": "LXMAR0", "stop_name": "Heubach" }, "geometry": { "type": "Point", "coordinates": [ 6.1475751, 48.6820029 ] } },
{ "type": "Feature", "properties": { "id": "LXMAR1", "stop_id": "LXMAR1", "stop_name": "Heubach" }, "geometry": { "type": "Point", "coordinates": [ 6.1489761, 48.6826739 ] } },
{ "type": "Feature", "properties": { "id": "128177", "stop_id": "128177", "stop_name": "Jet d'eau" }, "geometry": { "type": "Point", "coordinates": [ 6.1406201, 48.6862299 ] } },
{ "type": "Feature", "properties": { "id": "LXJET1", "stop_id": "LXJET1", "stop_name": "Jet d'eau" }, "geometry": { "type": "Point", "coordinates": [ 6.1406201, 48.6862299 ] } },
{ "type": "Feature", "properties": { "id": "128178", "stop_id": "128178", "stop_name": "Madine" }, "geometry": { "type": "Point", "coordinates": [ 6.1277641, 48.6991194 ] } },
{ "type": "Feature", "properties": { "id": "LXMAD0", "stop_id": "LXMAD0", "stop_name": "Madine" }, "geometry": { "type": "Point", "coordinates": [ 6.1276201, 48.6990049 ] } },
{ "type": "Feature", "properties": { "id": "LXMAD1", "stop_id": "LXMAD1", "stop_name": "Madine" }, "geometry": { "type": "Point", "coordinates": [ 6.1279081, 48.6992339 ] } },
{ "type": "Feature", "properties": { "id": "128184", "stop_id": "128184", "stop_name": "Ader" }, "geometry": { "type": "Point", "coordinates": [ 6.1849275, 48.6126384 ] } },
{ "type": "Feature", "properties": { "id": "FLCAD0", "stop_id": "FLCAD0", "stop_name": "Ader" }, "geometry": { "type": "Point", "coordinates": [ 6.185008, 48.6126099 ] } },
{ "type": "Feature", "properties": { "id": "FLCAD1", "stop_id": "FLCAD1", "stop_name": "Ader" }, "geometry": { "type": "Point", "coordinates": [ 6.184847, 48.6126669 ] } },
{ "type": "Feature", "properties": { "id": "128187", "stop_id": "128187", "stop_name": "Curie" }, "geometry": { "type": "Point", "coordinates": [ 6.181518, 48.6166819 ] } },
{ "type": "Feature", "properties": { "id": "LDCUR0", "stop_id": "LDCUR0", "stop_name": "Curie" }, "geometry": { "type": "Point", "coordinates": [ 6.181383, 48.6167529 ] } },
{ "type": "Feature", "properties": { "id": "LDCUR1", "stop_id": "LDCUR1", "stop_name": "Curie" }, "geometry": { "type": "Point", "coordinates": [ 6.181653, 48.6166109 ] } },
{ "type": "Feature", "properties": { "id": "128189", "stop_id": "128189", "stop_name": "Freres Lumiere" }, "geometry": { "type": "Point", "coordinates": [ 6.1608051, 48.6140689 ] } },
{ "type": "Feature", "properties": { "id": "LDFRL0", "stop_id": "LDFRL0", "stop_name": "Freres Lumiere" }, "geometry": { "type": "Point", "coordinates": [ 6.161043, 48.6140789 ] } },
{ "type": "Feature", "properties": { "id": "LDFRL1", "stop_id": "LDFRL1", "stop_name": "Freres Lumiere" }, "geometry": { "type": "Point", "coordinates": [ 6.1605671, 48.6140589 ] } },
{ "type": "Feature", "properties": { "id": "128191", "stop_id": "128191", "stop_name": "Genobois" }, "geometry": { "type": "Point", "coordinates": [ 6.1659051, 48.6178879 ] } },
{ "type": "Feature", "properties": { "id": "LDGEN0", "stop_id": "LDGEN0", "stop_name": "Genobois" }, "geometry": { "type": "Point", "coordinates": [ 6.1657991, 48.6179279 ] } },
{ "type": "Feature", "properties": { "id": "LDGEN1", "stop_id": "LDGEN1", "stop_name": "Genobois" }, "geometry": { "type": "Point", "coordinates": [ 6.166011, 48.6178479 ] } },
{ "type": "Feature", "properties": { "id": "128192", "stop_id": "128192", "stop_name": "J. Monod" }, "geometry": { "type": "Point", "coordinates": [ 6.1691041, 48.6199914 ] } },
{ "type": "Feature", "properties": { "id": "LDEMO0", "stop_id": "LDEMO0", "stop_name": "Ludres J. Monod" }, "geometry": { "type": "Point", "coordinates": [ 6.1683261, 48.6202699 ] } },
{ "type": "Feature", "properties": { "id": "128195", "stop_id": "128195", "stop_name": "Saint-Blaine" }, "geometry": { "type": "Point", "coordinates": [ 6.174171, 48.6239714 ] } },
{ "type": "Feature", "properties": { "id": "LDVER0", "stop_id": "LDVER0", "stop_name": "Saint-Blaine" }, "geometry": { "type": "Point", "coordinates": [ 6.1740131, 48.6239419 ] } },
{ "type": "Feature", "properties": { "id": "LDVER1", "stop_id": "LDVER1", "stop_name": "Saint-Blaine" }, "geometry": { "type": "Point", "coordinates": [ 6.174329, 48.6240009 ] } },
{ "type": "Feature", "properties": { "id": "128196", "stop_id": "128196", "stop_name": "Driant" }, "geometry": { "type": "Point", "coordinates": [ 6.1882561, 48.7087749 ] } },
{ "type": "Feature", "properties": { "id": "MLBAR0", "stop_id": "MLBAR0", "stop_name": "Driant" }, "geometry": { "type": "Point", "coordinates": [ 6.1882561, 48.7087749 ] } },
{ "type": "Feature", "properties": { "id": "128198", "stop_id": "128198", "stop_name": "Ecole Paul Bert" }, "geometry": { "type": "Point", "coordinates": [ 6.1841981, 48.7105259 ] } },
{ "type": "Feature", "properties": { "id": "MLECO0", "stop_id": "MLECO0", "stop_name": "Ecole Paul Bert" }, "geometry": { "type": "Point", "coordinates": [ 6.1841981, 48.7105259 ] } },
{ "type": "Feature", "properties": { "id": "128199", "stop_id": "128199", "stop_name": "Grosses Terres" }, "geometry": { "type": "Point", "coordinates": [ 6.1897551, 48.7067989 ] } },
{ "type": "Feature", "properties": { "id": "MLJER0", "stop_id": "MLJER0", "stop_name": "Grosses Terres" }, "geometry": { "type": "Point", "coordinates": [ 6.1897551, 48.7067989 ] } },
{ "type": "Feature", "properties": { "id": "MLJER1", "stop_id": "MLJER1", "stop_name": "Grosses Terres" }, "geometry": { "type": "Point", "coordinates": [ 6.1897551, 48.7067989 ] } },
{ "type": "Feature", "properties": { "id": "128203", "stop_id": "128203", "stop_name": "Malzéville Mairie" }, "geometry": { "type": "Point", "coordinates": [ 6.1834266, 48.7086429 ] } },
{ "type": "Feature", "properties": { "id": "MLMAI0", "stop_id": "MLMAI0", "stop_name": "Malzéville Mairie" }, "geometry": { "type": "Point", "coordinates": [ 6.1832551, 48.7086219 ] } },
{ "type": "Feature", "properties": { "id": "MLMAI1", "stop_id": "MLMAI1", "stop_name": "Malzéville Mairie" }, "geometry": { "type": "Point", "coordinates": [ 6.1835981, 48.7086639 ] } },
{ "type": "Feature", "properties": { "id": "128204", "stop_id": "128204", "stop_name": "Orme" }, "geometry": { "type": "Point", "coordinates": [ 6.1846591, 48.7075689 ] } },
{ "type": "Feature", "properties": { "id": "MLORM1", "stop_id": "MLORM1", "stop_name": "Orme" }, "geometry": { "type": "Point", "coordinates": [ 6.1846591, 48.7075689 ] } },
{ "type": "Feature", "properties": { "id": "128205", "stop_id": "128205", "stop_name": "Passerelle" }, "geometry": { "type": "Point", "coordinates": [ 6.1842711, 48.7124399 ] } },
{ "type": "Feature", "properties": { "id": "MLPSS0", "stop_id": "MLPSS0", "stop_name": "Passerelle" }, "geometry": { "type": "Point", "coordinates": [ 6.1842711, 48.7124399 ] } },
{ "type": "Feature", "properties": { "id": "128207", "stop_id": "128207", "stop_name": "André Vautrin" }, "geometry": { "type": "Point", "coordinates": [ 6.1643101, 48.7136189 ] } },
{ "type": "Feature", "properties": { "id": "MXJUT0", "stop_id": "MXJUT0", "stop_name": "André Vautrin" }, "geometry": { "type": "Point", "coordinates": [ 6.1643101, 48.7136189 ] } },
{ "type": "Feature", "properties": { "id": "128208", "stop_id": "128208", "stop_name": "Bon Repos" }, "geometry": { "type": "Point", "coordinates": [ 6.1619511, 48.7090569 ] } },
{ "type": "Feature", "properties": { "id": "MXRIP0", "stop_id": "MXRIP0", "stop_name": "Bon Repos" }, "geometry": { "type": "Point", "coordinates": [ 6.1619511, 48.7090569 ] } },
{ "type": "Feature", "properties": { "id": "128212", "stop_id": "128212", "stop_name": "Zénith" }, "geometry": { "type": "Point", "coordinates": [ 6.1491061, 48.7087989 ] } },
{ "type": "Feature", "properties": { "id": "MXITH0", "stop_id": "MXITH0", "stop_name": "Zénith" }, "geometry": { "type": "Point", "coordinates": [ 6.1491561, 48.7086209 ] } },
{ "type": "Feature", "properties": { "id": "MXITH1", "stop_id": "MXITH1", "stop_name": "Zénith" }, "geometry": { "type": "Point", "coordinates": [ 6.1490561, 48.7089769 ] } },
{ "type": "Feature", "properties": { "id": "128215", "stop_id": "128215", "stop_name": "Beauregard Sainte-Anne" }, "geometry": { "type": "Point", "coordinates": [ 6.1404611, 48.6932524 ] } },
{ "type": "Feature", "properties": { "id": "NYANN0", "stop_id": "NYANN0", "stop_name": "Beauregard Sainte-Anne" }, "geometry": { "type": "Point", "coordinates": [ 6.1406621, 48.6931189 ] } },
{ "type": "Feature", "properties": { "id": "NYANN1", "stop_id": "NYANN1", "stop_name": "Beauregard Sainte-Anne" }, "geometry": { "type": "Point", "coordinates": [ 6.1402601, 48.6933859 ] } },
{ "type": "Feature", "properties": { "id": "128217", "stop_id": "128217", "stop_name": "Brice" }, "geometry": { "type": "Point", "coordinates": [ 6.1818881, 48.6796679 ] } },
{ "type": "Feature", "properties": { "id": "NYBRI0", "stop_id": "NYBRI0", "stop_name": "Brice" }, "geometry": { "type": "Point", "coordinates": [ 6.1818881, 48.6796679 ] } },
{ "type": "Feature", "properties": { "id": "128221", "stop_id": "128221", "stop_name": "Chevert" }, "geometry": { "type": "Point", "coordinates": [ 6.1760321, 48.6728669 ] } },
{ "type": "Feature", "properties": { "id": "NYCHV0", "stop_id": "NYCHV0", "stop_name": "Chevert" }, "geometry": { "type": "Point", "coordinates": [ 6.1760321, 48.6728669 ] } },
{ "type": "Feature", "properties": { "id": "128224", "stop_id": "128224", "stop_name": "Citadelle" }, "geometry": { "type": "Point", "coordinates": [ 6.1770959, 48.7004762 ] } },
{ "type": "Feature", "properties": { "id": "NYCIT1", "stop_id": "NYCIT1", "stop_name": "Citadelle" }, "geometry": { "type": "Point", "coordinates": [ 6.1787631, 48.7004239 ] } },
{ "type": "Feature", "properties": { "id": "NYCIT2", "stop_id": "NYCIT2", "stop_name": "Citadelle" }, "geometry": { "type": "Point", "coordinates": [ 6.1767111, 48.7003199 ] } },
{ "type": "Feature", "properties": { "id": "NYSIM0", "stop_id": "NYSIM0", "stop_name": "Simon" }, "geometry": { "type": "Point", "coordinates": [ 6.1764301, 48.7005349 ] } },
{ "type": "Feature", "properties": { "id": "NYSIM1", "stop_id": "NYSIM1", "stop_name": "Simon" }, "geometry": { "type": "Point", "coordinates": [ 6.1764791, 48.7006259 ] } },
{ "type": "Feature", "properties": { "id": "128225", "stop_id": "128225", "stop_name": "Colline" }, "geometry": { "type": "Point", "coordinates": [ 6.1418776, 48.6959629 ] } },
{ "type": "Feature", "properties": { "id": "NYCOL0", "stop_id": "NYCOL0", "stop_name": "Colline" }, "geometry": { "type": "Point", "coordinates": [ 6.1408551, 48.6957169 ] } },
{ "type": "Feature", "properties": { "id": "NYCOL1", "stop_id": "NYCOL1", "stop_name": "Colline" }, "geometry": { "type": "Point", "coordinates": [ 6.1429001, 48.6962089 ] } },
{ "type": "Feature", "properties": { "id": "128227", "stop_id": "128227", "stop_name": "Exelmans" }, "geometry": { "type": "Point", "coordinates": [ 6.1758501, 48.6751244 ] } },
{ "type": "Feature", "properties": { "id": "TREXE0", "stop_id": "TREXE0", "stop_name": "Exelmans" }, "geometry": { "type": "Point", "coordinates": [ 6.1758161, 48.6750019 ] } },
{ "type": "Feature", "properties": { "id": "TREXE1", "stop_id": "TREXE1", "stop_name": "Exelmans" }, "geometry": { "type": "Point", "coordinates": [ 6.1758841, 48.6752469 ] } },
{ "type": "Feature", "properties": { "id": "128231", "stop_id": "128231", "stop_name": "Gentilly" }, "geometry": { "type": "Point", "coordinates": [ 6.1389356, 48.6950837 ] } },
{ "type": "Feature", "properties": { "id": "NYGEN0", "stop_id": "NYGEN0", "stop_name": "Gentilly" }, "geometry": { "type": "Point", "coordinates": [ 6.1387871, 48.6948089 ] } },
{ "type": "Feature", "properties": { "id": "NYGEN4", "stop_id": "NYGEN4", "stop_name": "Gentilly" }, "geometry": { "type": "Point", "coordinates": [ 6.1392711, 48.6952969 ] } },
{ "type": "Feature", "properties": { "id": "128233", "stop_id": "128233", "stop_name": "Gridel" }, "geometry": { "type": "Point", "coordinates": [ 6.1606894, 48.6867458 ] } },
{ "type": "Feature", "properties": { "id": "NYGRI0", "stop_id": "NYGRI0", "stop_name": "Gridel" }, "geometry": { "type": "Point", "coordinates": [ 6.1606891, 48.6867449 ] } },
{ "type": "Feature", "properties": { "id": "128238", "stop_id": "128238", "stop_name": "Musée Lorrain" }, "geometry": { "type": "Point", "coordinates": [ 6.1793821, 48.6969029 ] } },
{ "type": "Feature", "properties": { "id": "NYDUC0", "stop_id": "NYDUC0", "stop_name": "Musée Lorrain" }, "geometry": { "type": "Point", "coordinates": [ 6.1793821, 48.6969029 ] } },
{ "type": "Feature", "properties": { "id": "128239", "stop_id": "128239", "stop_name": "Oudinot" }, "geometry": { "type": "Point", "coordinates": [ 6.1817121, 48.6763269 ] } },
{ "type": "Feature", "properties": { "id": "NYOUD0", "stop_id": "NYOUD0", "stop_name": "Oudinot" }, "geometry": { "type": "Point", "coordinates": [ 6.1817121, 48.6763269 ] } },
{ "type": "Feature", "properties": { "id": "128243", "stop_id": "128243", "stop_name": "Place des Justes" }, "geometry": { "type": "Point", "coordinates": [ 6.1810471, 48.6860654 ] } },
{ "type": "Feature", "properties": { "id": "NYALX0", "stop_id": "NYALX0", "stop_name": "Place des Justes" }, "geometry": { "type": "Point", "coordinates": [ 6.1810681, 48.6862979 ] } },
{ "type": "Feature", "properties": { "id": "NYALX1", "stop_id": "NYALX1", "stop_name": "Place des Justes" }, "geometry": { "type": "Point", "coordinates": [ 6.1810261, 48.6858329 ] } },
{ "type": "Feature", "properties": { "id": "128245", "stop_id": "128245", "stop_name": "Place Stanislas" }, "geometry": { "type": "Point", "coordinates": [ 6.1826201, 48.6928479 ] } },
{ "type": "Feature", "properties": { "id": "NYPST0", "stop_id": "NYPST0", "stop_name": "Place Stanislas" }, "geometry": { "type": "Point", "coordinates": [ 6.1826201, 48.6928479 ] } },
{ "type": "Feature", "properties": { "id": "128247", "stop_id": "128247", "stop_name": "Sainte-Catherine" }, "geometry": { "type": "Point", "coordinates": [ 6.1898591, 48.6990509 ] } },
{ "type": "Feature", "properties": { "id": "NYCTH1", "stop_id": "NYCTH1", "stop_name": "Sainte-Catherine" }, "geometry": { "type": "Point", "coordinates": [ 6.1898591, 48.6990509 ] } },
{ "type": "Feature", "properties": { "id": "128252", "stop_id": "128252", "stop_name": "Collège Goncourt" }, "geometry": { "type": "Point", "coordinates": [ 6.261259, 48.7064882 ] } },
{ "type": "Feature", "properties": { "id": "PLCES0", "stop_id": "PLCES0", "stop_name": "College Goncourt" }, "geometry": { "type": "Point", "coordinates": [ 6.260966, 48.7061929 ] } },
{ "type": "Feature", "properties": { "id": "PLCES1", "stop_id": "PLCES1", "stop_name": "College Goncourt" }, "geometry": { "type": "Point", "coordinates": [ 6.261406, 48.7066419 ] } },
{ "type": "Feature", "properties": { "id": "128253", "stop_id": "128253", "stop_name": "Lebrun" }, "geometry": { "type": "Point", "coordinates": [ 6.255332, 48.6997069 ] } },
{ "type": "Feature", "properties": { "id": "PLLBR0", "stop_id": "PLLBR0", "stop_name": "Lebrun" }, "geometry": { "type": "Point", "coordinates": [ 6.255533, 48.6996689 ] } },
{ "type": "Feature", "properties": { "id": "PLLBR1", "stop_id": "PLLBR1", "stop_name": "Lebrun" }, "geometry": { "type": "Point", "coordinates": [ 6.255131, 48.6997449 ] } },
{ "type": "Feature", "properties": { "id": "128261", "stop_id": "128261", "stop_name": "Pont de Pierre" }, "geometry": { "type": "Point", "coordinates": [ 6.2159158, 48.6998076 ] } },
{ "type": "Feature", "properties": { "id": "MACPS0", "stop_id": "MACPS0", "stop_name": "Pont de Pierre" }, "geometry": { "type": "Point", "coordinates": [ 6.2145591, 48.7001799 ] } },
{ "type": "Feature", "properties": { "id": "MACPS1", "stop_id": "MACPS1", "stop_name": "Pont de Pierre" }, "geometry": { "type": "Point", "coordinates": [ 6.2166581, 48.6996079 ] } },
{ "type": "Feature", "properties": { "id": "MACPS2", "stop_id": "MACPS2", "stop_name": "Pont de Pierre" }, "geometry": { "type": "Point", "coordinates": [ 6.2165301, 48.6996349 ] } },
{ "type": "Feature", "properties": { "id": "128263", "stop_id": "128263", "stop_name": "Saulxures Lorraine" }, "geometry": { "type": "Point", "coordinates": [ 6.243089, 48.6794414 ] } },
{ "type": "Feature", "properties": { "id": "SLCHA0", "stop_id": "SLCHA0", "stop_name": "Saulxures Lorraine" }, "geometry": { "type": "Point", "coordinates": [ 6.242841, 48.6793059 ] } },
{ "type": "Feature", "properties": { "id": "SLCHA1", "stop_id": "SLCHA1", "stop_name": "Saulxures Lorraine" }, "geometry": { "type": "Point", "coordinates": [ 6.243337, 48.6795769 ] } },
{ "type": "Feature", "properties": { "id": "128264", "stop_id": "128264", "stop_name": "Ecoquartier" }, "geometry": { "type": "Point", "coordinates": [ 6.2705905, 48.7202339 ] } },
{ "type": "Feature", "properties": { "id": "SCHCE0", "stop_id": "SCHCE0", "stop_name": "Seichamps Ecoquartier" }, "geometry": { "type": "Point", "coordinates": [ 6.270614, 48.7201999 ] } },
{ "type": "Feature", "properties": { "id": "SCHCE1", "stop_id": "SCHCE1", "stop_name": "Seichamps  Ecoquartier" }, "geometry": { "type": "Point", "coordinates": [ 6.270567, 48.7202679 ] } },
{ "type": "Feature", "properties": { "id": "128265", "stop_id": "128265", "stop_name": "Seichamps Haie Cerlin" }, "geometry": { "type": "Point", "coordinates": [ 6.266053, 48.7194209 ] } },
{ "type": "Feature", "properties": { "id": "SCMPS0", "stop_id": "SCMPS0", "stop_name": "Seichamps Haie Cerlin" }, "geometry": { "type": "Point", "coordinates": [ 6.266053, 48.7194209 ] } },
{ "type": "Feature", "properties": { "id": "128266", "stop_id": "128266", "stop_name": "Les Bijoins" }, "geometry": { "type": "Point", "coordinates": [ 6.2536805, 48.7124404 ] } },
{ "type": "Feature", "properties": { "id": "SCBIJ0", "stop_id": "SCBIJ0", "stop_name": "Les Bijoins" }, "geometry": { "type": "Point", "coordinates": [ 6.253566, 48.7125469 ] } },
{ "type": "Feature", "properties": { "id": "SCBIJ1", "stop_id": "SCBIJ1", "stop_name": "Les Bijoins" }, "geometry": { "type": "Point", "coordinates": [ 6.253795, 48.7123339 ] } },
{ "type": "Feature", "properties": { "id": "128268", "stop_id": "128268", "stop_name": "Renoir" }, "geometry": { "type": "Point", "coordinates": [ 6.266592, 48.7134129 ] } },
{ "type": "Feature", "properties": { "id": "SCRNO0", "stop_id": "SCRNO0", "stop_name": "Renoir" }, "geometry": { "type": "Point", "coordinates": [ 6.266592, 48.7134129 ] } },
{ "type": "Feature", "properties": { "id": "128282", "stop_id": "128282", "stop_name": "Crévic" }, "geometry": { "type": "Point", "coordinates": [ 6.1756841, 48.6565169 ] } },
{ "type": "Feature", "properties": { "id": "VACRV0", "stop_id": "VACRV0", "stop_name": "Crévic" }, "geometry": { "type": "Point", "coordinates": [ 6.1756841, 48.6565169 ] } },
{ "type": "Feature", "properties": { "id": "128283", "stop_id": "128283", "stop_name": "Doyen Roubault" }, "geometry": { "type": "Point", "coordinates": [ 6.1547603, 48.6565738 ] } },
{ "type": "Feature", "properties": { "id": "TRNDP1", "stop_id": "TRNDP1", "stop_name": "Notre-Dame-des-Pauvres" }, "geometry": { "type": "Point", "coordinates": [ 6.1554931, 48.6573959 ] } },
{ "type": "Feature", "properties": { "id": "128286", "stop_id": "128286", "stop_name": "Fribourg" }, "geometry": { "type": "Point", "coordinates": [ 6.1754494, 48.6575506 ] } },
{ "type": "Feature", "properties": { "id": "VACRV1", "stop_id": "VACRV1", "stop_name": "Crévic" }, "geometry": { "type": "Point", "coordinates": [ 6.1749241, 48.6571269 ] } },
{ "type": "Feature", "properties": { "id": "VAFRI0", "stop_id": "VAFRI0", "stop_name": "Fribourg" }, "geometry": { "type": "Point", "coordinates": [ 6.176133, 48.6578519 ] } },
{ "type": "Feature", "properties": { "id": "VAFRI1", "stop_id": "VAFRI1", "stop_name": "Fribourg" }, "geometry": { "type": "Point", "coordinates": [ 6.1752911, 48.6576729 ] } },
{ "type": "Feature", "properties": { "id": "128288", "stop_id": "128288", "stop_name": "Hôtel de Ville" }, "geometry": { "type": "Point", "coordinates": [ 6.1730741, 48.6594769 ] } },
{ "type": "Feature", "properties": { "id": "VAMAI1", "stop_id": "VAMAI1", "stop_name": "Hôtel de Ville" }, "geometry": { "type": "Point", "coordinates": [ 6.1730741, 48.6594769 ] } },
{ "type": "Feature", "properties": { "id": "128291", "stop_id": "128291", "stop_name": "Myosotis" }, "geometry": { "type": "Point", "coordinates": [ 6.1846761, 48.6639019 ] } },
{ "type": "Feature", "properties": { "id": "VAMYS0", "stop_id": "VAMYS0", "stop_name": "Myosotis" }, "geometry": { "type": "Point", "coordinates": [ 6.1846761, 48.6639019 ] } },
{ "type": "Feature", "properties": { "id": "128294", "stop_id": "128294", "stop_name": "Rotterdam" }, "geometry": { "type": "Point", "coordinates": [ 6.1824081, 48.6633379 ] } },
{ "type": "Feature", "properties": { "id": "VARTD0", "stop_id": "VARTD0", "stop_name": "Rotterdam" }, "geometry": { "type": "Point", "coordinates": [ 6.1824081, 48.6633379 ] } },
{ "type": "Feature", "properties": { "id": "128296", "stop_id": "128296", "stop_name": "Sud Europe" }, "geometry": { "type": "Point", "coordinates": [ 6.1787417, 48.6528106 ] } },
{ "type": "Feature", "properties": { "id": "VASEU2", "stop_id": "VASEU2", "stop_name": "Vandoeuvre Roberval" }, "geometry": { "type": "Point", "coordinates": [ 6.178999, 48.6517949 ] } },
{ "type": "Feature", "properties": { "id": "VASUD1", "stop_id": "VASUD1", "stop_name": "Sud Europe" }, "geometry": { "type": "Point", "coordinates": [ 6.1784501, 48.6540869 ] } },
{ "type": "Feature", "properties": { "id": "VASUD2", "stop_id": "VASUD2", "stop_name": "Sud Europe" }, "geometry": { "type": "Point", "coordinates": [ 6.178776, 48.6525499 ] } },
{ "type": "Feature", "properties": { "id": "128298", "stop_id": "128298", "stop_name": "Vandoeuvre Palissy" }, "geometry": { "type": "Point", "coordinates": [ 6.1797351, 48.6535474 ] } },
{ "type": "Feature", "properties": { "id": "VAROB0", "stop_id": "VAROB0", "stop_name": "Vandoeuvre Palissy" }, "geometry": { "type": "Point", "coordinates": [ 6.1797261, 48.6535569 ] } },
{ "type": "Feature", "properties": { "id": "VAROB1", "stop_id": "VAROB1", "stop_name": "Vandoeuvre Palissy" }, "geometry": { "type": "Point", "coordinates": [ 6.1797441, 48.6535379 ] } },
{ "type": "Feature", "properties": { "id": "128299", "stop_id": "128299", "stop_name": "Asnée" }, "geometry": { "type": "Point", "coordinates": [ 6.1449821, 48.6724819 ] } },
{ "type": "Feature", "properties": { "id": "VLASN0", "stop_id": "VLASN0", "stop_name": "Asnée" }, "geometry": { "type": "Point", "coordinates": [ 6.1449821, 48.6724819 ] } },
{ "type": "Feature", "properties": { "id": "128302", "stop_id": "128302", "stop_name": "Castelnau" }, "geometry": { "type": "Point", "coordinates": [ 6.1544111, 48.6766259 ] } },
{ "type": "Feature", "properties": { "id": "VLCST0", "stop_id": "VLCST0", "stop_name": "Castelnau" }, "geometry": { "type": "Point", "coordinates": [ 6.1547161, 48.6767059 ] } },
{ "type": "Feature", "properties": { "id": "VLCST1", "stop_id": "VLCST1", "stop_name": "Castelnau" }, "geometry": { "type": "Point", "coordinates": [ 6.1537401, 48.6763729 ] } },
{ "type": "Feature", "properties": { "id": "128304", "stop_id": "128304", "stop_name": "Haut de la Taye" }, "geometry": { "type": "Point", "coordinates": [ 6.1431051, 48.6704179 ] } },
{ "type": "Feature", "properties": { "id": "VLHTY0", "stop_id": "VLHTY0", "stop_name": "Haut de la Taye" }, "geometry": { "type": "Point", "coordinates": [ 6.1431051, 48.6704179 ] } },
{ "type": "Feature", "properties": { "id": "128305", "stop_id": "128305", "stop_name": "Joseph Laurent" }, "geometry": { "type": "Point", "coordinates": [ 6.1611292, 48.6683395 ] } },
{ "type": "Feature", "properties": { "id": "VLJLR0", "stop_id": "VLJLR0", "stop_name": "Joseph Laurent" }, "geometry": { "type": "Point", "coordinates": [ 6.1619201, 48.6684239 ] } },
{ "type": "Feature", "properties": { "id": "VLJLR1", "stop_id": "VLJLR1", "stop_name": "Joseph Laurent" }, "geometry": { "type": "Point", "coordinates": [ 6.1605021, 48.6682739 ] } },
{ "type": "Feature", "properties": { "id": "VLJLR2", "stop_id": "VLJLR2", "stop_name": "Joseph Laurent" }, "geometry": { "type": "Point", "coordinates": [ 6.1617201, 48.6686139 ] } },
{ "type": "Feature", "properties": { "id": "VLJLR3", "stop_id": "VLJLR3", "stop_name": "Joseph Laurent" }, "geometry": { "type": "Point", "coordinates": [ 6.1602381, 48.6681939 ] } },
{ "type": "Feature", "properties": { "id": "128306", "stop_id": "128306", "stop_name": "Lycée Stanislas" }, "geometry": { "type": "Point", "coordinates": [ 6.1527064, 48.6634721 ] } },
{ "type": "Feature", "properties": { "id": "VLURI0", "stop_id": "VLURI0", "stop_name": "Lycée Stanislas" }, "geometry": { "type": "Point", "coordinates": [ 6.1527191, 48.6638529 ] } },
{ "type": "Feature", "properties": { "id": "VLURI1", "stop_id": "VLURI1", "stop_name": "Lycée Stanislas" }, "geometry": { "type": "Point", "coordinates": [ 6.1525581, 48.6640659 ] } },
{ "type": "Feature", "properties": { "id": "128307", "stop_id": "128307", "stop_name": "Monument" }, "geometry": { "type": "Point", "coordinates": [ 6.1417121, 48.6706959 ] } },
{ "type": "Feature", "properties": { "id": "VLMNT0", "stop_id": "VLMNT0", "stop_name": "Monument" }, "geometry": { "type": "Point", "coordinates": [ 6.1417121, 48.6706959 ] } },
{ "type": "Feature", "properties": { "id": "128313", "stop_id": "128313", "stop_name": "Villers Stade" }, "geometry": { "type": "Point", "coordinates": [ 6.1248171, 48.6561509 ] } },
{ "type": "Feature", "properties": { "id": "VLSTD0", "stop_id": "VLSTD0", "stop_name": "Villers Stade" }, "geometry": { "type": "Point", "coordinates": [ 6.1250351, 48.6560669 ] } },
{ "type": "Feature", "properties": { "id": "VLSTD1", "stop_id": "VLSTD1", "stop_name": "Villers Stade" }, "geometry": { "type": "Point", "coordinates": [ 6.1245991, 48.6562349 ] } },
{ "type": "Feature", "properties": { "id": "128632", "stop_id": "128632", "stop_name": "Amsterdam" }, "geometry": { "type": "Point", "coordinates": [ 6.1826191, 48.6596779 ] } },
{ "type": "Feature", "properties": { "id": "VAANG0", "stop_id": "VAANG0", "stop_name": "Amsterdam" }, "geometry": { "type": "Point", "coordinates": [ 6.1824721, 48.6595419 ] } },
{ "type": "Feature", "properties": { "id": "VAANG1", "stop_id": "VAANG1", "stop_name": "Amsterdam" }, "geometry": { "type": "Point", "coordinates": [ 6.1827701, 48.6598199 ] } },
{ "type": "Feature", "properties": { "id": "132816", "stop_id": "132816", "stop_name": "Jean Moulin" }, "geometry": { "type": "Point", "coordinates": [ 6.2111945, 48.6945269 ] } },
{ "type": "Feature", "properties": { "id": "MAMOU0", "stop_id": "MAMOU0", "stop_name": "Jean Moulin" }, "geometry": { "type": "Point", "coordinates": [ 6.21122, 48.6945079 ] } },
{ "type": "Feature", "properties": { "id": "MAMOU1", "stop_id": "MAMOU1", "stop_name": "Jean Moulin" }, "geometry": { "type": "Point", "coordinates": [ 6.211169, 48.6945459 ] } },
{ "type": "Feature", "properties": { "id": "135177", "stop_id": "135177", "stop_name": "Bosserville" }, "geometry": { "type": "Point", "coordinates": [ 6.2433275, 48.6625249 ] } },
{ "type": "Feature", "properties": { "id": "ARBOS0", "stop_id": "ARBOS0", "stop_name": "Bosserville" }, "geometry": { "type": "Point", "coordinates": [ 6.241849, 48.6635629 ] } },
{ "type": "Feature", "properties": { "id": "ARBOS1", "stop_id": "ARBOS1", "stop_name": "Bosserville" }, "geometry": { "type": "Point", "coordinates": [ 6.241333, 48.6615719 ] } },
{ "type": "Feature", "properties": { "id": "ARBOS2", "stop_id": "ARBOS2", "stop_name": "Art-sur-Meurthe - Bosserville" }, "geometry": { "type": "Point", "coordinates": [ 6.24482, 48.6622309 ] } },
{ "type": "Feature", "properties": { "id": "136220", "stop_id": "136220", "stop_name": "Courbet" }, "geometry": { "type": "Point", "coordinates": [ 6.1679124, 48.7123978 ] } },
{ "type": "Feature", "properties": { "id": "MXCRB0", "stop_id": "MXCRB0", "stop_name": "Courbet" }, "geometry": { "type": "Point", "coordinates": [ 6.1677391, 48.7127229 ] } },
{ "type": "Feature", "properties": { "id": "MXCRB1", "stop_id": "MXCRB1", "stop_name": "Courbet" }, "geometry": { "type": "Point", "coordinates": [ 6.1677801, 48.7115709 ] } },
{ "type": "Feature", "properties": { "id": "MXCRB2", "stop_id": "MXCRB2", "stop_name": "Courbet" }, "geometry": { "type": "Point", "coordinates": [ 6.1681281, 48.7132089 ] } },
{ "type": "Feature", "properties": { "id": "138039", "stop_id": "138039", "stop_name": "Cimetière du Sud" }, "geometry": { "type": "Point", "coordinates": [ 6.1919141, 48.6768689 ] } },
{ "type": "Feature", "properties": { "id": "NYCIM0", "stop_id": "NYCIM0", "stop_name": "Cimetiere du Sud" }, "geometry": { "type": "Point", "coordinates": [ 6.1919001, 48.6768679 ] } },
{ "type": "Feature", "properties": { "id": "NYCIM1", "stop_id": "NYCIM1", "stop_name": "Cimetiere du Sud" }, "geometry": { "type": "Point", "coordinates": [ 6.1919001, 48.6768679 ] } },
{ "type": "Feature", "properties": { "id": "NYCMS0", "stop_id": "NYCMS0", "stop_name": "Cimetiere de Sud" }, "geometry": { "type": "Point", "coordinates": [ 6.1916861, 48.6772609 ] } },
{ "type": "Feature", "properties": { "id": "NYCMS1", "stop_id": "NYCMS1", "stop_name": "Cimetiere du Sud" }, "geometry": { "type": "Point", "coordinates": [ 6.19217, 48.6764789 ] } },
{ "type": "Feature", "properties": { "id": "141961", "stop_id": "141961", "stop_name": "Essey Emile Gallé" }, "geometry": { "type": "Point", "coordinates": [ 6.2224461, 48.7006819 ] } },
{ "type": "Feature", "properties": { "id": "ESCES0", "stop_id": "ESCES0", "stop_name": "Emile Gallé" }, "geometry": { "type": "Point", "coordinates": [ 6.2222421, 48.7006259 ] } },
{ "type": "Feature", "properties": { "id": "143058", "stop_id": "143058", "stop_name": "ARTEM" }, "geometry": { "type": "Point", "coordinates": [ 6.1721601, 48.6725919 ] } },
{ "type": "Feature", "properties": { "id": "NYBLA5", "stop_id": "NYBLA5", "stop_name": "ARTEM" }, "geometry": { "type": "Point", "coordinates": [ 6.1721601, 48.6725919 ] } },
{ "type": "Feature", "properties": { "id": "143308", "stop_id": "143308", "stop_name": "Patton" }, "geometry": { "type": "Point", "coordinates": [ 6.1712561, 48.6906699 ] } },
{ "type": "Feature", "properties": { "id": "NYLEO0", "stop_id": "NYLEO0", "stop_name": "Patton" }, "geometry": { "type": "Point", "coordinates": [ 6.1712561, 48.6906699 ] } },
{ "type": "Feature", "properties": { "id": "143330", "stop_id": "143330", "stop_name": "Villers Campus Sciences" }, "geometry": { "type": "Point", "coordinates": [ 6.1559106, 48.6634234 ] } },
{ "type": "Feature", "properties": { "id": "VLSTA0", "stop_id": "VLSTA0", "stop_name": "Villers Campus Sciences" }, "geometry": { "type": "Point", "coordinates": [ 6.1556981, 48.6633639 ] } },
{ "type": "Feature", "properties": { "id": "VLSTA3", "stop_id": "VLSTA3", "stop_name": "Villers Campus Sciences" }, "geometry": { "type": "Point", "coordinates": [ 6.1561231, 48.6634829 ] } },
{ "type": "Feature", "properties": { "id": "143374", "stop_id": "143374", "stop_name": "Mere Teresa" }, "geometry": { "type": "Point", "coordinates": [ 6.2274035, 48.7043419 ] } },
{ "type": "Feature", "properties": { "id": "ESMET0", "stop_id": "ESMET0", "stop_name": "Mere Teresa" }, "geometry": { "type": "Point", "coordinates": [ 6.227397, 48.7044489 ] } },
{ "type": "Feature", "properties": { "id": "ESMET1", "stop_id": "ESMET1", "stop_name": "Mere Teresa" }, "geometry": { "type": "Point", "coordinates": [ 6.22741, 48.7042349 ] } },
{ "type": "Feature", "properties": { "id": "143375", "stop_id": "143375", "stop_name": "Vandoeuvre Brabois - H." }, "geometry": { "type": "Point", "coordinates": [ 6.1465931, 48.6495319 ] } },
{ "type": "Feature", "properties": { "id": "TRCHU0", "stop_id": "TRCHU0", "stop_name": "Vandoeuvre Brabois - H." }, "geometry": { "type": "Point", "coordinates": [ 6.1465931, 48.6495319 ] } },
{ "type": "Feature", "properties": { "id": "144418", "stop_id": "144418", "stop_name": "Porte Verte" }, "geometry": { "type": "Point", "coordinates": [ 6.245255, 48.7062109 ] } },
{ "type": "Feature", "properties": { "id": "ESSBL0", "stop_id": "ESSBL0", "stop_name": "Porte Verte" }, "geometry": { "type": "Point", "coordinates": [ 6.244985, 48.7069509 ] } },
{ "type": "Feature", "properties": { "id": "ESSBL3", "stop_id": "ESSBL3", "stop_name": "Porte Verte" }, "geometry": { "type": "Point", "coordinates": [ 6.245525, 48.7054709 ] } },
{ "type": "Feature", "properties": { "id": "144841", "stop_id": "144841", "stop_name": "Bergé" }, "geometry": { "type": "Point", "coordinates": [ 6.1734343, 48.657773 ] } },
{ "type": "Feature", "properties": { "id": "VABRG3", "stop_id": "VABRG3", "stop_name": "Bergé" }, "geometry": { "type": "Point", "coordinates": [ 6.1739181, 48.6577189 ] } },
{ "type": "Feature", "properties": { "id": "VABRG4", "stop_id": "VABRG4", "stop_name": "Bergé" }, "geometry": { "type": "Point", "coordinates": [ 6.17295, 48.6578269 ] } },
{ "type": "Feature", "properties": { "id": "146482", "stop_id": "146482", "stop_name": "Cyfflé" }, "geometry": { "type": "Point", "coordinates": [ 6.1821651, 48.6871489 ] } },
{ "type": "Feature", "properties": { "id": "NYTIS0", "stop_id": "NYTIS0", "stop_name": "Cyfflé" }, "geometry": { "type": "Point", "coordinates": [ 6.1821651, 48.6871489 ] } },
{ "type": "Feature", "properties": { "id": "146483", "stop_id": "146483", "stop_name": "Gérard Barrois" }, "geometry": { "type": "Point", "coordinates": [ 6.2044036, 48.6998427 ] } },
{ "type": "Feature", "properties": { "id": "MAPIC1", "stop_id": "MAPIC1", "stop_name": "Gérard Barrois" }, "geometry": { "type": "Point", "coordinates": [ 6.204428, 48.6996959 ] } },
{ "type": "Feature", "properties": { "id": "MAPIC3", "stop_id": "MAPIC3", "stop_name": "Gérard Barrois" }, "geometry": { "type": "Point", "coordinates": [ 6.204741, 48.6995739 ] } },
{ "type": "Feature", "properties": { "id": "MAPIC5", "stop_id": "MAPIC5", "stop_name": "Gérard Barrois" }, "geometry": { "type": "Point", "coordinates": [ 6.2040251, 48.7001609 ] } },
{ "type": "Feature", "properties": { "id": "MAPIC6", "stop_id": "MAPIC6", "stop_name": "Gérard Barrois" }, "geometry": { "type": "Point", "coordinates": [ 6.2044201, 48.6999399 ] } },
{ "type": "Feature", "properties": { "id": "153181", "stop_id": "153181", "stop_name": "Art-sur-Meurthe" }, "geometry": { "type": "Point", "coordinates": [ 6.269274, 48.6586339 ] } },
{ "type": "Feature", "properties": { "id": "ARART0", "stop_id": "ARART0", "stop_name": "Art-sur-Meurthe" }, "geometry": { "type": "Point", "coordinates": [ 6.269274, 48.6586339 ] } },
{ "type": "Feature", "properties": { "id": "ARART1", "stop_id": "ARART1", "stop_name": "Art-sur-Meurthe" }, "geometry": { "type": "Point", "coordinates": [ 6.269274, 48.6586339 ] } },
{ "type": "Feature", "properties": { "id": "153185", "stop_id": "153185", "stop_name": "Cartonneries" }, "geometry": { "type": "Point", "coordinates": [ 6.2249872, 48.6589115 ] } },
{ "type": "Feature", "properties": { "id": "LNCRT0", "stop_id": "LNCRT0", "stop_name": "Cartonneries" }, "geometry": { "type": "Point", "coordinates": [ 6.224458, 48.6586529 ] } },
{ "type": "Feature", "properties": { "id": "LNCRT1", "stop_id": "LNCRT1", "stop_name": "Cartonneries" }, "geometry": { "type": "Point", "coordinates": [ 6.225516, 48.6591759 ] } },
{ "type": "Feature", "properties": { "id": "153186", "stop_id": "153186", "stop_name": "Flaubert" }, "geometry": { "type": "Point", "coordinates": [ 6.2179134, 48.6572734 ] } },
{ "type": "Feature", "properties": { "id": "LNFLO0", "stop_id": "LNFLO0", "stop_name": "Flaubert" }, "geometry": { "type": "Point", "coordinates": [ 6.217963, 48.6571659 ] } },
{ "type": "Feature", "properties": { "id": "LNFLO1", "stop_id": "LNFLO1", "stop_name": "Flaubert" }, "geometry": { "type": "Point", "coordinates": [ 6.217908, 48.6573589 ] } },
{ "type": "Feature", "properties": { "id": "153187", "stop_id": "153187", "stop_name": "Laneuveville Centre" }, "geometry": { "type": "Point", "coordinates": [ 6.230079, 48.6591419 ] } },
{ "type": "Feature", "properties": { "id": "LNCTR0", "stop_id": "LNCTR0", "stop_name": "Laneuveville Centre" }, "geometry": { "type": "Point", "coordinates": [ 6.230079, 48.6591419 ] } },
{ "type": "Feature", "properties": { "id": "153189", "stop_id": "153189", "stop_name": "Brasseries" }, "geometry": { "type": "Point", "coordinates": [ 6.1678644, 48.7061054 ] } },
{ "type": "Feature", "properties": { "id": "MXBRS0", "stop_id": "MXBRS0", "stop_name": "Brasseries" }, "geometry": { "type": "Point", "coordinates": [ 6.1679041, 48.7060589 ] } },
{ "type": "Feature", "properties": { "id": "MXBRS1", "stop_id": "MXBRS1", "stop_name": "Brasseries" }, "geometry": { "type": "Point", "coordinates": [ 6.1678821, 48.7061309 ] } },
{ "type": "Feature", "properties": { "id": "153190", "stop_id": "153190", "stop_name": "Lavoir" }, "geometry": { "type": "Point", "coordinates": [ 6.1669957, 48.70905 ] } },
{ "type": "Feature", "properties": { "id": "MXLAV0", "stop_id": "MXLAV0", "stop_name": "Lavoir" }, "geometry": { "type": "Point", "coordinates": [ 6.1669781, 48.7089959 ] } },
{ "type": "Feature", "properties": { "id": "MXLAV1", "stop_id": "MXLAV1", "stop_name": "Lavoir" }, "geometry": { "type": "Point", "coordinates": [ 6.1670871, 48.7091709 ] } },
{ "type": "Feature", "properties": { "id": "153196", "stop_id": "153196", "stop_name": "Grande Corvée" }, "geometry": { "type": "Point", "coordinates": [ 6.1560528, 48.6652298 ] } },
{ "type": "Feature", "properties": { "id": "VLGCV0", "stop_id": "VLGCV0", "stop_name": "Grande Corvée" }, "geometry": { "type": "Point", "coordinates": [ 6.1563021, 48.6656569 ] } },
{ "type": "Feature", "properties": { "id": "VLGCV1", "stop_id": "VLGCV1", "stop_name": "Grande Corvée" }, "geometry": { "type": "Point", "coordinates": [ 6.1557181, 48.6647379 ] } },
{ "type": "Feature", "properties": { "id": "153446", "stop_id": "153446", "stop_name": "Gare de Ludres" }, "geometry": { "type": "Point", "coordinates": [ 6.1707163, 48.6220267 ] } },
{ "type": "Feature", "properties": { "id": "LDGAR0", "stop_id": "LDGAR0", "stop_name": "Ludres Gare" }, "geometry": { "type": "Point", "coordinates": [ 6.1707361, 48.6222149 ] } },
{ "type": "Feature", "properties": { "id": "LDGAR1", "stop_id": "LDGAR1", "stop_name": "Ludres Gare" }, "geometry": { "type": "Point", "coordinates": [ 6.170835, 48.6221319 ] } },
{ "type": "Feature", "properties": { "id": "154001", "stop_id": "154001", "stop_name": "Saint-Georges" }, "geometry": { "type": "Point", "coordinates": [ 6.1944703, 48.6958851 ] } },
{ "type": "Feature", "properties": { "id": "NYGRG3", "stop_id": "NYGRG3", "stop_name": "Saint-Georges" }, "geometry": { "type": "Point", "coordinates": [ 6.194184, 48.6969299 ] } },
{ "type": "Feature", "properties": { "id": "NYGRG5", "stop_id": "NYGRG5", "stop_name": "Saint-Georges" }, "geometry": { "type": "Point", "coordinates": [ 6.1937681, 48.6955129 ] } },
{ "type": "Feature", "properties": { "id": "NYMOT3", "stop_id": "NYMOT3", "stop_name": "Saint-Georges" }, "geometry": { "type": "Point", "coordinates": [ 6.193646, 48.6955869 ] } },
{ "type": "Feature", "properties": { "id": "TRRIV0", "stop_id": "TRRIV0", "stop_name": "Deux Rives - O. de Gouges" }, "geometry": { "type": "Point", "coordinates": [ 6.1954981, 48.6957429 ] } },
{ "type": "Feature", "properties": { "id": "TRRIV1", "stop_id": "TRRIV1", "stop_name": "Deux Rives - O. de Gouges" }, "geometry": { "type": "Point", "coordinates": [ 6.1952551, 48.6956529 ] } },
{ "type": "Feature", "properties": { "id": "154003", "stop_id": "154003", "stop_name": "Place Stanislas - Cathédrale" }, "geometry": { "type": "Point", "coordinates": [ 6.1856606, 48.6918193 ] } },
{ "type": "Feature", "properties": { "id": "TRCAT0", "stop_id": "TRCAT0", "stop_name": "Place Stanislas - Cathédrale" }, "geometry": { "type": "Point", "coordinates": [ 6.1855041, 48.6917649 ] } },
{ "type": "Feature", "properties": { "id": "TRCAT1", "stop_id": "TRCAT1", "stop_name": "Place Stanislas - Cathédrale" }, "geometry": { "type": "Point", "coordinates": [ 6.1858171, 48.6918729 ] } },
{ "type": "Feature", "properties": { "id": "154004", "stop_id": "154004", "stop_name": "Point Central" }, "geometry": { "type": "Point", "coordinates": [ 6.1823841, 48.6908049 ] } },
{ "type": "Feature", "properties": { "id": "TRPCL0", "stop_id": "TRPCL0", "stop_name": "Point Central" }, "geometry": { "type": "Point", "coordinates": [ 6.1819491, 48.6906419 ] } },
{ "type": "Feature", "properties": { "id": "TRPCL1", "stop_id": "TRPCL1", "stop_name": "Point Central" }, "geometry": { "type": "Point", "coordinates": [ 6.1828191, 48.6909679 ] } },
{ "type": "Feature", "properties": { "id": "173478", "stop_id": "173478", "stop_name": "MALZEVILLE - Pixérécourt" }, "geometry": { "type": "Point", "coordinates": [ 6.1808632, 48.7251876 ] } },
{ "type": "Feature", "properties": { "id": "MLZVI2", "stop_id": "MLZVI2", "stop_name": "Malzéville" }, "geometry": { "type": "Point", "coordinates": [ 6.1811281, 48.7252849 ] } },
{ "type": "Feature", "properties": { "id": "174266", "stop_id": "174266", "stop_name": "NANCY - Place des Vosges" }, "geometry": { "type": "Point", "coordinates": [ 6.1877101, 48.6847552 ] } },
{ "type": "Feature", "properties": { "id": "NYVOS0", "stop_id": "NYVOS0", "stop_name": "Place des Vosges" }, "geometry": { "type": "Point", "coordinates": [ 6.187728, 48.6848489 ] } },
{ "type": "Feature", "properties": { "id": "NYVOS1", "stop_id": "NYVOS1", "stop_name": "Place des Vosges" }, "geometry": { "type": "Point", "coordinates": [ 6.1876831, 48.6846919 ] } },
{ "type": "Feature", "properties": { "id": "174561", "stop_id": "174561", "stop_name": "Villemin" }, "geometry": { "type": "Point", "coordinates": [ 6.18996, 48.6789479 ] } },
{ "type": "Feature", "properties": { "id": "NYVLL0", "stop_id": "NYVLL0", "stop_name": "Villemin" }, "geometry": { "type": "Point", "coordinates": [ 6.190042, 48.6787919 ] } },
{ "type": "Feature", "properties": { "id": "NYVLL1", "stop_id": "NYVLL1", "stop_name": "Villemin" }, "geometry": { "type": "Point", "coordinates": [ 6.189878, 48.6791039 ] } },
{ "type": "Feature", "properties": { "id": "176174", "stop_id": "176174", "stop_name": "Ravel" }, "geometry": { "type": "Point", "coordinates": [ 6.1719675, 48.6122109 ] } },
{ "type": "Feature", "properties": { "id": "LDRAV0", "stop_id": "LDRAV0", "stop_name": "Ravel" }, "geometry": { "type": "Point", "coordinates": [ 6.172003, 48.6121439 ] } },
{ "type": "Feature", "properties": { "id": "LDRAV1", "stop_id": "LDRAV1", "stop_name": "Ravel" }, "geometry": { "type": "Point", "coordinates": [ 6.171932, 48.6122779 ] } },
{ "type": "Feature", "properties": { "id": "176177", "stop_id": "176177", "stop_name": "Cristalleries" }, "geometry": { "type": "Point", "coordinates": [ 6.198623, 48.6976266 ] } },
{ "type": "Feature", "properties": { "id": "NYCRI4", "stop_id": "NYCRI4", "stop_name": "Cristalleries" }, "geometry": { "type": "Point", "coordinates": [ 6.198289, 48.6977069 ] } },
{ "type": "Feature", "properties": { "id": "NYCRI5", "stop_id": "NYCRI5", "stop_name": "Cristalleries" }, "geometry": { "type": "Point", "coordinates": [ 6.198552, 48.6977499 ] } },
{ "type": "Feature", "properties": { "id": "TRCRI0", "stop_id": "TRCRI0", "stop_name": "Cristalleries - Stade M. Picot" }, "geometry": { "type": "Point", "coordinates": [ 6.199001, 48.6975589 ] } },
{ "type": "Feature", "properties": { "id": "TRCRI1", "stop_id": "TRCRI1", "stop_name": "Cristalleries - Stade M. Picot" }, "geometry": { "type": "Point", "coordinates": [ 6.1986501, 48.6974909 ] } },
{ "type": "Feature", "properties": { "id": "176363", "stop_id": "176363", "stop_name": "Gambetta" }, "geometry": { "type": "Point", "coordinates": [ 6.1667926, 48.7127298 ] } },
{ "type": "Feature", "properties": { "id": "MXGMB0", "stop_id": "MXGMB0", "stop_name": "Gambetta" }, "geometry": { "type": "Point", "coordinates": [ 6.1667921, 48.7127289 ] } },
{ "type": "Feature", "properties": { "id": "176365", "stop_id": "176365", "stop_name": "Lobau" }, "geometry": { "type": "Point", "coordinates": [ 6.1974396, 48.6822513 ] } },
{ "type": "Feature", "properties": { "id": "NYLOB2", "stop_id": "NYLOB2", "stop_name": "Lobau" }, "geometry": { "type": "Point", "coordinates": [ 6.197197, 48.6824529 ] } },
{ "type": "Feature", "properties": { "id": "NYLOB3", "stop_id": "NYLOB3", "stop_name": "Lobau" }, "geometry": { "type": "Point", "coordinates": [ 6.1976821, 48.6820499 ] } },
{ "type": "Feature", "properties": { "id": "176366", "stop_id": "176366", "stop_name": "Kehl" }, "geometry": { "type": "Point", "coordinates": [ 6.1763337, 48.6601033 ] } },
{ "type": "Feature", "properties": { "id": "VAARC0", "stop_id": "VAARC0", "stop_name": "Kehl" }, "geometry": { "type": "Point", "coordinates": [ 6.1761171, 48.6605869 ] } },
{ "type": "Feature", "properties": { "id": "VAJAR1", "stop_id": "VAJAR1", "stop_name": "Kehl" }, "geometry": { "type": "Point", "coordinates": [ 6.1764801, 48.6597039 ] } },
{ "type": "Feature", "properties": { "id": "179921", "stop_id": "179921", "stop_name": "Ludres" }, "geometry": { "type": "Point", "coordinates": [ 6.1755271, 48.6253279 ] } },
{ "type": "Feature", "properties": { "id": "LDRES0", "stop_id": "LDRES0", "stop_name": "Ludres" }, "geometry": { "type": "Point", "coordinates": [ 6.1755271, 48.6253279 ] } },
{ "type": "Feature", "properties": { "id": "180492", "stop_id": "180492", "stop_name": "Jolimont" }, "geometry": { "type": "Point", "coordinates": [ 6.2023601, 48.7110059 ] } },
{ "type": "Feature", "properties": { "id": "MAJOL0", "stop_id": "MAJOL0", "stop_name": "Jolimont" }, "geometry": { "type": "Point", "coordinates": [ 6.2023601, 48.7110059 ] } },
{ "type": "Feature", "properties": { "id": "MAJOL1", "stop_id": "MAJOL1", "stop_name": "Jolimont" }, "geometry": { "type": "Point", "coordinates": [ 6.2023601, 48.7110059 ] } },
{ "type": "Feature", "properties": { "id": "180494", "stop_id": "180494", "stop_name": "Résidences Vertes" }, "geometry": { "type": "Point", "coordinates": [ 6.25042, 48.7024404 ] } },
{ "type": "Feature", "properties": { "id": "PLVER0", "stop_id": "PLVER0", "stop_name": "Résidences Vertes" }, "geometry": { "type": "Point", "coordinates": [ 6.250452, 48.7024309 ] } },
{ "type": "Feature", "properties": { "id": "PLVER1", "stop_id": "PLVER1", "stop_name": "Résidences Vertes" }, "geometry": { "type": "Point", "coordinates": [ 6.250388, 48.7024499 ] } },
{ "type": "Feature", "properties": { "id": "180495", "stop_id": "180495", "stop_name": "Saint-André - Jardin Botanique" }, "geometry": { "type": "Point", "coordinates": [ 6.1594334, 48.6602237 ] } },
{ "type": "Feature", "properties": { "id": "TRBOT0", "stop_id": "TRBOT0", "stop_name": "Saint-André - Jardin Botanique" }, "geometry": { "type": "Point", "coordinates": [ 6.1595921, 48.6603199 ] } },
{ "type": "Feature", "properties": { "id": "TRBOT1", "stop_id": "TRBOT1", "stop_name": "Saint-André - Jardin Botanique" }, "geometry": { "type": "Point", "coordinates": [ 6.1592741, 48.6601269 ] } },
{ "type": "Feature", "properties": { "id": "180497", "stop_id": "180497", "stop_name": "Garenne - Rose Wild" }, "geometry": { "type": "Point", "coordinates": [ 6.1785116, 48.6812169 ] } },
{ "type": "Feature", "properties": { "id": "TRGAN0", "stop_id": "TRGAN0", "stop_name": "Garenne - Rose Wild" }, "geometry": { "type": "Point", "coordinates": [ 6.1785341, 48.6812939 ] } },
{ "type": "Feature", "properties": { "id": "TRGAN1", "stop_id": "TRGAN1", "stop_name": "Garenne - Rose Wild" }, "geometry": { "type": "Point", "coordinates": [ 6.1784891, 48.6811399 ] } },
{ "type": "Feature", "properties": { "id": "180499", "stop_id": "180499", "stop_name": "Jean Jaures" }, "geometry": { "type": "Point", "coordinates": [ 6.1802244, 48.6793377 ] } },
{ "type": "Feature", "properties": { "id": "NYCLM1", "stop_id": "NYCLM1", "stop_name": "Jean Jaures" }, "geometry": { "type": "Point", "coordinates": [ 6.1805031, 48.6793169 ] } },
{ "type": "Feature", "properties": { "id": "NYCLM3", "stop_id": "NYCLM3", "stop_name": "Jean Jaures" }, "geometry": { "type": "Point", "coordinates": [ 6.1809451, 48.6794129 ] } },
{ "type": "Feature", "properties": { "id": "TRJAU0", "stop_id": "TRJAU0", "stop_name": "Jean Jaures" }, "geometry": { "type": "Point", "coordinates": [ 6.1796641, 48.6794599 ] } },
{ "type": "Feature", "properties": { "id": "TRJAU1", "stop_id": "TRJAU1", "stop_name": "Jean Jaures" }, "geometry": { "type": "Point", "coordinates": [ 6.1797851, 48.6791609 ] } },
{ "type": "Feature", "properties": { "id": "180502", "stop_id": "180502", "stop_name": "Mon Désert - Thermal" }, "geometry": { "type": "Point", "coordinates": [ 6.1764309, 48.6843849 ] } },
{ "type": "Feature", "properties": { "id": "TRMDE0", "stop_id": "TRMDE0", "stop_name": "Mon Désert - Thermal" }, "geometry": { "type": "Point", "coordinates": [ 6.1764101, 48.6844999 ] } },
{ "type": "Feature", "properties": { "id": "TRMDE1", "stop_id": "TRMDE1", "stop_name": "Mon Désert - Thermal" }, "geometry": { "type": "Point", "coordinates": [ 6.1764511, 48.6842699 ] } },
{ "type": "Feature", "properties": { "id": "180505", "stop_id": "180505", "stop_name": "Fléville Mairie" }, "geometry": { "type": "Point", "coordinates": [ 6.205329, 48.6258279 ] } },
{ "type": "Feature", "properties": { "id": "FLMAI0", "stop_id": "FLMAI0", "stop_name": "Fléville Mairie" }, "geometry": { "type": "Point", "coordinates": [ 6.2045, 48.6257289 ] } },
{ "type": "Feature", "properties": { "id": "FLMAI1", "stop_id": "FLMAI1", "stop_name": "Fléville Mairie" }, "geometry": { "type": "Point", "coordinates": [ 6.206158, 48.6259269 ] } },
{ "type": "Feature", "properties": { "id": "180506", "stop_id": "180506", "stop_name": "Tourtel" }, "geometry": { "type": "Point", "coordinates": [ 6.196968, 48.6703529 ] } },
{ "type": "Feature", "properties": { "id": "JRTEL0", "stop_id": "JRTEL0", "stop_name": "Tourtel" }, "geometry": { "type": "Point", "coordinates": [ 6.196434, 48.6706579 ] } },
{ "type": "Feature", "properties": { "id": "JRTEL1", "stop_id": "JRTEL1", "stop_name": "Tourtel" }, "geometry": { "type": "Point", "coordinates": [ 6.197502, 48.6700479 ] } },
{ "type": "Feature", "properties": { "id": "180507", "stop_id": "180507", "stop_name": "Laxou V. Prouvé" }, "geometry": { "type": "Point", "coordinates": [ 6.1447981, 48.6772119 ] } },
{ "type": "Feature", "properties": { "id": "VLVPR0", "stop_id": "VLVPR0", "stop_name": "Laxou V. Prouvé" }, "geometry": { "type": "Point", "coordinates": [ 6.1447981, 48.6772119 ] } },
{ "type": "Feature", "properties": { "id": "180508", "stop_id": "180508", "stop_name": "Maréville" }, "geometry": { "type": "Point", "coordinates": [ 6.1447636, 48.6780679 ] } },
{ "type": "Feature", "properties": { "id": "LXMAR2", "stop_id": "LXMAR2", "stop_name": "Maréville" }, "geometry": { "type": "Point", "coordinates": [ 6.1451121, 48.6780049 ] } },
{ "type": "Feature", "properties": { "id": "LXMAR3", "stop_id": "LXMAR3", "stop_name": "Maréville" }, "geometry": { "type": "Point", "coordinates": [ 6.1444151, 48.6781309 ] } },
{ "type": "Feature", "properties": { "id": "180509", "stop_id": "180509", "stop_name": "Fresnel" }, "geometry": { "type": "Point", "coordinates": [ 6.191738, 48.6149019 ] } },
{ "type": "Feature", "properties": { "id": "FLZIN0", "stop_id": "FLZIN0", "stop_name": "Fresnel" }, "geometry": { "type": "Point", "coordinates": [ 6.191738, 48.6149019 ] } },
{ "type": "Feature", "properties": { "id": "180510", "stop_id": "180510", "stop_name": "Ecole Pasteur" }, "geometry": { "type": "Point", "coordinates": [ 6.1922231, 48.7081734 ] } },
{ "type": "Feature", "properties": { "id": "MLEPA0", "stop_id": "MLEPA0", "stop_name": "Ecole Pasteur" }, "geometry": { "type": "Point", "coordinates": [ 6.1934311, 48.7088849 ] } },
{ "type": "Feature", "properties": { "id": "MLEPA1", "stop_id": "MLEPA1", "stop_name": "Ecole Pasteur" }, "geometry": { "type": "Point", "coordinates": [ 6.1910151, 48.7074619 ] } },
{ "type": "Feature", "properties": { "id": "180514", "stop_id": "180514", "stop_name": "Salengro" }, "geometry": { "type": "Point", "coordinates": [ 6.225158, 48.6760044 ] } },
{ "type": "Feature", "properties": { "id": "TMSAL0", "stop_id": "TMSAL0", "stop_name": "Salengro" }, "geometry": { "type": "Point", "coordinates": [ 6.226209, 48.6758919 ] } },
{ "type": "Feature", "properties": { "id": "TMSAL1", "stop_id": "TMSAL1", "stop_name": "Salengro" }, "geometry": { "type": "Point", "coordinates": [ 6.224107, 48.6761169 ] } },
{ "type": "Feature", "properties": { "id": "181840", "stop_id": "181840", "stop_name": "ARTEM - Blandan - Thermal" }, "geometry": { "type": "Point", "coordinates": [ 6.1724675, 48.6720349 ] } },
{ "type": "Feature", "properties": { "id": "TRBLA0", "stop_id": "TRBLA0", "stop_name": "ARTEM - Blandan - Thermal" }, "geometry": { "type": "Point", "coordinates": [ 6.1726061, 48.6720909 ] } },
{ "type": "Feature", "properties": { "id": "TRBLA1", "stop_id": "TRBLA1", "stop_name": "ARTEM - Blandan - Thermal" }, "geometry": { "type": "Point", "coordinates": [ 6.1723281, 48.6719789 ] } },
{ "type": "Feature", "properties": { "id": "181841", "stop_id": "181841", "stop_name": "Montet Octroi" }, "geometry": { "type": "Point", "coordinates": [ 6.1685697, 48.668444 ] } },
{ "type": "Feature", "properties": { "id": "TRMTO0", "stop_id": "TRMTO0", "stop_name": "Montet Octroi" }, "geometry": { "type": "Point", "coordinates": [ 6.1686951, 48.6684909 ] } },
{ "type": "Feature", "properties": { "id": "TRMTO1", "stop_id": "TRMTO1", "stop_name": "Montet Octroi" }, "geometry": { "type": "Point", "coordinates": [ 6.1684431, 48.6683959 ] } },
{ "type": "Feature", "properties": { "id": "181842", "stop_id": "181842", "stop_name": "Parc de Brabois" }, "geometry": { "type": "Point", "coordinates": [ 6.1522575, 48.6538816 ] } },
{ "type": "Feature", "properties": { "id": "TRPBR0", "stop_id": "TRPBR0", "stop_name": "Parc de Brabois" }, "geometry": { "type": "Point", "coordinates": [ 6.1527431, 48.6542329 ] } },
{ "type": "Feature", "properties": { "id": "TRPBR1", "stop_id": "TRPBR1", "stop_name": "Parc de Brabois" }, "geometry": { "type": "Point", "coordinates": [ 6.1518831, 48.6535609 ] } },
{ "type": "Feature", "properties": { "id": "182291", "stop_id": "182291", "stop_name": "Amerval" }, "geometry": { "type": "Point", "coordinates": [ 6.1807011, 48.6933514 ] } },
{ "type": "Feature", "properties": { "id": "NYAME0", "stop_id": "NYAME0", "stop_name": "Amerval" }, "geometry": { "type": "Point", "coordinates": [ 6.1808881, 48.6931339 ] } },
{ "type": "Feature", "properties": { "id": "NYAME1", "stop_id": "NYAME1", "stop_name": "Amerval" }, "geometry": { "type": "Point", "coordinates": [ 6.1805141, 48.6935689 ] } },
{ "type": "Feature", "properties": { "id": "182293", "stop_id": "182293", "stop_name": "Carsat" }, "geometry": { "type": "Point", "coordinates": [ 6.1704181, 48.7032152 ] } },
{ "type": "Feature", "properties": { "id": "NYSIL0", "stop_id": "NYSIL0", "stop_name": "Carsat" }, "geometry": { "type": "Point", "coordinates": [ 6.1703711, 48.7032959 ] } },
{ "type": "Feature", "properties": { "id": "NYSIL1", "stop_id": "NYSIL1", "stop_name": "Carsat" }, "geometry": { "type": "Point", "coordinates": [ 6.1703301, 48.7031819 ] } },
{ "type": "Feature", "properties": { "id": "182294", "stop_id": "182294", "stop_name": "Désilles" }, "geometry": { "type": "Point", "coordinates": [ 6.1739507, 48.6982713 ] } },
{ "type": "Feature", "properties": { "id": "NYDES1", "stop_id": "NYDES1", "stop_name": "Désilles" }, "geometry": { "type": "Point", "coordinates": [ 6.1738261, 48.6982909 ] } },
{ "type": "Feature", "properties": { "id": "NYDES3", "stop_id": "NYDES3", "stop_name": "Désilles" }, "geometry": { "type": "Point", "coordinates": [ 6.1739891, 48.6983499 ] } },
{ "type": "Feature", "properties": { "id": "182297", "stop_id": "182297", "stop_name": "Saint-Fiacre" }, "geometry": { "type": "Point", "coordinates": [ 6.1720438, 48.7009176 ] } },
{ "type": "Feature", "properties": { "id": "NYKEL0", "stop_id": "NYKEL0", "stop_name": "Saint-Fiacre" }, "geometry": { "type": "Point", "coordinates": [ 6.1719041, 48.7011029 ] } },
{ "type": "Feature", "properties": { "id": "NYKEL1", "stop_id": "NYKEL1", "stop_name": "Saint-Fiacre" }, "geometry": { "type": "Point", "coordinates": [ 6.1720861, 48.7008089 ] } },
{ "type": "Feature", "properties": { "id": "182313", "stop_id": "182313", "stop_name": "Brabois hôpitaux" }, "geometry": { "type": "Point", "coordinates": [ 6.1454809, 48.6491009 ] } },
{ "type": "Feature", "properties": { "id": "TRCHU1", "stop_id": "TRCHU1", "stop_name": "Vandoeuvre Brabois - H." }, "geometry": { "type": "Point", "coordinates": [ 6.1463021, 48.6494079 ] } },
{ "type": "Feature", "properties": { "id": "182316", "stop_id": "182316", "stop_name": "Technopole" }, "geometry": { "type": "Point", "coordinates": [ 6.148253, 48.6507723 ] } },
{ "type": "Feature", "properties": { "id": "TRTEC0", "stop_id": "TRTEC0", "stop_name": "Technopôle" }, "geometry": { "type": "Point", "coordinates": [ 6.1485011, 48.6507449 ] } },
{ "type": "Feature", "properties": { "id": "TRTEC1", "stop_id": "TRTEC1", "stop_name": "Technopôle" }, "geometry": { "type": "Point", "coordinates": [ 6.1479891, 48.6507969 ] } },
{ "type": "Feature", "properties": { "id": "186663", "stop_id": "186663", "stop_name": "Laneuveville Piscine" }, "geometry": { "type": "Point", "coordinates": [ 6.2277066, 48.6592203 ] } },
{ "type": "Feature", "properties": { "id": "LNECS0", "stop_id": "LNECS0", "stop_name": "Laneuveville Piscine" }, "geometry": { "type": "Point", "coordinates": [ 6.227811, 48.6591639 ] } },
{ "type": "Feature", "properties": { "id": "LNECS1", "stop_id": "LNECS1", "stop_name": "Laneuveville Piscine" }, "geometry": { "type": "Point", "coordinates": [ 6.227632, 48.6593059 ] } },
{ "type": "Feature", "properties": { "id": "186906", "stop_id": "186906", "stop_name": "La Malgrange" }, "geometry": { "type": "Point", "coordinates": [ 6.1977717, 48.6657232 ] } },
{ "type": "Feature", "properties": { "id": "JRMGG0", "stop_id": "JRMGG0", "stop_name": "La Malgrange" }, "geometry": { "type": "Point", "coordinates": [ 6.198157, 48.6656169 ] } },
{ "type": "Feature", "properties": { "id": "JRMGG1", "stop_id": "JRMGG1", "stop_name": "La Malgrange" }, "geometry": { "type": "Point", "coordinates": [ 6.19803, 48.6654459 ] } },
{ "type": "Feature", "properties": { "id": "JRMGG2", "stop_id": "JRMGG2", "stop_name": "La Malgrange" }, "geometry": { "type": "Point", "coordinates": [ 6.197128, 48.6661069 ] } },
{ "type": "Feature", "properties": { "id": "186908", "stop_id": "186908", "stop_name": "Maison des Vignes" }, "geometry": { "type": "Point", "coordinates": [ 6.1758256, 48.7166019 ] } },
{ "type": "Feature", "properties": { "id": "MLVIG0", "stop_id": "MLVIG0", "stop_name": "Maison des Vignes" }, "geometry": { "type": "Point", "coordinates": [ 6.1757611, 48.7167039 ] } },
{ "type": "Feature", "properties": { "id": "MLVIG1", "stop_id": "MLVIG1", "stop_name": "Maison des Vignes" }, "geometry": { "type": "Point", "coordinates": [ 6.1758901, 48.7164999 ] } },
{ "type": "Feature", "properties": { "id": "186909", "stop_id": "186909", "stop_name": "François Jacob" }, "geometry": { "type": "Point", "coordinates": [ 6.1248411, 48.7022664 ] } },
{ "type": "Feature", "properties": { "id": "MXFRA1", "stop_id": "MXFRA1", "stop_name": "François Jacob" }, "geometry": { "type": "Point", "coordinates": [ 6.1248501, 48.7023359 ] } },
{ "type": "Feature", "properties": { "id": "MXFRA2", "stop_id": "MXFRA2", "stop_name": "François Jacob" }, "geometry": { "type": "Point", "coordinates": [ 6.1248321, 48.7021969 ] } },
{ "type": "Feature", "properties": { "id": "186911", "stop_id": "186911", "stop_name": "Libération" }, "geometry": { "type": "Point", "coordinates": [ 6.1567251, 48.6767849 ] } },
{ "type": "Feature", "properties": { "id": "VLLIB1", "stop_id": "VLLIB1", "stop_name": "Libération" }, "geometry": { "type": "Point", "coordinates": [ 6.1567251, 48.6767849 ] } },
{ "type": "Feature", "properties": { "id": "VLLIB2", "stop_id": "VLLIB2", "stop_name": "Libération" }, "geometry": { "type": "Point", "coordinates": [ 6.1567251, 48.6767849 ] } },
{ "type": "Feature", "properties": { "id": "186912", "stop_id": "186912", "stop_name": "18 juin" }, "geometry": { "type": "Point", "coordinates": [ 6.265985, 48.6564219 ] } },
{ "type": "Feature", "properties": { "id": "ARHUI0", "stop_id": "ARHUI0", "stop_name": "18 juin" }, "geometry": { "type": "Point", "coordinates": [ 6.265985, 48.6564219 ] } },
{ "type": "Feature", "properties": { "id": "186913", "stop_id": "186913", "stop_name": "Art-sur-Meurthe Château" }, "geometry": { "type": "Point", "coordinates": [ 6.2612995, 48.6582429 ] } },
{ "type": "Feature", "properties": { "id": "ARRLN0", "stop_id": "ARRLN0", "stop_name": "Art-sur-Meurthe Château" }, "geometry": { "type": "Point", "coordinates": [ 6.262269, 48.6578029 ] } },
{ "type": "Feature", "properties": { "id": "ARRLN1", "stop_id": "ARRLN1", "stop_name": "Art-sur-Meurthe Château" }, "geometry": { "type": "Point", "coordinates": [ 6.26033, 48.6586829 ] } },
{ "type": "Feature", "properties": { "id": "186917", "stop_id": "186917", "stop_name": "Baudricourt" }, "geometry": { "type": "Point", "coordinates": [ 6.1594963, 48.677627 ] } },
{ "type": "Feature", "properties": { "id": "VLBDR0", "stop_id": "VLBDR0", "stop_name": "Baudricourt" }, "geometry": { "type": "Point", "coordinates": [ 6.1588301, 48.6778729 ] } },
{ "type": "Feature", "properties": { "id": "VLBDR2", "stop_id": "VLBDR2", "stop_name": "Baudricourt" }, "geometry": { "type": "Point", "coordinates": [ 6.1588031, 48.6778799 ] } },
{ "type": "Feature", "properties": { "id": "186918", "stop_id": "186918", "stop_name": "Laxou Champ-le-Boeuf" }, "geometry": { "type": "Point", "coordinates": [ 6.1232451, 48.6981594 ] } },
{ "type": "Feature", "properties": { "id": "LXCLB0", "stop_id": "LXCLB0", "stop_name": "Laxou Champ-le-Boeuf" }, "geometry": { "type": "Point", "coordinates": [ 6.1241431, 48.6981549 ] } },
{ "type": "Feature", "properties": { "id": "LXCLB1", "stop_id": "LXCLB1", "stop_name": "Laxou Champ-le-boeuf" }, "geometry": { "type": "Point", "coordinates": [ 6.1223471, 48.6981639 ] } },
{ "type": "Feature", "properties": { "id": "186919", "stop_id": "186919", "stop_name": "Mouzon" }, "geometry": { "type": "Point", "coordinates": [ 6.1228051, 48.6960949 ] } },
{ "type": "Feature", "properties": { "id": "LXMOU0", "stop_id": "LXMOU0", "stop_name": "Mouzon" }, "geometry": { "type": "Point", "coordinates": [ 6.1228051, 48.6960949 ] } },
{ "type": "Feature", "properties": { "id": "186920", "stop_id": "186920", "stop_name": "Saône" }, "geometry": { "type": "Point", "coordinates": [ 6.1256791, 48.6960829 ] } },
{ "type": "Feature", "properties": { "id": "LXSAO0", "stop_id": "LXSAO0", "stop_name": "Saône" }, "geometry": { "type": "Point", "coordinates": [ 6.1256791, 48.6960829 ] } },
{ "type": "Feature", "properties": { "id": "186922", "stop_id": "186922", "stop_name": "Zola" }, "geometry": { "type": "Point", "coordinates": [ 6.1577111, 48.6806089 ] } },
{ "type": "Feature", "properties": { "id": "LXZOL0", "stop_id": "LXZOL0", "stop_name": "Zola" }, "geometry": { "type": "Point", "coordinates": [ 6.1578301, 48.6809619 ] } },
{ "type": "Feature", "properties": { "id": "LXZOL1", "stop_id": "LXZOL1", "stop_name": "Zola" }, "geometry": { "type": "Point", "coordinates": [ 6.1575921, 48.6802559 ] } },
{ "type": "Feature", "properties": { "id": "186923", "stop_id": "186923", "stop_name": "Baraques de Ludres" }, "geometry": { "type": "Point", "coordinates": [ 6.1781906, 48.6222324 ] } },
{ "type": "Feature", "properties": { "id": "LDBRQ0", "stop_id": "LDBRQ0", "stop_name": "Baraques de Ludres" }, "geometry": { "type": "Point", "coordinates": [ 6.1782661, 48.6222339 ] } },
{ "type": "Feature", "properties": { "id": "LDBRQ1", "stop_id": "LDBRQ1", "stop_name": "Baraques de Ludres" }, "geometry": { "type": "Point", "coordinates": [ 6.178115, 48.6222309 ] } },
{ "type": "Feature", "properties": { "id": "186924", "stop_id": "186924", "stop_name": "LUDRES - Cinéma" }, "geometry": { "type": "Point", "coordinates": [ 6.1768546, 48.6185777 ] } },
{ "type": "Feature", "properties": { "id": "LDCNM0", "stop_id": "LDCNM0", "stop_name": "Ludres Cinéma" }, "geometry": { "type": "Point", "coordinates": [ 6.1773121, 48.6192799 ] } },
{ "type": "Feature", "properties": { "id": "LDCNM2", "stop_id": "LDCNM2", "stop_name": "Ludres Cinéma" }, "geometry": { "type": "Point", "coordinates": [ 6.176241, 48.6176609 ] } },
{ "type": "Feature", "properties": { "id": "186925", "stop_id": "186925", "stop_name": "Pascal" }, "geometry": { "type": "Point", "coordinates": [ 6.1776776, 48.6184109 ] } },
{ "type": "Feature", "properties": { "id": "LDCNM1", "stop_id": "LDCNM1", "stop_name": "Pascal" }, "geometry": { "type": "Point", "coordinates": [ 6.177682, 48.6182939 ] } },
{ "type": "Feature", "properties": { "id": "LDCNM3", "stop_id": "LDCNM3", "stop_name": "Pascal" }, "geometry": { "type": "Point", "coordinates": [ 6.1776731, 48.6185279 ] } },
{ "type": "Feature", "properties": { "id": "186926", "stop_id": "186926", "stop_name": "Douëra" }, "geometry": { "type": "Point", "coordinates": [ 6.1803788, 48.7096882 ] } },
{ "type": "Feature", "properties": { "id": "MLLIO0", "stop_id": "MLLIO0", "stop_name": "Douëra" }, "geometry": { "type": "Point", "coordinates": [ 6.1801721, 48.7099019 ] } },
{ "type": "Feature", "properties": { "id": "MLLIO1", "stop_id": "MLLIO1", "stop_name": "Douëra" }, "geometry": { "type": "Point", "coordinates": [ 6.1805731, 48.7095069 ] } },
{ "type": "Feature", "properties": { "id": "186927", "stop_id": "186927", "stop_name": "Gustave Nordon" }, "geometry": { "type": "Point", "coordinates": [ 6.1766201, 48.7138379 ] } },
{ "type": "Feature", "properties": { "id": "MLSTD1", "stop_id": "MLSTD1", "stop_name": "Gustave Nordon" }, "geometry": { "type": "Point", "coordinates": [ 6.1766201, 48.7138379 ] } },
{ "type": "Feature", "properties": { "id": "186928", "stop_id": "186928", "stop_name": "Les Savlons" }, "geometry": { "type": "Point", "coordinates": [ 6.1815521, 48.7136749 ] } },
{ "type": "Feature", "properties": { "id": "MLSAV0", "stop_id": "MLSAV0", "stop_name": "Les Savlons" }, "geometry": { "type": "Point", "coordinates": [ 6.1815521, 48.7136749 ] } },
{ "type": "Feature", "properties": { "id": "186929", "stop_id": "186929", "stop_name": "Lion d'Or" }, "geometry": { "type": "Point", "coordinates": [ 6.1812551, 48.7089834 ] } },
{ "type": "Feature", "properties": { "id": "MLLIO2", "stop_id": "MLLIO2", "stop_name": "Lion d'Or" }, "geometry": { "type": "Point", "coordinates": [ 6.1812391, 48.7090789 ] } },
{ "type": "Feature", "properties": { "id": "MLLIO3", "stop_id": "MLLIO3", "stop_name": "Lion d'Or" }, "geometry": { "type": "Point", "coordinates": [ 6.1812711, 48.7088879 ] } },
{ "type": "Feature", "properties": { "id": "186930", "stop_id": "186930", "stop_name": "Malzéville Stade" }, "geometry": { "type": "Point", "coordinates": [ 6.1782431, 48.7122439 ] } },
{ "type": "Feature", "properties": { "id": "MLSTA0", "stop_id": "MLSTA0", "stop_name": "Malzéville Stade" }, "geometry": { "type": "Point", "coordinates": [ 6.1775271, 48.7122979 ] } },
{ "type": "Feature", "properties": { "id": "MLSTD0", "stop_id": "MLSTD0", "stop_name": "Malzéville Stade" }, "geometry": { "type": "Point", "coordinates": [ 6.1789591, 48.7121899 ] } },
{ "type": "Feature", "properties": { "id": "186931", "stop_id": "186931", "stop_name": "Alfred Kastler" }, "geometry": { "type": "Point", "coordinates": [ 6.1308951, 48.7044789 ] } },
{ "type": "Feature", "properties": { "id": "MXAKA0", "stop_id": "MXAKA0", "stop_name": "Alfred Kastler" }, "geometry": { "type": "Point", "coordinates": [ 6.1302761, 48.7042879 ] } },
{ "type": "Feature", "properties": { "id": "MXAKA1", "stop_id": "MXAKA1", "stop_name": "Alfred Kastler" }, "geometry": { "type": "Point", "coordinates": [ 6.1315141, 48.7046699 ] } },
{ "type": "Feature", "properties": { "id": "186933", "stop_id": "186933", "stop_name": "Maxéville ZA Saint-Jacques" }, "geometry": { "type": "Point", "coordinates": [ 6.1218131, 48.7010269 ] } },
{ "type": "Feature", "properties": { "id": "MXZAJ0", "stop_id": "MXZAJ0", "stop_name": "Maxéville ZA Saint-Jacques" }, "geometry": { "type": "Point", "coordinates": [ 6.1218131, 48.7010269 ] } },
{ "type": "Feature", "properties": { "id": "186934", "stop_id": "186934", "stop_name": "Pont Fleuri" }, "geometry": { "type": "Point", "coordinates": [ 6.169256, 48.7166204 ] } },
{ "type": "Feature", "properties": { "id": "MXPON0", "stop_id": "MXPON0", "stop_name": "Pont Fleuri" }, "geometry": { "type": "Point", "coordinates": [ 6.1694891, 48.7169019 ] } },
{ "type": "Feature", "properties": { "id": "MXPON1", "stop_id": "MXPON1", "stop_name": "Pont Fleuri" }, "geometry": { "type": "Point", "coordinates": [ 6.1691021, 48.7164749 ] } },
{ "type": "Feature", "properties": { "id": "186935", "stop_id": "186935", "stop_name": "Charlemagne" }, "geometry": { "type": "Point", "coordinates": [ 6.1622161, 48.6816859 ] } },
{ "type": "Feature", "properties": { "id": "NYCLG0", "stop_id": "NYCLG0", "stop_name": "Charlemagne" }, "geometry": { "type": "Point", "coordinates": [ 6.1623101, 48.6816479 ] } },
{ "type": "Feature", "properties": { "id": "NYCLG1", "stop_id": "NYCLG1", "stop_name": "Charlemagne" }, "geometry": { "type": "Point", "coordinates": [ 6.1621221, 48.6817239 ] } },
{ "type": "Feature", "properties": { "id": "186937", "stop_id": "186937", "stop_name": "Georges de la Tour" }, "geometry": { "type": "Point", "coordinates": [ 6.1384621, 48.6913139 ] } },
{ "type": "Feature", "properties": { "id": "NYBAU1", "stop_id": "NYBAU1", "stop_name": "Georges de la Tour" }, "geometry": { "type": "Point", "coordinates": [ 6.1383441, 48.6913489 ] } },
{ "type": "Feature", "properties": { "id": "NYBAU2", "stop_id": "NYBAU2", "stop_name": "Georges de la Tour" }, "geometry": { "type": "Point", "coordinates": [ 6.1384781, 48.6913929 ] } },
{ "type": "Feature", "properties": { "id": "186938", "stop_id": "186938", "stop_name": "Maréchal Juin" }, "geometry": { "type": "Point", "coordinates": [ 6.1700841, 48.6778249 ] } },
{ "type": "Feature", "properties": { "id": "NYJUI0", "stop_id": "NYJUI0", "stop_name": "Maréchal Juin" }, "geometry": { "type": "Point", "coordinates": [ 6.1700841, 48.6778249 ] } },
{ "type": "Feature", "properties": { "id": "186939", "stop_id": "186939", "stop_name": "MJC 3 Maisons" }, "geometry": { "type": "Point", "coordinates": [ 6.1755591, 48.7058999 ] } },
{ "type": "Feature", "properties": { "id": "NYECO1", "stop_id": "NYECO1", "stop_name": "MJC 3 Maisons" }, "geometry": { "type": "Point", "coordinates": [ 6.1755591, 48.7058999 ] } },
{ "type": "Feature", "properties": { "id": "186941", "stop_id": "186941", "stop_name": "NANCY - Pierson" }, "geometry": { "type": "Point", "coordinates": [ 6.1752891, 48.7031654 ] } },
{ "type": "Feature", "properties": { "id": "NYPIE0", "stop_id": "NYPIE0", "stop_name": "Pierson" }, "geometry": { "type": "Point", "coordinates": [ 6.1752731, 48.7032319 ] } },
{ "type": "Feature", "properties": { "id": "186942", "stop_id": "186942", "stop_name": "Victor" }, "geometry": { "type": "Point", "coordinates": [ 6.2003296, 48.6865939 ] } },
{ "type": "Feature", "properties": { "id": "NYVIC0", "stop_id": "NYVIC0", "stop_name": "Victor" }, "geometry": { "type": "Point", "coordinates": [ 6.1998491, 48.6865449 ] } },
{ "type": "Feature", "properties": { "id": "NYVIC3", "stop_id": "NYVIC3", "stop_name": "Victor" }, "geometry": { "type": "Point", "coordinates": [ 6.2008101, 48.6866429 ] } },
{ "type": "Feature", "properties": { "id": "186944", "stop_id": "186944", "stop_name": "Viray" }, "geometry": { "type": "Point", "coordinates": [ 6.1458661, 48.6925464 ] } },
{ "type": "Feature", "properties": { "id": "NYVIR0", "stop_id": "NYVIR0", "stop_name": "Viray" }, "geometry": { "type": "Point", "coordinates": [ 6.1459701, 48.6924889 ] } },
{ "type": "Feature", "properties": { "id": "NYVIR1", "stop_id": "NYVIR1", "stop_name": "Viray" }, "geometry": { "type": "Point", "coordinates": [ 6.1457621, 48.6926039 ] } },
{ "type": "Feature", "properties": { "id": "186946", "stop_id": "186946", "stop_name": "Saulxures Jardins Fleuris" }, "geometry": { "type": "Point", "coordinates": [ 6.247046, 48.6905899 ] } },
{ "type": "Feature", "properties": { "id": "SLXUR0", "stop_id": "SLXUR0", "stop_name": "Saulxures Jardins Fleuris" }, "geometry": { "type": "Point", "coordinates": [ 6.247046, 48.6905899 ] } },
{ "type": "Feature", "properties": { "id": "186949", "stop_id": "186949", "stop_name": "La Paix" }, "geometry": { "type": "Point", "coordinates": [ 6.2137271, 48.6846979 ] } },
{ "type": "Feature", "properties": { "id": "TMBRB0", "stop_id": "TMBRB0", "stop_name": "Barbusse" }, "geometry": { "type": "Point", "coordinates": [ 6.2135931, 48.6845109 ] } },
{ "type": "Feature", "properties": { "id": "TMPAX0", "stop_id": "TMPAX0", "stop_name": "La Paix" }, "geometry": { "type": "Point", "coordinates": [ 6.2138611, 48.6848849 ] } },
{ "type": "Feature", "properties": { "id": "186950", "stop_id": "186950", "stop_name": "Pottier" }, "geometry": { "type": "Point", "coordinates": [ 6.2155726, 48.6893359 ] } },
{ "type": "Feature", "properties": { "id": "TMPOT0", "stop_id": "TMPOT0", "stop_name": "Pottier" }, "geometry": { "type": "Point", "coordinates": [ 6.2151951, 48.6898329 ] } },
{ "type": "Feature", "properties": { "id": "TMPOT1", "stop_id": "TMPOT1", "stop_name": "Pottier" }, "geometry": { "type": "Point", "coordinates": [ 6.2159501, 48.6888389 ] } },
{ "type": "Feature", "properties": { "id": "186951", "stop_id": "186951", "stop_name": "Rive Droite - Méchelle" }, "geometry": { "type": "Point", "coordinates": [ 6.2117756, 48.6929409 ] } },
{ "type": "Feature", "properties": { "id": "TMJAU1", "stop_id": "TMJAU1", "stop_name": "Rive Droite - Méchelle" }, "geometry": { "type": "Point", "coordinates": [ 6.2126681, 48.6927979 ] } },
{ "type": "Feature", "properties": { "id": "TMJAU3", "stop_id": "TMJAU3", "stop_name": "Rive Droite - Méchelle" }, "geometry": { "type": "Point", "coordinates": [ 6.210883, 48.6930839 ] } },
{ "type": "Feature", "properties": { "id": "186952", "stop_id": "186952", "stop_name": "Tomblaine Groupe Scolaire" }, "geometry": { "type": "Point", "coordinates": [ 6.2157551, 48.6963289 ] } },
{ "type": "Feature", "properties": { "id": "MAVAR2", "stop_id": "MAVAR2", "stop_name": "Tomblaine Groupe Scolaire" }, "geometry": { "type": "Point", "coordinates": [ 6.2157551, 48.6963289 ] } },
{ "type": "Feature", "properties": { "id": "186953", "stop_id": "186953", "stop_name": "Tomblaine Mairie" }, "geometry": { "type": "Point", "coordinates": [ 6.210725, 48.6864849 ] } },
{ "type": "Feature", "properties": { "id": "TMMAI0", "stop_id": "TMMAI0", "stop_name": "Tomblaine Mairie" }, "geometry": { "type": "Point", "coordinates": [ 6.210725, 48.6864849 ] } },
{ "type": "Feature", "properties": { "id": "186954", "stop_id": "186954", "stop_name": "Tuilerie" }, "geometry": { "type": "Point", "coordinates": [ 6.2234055, 48.6746479 ] } },
{ "type": "Feature", "properties": { "id": "TMMAR2", "stop_id": "TMMAR2", "stop_name": "Tuilerie" }, "geometry": { "type": "Point", "coordinates": [ 6.223251, 48.6747199 ] } },
{ "type": "Feature", "properties": { "id": "TMMAR3", "stop_id": "TMMAR3", "stop_name": "Tuilerie" }, "geometry": { "type": "Point", "coordinates": [ 6.22356, 48.6745759 ] } },
{ "type": "Feature", "properties": { "id": "186957", "stop_id": "186957", "stop_name": "Nations" }, "geometry": { "type": "Point", "coordinates": [ 6.1737662, 48.6618889 ] } },
{ "type": "Feature", "properties": { "id": "VANAT0", "stop_id": "VANAT0", "stop_name": "Nations" }, "geometry": { "type": "Point", "coordinates": [ 6.1735511, 48.6617989 ] } },
{ "type": "Feature", "properties": { "id": "VANAT2", "stop_id": "VANAT2", "stop_name": "Nations" }, "geometry": { "type": "Point", "coordinates": [ 6.1737701, 48.6620749 ] } },
{ "type": "Feature", "properties": { "id": "186958", "stop_id": "186958", "stop_name": "France Lanord" }, "geometry": { "type": "Point", "coordinates": [ 6.1586166, 48.6748789 ] } },
{ "type": "Feature", "properties": { "id": "VLFRA1", "stop_id": "VLFRA1", "stop_name": "France Lanord" }, "geometry": { "type": "Point", "coordinates": [ 6.1585191, 48.6751249 ] } },
{ "type": "Feature", "properties": { "id": "VLFRA2", "stop_id": "VLFRA2", "stop_name": "France Lanord" }, "geometry": { "type": "Point", "coordinates": [ 6.1587141, 48.6746329 ] } },
{ "type": "Feature", "properties": { "id": "186959", "stop_id": "186959", "stop_name": "Général Mangin" }, "geometry": { "type": "Point", "coordinates": [ 6.1605546, 48.6726039 ] } },
{ "type": "Feature", "properties": { "id": "VLMNG1", "stop_id": "VLMNG1", "stop_name": "Général Mangin" }, "geometry": { "type": "Point", "coordinates": [ 6.1606381, 48.6723549 ] } },
{ "type": "Feature", "properties": { "id": "VLMNG2", "stop_id": "VLMNG2", "stop_name": "Général Mangin" }, "geometry": { "type": "Point", "coordinates": [ 6.1604711, 48.6728529 ] } },
{ "type": "Feature", "properties": { "id": "186961", "stop_id": "186961", "stop_name": "Villers Mairie" }, "geometry": { "type": "Point", "coordinates": [ 6.1544766, 48.6724874 ] } },
{ "type": "Feature", "properties": { "id": "VLMAI0", "stop_id": "VLMAI0", "stop_name": "Villers Mairie" }, "geometry": { "type": "Point", "coordinates": [ 6.1549061, 48.6722139 ] } },
{ "type": "Feature", "properties": { "id": "VLMAI1", "stop_id": "VLMAI1", "stop_name": "Villers Mairie" }, "geometry": { "type": "Point", "coordinates": [ 6.1540471, 48.6727609 ] } },
{ "type": "Feature", "properties": { "id": "190695", "stop_id": "190695", "stop_name": "Saint-Exupéry" }, "geometry": { "type": "Point", "coordinates": [ 6.1302039, 48.7003902 ] } },
{ "type": "Feature", "properties": { "id": "MXEXU0", "stop_id": "MXEXU0", "stop_name": "Saint-Exupéry" }, "geometry": { "type": "Point", "coordinates": [ 6.1304381, 48.6999779 ] } },
{ "type": "Feature", "properties": { "id": "MXEXU1", "stop_id": "MXEXU1", "stop_name": "Saint-Exupéry" }, "geometry": { "type": "Point", "coordinates": [ 6.1302621, 48.7000049 ] } },
{ "type": "Feature", "properties": { "id": "MXEXU2", "stop_id": "MXEXU2", "stop_name": "Saint-Exupéry" }, "geometry": { "type": "Point", "coordinates": [ 6.1301121, 48.7009389 ] } },
{ "type": "Feature", "properties": { "id": "MXEXU3", "stop_id": "MXEXU3", "stop_name": "Saint-Exupéry" }, "geometry": { "type": "Point", "coordinates": [ 6.1300031, 48.7006389 ] } },
{ "type": "Feature", "properties": { "id": "190698", "stop_id": "190698", "stop_name": "Boufflers" }, "geometry": { "type": "Point", "coordinates": [ 6.1381081, 48.6928289 ] } },
{ "type": "Feature", "properties": { "id": "NYBFF1", "stop_id": "NYBFF1", "stop_name": "Boufflers" }, "geometry": { "type": "Point", "coordinates": [ 6.1381081, 48.6928289 ] } },
{ "type": "Feature", "properties": { "id": "190701", "stop_id": "190701", "stop_name": "Austrasie" }, "geometry": { "type": "Point", "coordinates": [ 6.2043175, 48.6874014 ] } },
{ "type": "Feature", "properties": { "id": "NYAUS0", "stop_id": "NYAUS0", "stop_name": "Austrasie" }, "geometry": { "type": "Point", "coordinates": [ 6.204416, 48.6874899 ] } },
{ "type": "Feature", "properties": { "id": "NYAUS1", "stop_id": "NYAUS1", "stop_name": "Austrasie" }, "geometry": { "type": "Point", "coordinates": [ 6.204219, 48.6873129 ] } },
{ "type": "Feature", "properties": { "id": "190702", "stop_id": "190702", "stop_name": "Boufflers" }, "geometry": { "type": "Point", "coordinates": [ 6.1381981, 48.6933769 ] } },
{ "type": "Feature", "properties": { "id": "NYBFF0", "stop_id": "NYBFF0", "stop_name": "Boufflers" }, "geometry": { "type": "Point", "coordinates": [ 6.1381981, 48.6933769 ] } },
{ "type": "Feature", "properties": { "id": "190703", "stop_id": "190703", "stop_name": "Cours Léopold" }, "geometry": { "type": "Point", "coordinates": [ 6.1755192, 48.6961041 ] } },
{ "type": "Feature", "properties": { "id": "NYBAR0", "stop_id": "NYBAR0", "stop_name": "Cours Léopold" }, "geometry": { "type": "Point", "coordinates": [ 6.1745811, 48.6962969 ] } },
{ "type": "Feature", "properties": { "id": "NYHBO0", "stop_id": "NYHBO0", "stop_name": "Cours Léopold" }, "geometry": { "type": "Point", "coordinates": [ 6.1765071, 48.6958799 ] } },
{ "type": "Feature", "properties": { "id": "190704", "stop_id": "190704", "stop_name": "Esplanade" }, "geometry": { "type": "Point", "coordinates": [ 6.199811, 48.6881584 ] } },
{ "type": "Feature", "properties": { "id": "NYSPL0", "stop_id": "NYSPL0", "stop_name": "Esplanade" }, "geometry": { "type": "Point", "coordinates": [ 6.19991, 48.6880969 ] } },
{ "type": "Feature", "properties": { "id": "NYSPL1", "stop_id": "NYSPL1", "stop_name": "Esplanade" }, "geometry": { "type": "Point", "coordinates": [ 6.199712, 48.6882199 ] } },
{ "type": "Feature", "properties": { "id": "190705", "stop_id": "190705", "stop_name": "Rond-Point des Familles" }, "geometry": { "type": "Point", "coordinates": [ 6.1642061, 48.6687099 ] } },
{ "type": "Feature", "properties": { "id": "NYRPF1", "stop_id": "NYRPF1", "stop_name": "Rond-Point des Familles" }, "geometry": { "type": "Point", "coordinates": [ 6.1642061, 48.6687099 ] } },
{ "type": "Feature", "properties": { "id": "190706", "stop_id": "190706", "stop_name": "Saint-Sébastien" }, "geometry": { "type": "Point", "coordinates": [ 6.1792828, 48.6884696 ] } },
{ "type": "Feature", "properties": { "id": "NYSEB0", "stop_id": "NYSEB0", "stop_name": "Saint-Sébastien" }, "geometry": { "type": "Point", "coordinates": [ 6.1794681, 48.6882239 ] } },
{ "type": "Feature", "properties": { "id": "NYSEB1", "stop_id": "NYSEB1", "stop_name": "Saint-Sébastien" }, "geometry": { "type": "Point", "coordinates": [ 6.1795681, 48.6882069 ] } },
{ "type": "Feature", "properties": { "id": "NYSEB2", "stop_id": "NYSEB2", "stop_name": "Saint-Sébastien" }, "geometry": { "type": "Point", "coordinates": [ 6.1788121, 48.6889779 ] } },
{ "type": "Feature", "properties": { "id": "190707", "stop_id": "190707", "stop_name": "Les Rosiers" }, "geometry": { "type": "Point", "coordinates": [ 6.255891, 48.7136594 ] } },
{ "type": "Feature", "properties": { "id": "SCROS1", "stop_id": "SCROS1", "stop_name": "Les Rosiers" }, "geometry": { "type": "Point", "coordinates": [ 6.255907, 48.7136019 ] } },
{ "type": "Feature", "properties": { "id": "SCROS0", "stop_id": "SCROS0", "stop_name": "Les Rosiers" }, "geometry": { "type": "Point", "coordinates": [ 6.255875, 48.7137169 ] } },
{ "type": "Feature", "properties": { "id": "190708", "stop_id": "190708", "stop_name": "Biancamaria" }, "geometry": { "type": "Point", "coordinates": [ 6.1857761, 48.6689359 ] } },
{ "type": "Feature", "properties": { "id": "VABAR0", "stop_id": "VABAR0", "stop_name": "Biancamaria" }, "geometry": { "type": "Point", "coordinates": [ 6.1854321, 48.6691289 ] } },
{ "type": "Feature", "properties": { "id": "VABAR1", "stop_id": "VABAR1", "stop_name": "Biancamaria" }, "geometry": { "type": "Point", "coordinates": [ 6.1861201, 48.6687429 ] } },
{ "type": "Feature", "properties": { "id": "190710", "stop_id": "190710", "stop_name": "La Malgrange" }, "geometry": { "type": "Point", "coordinates": [ 6.196015, 48.6663589 ] } },
{ "type": "Feature", "properties": { "id": "JRMGG3", "stop_id": "JRMGG3", "stop_name": "La Malgrange" }, "geometry": { "type": "Point", "coordinates": [ 6.196015, 48.6663589 ] } },
{ "type": "Feature", "properties": { "id": "190712", "stop_id": "190712", "stop_name": "Vélodrome - Callot" }, "geometry": { "type": "Point", "coordinates": [ 6.1664947, 48.6661515 ] } },
{ "type": "Feature", "properties": { "id": "TRCAL0", "stop_id": "TRCAL0", "stop_name": "Vélodrome - Callot" }, "geometry": { "type": "Point", "coordinates": [ 6.1660761, 48.6661709 ] } },
{ "type": "Feature", "properties": { "id": "TRCAL1", "stop_id": "TRCAL1", "stop_name": "Vélodrome - Callot" }, "geometry": { "type": "Point", "coordinates": [ 6.1658511, 48.6660329 ] } },
{ "type": "Feature", "properties": { "id": "VALOD2", "stop_id": "VALOD2", "stop_name": "Vélodrome - Callot" }, "geometry": { "type": "Point", "coordinates": [ 6.1667381, 48.6665469 ] } },
{ "type": "Feature", "properties": { "id": "VALOD4", "stop_id": "VALOD4", "stop_name": "Vélodrome - Callot" }, "geometry": { "type": "Point", "coordinates": [ 6.1666311, 48.6659759 ] } },
{ "type": "Feature", "properties": { "id": "193224", "stop_id": "193224", "stop_name": "Ecole" }, "geometry": { "type": "Point", "coordinates": [ 6.1555906, 48.6827886 ] } },
{ "type": "Feature", "properties": { "id": "LXHAU0", "stop_id": "LXHAU0", "stop_name": "Ecole" }, "geometry": { "type": "Point", "coordinates": [ 6.1552842, 48.6832313 ] } },
{ "type": "Feature", "properties": { "id": "LXHAU1", "stop_id": "LXHAU1", "stop_name": "Ecole" }, "geometry": { "type": "Point", "coordinates": [ 6.1558971, 48.6823459 ] } },
{ "type": "Feature", "properties": { "id": "193230", "stop_id": "193230", "stop_name": "Charles de Foucauld" }, "geometry": { "type": "Point", "coordinates": [ 6.1803506, 48.7023779 ] } },
{ "type": "Feature", "properties": { "id": "NYFOU0", "stop_id": "NYFOU0", "stop_name": "Charles de Foucauld" }, "geometry": { "type": "Point", "coordinates": [ 6.1798921, 48.7021839 ] } },
{ "type": "Feature", "properties": { "id": "NYFOU1", "stop_id": "NYFOU1", "stop_name": "Charles de Foucauld" }, "geometry": { "type": "Point", "coordinates": [ 6.1808091, 48.7025719 ] } },
{ "type": "Feature", "properties": { "id": "193236", "stop_id": "193236", "stop_name": "Pichon" }, "geometry": { "type": "Point", "coordinates": [ 6.1860436, 48.6841239 ] } },
{ "type": "Feature", "properties": { "id": "NYVOS2", "stop_id": "NYVOS2", "stop_name": "Pichon" }, "geometry": { "type": "Point", "coordinates": [ 6.1855041, 48.6837199 ] } },
{ "type": "Feature", "properties": { "id": "NYVOS3", "stop_id": "NYVOS3", "stop_name": "Pichon" }, "geometry": { "type": "Point", "coordinates": [ 6.1865831, 48.6845279 ] } },
{ "type": "Feature", "properties": { "id": "193242", "stop_id": "193242", "stop_name": "College George Chepfer" }, "geometry": { "type": "Point", "coordinates": [ 6.1393691, 48.6652029 ] } },
{ "type": "Feature", "properties": { "id": "VLCES1", "stop_id": "VLCES1", "stop_name": "College George Chepfer" }, "geometry": { "type": "Point", "coordinates": [ 6.1393691, 48.6652029 ] } },
{ "type": "Feature", "properties": { "id": "196464", "stop_id": "196464", "stop_name": "Dommartemont" }, "geometry": { "type": "Point", "coordinates": [ 6.209397, 48.7112859 ] } },
{ "type": "Feature", "properties": { "id": "DMDOM0", "stop_id": "DMDOM0", "stop_name": "Dommartemont" }, "geometry": { "type": "Point", "coordinates": [ 6.209447, 48.7112979 ] } },
{ "type": "Feature", "properties": { "id": "DMDOM1", "stop_id": "DMDOM1", "stop_name": "Dommartemont" }, "geometry": { "type": "Point", "coordinates": [ 6.209347, 48.7112739 ] } },
{ "type": "Feature", "properties": { "id": "196465", "stop_id": "196465", "stop_name": "Beaupré" }, "geometry": { "type": "Point", "coordinates": [ 6.22149, 48.7170109 ] } },
{ "type": "Feature", "properties": { "id": "ESBOP0", "stop_id": "ESBOP0", "stop_name": "Beaupré" }, "geometry": { "type": "Point", "coordinates": [ 6.22149, 48.7170109 ] } },
{ "type": "Feature", "properties": { "id": "196466", "stop_id": "196466", "stop_name": "Jarville Californie" }, "geometry": { "type": "Point", "coordinates": [ 6.2065916, 48.6736914 ] } },
{ "type": "Feature", "properties": { "id": "JRCLF0", "stop_id": "JRCLF0", "stop_name": "Jarville Californie" }, "geometry": { "type": "Point", "coordinates": [ 6.2067261, 48.6737589 ] } },
{ "type": "Feature", "properties": { "id": "JRCLF1", "stop_id": "JRCLF1", "stop_name": "Jarville Californie" }, "geometry": { "type": "Point", "coordinates": [ 6.2064571, 48.6736239 ] } },
{ "type": "Feature", "properties": { "id": "196469", "stop_id": "196469", "stop_name": "Foch" }, "geometry": { "type": "Point", "coordinates": [ 6.1555941, 48.6784019 ] } },
{ "type": "Feature", "properties": { "id": "LXFCH2", "stop_id": "LXFCH2", "stop_name": "Foch" }, "geometry": { "type": "Point", "coordinates": [ 6.1555941, 48.6784019 ] } },
{ "type": "Feature", "properties": { "id": "196472", "stop_id": "196472", "stop_name": "Bisiaux" }, "geometry": { "type": "Point", "coordinates": [ 6.1441031, 48.7015669 ] } },
{ "type": "Feature", "properties": { "id": "NYBIS1", "stop_id": "NYBIS1", "stop_name": "Bisiaux" }, "geometry": { "type": "Point", "coordinates": [ 6.1441811, 48.7015729 ] } },
{ "type": "Feature", "properties": { "id": "NYPAR0", "stop_id": "NYPAR0", "stop_name": "Majorelle" }, "geometry": { "type": "Point", "coordinates": [ 6.1440251, 48.7015609 ] } },
{ "type": "Feature", "properties": { "id": "196473", "stop_id": "196473", "stop_name": "Faiencerie" }, "geometry": { "type": "Point", "coordinates": [ 6.1846651, 48.6899719 ] } },
{ "type": "Feature", "properties": { "id": "NYFAI0", "stop_id": "NYFAI0", "stop_name": "Faiencerie" }, "geometry": { "type": "Point", "coordinates": [ 6.1846651, 48.6899719 ] } },
{ "type": "Feature", "properties": { "id": "196474", "stop_id": "196474", "stop_name": "Mac Mahon" }, "geometry": { "type": "Point", "coordinates": [ 6.1830491, 48.7043759 ] } },
{ "type": "Feature", "properties": { "id": "NYMAC0", "stop_id": "NYMAC0", "stop_name": "Mac Mahon" }, "geometry": { "type": "Point", "coordinates": [ 6.1830141, 48.7042729 ] } },
{ "type": "Feature", "properties": { "id": "NYMAC1", "stop_id": "NYMAC1", "stop_name": "Mac Mahon" }, "geometry": { "type": "Point", "coordinates": [ 6.1830841, 48.7044789 ] } },
{ "type": "Feature", "properties": { "id": "196475", "stop_id": "196475", "stop_name": "Majorelle" }, "geometry": { "type": "Point", "coordinates": [ 6.1440541, 48.7010309 ] } },
{ "type": "Feature", "properties": { "id": "NYPAR1", "stop_id": "NYPAR1", "stop_name": "Majorelle" }, "geometry": { "type": "Point", "coordinates": [ 6.1440541, 48.7010309 ] } },
{ "type": "Feature", "properties": { "id": "196476", "stop_id": "196476", "stop_name": "Parc de la Pépiniere" }, "geometry": { "type": "Point", "coordinates": [ 6.1812031, 48.6993089 ] } },
{ "type": "Feature", "properties": { "id": "NYPPP0", "stop_id": "NYPPP0", "stop_name": "Parc de la Pépiniere" }, "geometry": { "type": "Point", "coordinates": [ 6.1812031, 48.6993089 ] } },
{ "type": "Feature", "properties": { "id": "196480", "stop_id": "196480", "stop_name": "Parc des Sports - Nations" }, "geometry": { "type": "Point", "coordinates": [ 6.1760625, 48.6629169 ] } },
{ "type": "Feature", "properties": { "id": "VASPN0", "stop_id": "VASPN0", "stop_name": "Parc des Sports - Nations" }, "geometry": { "type": "Point", "coordinates": [ 6.17551, 48.6633899 ] } },
{ "type": "Feature", "properties": { "id": "VASPN1", "stop_id": "VASPN1", "stop_name": "Parc des Sports - Nations" }, "geometry": { "type": "Point", "coordinates": [ 6.176615, 48.6624439 ] } },
{ "type": "Feature", "properties": { "id": "196481", "stop_id": "196481", "stop_name": "Pôle Technologique" }, "geometry": { "type": "Point", "coordinates": [ 6.1293516, 48.6566764 ] } },
{ "type": "Feature", "properties": { "id": "VLTEC0", "stop_id": "VLTEC0", "stop_name": "Pôle Technologique" }, "geometry": { "type": "Point", "coordinates": [ 6.1290031, 48.6566339 ] } },
{ "type": "Feature", "properties": { "id": "VLTEC1", "stop_id": "VLTEC1", "stop_name": "Pôle Technologique" }, "geometry": { "type": "Point", "coordinates": [ 6.1297001, 48.6567189 ] } },
{ "type": "Feature", "properties": { "id": "196482", "stop_id": "196482", "stop_name": "Valtriche" }, "geometry": { "type": "Point", "coordinates": [ 6.1121056, 48.6568359 ] } },
{ "type": "Feature", "properties": { "id": "VLVAL0", "stop_id": "VLVAL0", "stop_name": "Valtriche" }, "geometry": { "type": "Point", "coordinates": [ 6.1120891, 48.6567959 ] } },
{ "type": "Feature", "properties": { "id": "VLVAL1", "stop_id": "VLVAL1", "stop_name": "Valtriche" }, "geometry": { "type": "Point", "coordinates": [ 6.1121221, 48.6568759 ] } },
{ "type": "Feature", "properties": { "id": "196483", "stop_id": "196483", "stop_name": "Villers Eglise" }, "geometry": { "type": "Point", "coordinates": [ 6.1454811, 48.6692809 ] } },
{ "type": "Feature", "properties": { "id": "VLEGL0", "stop_id": "VLEGL0", "stop_name": "Villers Eglise" }, "geometry": { "type": "Point", "coordinates": [ 6.1454811, 48.6692809 ] } },
{ "type": "Feature", "properties": { "id": "196749", "stop_id": "196749", "stop_name": "FLEXO SOIREE" }, "geometry": { "type": "Point", "coordinates": [ 6.1794227, 48.6867021 ] } },
{ "type": "Feature", "properties": { "id": "FLEXO0", "stop_id": "FLEXO0", "stop_name": "FLEXO SOIREE" }, "geometry": { "type": "Point", "coordinates": [ 6.1794227, 48.6867021 ] } },
{ "type": "Feature", "properties": { "id": "198382", "stop_id": "198382", "stop_name": "Essey Porte Verte" }, "geometry": { "type": "Point", "coordinates": [ 6.245522, 48.7054939 ] } },
{ "type": "Feature", "properties": { "id": "ESSBL1", "stop_id": "ESSBL1", "stop_name": "Essey Porte Verte" }, "geometry": { "type": "Point", "coordinates": [ 6.245522, 48.7054939 ] } },
{ "type": "Feature", "properties": { "id": "198383", "stop_id": "198383", "stop_name": "Heillecourt La Rotonde" }, "geometry": { "type": "Point", "coordinates": [ 6.1990311, 48.6565342 ] } },
{ "type": "Feature", "properties": { "id": "HLRTD0", "stop_id": "HLRTD0", "stop_name": "Heillecourt La Rotonde" }, "geometry": { "type": "Point", "coordinates": [ 6.199116, 48.6565969 ] } },
{ "type": "Feature", "properties": { "id": "HLRTN1", "stop_id": "HLRTN1", "stop_name": "Heillecourt La Rotonde" }, "geometry": { "type": "Point", "coordinates": [ 6.1989031, 48.6567259 ] } },
{ "type": "Feature", "properties": { "id": "HLRTT0", "stop_id": "HLRTT0", "stop_name": "Heillecourt La Rotonde" }, "geometry": { "type": "Point", "coordinates": [ 6.1990741, 48.6562799 ] } },
{ "type": "Feature", "properties": { "id": "198387", "stop_id": "198387", "stop_name": "Vezouze" }, "geometry": { "type": "Point", "coordinates": [ 6.1317845, 48.6949247 ] } },
{ "type": "Feature", "properties": { "id": "LXVZZ2", "stop_id": "LXVZZ2", "stop_name": "Vezouze" }, "geometry": { "type": "Point", "coordinates": [ 6.1318798, 48.6949084 ] } },
{ "type": "Feature", "properties": { "id": "LXVZZ3", "stop_id": "LXVZZ3", "stop_name": "Vezouze" }, "geometry": { "type": "Point", "coordinates": [ 6.1316893, 48.694941 ] } },
{ "type": "Feature", "properties": { "id": "198388", "stop_id": "198388", "stop_name": "Maxéville Meurthe-Canal" }, "geometry": { "type": "Point", "coordinates": [ 6.1724041, 48.7117469 ] } },
{ "type": "Feature", "properties": { "id": "MXVIL0", "stop_id": "MXVIL0", "stop_name": "Maxéville Meurthe-Canal" }, "geometry": { "type": "Point", "coordinates": [ 6.1724041, 48.7117469 ] } },
{ "type": "Feature", "properties": { "id": "198389", "stop_id": "198389", "stop_name": "Crépin" }, "geometry": { "type": "Point", "coordinates": [ 6.1860981, 48.6777079 ] } },
{ "type": "Feature", "properties": { "id": "NYCRE0", "stop_id": "NYCRE0", "stop_name": "Crépin" }, "geometry": { "type": "Point", "coordinates": [ 6.1860981, 48.6777079 ] } },
{ "type": "Feature", "properties": { "id": "198391", "stop_id": "198391", "stop_name": "Villers Clairlieu" }, "geometry": { "type": "Point", "coordinates": [ 6.1116589, 48.6586799 ] } },
{ "type": "Feature", "properties": { "id": "VLCLA0", "stop_id": "VLCLA0", "stop_name": "Villers Clairlieu" }, "geometry": { "type": "Point", "coordinates": [ 6.1116589, 48.6586799 ] } }
]
}
