{
"type": "FeatureCollection",
"name": "carreaux_couverture",
"crs": { "type": "name", "properties": { "name": "urn:ogc:def:crs:OGC:1.3:CRS84" } },
"features": [
{ "type": "Feature", "properties": { "population": 19.0, "couverture_min": null }, "geometry": { "type": "Polygon", "coordinates": [ [ [ 6.100900780316788, 48.693227462218559 ], [ 6.100760258165524, 48.695023708932787 ], [ 6.103472974864643, 48.695118794407115 ], [ 6.103613399721559, 48.693322543746895 ], [ 6.100900780316788, 48.693227462218559 ] ] ] } },
{ "type": "Feature", "properties": { "population": 1.0, "couverture_min": 15 }, "geometry": { "type": "Polygon", "coordinates": [ [ [ 6.106979761044943, 48.650212056359479 ], [ 6.106839642854633, 48.652008344781251 ], [ 6.109550036323175, 48.652103269612397 ], [ 6.109690057429019, 48.650306977256257 ], [ 6.106979761044943, 48.650212056359479 ] ] ] } },
{ "type": "Feature", "properties": { "population": 17.0, "couverture_min": 15 }, "geometry": { "type": "Polygon", "coordinates": [ [ [ 6.109690057429019, 48.650306977256257 ], [ 6.109550036323175, 48.652103269612397 ], [ 6.112260439188999, 48.652198128401409 ], [ 6.112400363209072, 48.650401832113602 ], [ 6.109690057429019, 48.650306977256257 ] ] ] } },
{ "type": "Feature", "properties": { "population": 79.0, "couverture_min": 10 }, "geometry": { "type": "Polygon", "coordinates": [ [ [ 6.112400363209072, 48.650401832113602 ], [ 6.112260439188999, 48.652198128401409 ], [ 6.114970851445634, 48.652292921147954 ], [ 6.11511067837863, 48.6504966209312 ], [ 6.112400363209072, 48.650401832113602 ] ] ] } },
{ "type": "Feature", "properties": { "population": 55.0, "couverture_min": 10 }, "geometry": { "type": "Polygon", "coordinates": [ [ [ 6.11511067837863, 48.6504966209312 ], [ 6.114970851445634, 48.652292921147954 ], [ 6.117681273086605, 48.652387647851654 ], [ 6.117821002931223, 48.650591343708662 ], [ 6.11511067837863, 48.6504966209312 ] ] ] } },
{ "type": "Feature", "properties": { "population": 6.0, "couverture_min": 15 }, "geometry": { "type": "Polygon", "coordinates": [ [ [ 6.117821002931223, 48.650591343708662 ], [ 6.117681273086605, 48.652387647851654 ], [ 6.120391704105446, 48.652482308512099 ], [ 6.120531336860378, 48.650686000445631 ], [ 6.117821002931223, 48.650591343708662 ] ] ] } },
{ "type": "Feature", "properties": { "population": 99.0, "couverture_min": 5 }, "geometry": { "type": "Polygon", "coordinates": [ [ [ 6.106839642854633, 48.652008344781251 ], [ 6.106699511905636, 48.653804631624858 ], [ 6.109410002467428, 48.653899560390741 ], [ 6.109550036323175, 48.652103269612397 ], [ 6.106839642854633, 48.652008344781251 ] ] ] } },
{ "type": "Feature", "properties": { "population": 154.0, "couverture_min": 5 }, "geometry": { "type": "Polygon", "coordinates": [ [ [ 6.109550036323175, 48.652103269612397 ], [ 6.109410002467428, 48.653899560390741 ], [ 6.112120502427809, 48.653994423111804 ], [ 6.112260439188999, 48.652198128401409 ], [ 6.109550036323175, 48.652103269612397 ] ] ] } },
{ "type": "Feature", "properties": { "population": 187.0, "couverture_min": 5 }, "geometry": { "type": "Polygon", "coordinates": [ [ [ 6.112260439188999, 48.652198128401409 ], [ 6.112120502427809, 48.653994423111804 ], [ 6.114831011780307, 48.654089219787629 ], [ 6.114970851445634, 48.652292921147954 ], [ 6.112260439188999, 48.652198128401409 ] ] ] } },
{ "type": "Feature", "properties": { "population": 173.5, "couverture_min": 5 }, "geometry": { "type": "Polygon", "coordinates": [ [ [ 6.114970851445634, 48.652292921147954 ], [ 6.114831011780307, 48.654089219787629 ], [ 6.117541530518448, 48.654183950417917 ], [ 6.117681273086605, 48.652387647851654 ], [ 6.114970851445634, 48.652292921147954 ] ] ] } },
{ "type": "Feature", "properties": { "population": 130.0, "couverture_min": 10 }, "geometry": { "type": "Polygon", "coordinates": [ [ [ 6.117681273086605, 48.652387647851654 ], [ 6.117541530518448, 48.654183950417917 ], [ 6.120252058635764, 48.654278615002255 ], [ 6.120391704105446, 48.652482308512099 ], [ 6.117681273086605, 48.652387647851654 ] ] ] } },
{ "type": "Feature", "properties": { "population": 129.0, "couverture_min": 5 }, "geometry": { "type": "Polygon", "coordinates": [ [ [ 6.106699511905636, 48.653804631624858 ], [ 6.106559368196293, 48.65560091689072 ], [ 6.109269955860123, 48.655695849591716 ], [ 6.109410002467428, 48.653899560390741 ], [ 6.106699511905636, 48.653804631624858 ] ] ] } },
{ "type": "Feature", "properties": { "population": 162.0, "couverture_min": 5 }, "geometry": { "type": "Polygon", "coordinates": [ [ [ 6.109410002467428, 48.653899560390741 ], [ 6.109269955860123, 48.655695849591716 ], [ 6.111980552923852, 48.65579071624515 ], [ 6.112120502427809, 48.653994423111804 ], [ 6.109410002467428, 48.653899560390741 ] ] ] } },
{ "type": "Feature", "properties": { "population": 104.5, "couverture_min": 5 }, "geometry": { "type": "Polygon", "coordinates": [ [ [ 6.112120502427809, 48.653994423111804 ], [ 6.111980552923852, 48.65579071624515 ], [ 6.114691159381002, 48.655885516850674 ], [ 6.114831011780307, 48.654089219787629 ], [ 6.112120502427809, 48.653994423111804 ] ] ] } },
{ "type": "Feature", "properties": { "population": 181.0, "couverture_min": 5 }, "geometry": { "type": "Polygon", "coordinates": [ [ [ 6.114831011780307, 48.654089219787629 ], [ 6.114691159381002, 48.655885516850674 ], [ 6.117401775225101, 48.655980251407911 ], [ 6.117541530518448, 48.654183950417917 ], [ 6.114831011780307, 48.654089219787629 ] ] ] } },
{ "type": "Feature", "properties": { "population": 184.5, "couverture_min": 5 }, "geometry": { "type": "Polygon", "coordinates": [ [ [ 6.117541530518448, 48.654183950417917 ], [ 6.117401775225101, 48.655980251407911 ], [ 6.120112400449676, 48.656074919916492 ], [ 6.120252058635764, 48.654278615002255 ], [ 6.117541530518448, 48.654183950417917 ] ] ] } },
{ "type": "Feature", "properties": { "population": 92.5, "couverture_min": 5 }, "geometry": { "type": "Polygon", "coordinates": [ [ [ 6.120252058635764, 48.654278615002255 ], [ 6.120112400449676, 48.656074919916492 ], [ 6.122823035048252, 48.656169522376032 ], [ 6.122962596125773, 48.654373213540268 ], [ 6.120252058635764, 48.654278615002255 ] ] ] } },
{ "type": "Feature", "properties": { "population": 159.5, "couverture_min": 10 }, "geometry": { "type": "Polygon", "coordinates": [ [ [ 6.122962596125773, 48.654373213540268 ], [ 6.122823035048252, 48.656169522376032 ], [ 6.125533679014358, 48.656264058786192 ], [ 6.125673142982011, 48.654467746031628 ], [ 6.122962596125773, 48.654373213540268 ] ] ] } },
{ "type": "Feature", "properties": { "population": 24.0, "couverture_min": 15 }, "geometry": { "type": "Polygon", "coordinates": [ [ [ 6.125673142982011, 48.654467746031628 ], [ 6.125533679014358, 48.656264058786192 ], [ 6.12824433234152, 48.656358529146587 ], [ 6.128383699197999, 48.65456221247593 ], [ 6.125673142982011, 48.654467746031628 ] ] ] } },
{ "type": "Feature", "properties": { "population": 7.0, "couverture_min": 15 }, "geometry": { "type": "Polygon", "coordinates": [ [ [ 6.103848789938832, 48.655505918142524 ], [ 6.103708536357969, 48.657302197892818 ], [ 6.10641921172495, 48.657397200579211 ], [ 6.106559368196293, 48.65560091689072 ], [ 6.103848789938832, 48.655505918142524 ] ] ] } },
{ "type": "Feature", "properties": { "population": 137.5, "couverture_min": 5 }, "geometry": { "type": "Polygon", "coordinates": [ [ [ 6.106559368196293, 48.65560091689072 ], [ 6.10641921172495, 48.657397200579211 ], [ 6.109129896499607, 48.657492137215705 ], [ 6.109269955860123, 48.655695849591716 ], [ 6.106559368196293, 48.65560091689072 ] ] ] } },
{ "type": "Feature", "properties": { "population": 124.0, "couverture_min": 5 }, "geometry": { "type": "Polygon", "coordinates": [ [ [ 6.109269955860123, 48.655695849591716 ], [ 6.109129896499607, 48.657492137215705 ], [ 6.111840590675469, 48.657587007801894 ], [ 6.111980552923852, 48.65579071624515 ], [ 6.109269955860123, 48.655695849591716 ] ] ] } },
{ "type": "Feature", "properties": { "population": 221.0, "couverture_min": 5 }, "geometry": { "type": "Polygon", "coordinates": [ [ [ 6.111980552923852, 48.65579071624515 ], [ 6.111840590675469, 48.657587007801894 ], [ 6.114551294246061, 48.657681812337486 ], [ 6.114691159381002, 48.655885516850674 ], [ 6.111980552923852, 48.65579071624515 ] ] ] } },
{ "type": "Feature", "properties": { "population": 37.0, "couverture_min": 5 }, "geometry": { "type": "Polygon", "coordinates": [ [ [ 6.114691159381002, 48.655885516850674 ], [ 6.114551294246061, 48.657681812337486 ], [ 6.117262007204909, 48.657776550822049 ], [ 6.117401775225101, 48.655980251407911 ], [ 6.114691159381002, 48.655885516850674 ] ] ] } },
{ "type": "Feature", "properties": { "population": 65.0, "couverture_min": 5 }, "geometry": { "type": "Polygon", "coordinates": [ [ [ 6.117401775225101, 48.655980251407911 ], [ 6.117262007204909, 48.657776550822049 ], [ 6.119972729545536, 48.657871223255235 ], [ 6.120112400449676, 48.656074919916492 ], [ 6.117401775225101, 48.655980251407911 ] ] ] } },
{ "type": "Feature", "properties": { "population": 79.0, "couverture_min": 5 }, "geometry": { "type": "Polygon", "coordinates": [ [ [ 6.120112400449676, 48.656074919916492 ], [ 6.119972729545536, 48.657871223255235 ], [ 6.122683461261468, 48.657965829636666 ], [ 6.122823035048252, 48.656169522376032 ], [ 6.120112400449676, 48.656074919916492 ] ] ] } },
{ "type": "Feature", "properties": { "population": 6.0, "couverture_min": 10 }, "geometry": { "type": "Polygon", "coordinates": [ [ [ 6.125533679014358, 48.656264058786192 ], [ 6.12539420234623, 48.658060369965995 ], [ 6.128104952793351, 48.658154844242837 ], [ 6.12824433234152, 48.656358529146587 ], [ 6.125533679014358, 48.656264058786192 ] ] ] } },
{ "type": "Feature", "properties": { "population": 141.5, "couverture_min": 5 }, "geometry": { "type": "Polygon", "coordinates": [ [ [ 6.103708536357969, 48.657302197892818 ], [ 6.103568270004653, 48.659098476065807 ], [ 6.106279042489942, 48.659193482690796 ], [ 6.10641921172495, 48.657397200579211 ], [ 6.103708536357969, 48.657302197892818 ] ] ] } },
{ "type": "Feature", "properties": { "population": 167.0, "couverture_min": 5 }, "geometry": { "type": "Polygon", "coordinates": [ [ [ 6.10641921172495, 48.657397200579211 ], [ 6.106279042489942, 48.659193482690796 ], [ 6.108989824384218, 48.659288423263142 ], [ 6.109129896499607, 48.657492137215705 ], [ 6.10641921172495, 48.657397200579211 ] ] ] } },
{ "type": "Feature", "properties": { "population": 96.5, "couverture_min": 5 }, "geometry": { "type": "Polygon", "coordinates": [ [ [ 6.109129896499607, 48.657492137215705 ], [ 6.108989824384218, 48.659288423263142 ], [ 6.111700615681007, 48.659383297782504 ], [ 6.111840590675469, 48.657587007801894 ], [ 6.109129896499607, 48.657492137215705 ] ] ] } },
{ "type": "Feature", "properties": { "population": 455.0, "couverture_min": 5 }, "geometry": { "type": "Polygon", "coordinates": [ [ [ 6.111840590675469, 48.657587007801894 ], [ 6.111700615681007, 48.659383297782504 ], [ 6.114411416373831, 48.659478106248478 ], [ 6.114551294246061, 48.657681812337486 ], [ 6.111840590675469, 48.657587007801894 ] ] ] } },
{ "type": "Feature", "properties": { "population": 14.0, "couverture_min": 5 }, "geometry": { "type": "Polygon", "coordinates": [ [ [ 6.114551294246061, 48.657681812337486 ], [ 6.114411416373831, 48.659478106248478 ], [ 6.117122226456215, 48.659572848660737 ], [ 6.117262007204909, 48.657776550822049 ], [ 6.114551294246061, 48.657681812337486 ] ] ] } },
{ "type": "Feature", "properties": { "population": 2.0, "couverture_min": 5 }, "geometry": { "type": "Polygon", "coordinates": [ [ [ 6.117262007204909, 48.657776550822049 ], [ 6.117122226456215, 48.659572848660737 ], [ 6.119833045921688, 48.659667525018911 ], [ 6.119972729545536, 48.657871223255235 ], [ 6.117262007204909, 48.657776550822049 ] ] ] } },
{ "type": "Feature", "properties": { "population": 41.0, "couverture_min": 10 }, "geometry": { "type": "Polygon", "coordinates": [ [ [ 6.103568270004653, 48.659098476065807 ], [ 6.103427990877224, 48.660894752661939 ], [ 6.106138860489618, 48.660989763225835 ], [ 6.106279042489942, 48.659193482690796 ], [ 6.103568270004653, 48.659098476065807 ] ] ] } },
{ "type": "Feature", "properties": { "population": 132.0, "couverture_min": 10 }, "geometry": { "type": "Polygon", "coordinates": [ [ [ 6.106279042489942, 48.659193482690796 ], [ 6.106138860489618, 48.660989763225835 ], [ 6.1088497395123, 48.661084707734418 ], [ 6.108989824384218, 48.659288423263142 ], [ 6.106279042489942, 48.659193482690796 ] ] ] } },
{ "type": "Feature", "properties": { "population": 166.5, "couverture_min": 5 }, "geometry": { "type": "Polygon", "coordinates": [ [ [ 6.108989824384218, 48.659288423263142 ], [ 6.1088497395123, 48.661084707734418 ], [ 6.111560627938807, 48.661179586187295 ], [ 6.111700615681007, 48.659383297782504 ], [ 6.108989824384218, 48.659288423263142 ] ] ] } },
{ "type": "Feature", "properties": { "population": 102.0, "couverture_min": 5 }, "geometry": { "type": "Polygon", "coordinates": [ [ [ 6.111700615681007, 48.659383297782504 ], [ 6.111560627938807, 48.661179586187295 ], [ 6.114271525762654, 48.661274398584069 ], [ 6.114411416373831, 48.659478106248478 ], [ 6.111700615681007, 48.659383297782504 ] ] ] } },
{ "type": "Feature", "properties": { "population": 4.0, "couverture_min": 15 }, "geometry": { "type": "Polygon", "coordinates": [ [ [ 6.106138860489618, 48.660989763225835 ], [ 6.105998665722312, 48.66278604218482 ], [ 6.108709641882199, 48.662880990630001 ], [ 6.1088497395123, 48.661084707734418 ], [ 6.106138860489618, 48.660989763225835 ] ] ] } },
{ "type": "Feature", "properties": { "population": 53.0, "couverture_min": 10 }, "geometry": { "type": "Polygon", "coordinates": [ [ [ 6.1088497395123, 48.661084707734418 ], [ 6.108709641882199, 48.662880990630001 ], [ 6.111420627447215, 48.662975873016748 ], [ 6.111560627938807, 48.661179586187295 ], [ 6.1088497395123, 48.661084707734418 ] ] ] } },
{ "type": "Feature", "properties": { "population": 21.0, "couverture_min": 10 }, "geometry": { "type": "Polygon", "coordinates": [ [ [ 6.111560627938807, 48.661179586187295 ], [ 6.111420627447215, 48.662975873016748 ], [ 6.114131622410879, 48.663070689344671 ], [ 6.114271525762654, 48.661274398584069 ], [ 6.111560627938807, 48.661179586187295 ] ] ] } },
{ "type": "Feature", "properties": { "population": 10.0, "couverture_min": 5 }, "geometry": { "type": "Polygon", "coordinates": [ [ [ 6.133248073111174, 48.661936235760287 ], [ 6.133108849774641, 48.663732553962781 ], [ 6.135819919694315, 48.663826841807044 ], [ 6.135959045880607, 48.662030519695122 ], [ 6.133248073111174, 48.661936235760287 ] ] ] } },
{ "type": "Feature", "properties": { "population": 78.5, "couverture_min": 5 }, "geometry": { "type": "Polygon", "coordinates": [ [ [ 6.133108849774641, 48.663732553962781 ], [ 6.132969613757417, 48.665528870593313 ], [ 6.135680780836131, 48.665623162347337 ], [ 6.135819919694315, 48.663826841807044 ], [ 6.133108849774641, 48.663732553962781 ] ] ] } },
{ "type": "Feature", "properties": { "population": 20.0, "couverture_min": 10 }, "geometry": { "type": "Polygon", "coordinates": [ [ [ 6.132969613757417, 48.665528870593313 ], [ 6.132830365057853, 48.667325185652288 ], [ 6.1355416293044, 48.667419481316408 ], [ 6.135680780836131, 48.665623162347337 ], [ 6.132969613757417, 48.665528870593313 ] ] ] } },
{ "type": "Feature", "properties": { "population": 57.0, "couverture_min": 5 }, "geometry": { "type": "Polygon", "coordinates": [ [ [ 6.119749472971377, 48.695687918991524 ], [ 6.119609619162421, 48.697484191704454 ], [ 6.122322499083942, 48.697578818348774 ], [ 6.122462255580564, 48.695782541708532 ], [ 6.119749472971377, 48.695687918991524 ] ] ] } },
{ "type": "Feature", "properties": { "population": 206.0, "couverture_min": 5 }, "geometry": { "type": "Polygon", "coordinates": [ [ [ 6.122462255580564, 48.695782541708532 ], [ 6.122322499083942, 48.697578818348774 ], [ 6.125035388396523, 48.697673378880694 ], [ 6.125175047579505, 48.695877098315911 ], [ 6.122462255580564, 48.695782541708532 ] ] ] } },
{ "type": "Feature", "properties": { "population": 449.0, "couverture_min": 5 }, "geometry": { "type": "Polygon", "coordinates": [ [ [ 6.125175047579505, 48.695877098315911 ], [ 6.125035388396523, 48.697673378880694 ], [ 6.127748287093664, 48.697767873299874 ], [ 6.127887848961699, 48.695971588813265 ], [ 6.125175047579505, 48.695877098315911 ] ] ] } },
{ "type": "Feature", "properties": { "population": 262.0, "couverture_min": 5 }, "geometry": { "type": "Polygon", "coordinates": [ [ [ 6.119609619162421, 48.697484191704454 ], [ 6.119469752606137, 48.699280462851796 ], [ 6.122182729848813, 48.699375093423782 ], [ 6.122322499083942, 48.697578818348774 ], [ 6.119609619162421, 48.697484191704454 ] ] ] } },
{ "type": "Feature", "properties": { "population": 372.0, "couverture_min": 5 }, "geometry": { "type": "Polygon", "coordinates": [ [ [ 6.122322499083942, 48.697578818348774 ], [ 6.122182729848813, 48.699375093423782 ], [ 6.124895716483852, 48.699469657880641 ], [ 6.125035388396523, 48.697673378880694 ], [ 6.122322499083942, 48.697578818348774 ] ] ] } },
{ "type": "Feature", "properties": { "population": 369.5, "couverture_min": 5 }, "geometry": { "type": "Polygon", "coordinates": [ [ [ 6.125035388396523, 48.697673378880694 ], [ 6.124895716483852, 48.699469657880641 ], [ 6.127608712504759, 48.699564156222017 ], [ 6.127748287093664, 48.697767873299874 ], [ 6.125035388396523, 48.697673378880694 ] ] ] } },
{ "type": "Feature", "properties": { "population": 63.0, "couverture_min": 5 }, "geometry": { "type": "Polygon", "coordinates": [ [ [ 6.122182729848813, 48.699375093423782 ], [ 6.122042947873519, 48.70117136693402 ], [ 6.124756031839833, 48.701265935316165 ], [ 6.124895716483852, 48.699469657880641 ], [ 6.122182729848813, 48.699375093423782 ] ] ] } },
{ "type": "Feature", "properties": { "population": 84.5, "couverture_min": 5 }, "geometry": { "type": "Polygon", "coordinates": [ [ [ 6.124895716483852, 48.699469657880641 ], [ 6.124756031839833, 48.701265935316165 ], [ 6.127469125193325, 48.701360437580099 ], [ 6.127608712504759, 48.699564156222017 ], [ 6.124895716483852, 48.699469657880641 ] ] ] } },
{ "type": "Feature", "properties": { "population": 16.0, "couverture_min": 10 }, "geometry": { "type": "Polygon", "coordinates": [ [ [ 6.161653808580664, 48.610687483370917 ], [ 6.161515824375903, 48.612483882332995 ], [ 6.164224163997709, 48.612577463091007 ], [ 6.164362051295218, 48.610781060254588 ], [ 6.161653808580664, 48.610687483370917 ] ] ] } },
{ "type": "Feature", "properties": { "population": 61.0, "couverture_min": 10 }, "geometry": { "type": "Polygon", "coordinates": [ [ [ 6.164362051295218, 48.610781060254588 ], [ 6.164224163997709, 48.612577463091007 ], [ 6.166932512864205, 48.612670977862429 ], [ 6.167070303253175, 48.610874571154405 ], [ 6.164362051295218, 48.610781060254588 ] ] ] } },
{ "type": "Feature", "properties": { "population": 106.0, "couverture_min": 5 }, "geometry": { "type": "Polygon", "coordinates": [ [ [ 6.167070303253175, 48.610874571154405 ], [ 6.166932512864205, 48.612670977862429 ], [ 6.169640870968934, 48.612764426646898 ], [ 6.169778564448084, 48.610968016069961 ], [ 6.167070303253175, 48.610874571154405 ] ] ] } },
{ "type": "Feature", "properties": { "population": 1.0, "couverture_min": 5 }, "geometry": { "type": "Polygon", "coordinates": [ [ [ 6.196998394881465, 48.610102385319884 ], [ 6.1968616830095, 48.611898836013012 ], [ 6.199570045384876, 48.611991555078113 ], [ 6.199706660341726, 48.610195100546285 ], [ 6.196998394881465, 48.610102385319884 ] ] ] } },
{ "type": "Feature", "properties": { "population": 98.0, "couverture_min": 5 }, "geometry": { "type": "Polygon", "coordinates": [ [ [ 6.169778564448084, 48.610968016069961 ], [ 6.169640870968934, 48.612764426646898 ], [ 6.172349238305439, 48.612857809444051 ], [ 6.172486834873487, 48.611061395000917 ], [ 6.169778564448084, 48.610968016069961 ] ] ] } },
{ "type": "Feature", "properties": { "population": 111.0, "couverture_min": 5 }, "geometry": { "type": "Polygon", "coordinates": [ [ [ 6.172486834873487, 48.611061395000917 ], [ 6.172349238305439, 48.612857809444051 ], [ 6.175057614867272, 48.612951126253542 ], [ 6.175195114522929, 48.611154707946923 ], [ 6.172486834873487, 48.611061395000917 ] ] ] } },
{ "type": "Feature", "properties": { "population": 15.0, "couverture_min": 10 }, "geometry": { "type": "Polygon", "coordinates": [ [ [ 6.175195114522929, 48.611154707946923 ], [ 6.175057614867272, 48.612951126253542 ], [ 6.177766000647973, 48.613044377074992 ], [ 6.177903403389966, 48.611247954907626 ], [ 6.175195114522929, 48.611154707946923 ] ] ] } },
{ "type": "Feature", "properties": { "population": 11.0, "couverture_min": 5 }, "geometry": { "type": "Polygon", "coordinates": [ [ [ 6.167208081107154, 48.609078162865906 ], [ 6.167070303253175, 48.610874571154405 ], [ 6.169778564448084, 48.610968016069961 ], [ 6.169916245401006, 48.609171603912941 ], [ 6.167208081107154, 48.609078162865906 ] ] ] } },
{ "type": "Feature", "properties": { "population": 22.0, "couverture_min": 5 }, "geometry": { "type": "Polygon", "coordinates": [ [ [ 6.169916245401006, 48.609171603912941 ], [ 6.169778564448084, 48.610968016069961 ], [ 6.172486834873487, 48.611061395000917 ], [ 6.172624418924069, 48.609264978978089 ], [ 6.169916245401006, 48.609171603912941 ] ] ] } },
{ "type": "Feature", "properties": { "population": 28.5, "couverture_min": 5 }, "geometry": { "type": "Polygon", "coordinates": [ [ [ 6.158807494005236, 48.612390235588755 ], [ 6.158669400331594, 48.6141866290927 ], [ 6.161377827616993, 48.614280279714343 ], [ 6.161515824375903, 48.612483882332995 ], [ 6.158807494005236, 48.612390235588755 ] ] ] } },
{ "type": "Feature", "properties": { "population": 9.0, "couverture_min": 5 }, "geometry": { "type": "Polygon", "coordinates": [ [ [ 6.155960982305078, 48.614092912482484 ], [ 6.155822779144682, 48.615889300525211 ], [ 6.15853129409341, 48.615983021015914 ], [ 6.158669400331594, 48.6141866290927 ], [ 6.155960982305078, 48.614092912482484 ] ] ] } },
{ "type": "Feature", "properties": { "population": 121.0, "couverture_min": 5 }, "geometry": { "type": "Polygon", "coordinates": [ [ [ 6.158669400331594, 48.6141866290927 ], [ 6.15853129409341, 48.615983021015914 ], [ 6.161239818302306, 48.61607667551533 ], [ 6.161377827616993, 48.614280279714343 ], [ 6.158669400331594, 48.6141866290927 ] ] ] } },
{ "type": "Feature", "properties": { "population": 102.0, "couverture_min": 5 }, "geometry": { "type": "Polygon", "coordinates": [ [ [ 6.155822779144682, 48.615889300525211 ], [ 6.155684563409345, 48.617685686987286 ], [ 6.158393175289052, 48.617779411358882 ], [ 6.15853129409341, 48.615983021015914 ], [ 6.155822779144682, 48.615889300525211 ] ] ] } },
{ "type": "Feature", "properties": { "population": 42.0, "couverture_min": 5 }, "geometry": { "type": "Polygon", "coordinates": [ [ [ 6.15853129409341, 48.615983021015914 ], [ 6.158393175289052, 48.617779411358882 ], [ 6.161101796430215, 48.617873069736397 ], [ 6.161239818302306, 48.61607667551533 ], [ 6.15853129409341, 48.615983021015914 ] ] ] } },
{ "type": "Feature", "properties": { "population": 12.0, "couverture_min": 10 }, "geometry": { "type": "Polygon", "coordinates": [ [ [ 6.172624418924069, 48.609264978978089 ], [ 6.172486834873487, 48.611061395000917 ], [ 6.175195114522929, 48.611154707946923 ], [ 6.175332601669894, 48.609358288060974 ], [ 6.172624418924069, 48.609264978978089 ] ] ] } },
{ "type": "Feature", "properties": { "population": 104.0, "couverture_min": 5 }, "geometry": { "type": "Polygon", "coordinates": [ [ [ 6.161515824375903, 48.612483882332995 ], [ 6.161377827616993, 48.614280279714343 ], [ 6.164086264154818, 48.614373864347037 ], [ 6.164224163997709, 48.612577463091007 ], [ 6.161515824375903, 48.612483882332995 ] ] ] } },
{ "type": "Feature", "properties": { "population": 97.0, "couverture_min": 5 }, "geometry": { "type": "Polygon", "coordinates": [ [ [ 6.164224163997709, 48.612577463091007 ], [ 6.164086264154818, 48.614373864347037 ], [ 6.166794709938618, 48.614467382990455 ], [ 6.166932512864205, 48.612670977862429 ], [ 6.164224163997709, 48.612577463091007 ] ] ] } },
{ "type": "Feature", "properties": { "population": 116.0, "couverture_min": 5 }, "geometry": { "type": "Polygon", "coordinates": [ [ [ 6.166932512864205, 48.612670977862429 ], [ 6.166794709938618, 48.614467382990455 ], [ 6.169503164961934, 48.614560835644177 ], [ 6.169640870968934, 48.612764426646898 ], [ 6.166932512864205, 48.612670977862429 ] ] ] } },
{ "type": "Feature", "properties": { "population": 78.0, "couverture_min": 5 }, "geometry": { "type": "Polygon", "coordinates": [ [ [ 6.169640870968934, 48.612764426646898 ], [ 6.169503164961934, 48.614560835644177 ], [ 6.17221162921831, 48.614654222307898 ], [ 6.172349238305439, 48.612857809444051 ], [ 6.169640870968934, 48.612764426646898 ] ] ] } },
{ "type": "Feature", "properties": { "population": 101.0, "couverture_min": 5 }, "geometry": { "type": "Polygon", "coordinates": [ [ [ 6.172349238305439, 48.612857809444051 ], [ 6.17221162921831, 48.614654222307898 ], [ 6.174920102701297, 48.614747542981213 ], [ 6.175057614867272, 48.612951126253542 ], [ 6.172349238305439, 48.612857809444051 ] ] ] } },
{ "type": "Feature", "properties": { "population": 89.0, "couverture_min": 5 }, "geometry": { "type": "Polygon", "coordinates": [ [ [ 6.175057614867272, 48.612951126253542 ], [ 6.174920102701297, 48.614747542981213 ], [ 6.177628585404428, 48.614840797663774 ], [ 6.177766000647973, 48.613044377074992 ], [ 6.175057614867272, 48.612951126253542 ] ] ] } },
{ "type": "Feature", "properties": { "population": 148.0, "couverture_min": 5 }, "geometry": { "type": "Polygon", "coordinates": [ [ [ 6.161377827616993, 48.614280279714343 ], [ 6.161239818302306, 48.61607667551533 ], [ 6.163948351764917, 48.61617026402309 ], [ 6.164086264154818, 48.614373864347037 ], [ 6.161377827616993, 48.614280279714343 ] ] ] } },
{ "type": "Feature", "properties": { "population": 651.5, "couverture_min": 5 }, "geometry": { "type": "Polygon", "coordinates": [ [ [ 6.164086264154818, 48.614373864347037 ], [ 6.163948351764917, 48.61617026402309 ], [ 6.166656894474786, 48.616263786538838 ], [ 6.166794709938618, 48.614467382990455 ], [ 6.164086264154818, 48.614373864347037 ] ] ] } },
{ "type": "Feature", "properties": { "population": 132.0, "couverture_min": 5 }, "geometry": { "type": "Polygon", "coordinates": [ [ [ 6.166794709938618, 48.614467382990455 ], [ 6.166656894474786, 48.616263786538838 ], [ 6.169365446425459, 48.616357243062225 ], [ 6.169503164961934, 48.614560835644177 ], [ 6.166794709938618, 48.614467382990455 ] ] ] } },
{ "type": "Feature", "properties": { "population": 144.0, "couverture_min": 5 }, "geometry": { "type": "Polygon", "coordinates": [ [ [ 6.169503164961934, 48.614560835644177 ], [ 6.169365446425459, 48.616357243062225 ], [ 6.172074007610471, 48.616450633592827 ], [ 6.17221162921831, 48.614654222307898 ], [ 6.169503164961934, 48.614560835644177 ] ] ] } },
{ "type": "Feature", "properties": { "population": 168.0, "couverture_min": 5 }, "geometry": { "type": "Polygon", "coordinates": [ [ [ 6.17221162921831, 48.614654222307898 ], [ 6.172074007610471, 48.616450633592827 ], [ 6.174782578023374, 48.616543958130343 ], [ 6.174920102701297, 48.614747542981213 ], [ 6.17221162921831, 48.614654222307898 ] ] ] } },
{ "type": "Feature", "properties": { "population": 28.0, "couverture_min": 5 }, "geometry": { "type": "Polygon", "coordinates": [ [ [ 6.174920102701297, 48.614747542981213 ], [ 6.174782578023374, 48.616543958130343 ], [ 6.177491157657709, 48.616637216674391 ], [ 6.177628585404428, 48.614840797663774 ], [ 6.174920102701297, 48.614747542981213 ] ] ] } },
{ "type": "Feature", "properties": { "population": 109.0, "couverture_min": 5 }, "geometry": { "type": "Polygon", "coordinates": [ [ [ 6.161239818302306, 48.61607667551533 ], [ 6.161101796430215, 48.617873069736397 ], [ 6.163810426826378, 48.617966662119578 ], [ 6.163948351764917, 48.61617026402309 ], [ 6.161239818302306, 48.61607667551533 ] ] ] } },
{ "type": "Feature", "properties": { "population": 54.0, "couverture_min": 5 }, "geometry": { "type": "Polygon", "coordinates": [ [ [ 6.163948351764917, 48.61617026402309 ], [ 6.163810426826378, 48.617966662119578 ], [ 6.166519066471085, 48.618060188508032 ], [ 6.166656894474786, 48.616263786538838 ], [ 6.163948351764917, 48.61617026402309 ] ] ] } },
{ "type": "Feature", "properties": { "population": 188.0, "couverture_min": 5 }, "geometry": { "type": "Polygon", "coordinates": [ [ [ 6.166656894474786, 48.616263786538838 ], [ 6.166519066471085, 48.618060188508032 ], [ 6.169227715357877, 48.618153648901419 ], [ 6.169365446425459, 48.616357243062225 ], [ 6.166656894474786, 48.616263786538838 ] ] ] } },
{ "type": "Feature", "properties": { "population": 268.0, "couverture_min": 5 }, "geometry": { "type": "Polygon", "coordinates": [ [ [ 6.169365446425459, 48.616357243062225 ], [ 6.169227715357877, 48.618153648901419 ], [ 6.171936373480295, 48.618247043299299 ], [ 6.172074007610471, 48.616450633592827 ], [ 6.169365446425459, 48.616357243062225 ] ] ] } },
{ "type": "Feature", "properties": { "population": 71.5, "couverture_min": 5 }, "geometry": { "type": "Polygon", "coordinates": [ [ [ 6.172074007610471, 48.616450633592827 ], [ 6.171936373480295, 48.618247043299299 ], [ 6.174645040831887, 48.618340371701379 ], [ 6.174782578023374, 48.616543958130343 ], [ 6.172074007610471, 48.616450633592827 ] ] ] } },
{ "type": "Feature", "properties": { "population": 2.0, "couverture_min": 5 }, "geometry": { "type": "Polygon", "coordinates": [ [ [ 6.177766000647973, 48.613044377074992 ], [ 6.177628585404428, 48.614840797663774 ], [ 6.180337077321257, 48.61493398635524 ], [ 6.180474395641089, 48.613137561908019 ], [ 6.177766000647973, 48.613044377074992 ] ] ] } },
{ "type": "Feature", "properties": { "population": 2.0, "couverture_min": 5 }, "geometry": { "type": "Polygon", "coordinates": [ [ [ 6.180474395641089, 48.613137561908019 ], [ 6.180337077321257, 48.61493398635524 ], [ 6.183045578445324, 48.615027109055205 ], [ 6.183182799840164, 48.613230680752324 ], [ 6.180474395641089, 48.613137561908019 ] ] ] } },
{ "type": "Feature", "properties": { "population": 10.0, "couverture_min": 5 }, "geometry": { "type": "Polygon", "coordinates": [ [ [ 6.201868788265707, 48.617473573805235 ], [ 6.201732220531435, 48.619270025872531 ], [ 6.204440988977665, 48.619362628296756 ], [ 6.204577459759202, 48.61756617239476 ], [ 6.201868788265707, 48.617473573805235 ] ] ] } },
{ "type": "Feature", "properties": { "population": 4.0, "couverture_min": 10 }, "geometry": { "type": "Polygon", "coordinates": [ [ [ 6.204577459759202, 48.61756617239476 ], [ 6.204440988977665, 48.619362628296756 ], [ 6.207149766575564, 48.619455164720833 ], [ 6.207286140403093, 48.61765870498683 ], [ 6.204577459759202, 48.61756617239476 ] ] ] } },
{ "type": "Feature", "properties": { "population": 36.0, "couverture_min": 5 }, "geometry": { "type": "Polygon", "coordinates": [ [ [ 6.17721626464825, 48.620230049962842 ], [ 6.177078799382265, 48.6220264642415 ], [ 6.179787679081635, 48.622119668370196 ], [ 6.17992504738883, 48.620323250231685 ], [ 6.17721626464825, 48.620230049962842 ] ] ] } },
{ "type": "Feature", "properties": { "population": 6.0, "couverture_min": 5 }, "geometry": { "type": "Polygon", "coordinates": [ [ [ 6.19076027039733, 48.620695391307272 ], [ 6.190623289938093, 48.622491824858052 ], [ 6.193332215634652, 48.622584698971451 ], [ 6.193469099128707, 48.620788261574397 ], [ 6.19076027039733, 48.620695391307272 ] ] ] } },
{ "type": "Feature", "properties": { "population": 65.0, "couverture_min": 10 }, "geometry": { "type": "Polygon", "coordinates": [ [ [ 6.193469099128707, 48.620788261574397 ], [ 6.193332215634652, 48.622584698971451 ], [ 6.196041150511266, 48.622677507080716 ], [ 6.196177937038863, 48.620881065840102 ], [ 6.193469099128707, 48.620788261574397 ] ] ] } },
{ "type": "Feature", "properties": { "population": 82.0, "couverture_min": 5 }, "geometry": { "type": "Polygon", "coordinates": [ [ [ 6.196177937038863, 48.620881065840102 ], [ 6.196041150511266, 48.622677507080716 ], [ 6.198750094561477, 48.622770249185486 ], [ 6.19888678412134, 48.62097380410404 ], [ 6.196177937038863, 48.620881065840102 ] ] ] } },
{ "type": "Feature", "properties": { "population": 115.5, "couverture_min": 5 }, "geometry": { "type": "Polygon", "coordinates": [ [ [ 6.19888678412134, 48.62097380410404 ], [ 6.198750094561477, 48.622770249185486 ], [ 6.201459047778823, 48.622862925285389 ], [ 6.201595640369678, 48.621066476365769 ], [ 6.19888678412134, 48.62097380410404 ] ] ] } },
{ "type": "Feature", "properties": { "population": 31.0, "couverture_min": 5 }, "geometry": { "type": "Polygon", "coordinates": [ [ [ 6.201595640369678, 48.621066476365769 ], [ 6.201459047778823, 48.622862925285389 ], [ 6.204168010156843, 48.622955535380065 ], [ 6.204304505777416, 48.621159082625084 ], [ 6.201595640369678, 48.621066476365769 ] ] ] } },
{ "type": "Feature", "properties": { "population": 3.0, "couverture_min": 5 }, "geometry": { "type": "Polygon", "coordinates": [ [ [ 6.179787679081635, 48.622119668370196 ], [ 6.179650298273542, 48.623916084932567 ], [ 6.182359284154114, 48.624009226916435 ], [ 6.182496567993363, 48.622212806496577 ], [ 6.179787679081635, 48.622119668370196 ] ] ] } },
{ "type": "Feature", "properties": { "population": 64.0, "couverture_min": 5 }, "geometry": { "type": "Polygon", "coordinates": [ [ [ 6.190623289938093, 48.622491824858052 ], [ 6.190486297013046, 48.624288256834127 ], [ 6.193195319683562, 48.624381134794177 ], [ 6.193332215634652, 48.622584698971451 ], [ 6.190623289938093, 48.622491824858052 ] ] ] } },
{ "type": "Feature", "properties": { "population": 114.0, "couverture_min": 5 }, "geometry": { "type": "Polygon", "coordinates": [ [ [ 6.193332215634652, 48.622584698971451 ], [ 6.193195319683562, 48.624381134794177 ], [ 6.195904351535408, 48.624473946747372 ], [ 6.196041150511266, 48.622677507080716 ], [ 6.193332215634652, 48.622584698971451 ] ] ] } },
{ "type": "Feature", "properties": { "population": 72.0, "couverture_min": 5 }, "geometry": { "type": "Polygon", "coordinates": [ [ [ 6.196041150511266, 48.622677507080716 ], [ 6.195904351535408, 48.624473946747372 ], [ 6.198613392562129, 48.62456669269335 ], [ 6.198750094561477, 48.622770249185486 ], [ 6.196041150511266, 48.622677507080716 ] ] ] } },
{ "type": "Feature", "properties": { "population": 87.0, "couverture_min": 5 }, "geometry": { "type": "Polygon", "coordinates": [ [ [ 6.198750094561477, 48.622770249185486 ], [ 6.198613392562129, 48.62456669269335 ], [ 6.201322442757256, 48.624659372631733 ], [ 6.201459047778823, 48.622862925285389 ], [ 6.198750094561477, 48.622770249185486 ] ] ] } },
{ "type": "Feature", "properties": { "population": 129.0, "couverture_min": 5 }, "geometry": { "type": "Polygon", "coordinates": [ [ [ 6.201459047778823, 48.622862925285389 ], [ 6.201322442757256, 48.624659372631733 ], [ 6.20403150211433, 48.624751986562188 ], [ 6.204168010156843, 48.622955535380065 ], [ 6.201459047778823, 48.622862925285389 ] ] ] } },
{ "type": "Feature", "properties": { "population": 68.0, "couverture_min": 5 }, "geometry": { "type": "Polygon", "coordinates": [ [ [ 6.204168010156843, 48.622955535380065 ], [ 6.20403150211433, 48.624751986562188 ], [ 6.206740570626887, 48.624844534484346 ], [ 6.206876981689073, 48.623048079469172 ], [ 6.204168010156843, 48.622955535380065 ] ] ] } },
{ "type": "Feature", "properties": { "population": 25.0, "couverture_min": 5 }, "geometry": { "type": "Polygon", "coordinates": [ [ [ 6.176941321606611, 48.623822876943642 ], [ 6.176803831319662, 48.6256192880697 ], [ 6.179512904962929, 48.625712499919217 ], [ 6.179650298273542, 48.623916084932567 ], [ 6.176941321606611, 48.623822876943642 ] ] ] } },
{ "type": "Feature", "properties": { "population": 46.0, "couverture_min": 5 }, "geometry": { "type": "Polygon", "coordinates": [ [ [ 6.206876981689073, 48.623048079469172 ], [ 6.206740570626887, 48.624844534484346 ], [ 6.20944964828847, 48.624937016397851 ], [ 6.209585962369057, 48.623140557552333 ], [ 6.206876981689073, 48.623048079469172 ] ] ] } },
{ "type": "Feature", "properties": { "population": 1.0, "couverture_min": 5 }, "geometry": { "type": "Polygon", "coordinates": [ [ [ 6.193195319683562, 48.624381134794177 ], [ 6.193058411273824, 48.626177569043023 ], [ 6.195767540109678, 48.626270384840488 ], [ 6.195904351535408, 48.624473946747372 ], [ 6.193195319683562, 48.624381134794177 ] ] ] } },
{ "type": "Feature", "properties": { "population": 4.0, "couverture_min": 5 }, "geometry": { "type": "Polygon", "coordinates": [ [ [ 6.195904351535408, 48.624473946747372 ], [ 6.195767540109678, 48.626270384840488 ], [ 6.198476678121678, 48.626363134628029 ], [ 6.198613392562129, 48.62456669269335 ], [ 6.195904351535408, 48.624473946747372 ] ] ] } },
{ "type": "Feature", "properties": { "population": 40.0, "couverture_min": 5 }, "geometry": { "type": "Polygon", "coordinates": [ [ [ 6.198613392562129, 48.62456669269335 ], [ 6.198476678121678, 48.626363134628029 ], [ 6.201185825303364, 48.626455818405283 ], [ 6.201322442757256, 48.624659372631733 ], [ 6.198613392562129, 48.62456669269335 ] ] ] } },
{ "type": "Feature", "properties": { "population": 106.5, "couverture_min": 5 }, "geometry": { "type": "Polygon", "coordinates": [ [ [ 6.201322442757256, 48.624659372631733 ], [ 6.201185825303364, 48.626455818405283 ], [ 6.203894981648268, 48.626548436171866 ], [ 6.20403150211433, 48.624751986562188 ], [ 6.201322442757256, 48.624659372631733 ] ] ] } },
{ "type": "Feature", "properties": { "population": 148.5, "couverture_min": 5 }, "geometry": { "type": "Polygon", "coordinates": [ [ [ 6.20403150211433, 48.624751986562188 ], [ 6.203894981648268, 48.626548436171866 ], [ 6.206604147149928, 48.626640987927473 ], [ 6.206740570626887, 48.624844534484346 ], [ 6.20403150211433, 48.624751986562188 ] ] ] } },
{ "type": "Feature", "properties": { "population": 119.5, "couverture_min": 5 }, "geometry": { "type": "Polygon", "coordinates": [ [ [ 6.206740570626887, 48.624844534484346 ], [ 6.206604147149928, 48.626640987927473 ], [ 6.209313321801886, 48.626733473671642 ], [ 6.20944964828847, 48.624937016397851 ], [ 6.206740570626887, 48.624844534484346 ] ] ] } },
{ "type": "Feature", "properties": { "population": 73.5, "couverture_min": 5 }, "geometry": { "type": "Polygon", "coordinates": [ [ [ 6.20944964828847, 48.624937016397851 ], [ 6.209313321801886, 48.626733473671642 ], [ 6.212022505597672, 48.626825893404117 ], [ 6.212158735092611, 48.625029432302334 ], [ 6.20944964828847, 48.624937016397851 ] ] ] } },
{ "type": "Feature", "properties": { "population": 3.0, "couverture_min": 10 }, "geometry": { "type": "Polygon", "coordinates": [ [ [ 6.21486783103285, 48.625121782197439 ], [ 6.214731698530827, 48.6269182471245 ], [ 6.217440900594883, 48.627010534832387 ], [ 6.217576936102723, 48.625214066082819 ], [ 6.21486783103285, 48.625121782197439 ] ] ] } },
{ "type": "Feature", "properties": { "population": 3.0, "couverture_min": 5 }, "geometry": { "type": "Polygon", "coordinates": [ [ [ 6.201185825303364, 48.626455818405283 ], [ 6.201049195415528, 48.628252262606395 ], [ 6.203758448757039, 48.62834488420949 ], [ 6.203894981648268, 48.626548436171866 ], [ 6.201185825303364, 48.626455818405283 ] ] ] } },
{ "type": "Feature", "properties": { "population": 28.5, "couverture_min": 5 }, "geometry": { "type": "Polygon", "coordinates": [ [ [ 6.203894981648268, 48.626548436171866 ], [ 6.203758448757039, 48.62834488420949 ], [ 6.206467711256582, 48.628437439798823 ], [ 6.206604147149928, 48.626640987927473 ], [ 6.203894981648268, 48.626548436171866 ] ] ] } },
{ "type": "Feature", "properties": { "population": 43.0, "couverture_min": 5 }, "geometry": { "type": "Polygon", "coordinates": [ [ [ 6.206604147149928, 48.626640987927473 ], [ 6.206467711256582, 48.628437439798823 ], [ 6.209176982907689, 48.628529929374089 ], [ 6.209313321801886, 48.626733473671642 ], [ 6.206604147149928, 48.626640987927473 ] ] ] } },
{ "type": "Feature", "properties": { "population": 85.0, "couverture_min": 5 }, "geometry": { "type": "Polygon", "coordinates": [ [ [ 6.209313321801886, 48.626733473671642 ], [ 6.209176982907689, 48.628529929374089 ], [ 6.211886263703899, 48.628622352934919 ], [ 6.212022505597672, 48.626825893404117 ], [ 6.209313321801886, 48.626733473671642 ] ] ] } },
{ "type": "Feature", "properties": { "population": 17.0, "couverture_min": 10 }, "geometry": { "type": "Polygon", "coordinates": [ [ [ 6.212022505597672, 48.626825893404117 ], [ 6.211886263703899, 48.628622352934919 ], [ 6.214595553638746, 48.628714710480899 ], [ 6.214731698530827, 48.6269182471245 ], [ 6.212022505597672, 48.626825893404117 ] ] ] } },
{ "type": "Feature", "properties": { "population": 31.0, "couverture_min": 5 }, "geometry": { "type": "Polygon", "coordinates": [ [ [ 6.206467711256582, 48.628437439798823 ], [ 6.206331262945235, 48.630233890098964 ], [ 6.20904063160427, 48.630326383505647 ], [ 6.209176982907689, 48.628529929374089 ], [ 6.206467711256582, 48.628437439798823 ] ] ] } },
{ "type": "Feature", "properties": { "population": 43.5, "couverture_min": 5 }, "geometry": { "type": "Polygon", "coordinates": [ [ [ 6.209176982907689, 48.628529929374089 ], [ 6.20904063160427, 48.630326383505647 ], [ 6.211750009409682, 48.630418810895165 ], [ 6.211886263703899, 48.628622352934919 ], [ 6.209176982907689, 48.628529929374089 ] ] ] } },
{ "type": "Feature", "properties": { "population": 33.0, "couverture_min": 5 }, "geometry": { "type": "Polygon", "coordinates": [ [ [ 6.20904063160427, 48.630326383505647 ], [ 6.208904267890022, 48.632122836066728 ], [ 6.211613742713412, 48.632215267285275 ], [ 6.211750009409682, 48.630418810895165 ], [ 6.20904063160427, 48.630326383505647 ] ] ] } },
{ "type": "Feature", "properties": { "population": 1.0, "couverture_min": 15 }, "geometry": { "type": "Polygon", "coordinates": [ [ [ 6.214459396355002, 48.630511172267155 ], [ 6.214323226677982, 48.632307632483624 ], [ 6.217032719777264, 48.632399931661361 ], [ 6.217168792433762, 48.630603467621263 ], [ 6.214459396355002, 48.630511172267155 ] ] ] } },
{ "type": "Feature", "properties": { "population": 24.0, "couverture_min": 10 }, "geometry": { "type": "Polygon", "coordinates": [ [ [ 6.152975960797548, 48.617591896622095 ], [ 6.152837635547179, 48.61938827762004 ], [ 6.155546335097434, 48.61948207186915 ], [ 6.155684563409345, 48.617685686987286 ], [ 6.152975960797548, 48.617591896622095 ] ] ] } },
{ "type": "Feature", "properties": { "population": 101.0, "couverture_min": 5 }, "geometry": { "type": "Polygon", "coordinates": [ [ [ 6.155684563409345, 48.617685686987286 ], [ 6.155546335097434, 48.61948207186915 ], [ 6.158255043916888, 48.619575800121936 ], [ 6.158393175289052, 48.617779411358882 ], [ 6.155684563409345, 48.617685686987286 ] ] ] } },
{ "type": "Feature", "properties": { "population": 209.5, "couverture_min": 5 }, "geometry": { "type": "Polygon", "coordinates": [ [ [ 6.158393175289052, 48.617779411358882 ], [ 6.158255043916888, 48.619575800121936 ], [ 6.160963761999087, 48.619669462377978 ], [ 6.161101796430215, 48.617873069736397 ], [ 6.158393175289052, 48.617779411358882 ] ] ] } },
{ "type": "Feature", "properties": { "population": 101.0, "couverture_min": 5 }, "geometry": { "type": "Polygon", "coordinates": [ [ [ 6.161101796430215, 48.617873069736397 ], [ 6.160963761999087, 48.619669462377978 ], [ 6.163672489337573, 48.619763058636948 ], [ 6.163810426826378, 48.617966662119578 ], [ 6.161101796430215, 48.617873069736397 ] ] ] } },
{ "type": "Feature", "properties": { "population": 31.5, "couverture_min": 10 }, "geometry": { "type": "Polygon", "coordinates": [ [ [ 6.152837635547179, 48.61938827762004 ], [ 6.152699297709837, 48.621184657037801 ], [ 6.155408094207319, 48.621278455171193 ], [ 6.155546335097434, 48.61948207186915 ], [ 6.152837635547179, 48.61938827762004 ] ] ] } },
{ "type": "Feature", "properties": { "population": 93.0, "couverture_min": 5 }, "geometry": { "type": "Polygon", "coordinates": [ [ [ 6.155546335097434, 48.61948207186915 ], [ 6.155408094207319, 48.621278455171193 ], [ 6.158116899975291, 48.621372187305539 ], [ 6.158255043916888, 48.619575800121936 ], [ 6.155546335097434, 48.61948207186915 ] ] ] } },
{ "type": "Feature", "properties": { "population": 80.0, "couverture_min": 5 }, "geometry": { "type": "Polygon", "coordinates": [ [ [ 6.158255043916888, 48.619575800121936 ], [ 6.158116899975291, 48.621372187305539 ], [ 6.160825715007294, 48.621465853440448 ], [ 6.160963761999087, 48.619669462377978 ], [ 6.158255043916888, 48.619575800121936 ] ] ] } },
{ "type": "Feature", "properties": { "population": 32.0, "couverture_min": 5 }, "geometry": { "type": "Polygon", "coordinates": [ [ [ 6.160963761999087, 48.619669462377978 ], [ 6.160825715007294, 48.621465853440448 ], [ 6.163534539296868, 48.621559453575578 ], [ 6.163672489337573, 48.619763058636948 ], [ 6.160963761999087, 48.619669462377978 ] ] ] } },
{ "type": "Feature", "properties": { "population": 34.0, "couverture_min": 5 }, "geometry": { "type": "Polygon", "coordinates": [ [ [ 6.155408094207319, 48.621278455171193 ], [ 6.155269840737366, 48.623074836893814 ], [ 6.157978743462624, 48.623168572910124 ], [ 6.158116899975291, 48.621372187305539 ], [ 6.155408094207319, 48.621278455171193 ] ] ] } },
{ "type": "Feature", "properties": { "population": 174.0, "couverture_min": 5 }, "geometry": { "type": "Polygon", "coordinates": [ [ [ 6.158116899975291, 48.621372187305539 ], [ 6.157978743462624, 48.623168572910124 ], [ 6.160687655453201, 48.62326224292427 ], [ 6.160825715007294, 48.621465853440448 ], [ 6.158116899975291, 48.621372187305539 ] ] ] } },
{ "type": "Feature", "properties": { "population": 49.0, "couverture_min": 5 }, "geometry": { "type": "Polygon", "coordinates": [ [ [ 6.160825715007294, 48.621465853440448 ], [ 6.160687655453201, 48.62326224292427 ], [ 6.163396576702637, 48.623355846935908 ], [ 6.163534539296868, 48.621559453575578 ], [ 6.160825715007294, 48.621465853440448 ] ] ] } },
{ "type": "Feature", "properties": { "population": 2.0, "couverture_min": 15 }, "geometry": { "type": "Polygon", "coordinates": [ [ [ 6.14985206310864, 48.622887166856231 ], [ 6.149713603128966, 48.624683539227107 ], [ 6.152422584267689, 48.624777411134346 ], [ 6.152560947283884, 48.622981034875735 ], [ 6.14985206310864, 48.622887166856231 ] ] ] } },
{ "type": "Feature", "properties": { "population": 6.0, "couverture_min": 10 }, "geometry": { "type": "Polygon", "coordinates": [ [ [ 6.155269840737366, 48.623074836893814 ], [ 6.155131574685938, 48.624871217037452 ], [ 6.157840574377257, 48.624964956936061 ], [ 6.157978743462624, 48.623168572910124 ], [ 6.155269840737366, 48.623074836893814 ] ] ] } },
{ "type": "Feature", "properties": { "population": 83.0, "couverture_min": 10 }, "geometry": { "type": "Polygon", "coordinates": [ [ [ 6.157978743462624, 48.623168572910124 ], [ 6.157840574377257, 48.624964956936061 ], [ 6.16054958333518, 48.625058630829791 ], [ 6.160687655453201, 48.62326224292427 ], [ 6.157978743462624, 48.623168572910124 ] ] ] } },
{ "type": "Feature", "properties": { "population": 105.0, "couverture_min": 5 }, "geometry": { "type": "Polygon", "coordinates": [ [ [ 6.160687655453201, 48.62326224292427 ], [ 6.16054958333518, 48.625058630829791 ], [ 6.16325860155325, 48.625152238718336 ], [ 6.163396576702637, 48.623355846935908 ], [ 6.160687655453201, 48.62326224292427 ] ] ] } },
{ "type": "Feature", "properties": { "population": 23.0, "couverture_min": 10 }, "geometry": { "type": "Polygon", "coordinates": [ [ [ 6.157840574377257, 48.624964956936061 ], [ 6.157702392717557, 48.626761339383805 ], [ 6.1604114986516, 48.626855017157503 ], [ 6.16054958333518, 48.625058630829791 ], [ 6.157840574377257, 48.624964956936061 ] ] ] } },
{ "type": "Feature", "properties": { "population": 47.0, "couverture_min": 10 }, "geometry": { "type": "Polygon", "coordinates": [ [ [ 6.16054958333518, 48.625058630829791 ], [ 6.1604114986516, 48.626855017157503 ], [ 6.163120613847076, 48.626948628923259 ], [ 6.16325860155325, 48.625152238718336 ], [ 6.16054958333518, 48.625058630829791 ] ] ] } },
{ "type": "Feature", "properties": { "population": 12.0, "couverture_min": 15 }, "geometry": { "type": "Polygon", "coordinates": [ [ [ 6.157702392717557, 48.626761339383805 ], [ 6.157564198481894, 48.62855772025376 ], [ 6.160273401400828, 48.628651401907788 ], [ 6.1604114986516, 48.626855017157503 ], [ 6.157702392717557, 48.626761339383805 ] ] ] } },
{ "type": "Feature", "properties": { "population": 2.0, "couverture_min": 15 }, "geometry": { "type": "Polygon", "coordinates": [ [ [ 6.1604114986516, 48.626855017157503 ], [ 6.160273401400828, 48.628651401907788 ], [ 6.162982613582486, 48.628745017551147 ], [ 6.163120613847076, 48.626948628923259 ], [ 6.1604114986516, 48.626855017157503 ] ] ] } },
{ "type": "Feature", "properties": { "population": 2.0, "couverture_min": null }, "geometry": { "type": "Polygon", "coordinates": [ [ [ 6.152145820458031, 48.628370158915175 ], [ 6.152007419661299, 48.630166530438238 ], [ 6.154716701026498, 48.630260347998608 ], [ 6.15485500483214, 48.628463972589444 ], [ 6.152145820458031, 48.628370158915175 ] ] ] } },
{ "type": "Feature", "properties": { "population": 155.0, "couverture_min": 5 }, "geometry": { "type": "Polygon", "coordinates": [ [ [ 6.166519066471085, 48.618060188508032 ], [ 6.166381225925884, 48.619856588898486 ], [ 6.169089971757565, 48.619950053162178 ], [ 6.169227715357877, 48.618153648901419 ], [ 6.166519066471085, 48.618060188508032 ] ] ] } },
{ "type": "Feature", "properties": { "population": 101.0, "couverture_min": 5 }, "geometry": { "type": "Polygon", "coordinates": [ [ [ 6.169227715357877, 48.618153648901419 ], [ 6.169089971757565, 48.619950053162178 ], [ 6.171798726826159, 48.620043451427719 ], [ 6.171936373480295, 48.618247043299299 ], [ 6.169227715357877, 48.618153648901419 ] ] ] } },
{ "type": "Feature", "properties": { "population": 80.5, "couverture_min": 5 }, "geometry": { "type": "Polygon", "coordinates": [ [ [ 6.171936373480295, 48.618247043299299 ], [ 6.171798726826159, 48.620043451427719 ], [ 6.174507491125208, 48.62013678369474 ], [ 6.174645040831887, 48.618340371701379 ], [ 6.171936373480295, 48.618247043299299 ] ] ] } },
{ "type": "Feature", "properties": { "population": 39.5, "couverture_min": 5 }, "geometry": { "type": "Polygon", "coordinates": [ [ [ 6.174645040831887, 48.618340371701379 ], [ 6.174507491125208, 48.62013678369474 ], [ 6.17721626464825, 48.620230049962842 ], [ 6.177353717406191, 48.618433634107291 ], [ 6.174645040831887, 48.618340371701379 ] ] ] } },
{ "type": "Feature", "properties": { "population": 10.0, "couverture_min": 5 }, "geometry": { "type": "Polygon", "coordinates": [ [ [ 6.177353717406191, 48.618433634107291 ], [ 6.17721626464825, 48.620230049962842 ], [ 6.17992504738883, 48.620323250231685 ], [ 6.180062403196749, 48.618526830516657 ], [ 6.177353717406191, 48.618433634107291 ] ] ] } },
{ "type": "Feature", "properties": { "population": 5.0, "couverture_min": 5 }, "geometry": { "type": "Polygon", "coordinates": [ [ [ 6.163672489337573, 48.619763058636948 ], [ 6.163534539296868, 48.621559453575578 ], [ 6.166243372837556, 48.621652987710519 ], [ 6.166381225925884, 48.619856588898486 ], [ 6.163672489337573, 48.619763058636948 ] ] ] } },
{ "type": "Feature", "properties": { "population": 38.5, "couverture_min": 5 }, "geometry": { "type": "Polygon", "coordinates": [ [ [ 6.166381225925884, 48.619856588898486 ], [ 6.166243372837556, 48.621652987710519 ], [ 6.168952215622899, 48.621746455844971 ], [ 6.169089971757565, 48.619950053162178 ], [ 6.166381225925884, 48.619856588898486 ] ] ] } },
{ "type": "Feature", "properties": { "population": 122.5, "couverture_min": 5 }, "geometry": { "type": "Polygon", "coordinates": [ [ [ 6.169089971757565, 48.619950053162178 ], [ 6.168952215622899, 48.621746455844971 ], [ 6.171661067646437, 48.621839857978529 ], [ 6.171798726826159, 48.620043451427719 ], [ 6.169089971757565, 48.619950053162178 ] ] ] } },
{ "type": "Feature", "properties": { "population": 147.0, "couverture_min": 5 }, "geometry": { "type": "Polygon", "coordinates": [ [ [ 6.171798726826159, 48.620043451427719 ], [ 6.171661067646437, 48.621839857978529 ], [ 6.174369928901714, 48.621933194110781 ], [ 6.174507491125208, 48.62013678369474 ], [ 6.171798726826159, 48.620043451427719 ] ] ] } },
{ "type": "Feature", "properties": { "population": 120.5, "couverture_min": 10 }, "geometry": { "type": "Polygon", "coordinates": [ [ [ 6.174507491125208, 48.62013678369474 ], [ 6.174369928901714, 48.621933194110781 ], [ 6.177078799382265, 48.6220264642415 ], [ 6.17721626464825, 48.620230049962842 ], [ 6.174507491125208, 48.62013678369474 ] ] ] } },
{ "type": "Feature", "properties": { "population": 2.0, "couverture_min": 5 }, "geometry": { "type": "Polygon", "coordinates": [ [ [ 6.166243372837556, 48.621652987710519 ], [ 6.166105507204471, 48.623449384944642 ], [ 6.168814446952247, 48.623542856950166 ], [ 6.168952215622899, 48.621746455844971 ], [ 6.166243372837556, 48.621652987710519 ] ] ] } },
{ "type": "Feature", "properties": { "population": 92.0, "couverture_min": 5 }, "geometry": { "type": "Polygon", "coordinates": [ [ [ 6.168952215622899, 48.621746455844971 ], [ 6.168814446952247, 48.623542856950166 ], [ 6.171523395939502, 48.623636262952068 ], [ 6.171661067646437, 48.621839857978529 ], [ 6.168952215622899, 48.621746455844971 ] ] ] } },
{ "type": "Feature", "properties": { "population": 48.0, "couverture_min": 5 }, "geometry": { "type": "Polygon", "coordinates": [ [ [ 6.171661067646437, 48.621839857978529 ], [ 6.171523395939502, 48.623636262952068 ], [ 6.174232354159778, 48.623729602950007 ], [ 6.174369928901714, 48.621933194110781 ], [ 6.171661067646437, 48.621839857978529 ] ] ] } },
{ "type": "Feature", "properties": { "population": 8.0, "couverture_min": 5 }, "geometry": { "type": "Polygon", "coordinates": [ [ [ 6.174369928901714, 48.621933194110781 ], [ 6.174232354159778, 48.623729602950007 ], [ 6.176941321606611, 48.623822876943642 ], [ 6.177078799382265, 48.6220264642415 ], [ 6.174369928901714, 48.621933194110781 ] ] ] } },
{ "type": "Feature", "properties": { "population": 35.0, "couverture_min": 10 }, "geometry": { "type": "Polygon", "coordinates": [ [ [ 6.163396576702637, 48.623355846935908 ], [ 6.16325860155325, 48.625152238718336 ], [ 6.165967629025004, 48.625245780601219 ], [ 6.166105507204471, 48.623449384944642 ], [ 6.163396576702637, 48.623355846935908 ] ] ] } },
{ "type": "Feature", "properties": { "population": 7.0, "couverture_min": 10 }, "geometry": { "type": "Polygon", "coordinates": [ [ [ 6.166105507204471, 48.623449384944642 ], [ 6.165967629025004, 48.625245780601219 ], [ 6.168676665743984, 48.625339256478199 ], [ 6.168814446952247, 48.623542856950166 ], [ 6.166105507204471, 48.623449384944642 ] ] ] } },
{ "type": "Feature", "properties": { "population": 20.0, "couverture_min": 5 }, "geometry": { "type": "Polygon", "coordinates": [ [ [ 6.168814446952247, 48.623542856950166 ], [ 6.168676665743984, 48.625339256478199 ], [ 6.171385711703727, 48.625432666348836 ], [ 6.171523395939502, 48.623636262952068 ], [ 6.168814446952247, 48.623542856950166 ] ] ] } },
{ "type": "Feature", "properties": { "population": 92.5, "couverture_min": 5 }, "geometry": { "type": "Polygon", "coordinates": [ [ [ 6.171523395939502, 48.623636262952068 ], [ 6.171385711703727, 48.625432666348836 ], [ 6.174094766897773, 48.625526010212788 ], [ 6.174232354159778, 48.623729602950007 ], [ 6.171523395939502, 48.623636262952068 ] ] ] } },
{ "type": "Feature", "properties": { "population": 183.5, "couverture_min": 5 }, "geometry": { "type": "Polygon", "coordinates": [ [ [ 6.174232354159778, 48.623729602950007 ], [ 6.174094766897773, 48.625526010212788 ], [ 6.176803831319662, 48.6256192880697 ], [ 6.176941321606611, 48.623822876943642 ], [ 6.174232354159778, 48.623729602950007 ] ] ] } },
{ "type": "Feature", "properties": { "population": 18.0, "couverture_min": 15 }, "geometry": { "type": "Polygon", "coordinates": [ [ [ 6.16325860155325, 48.625152238718336 ], [ 6.163120613847076, 48.626948628923259 ], [ 6.165829738297522, 48.627042174680689 ], [ 6.165967629025004, 48.625245780601219 ], [ 6.16325860155325, 48.625152238718336 ] ] ] } },
{ "type": "Feature", "properties": { "population": 9.0, "couverture_min": 10 }, "geometry": { "type": "Polygon", "coordinates": [ [ [ 6.165967629025004, 48.625245780601219 ], [ 6.165829738297522, 48.627042174680689 ], [ 6.168538871996479, 48.62713565442948 ], [ 6.168676665743984, 48.625339256478199 ], [ 6.165967629025004, 48.625245780601219 ] ] ] } },
{ "type": "Feature", "properties": { "population": 9.0, "couverture_min": 5 }, "geometry": { "type": "Polygon", "coordinates": [ [ [ 6.171385711703727, 48.625432666348836 ], [ 6.171248014937485, 48.627229068169214 ], [ 6.173957167114078, 48.627322415899542 ], [ 6.174094766897773, 48.625526010212788 ], [ 6.171385711703727, 48.625432666348836 ] ] ] } },
{ "type": "Feature", "properties": { "population": 52.0, "couverture_min": 10 }, "geometry": { "type": "Polygon", "coordinates": [ [ [ 6.174094766897773, 48.625526010212788 ], [ 6.173957167114078, 48.627322415899542 ], [ 6.176666328519794, 48.62741569762013 ], [ 6.176803831319662, 48.6256192880697 ], [ 6.174094766897773, 48.625526010212788 ] ] ] } },
{ "type": "Feature", "properties": { "population": 67.0, "couverture_min": 5 }, "geometry": { "type": "Polygon", "coordinates": [ [ [ 6.176803831319662, 48.6256192880697 ], [ 6.176666328519794, 48.62741569762013 ], [ 6.179375499148173, 48.627508913330587 ], [ 6.179512904962929, 48.625712499919217 ], [ 6.176803831319662, 48.6256192880697 ] ] ] } },
{ "type": "Feature", "properties": { "population": 3.0, "couverture_min": 15 }, "geometry": { "type": "Polygon", "coordinates": [ [ [ 6.165829738297522, 48.627042174680689 ], [ 6.165691835020399, 48.628838567183472 ], [ 6.168401065708108, 48.628932050804416 ], [ 6.168538871996479, 48.62713565442948 ], [ 6.165829738297522, 48.627042174680689 ] ] ] } },
{ "type": "Feature", "properties": { "population": 1.0, "couverture_min": null }, "geometry": { "type": "Polygon", "coordinates": [ [ [ 6.171248014937485, 48.627229068169214 ], [ 6.171110305639154, 48.629025468413595 ], [ 6.173819554807066, 48.629118820010703 ], [ 6.173957167114078, 48.627322415899542 ], [ 6.171248014937485, 48.627229068169214 ] ] ] } },
{ "type": "Feature", "properties": { "population": 19.0, "couverture_min": 5 }, "geometry": { "type": "Polygon", "coordinates": [ [ [ 6.176116192158648, 48.6346013200735 ], [ 6.175978626769816, 48.63639772175182 ], [ 6.178688282455401, 48.636490956772455 ], [ 6.178825750815236, 48.634694551231341 ], [ 6.176116192158648, 48.6346013200735 ] ] ] } },
{ "type": "Feature", "properties": { "population": 21.0, "couverture_min": 5 }, "geometry": { "type": "Polygon", "coordinates": [ [ [ 6.178825750815236, 48.634694551231341 ], [ 6.178688282455401, 48.636490956772455 ], [ 6.181397947363597, 48.636584125768998 ], [ 6.18153531869315, 48.63478771636786 ], [ 6.178825750815236, 48.634694551231341 ] ] ] } },
{ "type": "Feature", "properties": { "population": 11.0, "couverture_min": 5 }, "geometry": { "type": "Polygon", "coordinates": [ [ [ 6.173268980313302, 48.636304420707503 ], [ 6.173131305365301, 48.638100816946846 ], [ 6.17584104885831, 48.638194121857026 ], [ 6.175978626769816, 48.63639772175182 ], [ 6.173268980313302, 48.636304420707503 ] ] ] } },
{ "type": "Feature", "properties": { "population": 158.0, "couverture_min": 5 }, "geometry": { "type": "Polygon", "coordinates": [ [ [ 6.175978626769816, 48.63639772175182 ], [ 6.17584104885831, 48.638194121857026 ], [ 6.178550801581678, 48.638287360740769 ], [ 6.178688282455401, 48.636490956772455 ], [ 6.175978626769816, 48.63639772175182 ] ] ] } },
{ "type": "Feature", "properties": { "population": 39.5, "couverture_min": 5 }, "geometry": { "type": "Polygon", "coordinates": [ [ [ 6.178688282455401, 48.636490956772455 ], [ 6.178550801581678, 48.638287360740769 ], [ 6.181260563528935, 48.638380533597712 ], [ 6.181397947363597, 48.636584125768998 ], [ 6.178688282455401, 48.636490956772455 ] ] ] } },
{ "type": "Feature", "properties": { "population": 64.0, "couverture_min": 5 }, "geometry": { "type": "Polygon", "coordinates": [ [ [ 6.173131305365301, 48.638100816946846 ], [ 6.172993617884218, 48.639897211613082 ], [ 6.175703458422509, 48.639990520389468 ], [ 6.17584104885831, 48.638194121857026 ], [ 6.173131305365301, 48.638100816946846 ] ] ] } },
{ "type": "Feature", "properties": { "population": 138.0, "couverture_min": 5 }, "geometry": { "type": "Polygon", "coordinates": [ [ [ 6.17584104885831, 48.638194121857026 ], [ 6.175703458422509, 48.639990520389468 ], [ 6.178413308192438, 48.640083763136687 ], [ 6.178550801581678, 48.638287360740769 ], [ 6.17584104885831, 48.638194121857026 ] ] ] } },
{ "type": "Feature", "properties": { "population": 3.0, "couverture_min": 10 }, "geometry": { "type": "Polygon", "coordinates": [ [ [ 6.170283786584037, 48.639803836807914 ], [ 6.170145989515471, 48.641600226032189 ], [ 6.172855917868429, 48.641693604706632 ], [ 6.172993617884218, 48.639897211613082 ], [ 6.170283786584037, 48.639803836807914 ] ] ] } },
{ "type": "Feature", "properties": { "population": 127.0, "couverture_min": 5 }, "geometry": { "type": "Polygon", "coordinates": [ [ [ 6.172993617884218, 48.639897211613082 ], [ 6.172855917868429, 48.641693604706632 ], [ 6.17556585546078, 48.641786917349556 ], [ 6.175703458422509, 48.639990520389468 ], [ 6.172993617884218, 48.639897211613082 ] ] ] } },
{ "type": "Feature", "properties": { "population": 164.5, "couverture_min": 5 }, "geometry": { "type": "Polygon", "coordinates": [ [ [ 6.175703458422509, 48.639990520389468 ], [ 6.17556585546078, 48.641786917349556 ], [ 6.178275802286056, 48.641880163960629 ], [ 6.178413308192438, 48.640083763136687 ], [ 6.175703458422509, 48.639990520389468 ] ] ] } },
{ "type": "Feature", "properties": { "population": 17.0, "couverture_min": 10 }, "geometry": { "type": "Polygon", "coordinates": [ [ [ 6.167436070408375, 48.641506781326598 ], [ 6.167298163734412, 48.643303165105863 ], [ 6.170008179901783, 48.643396613683784 ], [ 6.170145989515471, 48.641600226032189 ], [ 6.167436070408375, 48.641506781326598 ] ] ] } },
{ "type": "Feature", "properties": { "population": 14.0, "couverture_min": 10 }, "geometry": { "type": "Polygon", "coordinates": [ [ [ 6.170145989515471, 48.641600226032189 ], [ 6.170008179901783, 48.643396613683784 ], [ 6.172718205316305, 48.643489996227899 ], [ 6.172855917868429, 48.641693604706632 ], [ 6.170145989515471, 48.641600226032189 ] ] ] } },
{ "type": "Feature", "properties": { "population": 42.0, "couverture_min": 5 }, "geometry": { "type": "Polygon", "coordinates": [ [ [ 6.172855917868429, 48.641693604706632 ], [ 6.172718205316305, 48.643489996227899 ], [ 6.175428239971503, 48.643583312737761 ], [ 6.17556585546078, 48.641786917349556 ], [ 6.172855917868429, 48.641693604706632 ] ] ] } },
{ "type": "Feature", "properties": { "population": 59.0, "couverture_min": 5 }, "geometry": { "type": "Polygon", "coordinates": [ [ [ 6.17556585546078, 48.641786917349556 ], [ 6.175428239971503, 48.643583312737761 ], [ 6.17813828386091, 48.643676563213027 ], [ 6.178275802286056, 48.641880163960629 ], [ 6.17556585546078, 48.641786917349556 ] ] ] } },
{ "type": "Feature", "properties": { "population": 9.0, "couverture_min": 10 }, "geometry": { "type": "Polygon", "coordinates": [ [ [ 6.167298163734412, 48.643303165105863 ], [ 6.167160244504914, 48.645099547312512 ], [ 6.169870357741345, 48.645192999763189 ], [ 6.170008179901783, 48.643396613683784 ], [ 6.167298163734412, 48.643303165105863 ] ] ] } },
{ "type": "Feature", "properties": { "population": 65.0, "couverture_min": 5 }, "geometry": { "type": "Polygon", "coordinates": [ [ [ 6.170008179901783, 48.643396613683784 ], [ 6.169870357741345, 48.645192999763189 ], [ 6.172580480226214, 48.645286386177304 ], [ 6.172718205316305, 48.643489996227899 ], [ 6.170008179901783, 48.643396613683784 ] ] ] } },
{ "type": "Feature", "properties": { "population": 66.0, "couverture_min": 5 }, "geometry": { "type": "Polygon", "coordinates": [ [ [ 6.172718205316305, 48.643489996227899 ], [ 6.172580480226214, 48.645286386177304 ], [ 6.175290611953045, 48.645379706554436 ], [ 6.175428239971503, 48.643583312737761 ], [ 6.172718205316305, 48.643489996227899 ] ] ] } },
{ "type": "Feature", "properties": { "population": 114.5, "couverture_min": 5 }, "geometry": { "type": "Polygon", "coordinates": [ [ [ 6.175428239971503, 48.643583312737761 ], [ 6.175290611953045, 48.645379706554436 ], [ 6.17800075291537, 48.64547296089431 ], [ 6.17813828386091, 48.643676563213027 ], [ 6.175428239971503, 48.643583312737761 ] ] ] } },
{ "type": "Feature", "properties": { "population": 66.5, "couverture_min": 5 }, "geometry": { "type": "Polygon", "coordinates": [ [ [ 6.17813828386091, 48.643676563213027 ], [ 6.17800075291537, 48.64547296089431 ], [ 6.180710903106717, 48.64556614919649 ], [ 6.180848336978056, 48.643769747653373 ], [ 6.17813828386091, 48.643676563213027 ] ] ] } },
{ "type": "Feature", "properties": { "population": 2.0, "couverture_min": 10 }, "geometry": { "type": "Polygon", "coordinates": [ [ [ 6.192099703427508, 48.638752564750412 ], [ 6.191962695290304, 48.640548986422971 ], [ 6.194672600314235, 48.640641832987733 ], [ 6.194809511397196, 48.63884540746799 ], [ 6.192099703427508, 48.638752564750412 ] ] ] } },
{ "type": "Feature", "properties": { "population": 60.0, "couverture_min": 5 }, "geometry": { "type": "Polygon", "coordinates": [ [ [ 6.194809511397196, 48.63884540746799 ], [ 6.194672600314235, 48.640641832987733 ], [ 6.197382514524522, 48.640734613520799 ], [ 6.197519328551962, 48.638938184156608 ], [ 6.194809511397196, 48.63884540746799 ] ] ] } },
{ "type": "Feature", "properties": { "population": 2.0, "couverture_min": 5 }, "geometry": { "type": "Polygon", "coordinates": [ [ [ 6.197519328551962, 48.638938184156608 ], [ 6.197382514524522, 48.640734613520799 ], [ 6.2000924379147, 48.640827328021857 ], [ 6.200229154885339, 48.63903089481591 ], [ 6.197519328551962, 48.638938184156608 ] ] ] } },
{ "type": "Feature", "properties": { "population": 142.0, "couverture_min": 5 }, "geometry": { "type": "Polygon", "coordinates": [ [ [ 6.194672600314235, 48.640641832987733 ], [ 6.194535676766837, 48.642438256937666 ], [ 6.197245688041433, 48.642531041315607 ], [ 6.197382514524522, 48.640734613520799 ], [ 6.194672600314235, 48.640641832987733 ] ] ] } },
{ "type": "Feature", "properties": { "population": 165.0, "couverture_min": 5 }, "geometry": { "type": "Polygon", "coordinates": [ [ [ 6.197382514524522, 48.640734613520799 ], [ 6.197245688041433, 48.642531041315607 ], [ 6.199955708497191, 48.642623759658733 ], [ 6.2000924379147, 48.640827328021857 ], [ 6.197382514524522, 48.640734613520799 ] ] ] } },
{ "type": "Feature", "properties": { "population": 42.0, "couverture_min": 5 }, "geometry": { "type": "Polygon", "coordinates": [ [ [ 6.2000924379147, 48.640827328021857 ], [ 6.199955708497191, 48.642623759658733 ], [ 6.202665738127642, 48.642716411966759 ], [ 6.202802370478294, 48.640919976490508 ], [ 6.2000924379147, 48.640827328021857 ] ] ] } },
{ "type": "Feature", "properties": { "population": 46.0, "couverture_min": 5 }, "geometry": { "type": "Polygon", "coordinates": [ [ [ 6.191825674679878, 48.642345406525408 ], [ 6.191688641594611, 48.644141825058036 ], [ 6.194398740753386, 48.644234679318274 ], [ 6.194535676766837, 48.642438256937666 ], [ 6.191825674679878, 48.642345406525408 ] ] ] } },
{ "type": "Feature", "properties": { "population": 197.5, "couverture_min": 5 }, "geometry": { "type": "Polygon", "coordinates": [ [ [ 6.194535676766837, 48.642438256937666 ], [ 6.194398740753386, 48.644234679318274 ], [ 6.197108849101074, 48.644327467541331 ], [ 6.197245688041433, 48.642531041315607 ], [ 6.194535676766837, 48.642438256937666 ] ] ] } },
{ "type": "Feature", "properties": { "population": 176.0, "couverture_min": 5 }, "geometry": { "type": "Polygon", "coordinates": [ [ [ 6.197245688041433, 48.642531041315607 ], [ 6.197108849101074, 48.644327467541331 ], [ 6.199818966631201, 48.644420189726958 ], [ 6.199955708497191, 48.642623759658733 ], [ 6.197245688041433, 48.642531041315607 ] ] ] } },
{ "type": "Feature", "properties": { "population": 294.0, "couverture_min": 5 }, "geometry": { "type": "Polygon", "coordinates": [ [ [ 6.199955708497191, 48.642623759658733 ], [ 6.199818966631201, 48.644420189726958 ], [ 6.2025290933373, 48.644512845874715 ], [ 6.202665738127642, 48.642716411966759 ], [ 6.199955708497191, 48.642623759658733 ] ] ] } },
{ "type": "Feature", "properties": { "population": 4.0, "couverture_min": 10 }, "geometry": { "type": "Polygon", "coordinates": [ [ [ 6.186268470869682, 48.643955918427793 ], [ 6.186131231150587, 48.645752327686466 ], [ 6.188841408990169, 48.645845317873487 ], [ 6.188978551631219, 48.644048904761121 ], [ 6.186268470869682, 48.643955918427793 ] ] ] } },
{ "type": "Feature", "properties": { "population": 190.0, "couverture_min": 5 }, "geometry": { "type": "Polygon", "coordinates": [ [ [ 6.194398740753386, 48.644234679318274 ], [ 6.194261792272261, 48.646031100129868 ], [ 6.196971997701829, 48.646123892198467 ], [ 6.197108849101074, 48.644327467541331 ], [ 6.194398740753386, 48.644234679318274 ] ] ] } },
{ "type": "Feature", "properties": { "population": 85.0, "couverture_min": 5 }, "geometry": { "type": "Polygon", "coordinates": [ [ [ 6.197108849101074, 48.644327467541331 ], [ 6.196971997701829, 48.646123892198467 ], [ 6.199682212315114, 48.646216618226923 ], [ 6.199818966631201, 48.644420189726958 ], [ 6.197108849101074, 48.644327467541331 ] ] ] } },
{ "type": "Feature", "properties": { "population": 8.0, "couverture_min": 5 }, "geometry": { "type": "Polygon", "coordinates": [ [ [ 6.199818966631201, 48.644420189726958 ], [ 6.199682212315114, 48.646216618226923 ], [ 6.202392436105644, 48.64630927821478 ], [ 6.2025290933373, 48.644512845874715 ], [ 6.199818966631201, 48.644420189726958 ] ] ] } },
{ "type": "Feature", "properties": { "population": 4.0, "couverture_min": 10 }, "geometry": { "type": "Polygon", "coordinates": [ [ [ 6.186131231150587, 48.645752327686466 ], [ 6.185993978935834, 48.647548735375487 ], [ 6.188704253862246, 48.647641729416577 ], [ 6.188841408990169, 48.645845317873487 ], [ 6.186131231150587, 48.645752327686466 ] ] ] } },
{ "type": "Feature", "properties": { "population": 22.0, "couverture_min": 5 }, "geometry": { "type": "Polygon", "coordinates": [ [ [ 6.196971997701829, 48.646123892198467 ], [ 6.19683513384208, 48.647920315287436 ], [ 6.19954544554731, 48.648013045159054 ], [ 6.199682212315114, 48.646216618226923 ], [ 6.196971997701829, 48.646123892198467 ] ] ] } },
{ "type": "Feature", "properties": { "population": 9.0, "couverture_min": 10 }, "geometry": { "type": "Polygon", "coordinates": [ [ [ 6.185993978935834, 48.647548735375487 ], [ 6.185856714223799, 48.649345141495296 ], [ 6.188567086245834, 48.649438139390838 ], [ 6.188704253862246, 48.647641729416577 ], [ 6.185993978935834, 48.647548735375487 ] ] ] } },
{ "type": "Feature", "properties": { "population": 82.0, "couverture_min": 10 }, "geometry": { "type": "Polygon", "coordinates": [ [ [ 6.188704253862246, 48.647641729416577 ], [ 6.188567086245834, 48.649438139390838 ], [ 6.191277467473562, 48.64953107124181 ], [ 6.191414537993074, 48.64773465741586 ], [ 6.188704253862246, 48.647641729416577 ] ] ] } },
{ "type": "Feature", "properties": { "population": 100.5, "couverture_min": 5 }, "geometry": { "type": "Polygon", "coordinates": [ [ [ 6.191414537993074, 48.64773465741586 ], [ 6.191277467473562, 48.64953107124181 ], [ 6.193987857900509, 48.649623937047878 ], [ 6.194124831321841, 48.647827519372925 ], [ 6.191414537993074, 48.64773465741586 ] ] ] } },
{ "type": "Feature", "properties": { "population": 4.0, "couverture_min": 5 }, "geometry": { "type": "Polygon", "coordinates": [ [ [ 6.194124831321841, 48.647827519372925 ], [ 6.193987857900509, 48.649623937047878 ], [ 6.196698257520205, 48.649716736808649 ], [ 6.19683513384208, 48.647920315287436 ], [ 6.194124831321841, 48.647827519372925 ] ] ] } },
{ "type": "Feature", "properties": { "population": 4.0, "couverture_min": 5 }, "geometry": { "type": "Polygon", "coordinates": [ [ [ 6.19683513384208, 48.647920315287436 ], [ 6.196698257520205, 48.649716736808649 ], [ 6.199408666326172, 48.649809470523799 ], [ 6.19954544554731, 48.648013045159054 ], [ 6.19683513384208, 48.647920315287436 ] ] ] } },
{ "type": "Feature", "properties": { "population": 5.0, "couverture_min": null }, "geometry": { "type": "Polygon", "coordinates": [ [ [ 6.216488305274151, 48.639585772135923 ], [ 6.216352170671048, 48.641382228335203 ], [ 6.219062158139264, 48.641474480601921 ], [ 6.219198195676659, 48.639678020579943 ], [ 6.216488305274151, 48.639585772135923 ] ] ] } },
{ "type": "Feature", "properties": { "population": 2.0, "couverture_min": 10 }, "geometry": { "type": "Polygon", "coordinates": [ [ [ 6.202802370478294, 48.640919976490508 ], [ 6.202665738127642, 48.642716411966759 ], [ 6.205375776926318, 48.64280899823931 ], [ 6.20551231220883, 48.641012558926406 ], [ 6.202802370478294, 48.640919976490508 ] ] ] } },
{ "type": "Feature", "properties": { "population": 131.5, "couverture_min": 5 }, "geometry": { "type": "Polygon", "coordinates": [ [ [ 6.20551231220883, 48.641012558926406 ], [ 6.205375776926318, 48.64280899823931 ], [ 6.208085824886738, 48.642901518476016 ], [ 6.208222263099846, 48.641105075329165 ], [ 6.20551231220883, 48.641012558926406 ] ] ] } },
{ "type": "Feature", "properties": { "population": 101.5, "couverture_min": 5 }, "geometry": { "type": "Polygon", "coordinates": [ [ [ 6.208222263099846, 48.641105075329165 ], [ 6.208085824886738, 48.642901518476016 ], [ 6.210795882002439, 48.642993972676571 ], [ 6.210932223144868, 48.641197525698466 ], [ 6.208222263099846, 48.641105075329165 ] ] ] } },
{ "type": "Feature", "properties": { "population": 31.0, "couverture_min": 5 }, "geometry": { "type": "Polygon", "coordinates": [ [ [ 6.202665738127642, 48.642716411966759 ], [ 6.2025290933373, 48.644512845874715 ], [ 6.205239229212892, 48.644605435984268 ], [ 6.205375776926318, 48.64280899823931 ], [ 6.202665738127642, 48.642716411966759 ] ] ] } },
{ "type": "Feature", "properties": { "population": 160.5, "couverture_min": 5 }, "geometry": { "type": "Polygon", "coordinates": [ [ [ 6.205375776926318, 48.64280899823931 ], [ 6.205239229212892, 48.644605435984268 ], [ 6.207949374251512, 48.644697960055311 ], [ 6.208085824886738, 48.642901518476016 ], [ 6.205375776926318, 48.64280899823931 ] ] ] } },
{ "type": "Feature", "properties": { "population": 106.5, "couverture_min": 5 }, "geometry": { "type": "Polygon", "coordinates": [ [ [ 6.208085824886738, 48.642901518476016 ], [ 6.207949374251512, 48.644697960055311 ], [ 6.210659528446681, 48.644790418087418 ], [ 6.210795882002439, 48.642993972676571 ], [ 6.208085824886738, 48.642901518476016 ] ] ] } },
{ "type": "Feature", "properties": { "population": 165.0, "couverture_min": 5 }, "geometry": { "type": "Polygon", "coordinates": [ [ [ 6.2025290933373, 48.644512845874715 ], [ 6.202392436105644, 48.64630927821478 ], [ 6.205102669066947, 48.646401872161753 ], [ 6.205239229212892, 48.644605435984268 ], [ 6.2025290933373, 48.644512845874715 ] ] ] } },
{ "type": "Feature", "properties": { "population": 149.5, "couverture_min": 5 }, "geometry": { "type": "Polygon", "coordinates": [ [ [ 6.205239229212892, 48.644605435984268 ], [ 6.205102669066947, 48.646401872161753 ], [ 6.207812911192547, 48.646494400067418 ], [ 6.207949374251512, 48.644697960055311 ], [ 6.205239229212892, 48.644605435984268 ] ] ] } },
{ "type": "Feature", "properties": { "population": 75.0, "couverture_min": 5 }, "geometry": { "type": "Polygon", "coordinates": [ [ [ 6.207949374251512, 48.644697960055311 ], [ 6.207812911192547, 48.646494400067418 ], [ 6.210523162475972, 48.646586861931475 ], [ 6.210659528446681, 48.644790418087418 ], [ 6.207949374251512, 48.644697960055311 ] ] ] } },
{ "type": "Feature", "properties": { "population": 96.5, "couverture_min": 5 }, "geometry": { "type": "Polygon", "coordinates": [ [ [ 6.202392436105644, 48.64630927821478 ], [ 6.202255766431061, 48.648105708987401 ], [ 6.204966096486858, 48.648198306772095 ], [ 6.205102669066947, 48.646401872161753 ], [ 6.202392436105644, 48.64630927821478 ] ] ] } },
{ "type": "Feature", "properties": { "population": 108.0, "couverture_min": 5 }, "geometry": { "type": "Polygon", "coordinates": [ [ [ 6.205102669066947, 48.646401872161753 ], [ 6.204966096486858, 48.648198306772095 ], [ 6.207676435708232, 48.648290838512807 ], [ 6.207812911192547, 48.646494400067418 ], [ 6.205102669066947, 48.646401872161753 ] ] ] } },
{ "type": "Feature", "properties": { "population": 145.5, "couverture_min": 5 }, "geometry": { "type": "Polygon", "coordinates": [ [ [ 6.207812911192547, 48.646494400067418 ], [ 6.207676435708232, 48.648290838512807 ], [ 6.210386784088704, 48.648383304209169 ], [ 6.210523162475972, 48.646586861931475 ], [ 6.207812911192547, 48.646494400067418 ] ] ] } },
{ "type": "Feature", "properties": { "population": 61.5, "couverture_min": 5 }, "geometry": { "type": "Polygon", "coordinates": [ [ [ 6.202255766431061, 48.648105708987401 ], [ 6.202119084311934, 48.649902138192957 ], [ 6.20482951147102, 48.649994739815732 ], [ 6.204966096486858, 48.648198306772095 ], [ 6.202255766431061, 48.648105708987401 ] ] ] } },
{ "type": "Feature", "properties": { "population": 376.5, "couverture_min": 5 }, "geometry": { "type": "Polygon", "coordinates": [ [ [ 6.204966096486858, 48.648198306772095 ], [ 6.20482951147102, 48.649994739815732 ], [ 6.207539947796954, 48.650087275391847 ], [ 6.207676435708232, 48.648290838512807 ], [ 6.204966096486858, 48.648198306772095 ] ] ] } },
{ "type": "Feature", "properties": { "population": 6.0, "couverture_min": 5 }, "geometry": { "type": "Polygon", "coordinates": [ [ [ 6.207676435708232, 48.648290838512807 ], [ 6.207539947796954, 48.650087275391847 ], [ 6.21025039328326, 48.650179744920855 ], [ 6.210386784088704, 48.648383304209169 ], [ 6.207676435708232, 48.648290838512807 ] ] ] } },
{ "type": "Feature", "properties": { "population": 69.0, "couverture_min": 5 }, "geometry": { "type": "Polygon", "coordinates": [ [ [ 6.202119084311934, 48.649902138192957 ], [ 6.201982389746644, 48.651698565831879 ], [ 6.204692914017809, 48.651791171293162 ], [ 6.20482951147102, 48.649994739815732 ], [ 6.202119084311934, 48.649902138192957 ] ] ] } },
{ "type": "Feature", "properties": { "population": 160.0, "couverture_min": 5 }, "geometry": { "type": "Polygon", "coordinates": [ [ [ 6.20482951147102, 48.649994739815732 ], [ 6.204692914017809, 48.651791171293162 ], [ 6.207403447457099, 48.651883710705 ], [ 6.207539947796954, 48.650087275391847 ], [ 6.20482951147102, 48.649994739815732 ] ] ] } },
{ "type": "Feature", "properties": { "population": 27.0, "couverture_min": 5 }, "geometry": { "type": "Polygon", "coordinates": [ [ [ 6.207539947796954, 48.650087275391847 ], [ 6.207403447457099, 48.651883710705 ], [ 6.210113990058032, 48.651976184067017 ], [ 6.21025039328326, 48.650179744920855 ], [ 6.207539947796954, 48.650087275391847 ] ] ] } },
{ "type": "Feature", "properties": { "population": 10.0, "couverture_min": 15 }, "geometry": { "type": "Polygon", "coordinates": [ [ [ 6.153609817275745, 48.644631294523251 ], [ 6.153471400119165, 48.646427655751467 ], [ 6.156181564087768, 48.646521442266248 ], [ 6.156319884172947, 48.644725077151342 ], [ 6.153609817275745, 48.644631294523251 ] ] ] } },
{ "type": "Feature", "properties": { "population": 2.0, "couverture_min": 10 }, "geometry": { "type": "Polygon", "coordinates": [ [ [ 6.150761245439111, 48.646333803199589 ], [ 6.150622718600902, 48.648130158964463 ], [ 6.153332970359855, 48.648224015406129 ], [ 6.153471400119165, 48.646427655751467 ], [ 6.150761245439111, 48.646333803199589 ] ] ] } },
{ "type": "Feature", "properties": { "population": 51.0, "couverture_min": 10 }, "geometry": { "type": "Polygon", "coordinates": [ [ [ 6.153471400119165, 48.646427655751467 ], [ 6.153332970359855, 48.648224015406129 ], [ 6.15604323140865, 48.648317805807949 ], [ 6.156181564087768, 48.646521442266248 ], [ 6.153471400119165, 48.646427655751467 ] ] ] } },
{ "type": "Feature", "properties": { "population": 3.0, "couverture_min": 10 }, "geometry": { "type": "Polygon", "coordinates": [ [ [ 6.139781804592917, 48.647754072806826 ], [ 6.139642876803748, 48.649550411410424 ], [ 6.142353188421136, 48.649644535908763 ], [ 6.142492019127798, 48.647848193404151 ], [ 6.139781804592917, 48.647754072806826 ] ] ] } },
{ "type": "Feature", "properties": { "population": 5.5, "couverture_min": 5 }, "geometry": { "type": "Polygon", "coordinates": [ [ [ 6.142492019127798, 48.647848193404151 ], [ 6.142353188421136, 48.649644535908763 ], [ 6.145063509355545, 48.649738594366021 ], [ 6.1452022429784, 48.647942247963101 ], [ 6.142492019127798, 48.647848193404151 ] ] ] } },
{ "type": "Feature", "properties": { "population": 206.5, "couverture_min": 10 }, "geometry": { "type": "Polygon", "coordinates": [ [ [ 6.153332970359855, 48.648224015406129 ], [ 6.153194527996177, 48.650020373487607 ], [ 6.155904886133948, 48.650114167776863 ], [ 6.15604323140865, 48.648317805807949 ], [ 6.153332970359855, 48.648224015406129 ] ] ] } },
{ "type": "Feature", "properties": { "population": 3.0, "couverture_min": 15 }, "geometry": { "type": "Polygon", "coordinates": [ [ [ 6.136932574509853, 48.6494562208714 ], [ 6.136793536980739, 48.651252553996279 ], [ 6.139503936364635, 48.651346748439423 ], [ 6.139642876803748, 48.649550411410424 ], [ 6.136932574509853, 48.6494562208714 ] ] ] } },
{ "type": "Feature", "properties": { "population": 165.5, "couverture_min": 10 }, "geometry": { "type": "Polygon", "coordinates": [ [ [ 6.153194527996177, 48.650020373487607 ], [ 6.153056073026495, 48.651816729996334 ], [ 6.155766528262032, 48.65191052817336 ], [ 6.155904886133948, 48.650114167776863 ], [ 6.153194527996177, 48.650020373487607 ] ] ] } },
{ "type": "Feature", "properties": { "population": 2.0, "couverture_min": 5 }, "geometry": { "type": "Polygon", "coordinates": [ [ [ 6.150345627083381, 48.65172286577404 ], [ 6.150207062400793, 48.653519216819547 ], [ 6.152917605449168, 48.653613084932722 ], [ 6.153056073026495, 48.651816729996334 ], [ 6.150345627083381, 48.65172286577404 ] ] ] } },
{ "type": "Feature", "properties": { "population": 6.0, "couverture_min": 5 }, "geometry": { "type": "Polygon", "coordinates": [ [ [ 6.153056073026495, 48.651816729996334 ], [ 6.152917605449168, 48.653613084932722 ], [ 6.155628157791263, 48.653706886997902 ], [ 6.155766528262032, 48.65191052817336 ], [ 6.153056073026495, 48.651816729996334 ] ] ] } },
{ "type": "Feature", "properties": { "population": 11.0, "couverture_min": 5 }, "geometry": { "type": "Polygon", "coordinates": [ [ [ 6.152917605449168, 48.653613084932722 ], [ 6.152779125262565, 48.655409438297177 ], [ 6.155489774720002, 48.655503244250902 ], [ 6.155628157791263, 48.653706886997902 ], [ 6.152917605449168, 48.653613084932722 ] ] ] } },
{ "type": "Feature", "properties": { "population": 1.0, "couverture_min": 5 }, "geometry": { "type": "Polygon", "coordinates": [ [ [ 6.147357854239189, 48.655221628238031 ], [ 6.147219167197266, 48.657017972245086 ], [ 6.149929895179764, 48.657111914194168 ], [ 6.150068485100134, 48.655315566292785 ], [ 6.147357854239189, 48.655221628238031 ] ] ] } },
{ "type": "Feature", "properties": { "population": 4.0, "couverture_min": 5 }, "geometry": { "type": "Polygon", "coordinates": [ [ [ 6.152779125262565, 48.655409438297177 ], [ 6.152640632465038, 48.657205790090138 ], [ 6.155351379046617, 48.657299599932749 ], [ 6.155489774720002, 48.655503244250902 ], [ 6.152779125262565, 48.655409438297177 ] ] ] } },
{ "type": "Feature", "properties": { "population": 3.0, "couverture_min": 5 }, "geometry": { "type": "Polygon", "coordinates": [ [ [ 6.152640632465038, 48.657205790090138 ], [ 6.152502127054958, 48.659002140312055 ], [ 6.155212970769464, 48.659095954043877 ], [ 6.155351379046617, 48.657299599932749 ], [ 6.152640632465038, 48.657205790090138 ] ] ] } },
{ "type": "Feature", "properties": { "population": 12.0, "couverture_min": 5 }, "geometry": { "type": "Polygon", "coordinates": [ [ [ 6.138948048075878, 48.658532080817999 ], [ 6.13880904436239, 48.660328409980337 ], [ 6.141519938659407, 48.660422557892474 ], [ 6.141658845237646, 48.658626224826918 ], [ 6.138948048075878, 48.658532080817999 ] ] ] } },
{ "type": "Feature", "properties": { "population": 57.0, "couverture_min": 5 }, "geometry": { "type": "Polygon", "coordinates": [ [ [ 6.13609815939665, 48.660234196011167 ], [ 6.135959045880607, 48.662030519695122 ], [ 6.138670027989096, 48.662124737570593 ], [ 6.13880904436239, 48.660328409980337 ], [ 6.13609815939665, 48.660234196011167 ] ] ] } },
{ "type": "Feature", "properties": { "population": 129.5, "couverture_min": 5 }, "geometry": { "type": "Polygon", "coordinates": [ [ [ 6.13880904436239, 48.660328409980337 ], [ 6.138670027989096, 48.662124737570593 ], [ 6.141381019430153, 48.662218889386303 ], [ 6.141519938659407, 48.660422557892474 ], [ 6.13880904436239, 48.660328409980337 ] ] ] } },
{ "type": "Feature", "properties": { "population": 7.0, "couverture_min": 5 }, "geometry": { "type": "Polygon", "coordinates": [ [ [ 6.141519938659407, 48.660422557892474 ], [ 6.141381019430153, 48.662218889386303 ], [ 6.144092020197307, 48.662312975141887 ], [ 6.144230842281221, 48.6605166397472 ], [ 6.141519938659407, 48.660422557892474 ] ] ] } },
{ "type": "Feature", "properties": { "population": 9.0, "couverture_min": 15 }, "geometry": { "type": "Polygon", "coordinates": [ [ [ 6.156319884172947, 48.644725077151342 ], [ 6.156181564087768, 48.646521442266248 ], [ 6.158891737338451, 48.646615162743572 ], [ 6.159029960350932, 48.644818793744676 ], [ 6.156319884172947, 48.644725077151342 ] ] ] } },
{ "type": "Feature", "properties": { "population": 6.0, "couverture_min": null }, "geometry": { "type": "Polygon", "coordinates": [ [ [ 6.159029960350932, 48.644818793744676 ], [ 6.158891737338451, 48.646615162743572 ], [ 6.161601919864738, 48.646708817183026 ], [ 6.161740045803236, 48.644912444302882 ], [ 6.159029960350932, 48.644818793744676 ] ] ] } },
{ "type": "Feature", "properties": { "population": 2.0, "couverture_min": null }, "geometry": { "type": "Polygon", "coordinates": [ [ [ 6.161740045803236, 48.644912444302882 ], [ 6.161601919864738, 48.646708817183026 ], [ 6.164312111660162, 48.646802405584289 ], [ 6.164450140523388, 48.64500602882562 ], [ 6.161740045803236, 48.644912444302882 ] ] ] } },
{ "type": "Feature", "properties": { "population": 102.0, "couverture_min": 15 }, "geometry": { "type": "Polygon", "coordinates": [ [ [ 6.156181564087768, 48.646521442266248 ], [ 6.15604323140865, 48.648317805807949 ], [ 6.158753501740811, 48.648411530169611 ], [ 6.158891737338451, 48.646615162743572 ], [ 6.156181564087768, 48.646521442266248 ] ] ] } },
{ "type": "Feature", "properties": { "population": 33.0, "couverture_min": 15 }, "geometry": { "type": "Polygon", "coordinates": [ [ [ 6.158891737338451, 48.646615162743572 ], [ 6.158753501740811, 48.648411530169611 ], [ 6.16146378134987, 48.648505188490667 ], [ 6.161601919864738, 48.646708817183026 ], [ 6.158891737338451, 48.646615162743572 ] ] ] } },
{ "type": "Feature", "properties": { "population": 12.0, "couverture_min": null }, "geometry": { "type": "Polygon", "coordinates": [ [ [ 6.161601919864738, 48.646708817183026 ], [ 6.16146378134987, 48.648505188490667 ], [ 6.164174070229354, 48.648598780770811 ], [ 6.164312111660162, 48.646802405584289 ], [ 6.161601919864738, 48.646708817183026 ] ] ] } },
{ "type": "Feature", "properties": { "population": 149.5, "couverture_min": 10 }, "geometry": { "type": "Polygon", "coordinates": [ [ [ 6.15604323140865, 48.648317805807949 ], [ 6.155904886133948, 48.650114167776863 ], [ 6.158615253556379, 48.650207896023197 ], [ 6.158753501740811, 48.648411530169611 ], [ 6.15604323140865, 48.648317805807949 ] ] ] } },
{ "type": "Feature", "properties": { "population": 104.5, "couverture_min": 15 }, "geometry": { "type": "Polygon", "coordinates": [ [ [ 6.158753501740811, 48.648411530169611 ], [ 6.158615253556379, 48.650207896023197 ], [ 6.161325630256996, 48.650301558226246 ], [ 6.16146378134987, 48.648505188490667 ], [ 6.158753501740811, 48.648411530169611 ] ] ] } },
{ "type": "Feature", "properties": { "population": 61.0, "couverture_min": 15 }, "geometry": { "type": "Polygon", "coordinates": [ [ [ 6.16146378134987, 48.648505188490667 ], [ 6.161325630256996, 48.650301558226246 ], [ 6.164036016229329, 48.650395154385677 ], [ 6.164174070229354, 48.648598780770811 ], [ 6.16146378134987, 48.648505188490667 ] ] ] } },
{ "type": "Feature", "properties": { "population": 30.0, "couverture_min": null }, "geometry": { "type": "Polygon", "coordinates": [ [ [ 6.164174070229354, 48.648598780770811 ], [ 6.164036016229329, 48.650395154385677 ], [ 6.1667464114669, 48.650488684501092 ], [ 6.16688436837279, 48.648692307009711 ], [ 6.164174070229354, 48.648598780770811 ] ] ] } },
{ "type": "Feature", "properties": { "population": 272.5, "couverture_min": 10 }, "geometry": { "type": "Polygon", "coordinates": [ [ [ 6.155904886133948, 48.650114167776863 ], [ 6.155766528262032, 48.65191052817336 ], [ 6.158476992783521, 48.652004260304786 ], [ 6.158615253556379, 48.650207896023197 ], [ 6.155904886133948, 48.650114167776863 ] ] ] } },
{ "type": "Feature", "properties": { "population": 159.5, "couverture_min": 15 }, "geometry": { "type": "Polygon", "coordinates": [ [ [ 6.158615253556379, 48.650207896023197 ], [ 6.158476992783521, 48.652004260304786 ], [ 6.161187466584485, 48.652097926390169 ], [ 6.161325630256996, 48.650301558226246 ], [ 6.158615253556379, 48.650207896023197 ] ] ] } },
{ "type": "Feature", "properties": { "population": 98.5, "couverture_min": 15 }, "geometry": { "type": "Polygon", "coordinates": [ [ [ 6.161325630256996, 48.650301558226246 ], [ 6.161187466584485, 48.652097926390169 ], [ 6.163897949658452, 48.65219152642922 ], [ 6.164036016229329, 48.650395154385677 ], [ 6.161325630256996, 48.650301558226246 ] ] ] } },
{ "type": "Feature", "properties": { "population": 81.0, "couverture_min": null }, "geometry": { "type": "Polygon", "coordinates": [ [ [ 6.164036016229329, 48.650395154385677 ], [ 6.163897949658452, 48.65219152642922 ], [ 6.16660844199895, 48.652285060421534 ], [ 6.1667464114669, 48.650488684501092 ], [ 6.164036016229329, 48.650395154385677 ] ] ] } },
{ "type": "Feature", "properties": { "population": 188.5, "couverture_min": 5 }, "geometry": { "type": "Polygon", "coordinates": [ [ [ 6.155766528262032, 48.65191052817336 ], [ 6.155628157791263, 48.653706886997902 ], [ 6.158338719420595, 48.653800623014739 ], [ 6.158476992783521, 48.652004260304786 ], [ 6.155766528262032, 48.65191052817336 ] ] ] } },
{ "type": "Feature", "properties": { "population": 209.5, "couverture_min": 10 }, "geometry": { "type": "Polygon", "coordinates": [ [ [ 6.158476992783521, 48.652004260304786 ], [ 6.158338719420595, 48.653800623014739 ], [ 6.161049290330701, 48.653894292982876 ], [ 6.161187466584485, 48.652097926390169 ], [ 6.158476992783521, 48.652004260304786 ] ] ] } },
{ "type": "Feature", "properties": { "population": 13.0, "couverture_min": 15 }, "geometry": { "type": "Polygon", "coordinates": [ [ [ 6.161187466584485, 48.652097926390169 ], [ 6.161049290330701, 48.653894292982876 ], [ 6.163759870515096, 48.65398789690191 ], [ 6.163897949658452, 48.65219152642922 ], [ 6.161187466584485, 48.652097926390169 ] ] ] } },
{ "type": "Feature", "properties": { "population": 48.0, "couverture_min": 15 }, "geometry": { "type": "Polygon", "coordinates": [ [ [ 6.163897949658452, 48.65219152642922 ], [ 6.163759870515096, 48.65398789690191 ], [ 6.166470459967308, 48.654081434771491 ], [ 6.16660844199895, 48.652285060421534 ], [ 6.163897949658452, 48.65219152642922 ] ] ] } },
{ "type": "Feature", "properties": { "population": 31.0, "couverture_min": 5 }, "geometry": { "type": "Polygon", "coordinates": [ [ [ 6.155628157791263, 48.653706886997902 ], [ 6.155489774720002, 48.655503244250902 ], [ 6.158200433465975, 48.655596984153519 ], [ 6.158338719420595, 48.653800623014739 ], [ 6.155628157791263, 48.653706886997902 ] ] ] } },
{ "type": "Feature", "properties": { "population": 37.5, "couverture_min": 10 }, "geometry": { "type": "Polygon", "coordinates": [ [ [ 6.158338719420595, 48.653800623014739 ], [ 6.158200433465975, 48.655596984153519 ], [ 6.160911101494007, 48.655690658004715 ], [ 6.161049290330701, 48.653894292982876 ], [ 6.158338719420595, 48.653800623014739 ] ] ] } },
{ "type": "Feature", "properties": { "population": 2.0, "couverture_min": 10 }, "geometry": { "type": "Polygon", "coordinates": [ [ [ 6.161049290330701, 48.653894292982876 ], [ 6.160911101494007, 48.655690658004715 ], [ 6.16362177879762, 48.655784265804108 ], [ 6.163759870515096, 48.65398789690191 ], [ 6.161049290330701, 48.653894292982876 ] ] ] } },
{ "type": "Feature", "properties": { "population": 67.0, "couverture_min": 10 }, "geometry": { "type": "Polygon", "coordinates": [ [ [ 6.163759870515096, 48.65398789690191 ], [ 6.16362177879762, 48.655784265804108 ], [ 6.166332465370341, 48.655877807551335 ], [ 6.166470459967308, 48.654081434771491 ], [ 6.163759870515096, 48.65398789690191 ] ] ] } },
{ "type": "Feature", "properties": { "population": 1.0, "couverture_min": 10 }, "geometry": { "type": "Polygon", "coordinates": [ [ [ 6.155489774720002, 48.655503244250902 ], [ 6.155351379046617, 48.657299599932749 ], [ 6.158062134918018, 48.657393343721537 ], [ 6.158200433465975, 48.655596984153519 ], [ 6.155489774720002, 48.655503244250902 ] ] ] } },
{ "type": "Feature", "properties": { "population": 48.0, "couverture_min": 10 }, "geometry": { "type": "Polygon", "coordinates": [ [ [ 6.16362177879762, 48.655784265804108 ], [ 6.163483674504395, 48.657580633136284 ], [ 6.166194458206415, 48.657674178761511 ], [ 6.166332465370341, 48.655877807551335 ], [ 6.16362177879762, 48.655784265804108 ] ] ] } },
{ "type": "Feature", "properties": { "population": 20.0, "couverture_min": 5 }, "geometry": { "type": "Polygon", "coordinates": [ [ [ 6.155351379046617, 48.657299599932749 ], [ 6.155212970769464, 48.659095954043877 ], [ 6.157923823775089, 48.659189701719207 ], [ 6.158062134918018, 48.657393343721537 ], [ 6.155351379046617, 48.657299599932749 ] ] ] } },
{ "type": "Feature", "properties": { "population": 77.0, "couverture_min": 5 }, "geometry": { "type": "Polygon", "coordinates": [ [ [ 6.158062134918018, 48.657393343721537 ], [ 6.157923823775089, 48.659189701719207 ], [ 6.160634686065356, 48.659283383337645 ], [ 6.160772900072768, 48.657487021456149 ], [ 6.158062134918018, 48.657393343721537 ] ] ] } },
{ "type": "Feature", "properties": { "population": 50.5, "couverture_min": 10 }, "geometry": { "type": "Polygon", "coordinates": [ [ [ 6.163483674504395, 48.657580633136284 ], [ 6.163345557633785, 48.659376998898821 ], [ 6.166056438473899, 48.65947054840241 ], [ 6.166194458206415, 48.657674178761511 ], [ 6.163483674504395, 48.657580633136284 ] ] ] } },
{ "type": "Feature", "properties": { "population": 54.5, "couverture_min": 5 }, "geometry": { "type": "Polygon", "coordinates": [ [ [ 6.157923823775089, 48.659189701719207 ], [ 6.157785500035552, 48.660986058146911 ], [ 6.160496459470126, 48.661079743649509 ], [ 6.160634686065356, 48.659283383337645 ], [ 6.157923823775089, 48.659189701719207 ] ] ] } },
{ "type": "Feature", "properties": { "population": 135.5, "couverture_min": 5 }, "geometry": { "type": "Polygon", "coordinates": [ [ [ 6.160634686065356, 48.659283383337645 ], [ 6.160496459470126, 48.661079743649509 ], [ 6.163207428184156, 48.661173363092175 ], [ 6.163345557633785, 48.659376998898821 ], [ 6.160634686065356, 48.659283383337645 ] ] ] } },
{ "type": "Feature", "properties": { "population": 140.0, "couverture_min": 5 }, "geometry": { "type": "Polygon", "coordinates": [ [ [ 6.163345557633785, 48.659376998898821 ], [ 6.163207428184156, 48.661173363092175 ], [ 6.165918406171158, 48.661266916474482 ], [ 6.166056438473899, 48.65947054840241 ], [ 6.163345557633785, 48.659376998898821 ] ] ] } },
{ "type": "Feature", "properties": { "population": 112.0, "couverture_min": 5 }, "geometry": { "type": "Polygon", "coordinates": [ [ [ 6.157785500035552, 48.660986058146911 ], [ 6.157647163697769, 48.662782413005104 ], [ 6.160358220285449, 48.662876102392239 ], [ 6.160496459470126, 48.661079743649509 ], [ 6.157785500035552, 48.660986058146911 ] ] ] } },
{ "type": "Feature", "properties": { "population": 203.0, "couverture_min": 5 }, "geometry": { "type": "Polygon", "coordinates": [ [ [ 6.160496459470126, 48.661079743649509 ], [ 6.160358220285449, 48.662876102392239 ], [ 6.163069286153873, 48.662969725716714 ], [ 6.163207428184156, 48.661173363092175 ], [ 6.160496459470126, 48.661079743649509 ] ] ] } },
{ "type": "Feature", "properties": { "population": 148.0, "couverture_min": 5 }, "geometry": { "type": "Polygon", "coordinates": [ [ [ 6.163207428184156, 48.661173363092175 ], [ 6.163069286153873, 48.662969725716714 ], [ 6.165780361296564, 48.663063282978108 ], [ 6.165918406171158, 48.661266916474482 ], [ 6.163207428184156, 48.661173363092175 ] ] ] } },
{ "type": "Feature", "properties": { "population": 31.0, "couverture_min": 10 }, "geometry": { "type": "Polygon", "coordinates": [ [ [ 6.167160244504914, 48.645099547312512 ], [ 6.167022312718248, 48.646895927946986 ], [ 6.16973252303253, 48.646989384270782 ], [ 6.169870357741345, 48.645192999763189 ], [ 6.167160244504914, 48.645099547312512 ] ] ] } },
{ "type": "Feature", "properties": { "population": 102.0, "couverture_min": 5 }, "geometry": { "type": "Polygon", "coordinates": [ [ [ 6.169870357741345, 48.645192999763189 ], [ 6.16973252303253, 48.646989384270782 ], [ 6.172442742596531, 48.647082774555216 ], [ 6.172580480226214, 48.645286386177304 ], [ 6.169870357741345, 48.645192999763189 ] ] ] } },
{ "type": "Feature", "properties": { "population": 155.5, "couverture_min": 5 }, "geometry": { "type": "Polygon", "coordinates": [ [ [ 6.172580480226214, 48.645286386177304 ], [ 6.172442742596531, 48.647082774555216 ], [ 6.175152971403782, 48.647176098800045 ], [ 6.175290611953045, 48.645379706554436 ], [ 6.172580480226214, 48.645286386177304 ] ] ] } },
{ "type": "Feature", "properties": { "population": 60.0, "couverture_min": 5 }, "geometry": { "type": "Polygon", "coordinates": [ [ [ 6.175290611953045, 48.645379706554436 ], [ 6.175152971403782, 48.647176098800045 ], [ 6.177863209447811, 48.647269357004831 ], [ 6.17800075291537, 48.64547296089431 ], [ 6.175290611953045, 48.645379706554436 ] ] ] } },
{ "type": "Feature", "properties": { "population": 74.0, "couverture_min": 5 }, "geometry": { "type": "Polygon", "coordinates": [ [ [ 6.17800075291537, 48.64547296089431 ], [ 6.177863209447811, 48.647269357004831 ], [ 6.180573456722144, 48.647362549169252 ], [ 6.180710903106717, 48.64556614919649 ], [ 6.17800075291537, 48.64547296089431 ] ] ] } },
{ "type": "Feature", "properties": { "population": 21.0, "couverture_min": 10 }, "geometry": { "type": "Polygon", "coordinates": [ [ [ 6.167022312718248, 48.646895927946986 ], [ 6.16688436837279, 48.648692307009711 ], [ 6.169594675773705, 48.648785767206938 ], [ 6.16973252303253, 48.646989384270782 ], [ 6.167022312718248, 48.646895927946986 ] ] ] } },
{ "type": "Feature", "properties": { "population": 47.0, "couverture_min": 10 }, "geometry": { "type": "Polygon", "coordinates": [ [ [ 6.16973252303253, 48.646989384270782 ], [ 6.169594675773705, 48.648785767206938 ], [ 6.172304992425627, 48.648879161362153 ], [ 6.172442742596531, 48.647082774555216 ], [ 6.16973252303253, 48.646989384270782 ] ] ] } },
{ "type": "Feature", "properties": { "population": 51.5, "couverture_min": 5 }, "geometry": { "type": "Polygon", "coordinates": [ [ [ 6.172442742596531, 48.647082774555216 ], [ 6.172304992425627, 48.648879161362153 ], [ 6.175015318322086, 48.648972489474986 ], [ 6.175152971403782, 48.647176098800045 ], [ 6.172442742596531, 48.647082774555216 ] ] ] } },
{ "type": "Feature", "properties": { "population": 124.5, "couverture_min": 5 }, "geometry": { "type": "Polygon", "coordinates": [ [ [ 6.175152971403782, 48.647176098800045 ], [ 6.175015318322086, 48.648972489474986 ], [ 6.177725653456605, 48.649065751545081 ], [ 6.177863209447811, 48.647269357004831 ], [ 6.175152971403782, 48.647176098800045 ] ] ] } },
{ "type": "Feature", "properties": { "population": 58.0, "couverture_min": 5 }, "geometry": { "type": "Polygon", "coordinates": [ [ [ 6.177863209447811, 48.647269357004831 ], [ 6.177725653456605, 48.649065751545081 ], [ 6.180435997822712, 48.649158947572083 ], [ 6.180573456722144, 48.647362549169252 ], [ 6.177863209447811, 48.647269357004831 ] ] ] } },
{ "type": "Feature", "properties": { "population": 11.0, "couverture_min": 10 }, "geometry": { "type": "Polygon", "coordinates": [ [ [ 6.183283713220311, 48.647455675292925 ], [ 6.183146351413937, 48.649252077555616 ], [ 6.185856714223799, 48.649345141495296 ], [ 6.185993978935834, 48.647548735375487 ], [ 6.183283713220311, 48.647455675292925 ] ] ] } },
{ "type": "Feature", "properties": { "population": 17.0, "couverture_min": 15 }, "geometry": { "type": "Polygon", "coordinates": [ [ [ 6.16688436837279, 48.648692307009711 ], [ 6.1667464114669, 48.650488684501092 ], [ 6.169456815963238, 48.650582148572155 ], [ 6.169594675773705, 48.648785767206938 ], [ 6.16688436837279, 48.648692307009711 ] ] ] } },
{ "type": "Feature", "properties": { "population": 16.0, "couverture_min": 10 }, "geometry": { "type": "Polygon", "coordinates": [ [ [ 6.169594675773705, 48.648785767206938 ], [ 6.169456815963238, 48.650582148572155 ], [ 6.172167229711873, 48.650675546598457 ], [ 6.172304992425627, 48.648879161362153 ], [ 6.169594675773705, 48.648785767206938 ] ] ] } },
{ "type": "Feature", "properties": { "population": 91.5, "couverture_min": 5 }, "geometry": { "type": "Polygon", "coordinates": [ [ [ 6.172304992425627, 48.648879161362153 ], [ 6.172167229711873, 48.650675546598457 ], [ 6.174877652706326, 48.65076887857969 ], [ 6.175015318322086, 48.648972489474986 ], [ 6.172304992425627, 48.648879161362153 ] ] ] } },
{ "type": "Feature", "properties": { "population": 97.0, "couverture_min": 5 }, "geometry": { "type": "Polygon", "coordinates": [ [ [ 6.175015318322086, 48.648972489474986 ], [ 6.174877652706326, 48.65076887857969 ], [ 6.177588084940126, 48.650862144515443 ], [ 6.177725653456605, 48.649065751545081 ], [ 6.175015318322086, 48.648972489474986 ] ] ] } },
{ "type": "Feature", "properties": { "population": 82.0, "couverture_min": 5 }, "geometry": { "type": "Polygon", "coordinates": [ [ [ 6.177725653456605, 48.649065751545081 ], [ 6.177588084940126, 48.650862144515443 ], [ 6.180298526406799, 48.650955344405375 ], [ 6.180435997822712, 48.649158947572083 ], [ 6.177725653456605, 48.649065751545081 ] ] ] } },
{ "type": "Feature", "properties": { "population": 60.0, "couverture_min": 5 }, "geometry": { "type": "Polygon", "coordinates": [ [ [ 6.183146351413937, 48.649252077555616 ], [ 6.183008977099869, 48.65104847824913 ], [ 6.18571943701286, 48.651141546046347 ], [ 6.185856714223799, 48.649345141495296 ], [ 6.183146351413937, 48.649252077555616 ] ] ] } },
{ "type": "Feature", "properties": { "population": 9.0, "couverture_min": 10 }, "geometry": { "type": "Polygon", "coordinates": [ [ [ 6.1667464114669, 48.650488684501092 ], [ 6.16660844199895, 48.652285060421534 ], [ 6.169318943599503, 48.652378528366789 ], [ 6.169456815963238, 48.650582148572155 ], [ 6.1667464114669, 48.650488684501092 ] ] ] } },
{ "type": "Feature", "properties": { "population": 22.0, "couverture_min": 10 }, "geometry": { "type": "Polygon", "coordinates": [ [ [ 6.169456815963238, 48.650582148572155 ], [ 6.169318943599503, 48.652378528366789 ], [ 6.172029454453636, 48.652471930264547 ], [ 6.172167229711873, 48.650675546598457 ], [ 6.169456815963238, 48.650582148572155 ] ] ] } },
{ "type": "Feature", "properties": { "population": 34.5, "couverture_min": 5 }, "geometry": { "type": "Polygon", "coordinates": [ [ [ 6.172167229711873, 48.650675546598457 ], [ 6.172029454453636, 48.652471930264547 ], [ 6.174739974554877, 48.652565266114543 ], [ 6.174877652706326, 48.65076887857969 ], [ 6.172167229711873, 48.650675546598457 ] ] ] } },
{ "type": "Feature", "properties": { "population": 29.0, "couverture_min": 5 }, "geometry": { "type": "Polygon", "coordinates": [ [ [ 6.174877652706326, 48.65076887857969 ], [ 6.174739974554877, 48.652565266114543 ], [ 6.177450503896744, 48.652658535916324 ], [ 6.177588084940126, 48.650862144515443 ], [ 6.174877652706326, 48.65076887857969 ] ] ] } },
{ "type": "Feature", "properties": { "population": 39.0, "couverture_min": 5 }, "geometry": { "type": "Polygon", "coordinates": [ [ [ 6.183008977099869, 48.65104847824913 ], [ 6.182871590276482, 48.652844877373909 ], [ 6.185582147301396, 48.652937949028974 ], [ 6.18571943701286, 48.651141546046347 ], [ 6.183008977099869, 48.65104847824913 ] ] ] } },
{ "type": "Feature", "properties": { "population": 63.5, "couverture_min": 10 }, "geometry": { "type": "Polygon", "coordinates": [ [ [ 6.16660844199895, 48.652285060421534 ], [ 6.166470459967308, 48.654081434771491 ], [ 6.169181058680864, 48.65417490659128 ], [ 6.169318943599503, 48.652378528366789 ], [ 6.16660844199895, 48.652285060421534 ] ] ] } },
{ "type": "Feature", "properties": { "population": 23.0, "couverture_min": 10 }, "geometry": { "type": "Polygon", "coordinates": [ [ [ 6.169318943599503, 48.652378528366789 ], [ 6.169181058680864, 48.65417490659128 ], [ 6.171891666649287, 48.654268312360884 ], [ 6.172029454453636, 48.652471930264547 ], [ 6.169318943599503, 48.652378528366789 ] ] ] } },
{ "type": "Feature", "properties": { "population": 93.0, "couverture_min": 5 }, "geometry": { "type": "Polygon", "coordinates": [ [ [ 6.172029454453636, 48.652471930264547 ], [ 6.171891666649287, 48.654268312360884 ], [ 6.174602283866101, 48.654361652079956 ], [ 6.174739974554877, 48.652565266114543 ], [ 6.172029454453636, 48.652471930264547 ] ] ] } },
{ "type": "Feature", "properties": { "population": 72.0, "couverture_min": 5 }, "geometry": { "type": "Polygon", "coordinates": [ [ [ 6.174739974554877, 48.652565266114543 ], [ 6.174602283866101, 48.654361652079956 ], [ 6.177312910324837, 48.654454925748134 ], [ 6.177450503896744, 48.652658535916324 ], [ 6.174739974554877, 48.652565266114543 ] ] ] } },
{ "type": "Feature", "properties": { "population": 23.0, "couverture_min": 5 }, "geometry": { "type": "Polygon", "coordinates": [ [ [ 6.182871590276482, 48.652844877373909 ], [ 6.182734190942148, 48.654641274930356 ], [ 6.185444845087775, 48.65473435044364 ], [ 6.185582147301396, 48.652937949028974 ], [ 6.182871590276482, 48.652844877373909 ] ] ] } },
{ "type": "Feature", "properties": { "population": 182.5, "couverture_min": 10 }, "geometry": { "type": "Polygon", "coordinates": [ [ [ 6.166470459967308, 48.654081434771491 ], [ 6.166332465370341, 48.655877807551335 ], [ 6.169043161205693, 48.655971283246053 ], [ 6.169181058680864, 48.65417490659128 ], [ 6.166470459967308, 48.654081434771491 ] ] ] } },
{ "type": "Feature", "properties": { "population": 34.0, "couverture_min": 10 }, "geometry": { "type": "Polygon", "coordinates": [ [ [ 6.169181058680864, 48.65417490659128 ], [ 6.169043161205693, 48.655971283246053 ], [ 6.1717538662972, 48.656064692887853 ], [ 6.171891666649287, 48.654268312360884 ], [ 6.169181058680864, 48.65417490659128 ] ] ] } },
{ "type": "Feature", "properties": { "population": 99.5, "couverture_min": 5 }, "geometry": { "type": "Polygon", "coordinates": [ [ [ 6.171891666649287, 48.654268312360884 ], [ 6.1717538662972, 48.656064692887853 ], [ 6.174464580638384, 48.656158036476391 ], [ 6.174602283866101, 48.654361652079956 ], [ 6.171891666649287, 48.654268312360884 ] ] ] } },
{ "type": "Feature", "properties": { "population": 118.5, "couverture_min": 5 }, "geometry": { "type": "Polygon", "coordinates": [ [ [ 6.174602283866101, 48.654361652079956 ], [ 6.174464580638384, 48.656158036476391 ], [ 6.177175304222772, 48.65625131401135 ], [ 6.177312910324837, 48.654454925748134 ], [ 6.174602283866101, 48.654361652079956 ] ] ] } },
{ "type": "Feature", "properties": { "population": 32.0, "couverture_min": 5 }, "geometry": { "type": "Polygon", "coordinates": [ [ [ 6.177312910324837, 48.654454925748134 ], [ 6.177175304222772, 48.65625131401135 ], [ 6.179886037043886, 48.656344525492287 ], [ 6.180023546019011, 48.654548133365054 ], [ 6.177312910324837, 48.654454925748134 ] ] ] } },
{ "type": "Feature", "properties": { "population": 9.0, "couverture_min": 5 }, "geometry": { "type": "Polygon", "coordinates": [ [ [ 6.180023546019011, 48.654548133365054 ], [ 6.179886037043886, 48.656344525492287 ], [ 6.182596779095245, 48.656437670918905 ], [ 6.182734190942148, 48.654641274930356 ], [ 6.180023546019011, 48.654548133365054 ] ] ] } },
{ "type": "Feature", "properties": { "population": 139.0, "couverture_min": 5 }, "geometry": { "type": "Polygon", "coordinates": [ [ [ 6.185856714223799, 48.649345141495296 ], [ 6.18571943701286, 48.651141546046347 ], [ 6.188429906139305, 48.651234547796648 ], [ 6.188567086245834, 48.649438139390838 ], [ 6.185856714223799, 48.649345141495296 ] ] ] } },
{ "type": "Feature", "properties": { "population": 65.5, "couverture_min": 10 }, "geometry": { "type": "Polygon", "coordinates": [ [ [ 6.188567086245834, 48.649438139390838 ], [ 6.188429906139305, 48.651234547796648 ], [ 6.191140384472725, 48.651327483499685 ], [ 6.191277467473562, 48.64953107124181 ], [ 6.188567086245834, 48.649438139390838 ] ] ] } },
{ "type": "Feature", "properties": { "population": 123.0, "couverture_min": 5 }, "geometry": { "type": "Polygon", "coordinates": [ [ [ 6.191277467473562, 48.64953107124181 ], [ 6.191140384472725, 48.651327483499685 ], [ 6.193850872006644, 48.651420353155068 ], [ 6.193987857900509, 48.649623937047878 ], [ 6.191277467473562, 48.64953107124181 ] ] ] } },
{ "type": "Feature", "properties": { "population": 13.0, "couverture_min": 5 }, "geometry": { "type": "Polygon", "coordinates": [ [ [ 6.193987857900509, 48.649623937047878 ], [ 6.193850872006644, 48.651420353155068 ], [ 6.196561368734589, 48.651513156762491 ], [ 6.196698257520205, 48.649716736808649 ], [ 6.193987857900509, 48.649623937047878 ] ] ] } },
{ "type": "Feature", "properties": { "population": 64.0, "couverture_min": 5 }, "geometry": { "type": "Polygon", "coordinates": [ [ [ 6.196698257520205, 48.649716736808649 ], [ 6.196561368734589, 48.651513156762491 ], [ 6.199271874650079, 48.651605894321541 ], [ 6.199408666326172, 48.649809470523799 ], [ 6.196698257520205, 48.649716736808649 ] ] ] } },
{ "type": "Feature", "properties": { "population": 22.0, "couverture_min": 5 }, "geometry": { "type": "Polygon", "coordinates": [ [ [ 6.199408666326172, 48.649809470523799 ], [ 6.199271874650079, 48.651605894321541 ], [ 6.201982389746644, 48.651698565831879 ], [ 6.202119084311934, 48.649902138192957 ], [ 6.199408666326172, 48.649809470523799 ] ] ] } },
{ "type": "Feature", "properties": { "population": 115.0, "couverture_min": 5 }, "geometry": { "type": "Polygon", "coordinates": [ [ [ 6.18571943701286, 48.651141546046347 ], [ 6.185582147301396, 48.652937949028974 ], [ 6.188292713541041, 48.653030954634438 ], [ 6.188429906139305, 48.651234547796648 ], [ 6.18571943701286, 48.651141546046347 ] ] ] } },
{ "type": "Feature", "properties": { "population": 108.0, "couverture_min": 5 }, "geometry": { "type": "Polygon", "coordinates": [ [ [ 6.188429906139305, 48.651234547796648 ], [ 6.188292713541041, 48.653030954634438 ], [ 6.191003288988942, 48.653123894189896 ], [ 6.191140384472725, 48.651327483499685 ], [ 6.188429906139305, 48.651234547796648 ] ] ] } },
{ "type": "Feature", "properties": { "population": 138.5, "couverture_min": 5 }, "geometry": { "type": "Polygon", "coordinates": [ [ [ 6.191140384472725, 48.651327483499685 ], [ 6.191003288988942, 48.653123894189896 ], [ 6.193713873638623, 48.653216767694992 ], [ 6.193850872006644, 48.651420353155068 ], [ 6.191140384472725, 48.651327483499685 ] ] ] } },
{ "type": "Feature", "properties": { "population": 103.0, "couverture_min": 5 }, "geometry": { "type": "Polygon", "coordinates": [ [ [ 6.193850872006644, 48.651420353155068 ], [ 6.193713873638623, 48.653216767694992 ], [ 6.196424467483606, 48.653309575149407 ], [ 6.196561368734589, 48.651513156762491 ], [ 6.193850872006644, 48.651420353155068 ] ] ] } },
{ "type": "Feature", "properties": { "population": 77.0, "couverture_min": 5 }, "geometry": { "type": "Polygon", "coordinates": [ [ [ 6.196561368734589, 48.651513156762491 ], [ 6.196424467483606, 48.653309575149407 ], [ 6.199135070517418, 48.653402316552722 ], [ 6.199271874650079, 48.651605894321541 ], [ 6.196561368734589, 48.651513156762491 ] ] ] } },
{ "type": "Feature", "properties": { "population": 118.0, "couverture_min": 5 }, "geometry": { "type": "Polygon", "coordinates": [ [ [ 6.199271874650079, 48.651605894321541 ], [ 6.199135070517418, 48.653402316552722 ], [ 6.201845682733579, 48.653494991904601 ], [ 6.201982389746644, 48.651698565831879 ], [ 6.199271874650079, 48.651605894321541 ] ] ] } },
{ "type": "Feature", "properties": { "population": 14.0, "couverture_min": 5 }, "geometry": { "type": "Polygon", "coordinates": [ [ [ 6.185582147301396, 48.652937949028974 ], [ 6.185444845087775, 48.65473435044364 ], [ 6.188155508449415, 48.654827359904623 ], [ 6.188292713541041, 48.653030954634438 ], [ 6.185582147301396, 48.652937949028974 ] ] ] } },
{ "type": "Feature", "properties": { "population": 17.5, "couverture_min": 10 }, "geometry": { "type": "Polygon", "coordinates": [ [ [ 6.188292713541041, 48.653030954634438 ], [ 6.188155508449415, 48.654827359904623 ], [ 6.190866181020591, 48.654920303312863 ], [ 6.191003288988942, 48.653123894189896 ], [ 6.188292713541041, 48.653030954634438 ] ] ] } },
{ "type": "Feature", "properties": { "population": 42.0, "couverture_min": 5 }, "geometry": { "type": "Polygon", "coordinates": [ [ [ 6.191003288988942, 48.653123894189896 ], [ 6.190866181020591, 48.654920303312863 ], [ 6.193576862794825, 48.65501318066805 ], [ 6.193713873638623, 48.653216767694992 ], [ 6.191003288988942, 48.653123894189896 ] ] ] } },
{ "type": "Feature", "properties": { "population": 94.5, "couverture_min": 5 }, "geometry": { "type": "Polygon", "coordinates": [ [ [ 6.193713873638623, 48.653216767694992 ], [ 6.193576862794825, 48.65501318066805 ], [ 6.196287553765642, 48.655105991969791 ], [ 6.196424467483606, 48.653309575149407 ], [ 6.193713873638623, 48.653216767694992 ] ] ] } },
{ "type": "Feature", "properties": { "population": 107.0, "couverture_min": 5 }, "geometry": { "type": "Polygon", "coordinates": [ [ [ 6.196424467483606, 48.653309575149407 ], [ 6.196287553765642, 48.655105991969791 ], [ 6.198998253926565, 48.655198737217752 ], [ 6.199135070517418, 48.653402316552722 ], [ 6.196424467483606, 48.653309575149407 ] ] ] } },
{ "type": "Feature", "properties": { "population": 90.5, "couverture_min": 5 }, "geometry": { "type": "Polygon", "coordinates": [ [ [ 6.199135070517418, 48.653402316552722 ], [ 6.198998253926565, 48.655198737217752 ], [ 6.201708963271114, 48.655291416411529 ], [ 6.201845682733579, 48.653494991904601 ], [ 6.199135070517418, 48.653402316552722 ] ] ] } },
{ "type": "Feature", "properties": { "population": 7.0, "couverture_min": 5 }, "geometry": { "type": "Polygon", "coordinates": [ [ [ 6.185444845087775, 48.65473435044364 ], [ 6.18530753037038, 48.656530750290784 ], [ 6.188018290862804, 48.65662376360762 ], [ 6.188155508449415, 48.654827359904623 ], [ 6.185444845087775, 48.65473435044364 ] ] ] } },
{ "type": "Feature", "properties": { "population": 87.0, "couverture_min": 5 }, "geometry": { "type": "Polygon", "coordinates": [ [ [ 6.193576862794825, 48.65501318066805 ], [ 6.193439839473632, 48.656809592074602 ], [ 6.196150627579076, 48.656902407224081 ], [ 6.196287553765642, 48.655105991969791 ], [ 6.193576862794825, 48.65501318066805 ] ] ] } },
{ "type": "Feature", "properties": { "population": 102.0, "couverture_min": 5 }, "geometry": { "type": "Polygon", "coordinates": [ [ [ 6.196287553765642, 48.655105991969791 ], [ 6.196150627579076, 48.656902407224081 ], [ 6.198861424875903, 48.656995156317009 ], [ 6.198998253926565, 48.655198737217752 ], [ 6.196287553765642, 48.655105991969791 ] ] ] } },
{ "type": "Feature", "properties": { "population": 15.0, "couverture_min": 5 }, "geometry": { "type": "Polygon", "coordinates": [ [ [ 6.198998253926565, 48.655198737217752 ], [ 6.198861424875903, 48.656995156317009 ], [ 6.201572231357638, 48.657087839353075 ], [ 6.201708963271114, 48.655291416411529 ], [ 6.198998253926565, 48.655198737217752 ] ] ] } },
{ "type": "Feature", "properties": { "population": 4.0, "couverture_min": 5 }, "geometry": { "type": "Polygon", "coordinates": [ [ [ 6.18530753037038, 48.656530750290784 ], [ 6.185170203147577, 48.65832714857077 ], [ 6.187881060779586, 48.658420165743841 ], [ 6.188018290862804, 48.65662376360762 ], [ 6.18530753037038, 48.656530750290784 ] ] ] } },
{ "type": "Feature", "properties": { "population": 28.0, "couverture_min": 10 }, "geometry": { "type": "Polygon", "coordinates": [ [ [ 6.188018290862804, 48.65662376360762 ], [ 6.187881060779586, 48.658420165743841 ], [ 6.190591927623693, 48.658513116858749 ], [ 6.190729060566047, 48.656716710869013 ], [ 6.188018290862804, 48.65662376360762 ] ] ] } },
{ "type": "Feature", "properties": { "population": 58.5, "couverture_min": 10 }, "geometry": { "type": "Polygon", "coordinates": [ [ [ 6.190729060566047, 48.656716710869013 ], [ 6.190591927623693, 48.658513116858749 ], [ 6.193302803673419, 48.658606001915153 ], [ 6.193439839473632, 48.656809592074602 ], [ 6.190729060566047, 48.656716710869013 ] ] ] } },
{ "type": "Feature", "properties": { "population": 55.0, "couverture_min": 5 }, "geometry": { "type": "Polygon", "coordinates": [ [ [ 6.193439839473632, 48.656809592074602 ], [ 6.193302803673419, 48.658606001915153 ], [ 6.196013688922287, 48.658698820912669 ], [ 6.196150627579076, 48.656902407224081 ], [ 6.193439839473632, 48.656809592074602 ] ] ] } },
{ "type": "Feature", "properties": { "population": 55.0, "couverture_min": 5 }, "geometry": { "type": "Polygon", "coordinates": [ [ [ 6.196150627579076, 48.656902407224081 ], [ 6.196013688922287, 48.658698820912669 ], [ 6.198724583363816, 48.658791573850962 ], [ 6.198861424875903, 48.656995156317009 ], [ 6.196150627579076, 48.656902407224081 ] ] ] } },
{ "type": "Feature", "properties": { "population": 23.0, "couverture_min": 5 }, "geometry": { "type": "Polygon", "coordinates": [ [ [ 6.198861424875903, 48.656995156317009 ], [ 6.198724583363816, 48.658791573850962 ], [ 6.201435486991526, 48.658884260729671 ], [ 6.201572231357638, 48.657087839353075 ], [ 6.198861424875903, 48.656995156317009 ] ] ] } },
{ "type": "Feature", "properties": { "population": 43.0, "couverture_min": 5 }, "geometry": { "type": "Polygon", "coordinates": [ [ [ 6.201982389746644, 48.651698565831879 ], [ 6.201845682733579, 48.653494991904601 ], [ 6.204556304125614, 48.653587601204713 ], [ 6.204692914017809, 48.651791171293162 ], [ 6.201982389746644, 48.651698565831879 ] ] ] } },
{ "type": "Feature", "properties": { "population": 71.0, "couverture_min": 5 }, "geometry": { "type": "Polygon", "coordinates": [ [ [ 6.204692914017809, 48.651791171293162 ], [ 6.204556304125614, 48.653587601204713 ], [ 6.207266934687048, 48.65368014445265 ], [ 6.207403447457099, 48.651883710705 ], [ 6.204692914017809, 48.651791171293162 ] ] ] } },
{ "type": "Feature", "properties": { "population": 33.0, "couverture_min": 10 }, "geometry": { "type": "Polygon", "coordinates": [ [ [ 6.212824541814137, 48.652068591378907 ], [ 6.2126882232922, 48.65386503279062 ], [ 6.215398881322969, 48.653957377879905 ], [ 6.215535102718936, 48.652160932640292 ], [ 6.212824541814137, 48.652068591378907 ] ] ] } },
{ "type": "Feature", "properties": { "population": 130.0, "couverture_min": 10 }, "geometry": { "type": "Polygon", "coordinates": [ [ [ 6.215535102718936, 48.652160932640292 ], [ 6.215398881322969, 48.653957377879905 ], [ 6.218109548497224, 48.654049656915646 ], [ 6.218245672765955, 48.652253207850798 ], [ 6.215535102718936, 48.652160932640292 ] ] ] } },
{ "type": "Feature", "properties": { "population": 4.0, "couverture_min": 5 }, "geometry": { "type": "Polygon", "coordinates": [ [ [ 6.201845682733579, 48.653494991904601 ], [ 6.201708963271114, 48.655291416411529 ], [ 6.204419681792817, 48.655384029550817 ], [ 6.204556304125614, 48.653587601204713 ], [ 6.201845682733579, 48.653494991904601 ] ] ] } },
{ "type": "Feature", "properties": { "population": 119.0, "couverture_min": 5 }, "geometry": { "type": "Polygon", "coordinates": [ [ [ 6.2126882232922, 48.65386503279062 ], [ 6.212551892356046, 48.655661472637952 ], [ 6.215262647521574, 48.655753821555578 ], [ 6.215398881322969, 48.653957377879905 ], [ 6.2126882232922, 48.65386503279062 ] ] ] } },
{ "type": "Feature", "properties": { "population": 4.0, "couverture_min": 5 }, "geometry": { "type": "Polygon", "coordinates": [ [ [ 6.204419681792817, 48.655384029550817 ], [ 6.204283047017797, 48.657180456331886 ], [ 6.206993871849908, 48.657273007253139 ], [ 6.207130409485192, 48.655476576635216 ], [ 6.204419681792817, 48.655384029550817 ] ] ] } },
{ "type": "Feature", "properties": { "population": 2.5, "couverture_min": 5 }, "geometry": { "type": "Polygon", "coordinates": [ [ [ 6.207130409485192, 48.655476576635216 ], [ 6.206993871849908, 48.657273007253139 ], [ 6.209704705847487, 48.657365492116398 ], [ 6.209841146341762, 48.655569057664387 ], [ 6.207130409485192, 48.655476576635216 ] ] ] } },
{ "type": "Feature", "properties": { "population": 35.0, "couverture_min": 5 }, "geometry": { "type": "Polygon", "coordinates": [ [ [ 6.212551892356046, 48.655661472637952 ], [ 6.212415549004058, 48.657457910921345 ], [ 6.215126401313142, 48.657550263667638 ], [ 6.215262647521574, 48.655753821555578 ], [ 6.212551892356046, 48.655661472637952 ] ] ] } },
{ "type": "Feature", "properties": { "population": 25.0, "couverture_min": 5 }, "geometry": { "type": "Polygon", "coordinates": [ [ [ 6.204283047017797, 48.657180456331886 ], [ 6.204146399798944, 48.658976881548405 ], [ 6.206857321779585, 48.659069436306829 ], [ 6.206993871849908, 48.657273007253139 ], [ 6.204283047017797, 48.657180456331886 ] ] ] } },
{ "type": "Feature", "properties": { "population": 6.0, "couverture_min": 5 }, "geometry": { "type": "Polygon", "coordinates": [ [ [ 6.206993871849908, 48.657273007253139 ], [ 6.206857321779585, 48.659069436306829 ], [ 6.209568252926973, 48.659161925004547 ], [ 6.209704705847487, 48.657365492116398 ], [ 6.206993871849908, 48.657273007253139 ] ] ] } },
{ "type": "Feature", "properties": { "population": 7.0, "couverture_min": 5 }, "geometry": { "type": "Polygon", "coordinates": [ [ [ 6.212415549004058, 48.657457910921345 ], [ 6.212279193234624, 48.659254347641244 ], [ 6.214990142696058, 48.65934670421656 ], [ 6.215126401313142, 48.657550263667638 ], [ 6.212415549004058, 48.657457910921345 ] ] ] } },
{ "type": "Feature", "properties": { "population": 133.0, "couverture_min": 5 }, "geometry": { "type": "Polygon", "coordinates": [ [ [ 6.215126401313142, 48.657550263667638 ], [ 6.214990142696058, 48.65934670421656 ], [ 6.217701101304802, 48.659438994730081 ], [ 6.217837262768258, 48.657642550354893 ], [ 6.215126401313142, 48.657550263667638 ] ] ] } },
{ "type": "Feature", "properties": { "population": 33.0, "couverture_min": 5 }, "geometry": { "type": "Polygon", "coordinates": [ [ [ 6.201435486991526, 48.658884260729671 ], [ 6.201298730171168, 48.660680680541695 ], [ 6.204009740134637, 48.660773305200706 ], [ 6.204146399798944, 48.658976881548405 ], [ 6.201435486991526, 48.658884260729671 ] ] ] } },
{ "type": "Feature", "properties": { "population": 84.0, "couverture_min": 5 }, "geometry": { "type": "Polygon", "coordinates": [ [ [ 6.204146399798944, 48.658976881548405 ], [ 6.204009740134637, 48.660773305200706 ], [ 6.206720759272608, 48.660865863796651 ], [ 6.206857321779585, 48.659069436306829 ], [ 6.204146399798944, 48.658976881548405 ] ] ] } },
{ "type": "Feature", "properties": { "population": 115.5, "couverture_min": 5 }, "geometry": { "type": "Polygon", "coordinates": [ [ [ 6.206857321779585, 48.659069436306829 ], [ 6.206720759272608, 48.660865863796651 ], [ 6.209431787578598, 48.660958356329246 ], [ 6.209568252926973, 48.659161925004547 ], [ 6.206857321779585, 48.659069436306829 ] ] ] } },
{ "type": "Feature", "properties": { "population": 128.5, "couverture_min": 5 }, "geometry": { "type": "Polygon", "coordinates": [ [ [ 6.209568252926973, 48.659161925004547 ], [ 6.209431787578598, 48.660958356329246 ], [ 6.212142825046126, 48.661050782798043 ], [ 6.212279193234624, 48.659254347641244 ], [ 6.209568252926973, 48.659161925004547 ] ] ] } },
{ "type": "Feature", "properties": { "population": 67.0, "couverture_min": 5 }, "geometry": { "type": "Polygon", "coordinates": [ [ [ 6.212279193234624, 48.659254347641244 ], [ 6.212142825046126, 48.661050782798043 ], [ 6.214853871668715, 48.661143143202722 ], [ 6.214990142696058, 48.65934670421656 ], [ 6.212279193234624, 48.659254347641244 ] ] ] } },
{ "type": "Feature", "properties": { "population": 65.0, "couverture_min": 5 }, "geometry": { "type": "Polygon", "coordinates": [ [ [ 6.214990142696058, 48.65934670421656 ], [ 6.214853871668715, 48.661143143202722 ], [ 6.217564927439881, 48.661235437542928 ], [ 6.217701101304802, 48.659438994730081 ], [ 6.214990142696058, 48.65934670421656 ] ] ] } },
{ "type": "Feature", "properties": { "population": 76.0, "couverture_min": 5 }, "geometry": { "type": "Polygon", "coordinates": [ [ [ 6.217701101304802, 48.659438994730081 ], [ 6.217564927439881, 48.661235437542928 ], [ 6.220275992353143, 48.661327665818291 ], [ 6.22041206905437, 48.659531219181538 ], [ 6.217701101304802, 48.659438994730081 ] ] ] } },
{ "type": "Feature", "properties": { "population": 163.0, "couverture_min": 5 }, "geometry": { "type": "Polygon", "coordinates": [ [ [ 6.204009740134637, 48.660773305200706 ], [ 6.20387306802326, 48.662569727289224 ], [ 6.206584184327357, 48.662662289723109 ], [ 6.206720759272608, 48.660865863796651 ], [ 6.204009740134637, 48.660773305200706 ] ] ] } },
{ "type": "Feature", "properties": { "population": 120.5, "couverture_min": 5 }, "geometry": { "type": "Polygon", "coordinates": [ [ [ 6.206720759272608, 48.660865863796651 ], [ 6.206584184327357, 48.662662289723109 ], [ 6.209295309800748, 48.662754786090872 ], [ 6.209431787578598, 48.660958356329246 ], [ 6.206720759272608, 48.660865863796651 ] ] ] } },
{ "type": "Feature", "properties": { "population": 115.0, "couverture_min": 10 }, "geometry": { "type": "Polygon", "coordinates": [ [ [ 6.209431787578598, 48.660958356329246 ], [ 6.209295309800748, 48.662754786090872 ], [ 6.212006444436954, 48.662847216392116 ], [ 6.212142825046126, 48.661050782798043 ], [ 6.209431787578598, 48.660958356329246 ] ] ] } },
{ "type": "Feature", "properties": { "population": 128.5, "couverture_min": 10 }, "geometry": { "type": "Polygon", "coordinates": [ [ [ 6.212142825046126, 48.661050782798043 ], [ 6.212006444436954, 48.662847216392116 ], [ 6.214717588229494, 48.662939580626556 ], [ 6.214853871668715, 48.661143143202722 ], [ 6.212142825046126, 48.661050782798043 ] ] ] } },
{ "type": "Feature", "properties": { "population": 28.0, "couverture_min": 5 }, "geometry": { "type": "Polygon", "coordinates": [ [ [ 6.214853871668715, 48.661143143202722 ], [ 6.214717588229494, 48.662939580626556 ], [ 6.217428741171882, 48.663031878793788 ], [ 6.217564927439881, 48.661235437542928 ], [ 6.214853871668715, 48.661143143202722 ] ] ] } },
{ "type": "Feature", "properties": { "population": 30.0, "couverture_min": 10 }, "geometry": { "type": "Polygon", "coordinates": [ [ [ 6.217564927439881, 48.661235437542928 ], [ 6.217428741171882, 48.663031878793788 ], [ 6.220139903257639, 48.66312411089342 ], [ 6.220275992353143, 48.661327665818291 ], [ 6.217564927439881, 48.661235437542928 ] ] ] } },
{ "type": "Feature", "properties": { "population": 84.0, "couverture_min": 5 }, "geometry": { "type": "Polygon", "coordinates": [ [ [ 6.206584184327357, 48.662662289723109 ], [ 6.206447596942218, 48.664458714086557 ], [ 6.209158819591808, 48.664551214289858 ], [ 6.209295309800748, 48.662754786090872 ], [ 6.206584184327357, 48.662662289723109 ] ] ] } },
{ "type": "Feature", "properties": { "population": 119.0, "couverture_min": 5 }, "geometry": { "type": "Polygon", "coordinates": [ [ [ 6.209295309800748, 48.662754786090872 ], [ 6.209158819591808, 48.664551214289858 ], [ 6.211870051405494, 48.664643648423969 ], [ 6.212006444436954, 48.662847216392116 ], [ 6.209295309800748, 48.662754786090872 ] ] ] } },
{ "type": "Feature", "properties": { "population": 36.0, "couverture_min": 5 }, "geometry": { "type": "Polygon", "coordinates": [ [ [ 6.212006444436954, 48.662847216392116 ], [ 6.211870051405494, 48.664643648423969 ], [ 6.214581292376782, 48.664736016488483 ], [ 6.214717588229494, 48.662939580626556 ], [ 6.212006444436954, 48.662847216392116 ] ] ] } },
{ "type": "Feature", "properties": { "population": 20.5, "couverture_min": 5 }, "geometry": { "type": "Polygon", "coordinates": [ [ [ 6.214717588229494, 48.662939580626556 ], [ 6.214581292376782, 48.664736016488483 ], [ 6.217292542499194, 48.66482831848311 ], [ 6.217428741171882, 48.663031878793788 ], [ 6.214717588229494, 48.662939580626556 ] ] ] } },
{ "type": "Feature", "properties": { "population": 40.5, "couverture_min": 5 }, "geometry": { "type": "Polygon", "coordinates": [ [ [ 6.217428741171882, 48.663031878793788 ], [ 6.217292542499194, 48.66482831848311 ], [ 6.220003801766248, 48.664920554407409 ], [ 6.220139903257639, 48.66312411089342 ], [ 6.217428741171882, 48.663031878793788 ] ] ] } },
{ "type": "Feature", "properties": { "population": 20.0, "couverture_min": 5 }, "geometry": { "type": "Polygon", "coordinates": [ [ [ 6.206447596942218, 48.664458714086557 ], [ 6.206310997115573, 48.666255136887443 ], [ 6.209022316950169, 48.666347640926638 ], [ 6.209158819591808, 48.664551214289858 ], [ 6.206447596942218, 48.664458714086557 ] ] ] } },
{ "type": "Feature", "properties": { "population": 8.0, "couverture_min": 10 }, "geometry": { "type": "Polygon", "coordinates": [ [ [ 6.209158819591808, 48.664551214289858 ], [ 6.209022316950169, 48.666347640926638 ], [ 6.211733645950129, 48.666440078893942 ], [ 6.211870051405494, 48.664643648423969 ], [ 6.209158819591808, 48.664551214289858 ] ] ] } },
{ "type": "Feature", "properties": { "population": 92.5, "couverture_min": 10 }, "geometry": { "type": "Polygon", "coordinates": [ [ [ 6.211870051405494, 48.664643648423969 ], [ 6.211733645950129, 48.666440078893942 ], [ 6.214444984108971, 48.666532450788907 ], [ 6.214581292376782, 48.664736016488483 ], [ 6.211870051405494, 48.664643648423969 ] ] ] } },
{ "type": "Feature", "properties": { "population": 175.0, "couverture_min": 5 }, "geometry": { "type": "Polygon", "coordinates": [ [ [ 6.214581292376782, 48.664736016488483 ], [ 6.214444984108971, 48.666532450788907 ], [ 6.217156331420208, 48.66662475661127 ], [ 6.217292542499194, 48.66482831848311 ], [ 6.214581292376782, 48.664736016488483 ] ] ] } },
{ "type": "Feature", "properties": { "population": 166.5, "couverture_min": 5 }, "geometry": { "type": "Polygon", "coordinates": [ [ [ 6.166332465370341, 48.655877807551335 ], [ 6.166194458206415, 48.657674178761511 ], [ 6.168905251172355, 48.657767658331494 ], [ 6.169043161205693, 48.655971283246053 ], [ 6.166332465370341, 48.655877807551335 ] ] ] } },
{ "type": "Feature", "properties": { "population": 97.0, "couverture_min": 5 }, "geometry": { "type": "Polygon", "coordinates": [ [ [ 6.169043161205693, 48.655971283246053 ], [ 6.168905251172355, 48.657767658331494 ], [ 6.171616053395738, 48.657861071845844 ], [ 6.1717538662972, 48.656064692887853 ], [ 6.169043161205693, 48.655971283246053 ] ] ] } },
{ "type": "Feature", "properties": { "population": 77.0, "couverture_min": 5 }, "geometry": { "type": "Polygon", "coordinates": [ [ [ 6.1717538662972, 48.656064692887853 ], [ 6.171616053395738, 48.657861071845844 ], [ 6.174326864870086, 48.657954419304261 ], [ 6.174464580638384, 48.656158036476391 ], [ 6.1717538662972, 48.656064692887853 ] ] ] } },
{ "type": "Feature", "properties": { "population": 133.0, "couverture_min": 5 }, "geometry": { "type": "Polygon", "coordinates": [ [ [ 6.174464580638384, 48.656158036476391 ], [ 6.174326864870086, 48.657954419304261 ], [ 6.177037685588921, 48.658047700706277 ], [ 6.177175304222772, 48.65625131401135 ], [ 6.174464580638384, 48.656158036476391 ] ] ] } },
{ "type": "Feature", "properties": { "population": 190.5, "couverture_min": 5 }, "geometry": { "type": "Polygon", "coordinates": [ [ [ 6.177175304222772, 48.65625131401135 ], [ 6.177037685588921, 48.658047700706277 ], [ 6.179748515545767, 48.658140916051636 ], [ 6.179886037043886, 48.656344525492287 ], [ 6.177175304222772, 48.65625131401135 ] ] ] } },
{ "type": "Feature", "properties": { "population": 17.0, "couverture_min": 5 }, "geometry": { "type": "Polygon", "coordinates": [ [ [ 6.166194458206415, 48.657674178761511 ], [ 6.166056438473899, 48.65947054840241 ], [ 6.168767328579224, 48.659564031848049 ], [ 6.168905251172355, 48.657767658331494 ], [ 6.166194458206415, 48.657674178761511 ] ] ] } },
{ "type": "Feature", "properties": { "population": 135.0, "couverture_min": 5 }, "geometry": { "type": "Polygon", "coordinates": [ [ [ 6.168905251172355, 48.657767658331494 ], [ 6.168767328579224, 48.659564031848049 ], [ 6.171478227943276, 48.659657449235326 ], [ 6.171616053395738, 48.657861071845844 ], [ 6.168905251172355, 48.657767658331494 ] ] ] } },
{ "type": "Feature", "properties": { "population": 369.0, "couverture_min": 5 }, "geometry": { "type": "Polygon", "coordinates": [ [ [ 6.171616053395738, 48.657861071845844 ], [ 6.171478227943276, 48.659657449235326 ], [ 6.17418913655958, 48.659750800563927 ], [ 6.174326864870086, 48.657954419304261 ], [ 6.171616053395738, 48.657861071845844 ] ] ] } },
{ "type": "Feature", "properties": { "population": 522.0, "couverture_min": 5 }, "geometry": { "type": "Polygon", "coordinates": [ [ [ 6.174326864870086, 48.657954419304261 ], [ 6.17418913655958, 48.659750800563927 ], [ 6.176900054421661, 48.659844085833456 ], [ 6.177037685588921, 48.658047700706277 ], [ 6.174326864870086, 48.657954419304261 ] ] ] } },
{ "type": "Feature", "properties": { "population": 376.0, "couverture_min": 5 }, "geometry": { "type": "Polygon", "coordinates": [ [ [ 6.177037685588921, 48.658047700706277 ], [ 6.176900054421661, 48.659844085833456 ], [ 6.179610981523034, 48.65993730504357 ], [ 6.179748515545767, 48.658140916051636 ], [ 6.177037685588921, 48.658047700706277 ] ] ] } },
{ "type": "Feature", "properties": { "population": 125.0, "couverture_min": 5 }, "geometry": { "type": "Polygon", "coordinates": [ [ [ 6.166056438473899, 48.65947054840241 ], [ 6.165918406171158, 48.661266916474482 ], [ 6.168629393424662, 48.66136040379611 ], [ 6.168767328579224, 48.659564031848049 ], [ 6.166056438473899, 48.65947054840241 ] ] ] } },
{ "type": "Feature", "properties": { "population": 1079.5, "couverture_min": 5 }, "geometry": { "type": "Polygon", "coordinates": [ [ [ 6.168767328579224, 48.659564031848049 ], [ 6.168629393424662, 48.66136040379611 ], [ 6.17134038993818, 48.661453825056675 ], [ 6.171478227943276, 48.659657449235326 ], [ 6.168767328579224, 48.659564031848049 ] ] ] } },
{ "type": "Feature", "properties": { "population": 792.5, "couverture_min": 5 }, "geometry": { "type": "Polygon", "coordinates": [ [ [ 6.171478227943276, 48.659657449235326 ], [ 6.17134038993818, 48.661453825056675 ], [ 6.174051395705237, 48.661547180255837 ], [ 6.17418913655958, 48.659750800563927 ], [ 6.171478227943276, 48.659657449235326 ] ] ] } },
{ "type": "Feature", "properties": { "population": 272.0, "couverture_min": 5 }, "geometry": { "type": "Polygon", "coordinates": [ [ [ 6.17418913655958, 48.659750800563927 ], [ 6.174051395705237, 48.661547180255837 ], [ 6.176762410719356, 48.661640469393234 ], [ 6.176900054421661, 48.659844085833456 ], [ 6.17418913655958, 48.659750800563927 ] ] ] } },
{ "type": "Feature", "properties": { "population": 624.0, "couverture_min": 5 }, "geometry": { "type": "Polygon", "coordinates": [ [ [ 6.176900054421661, 48.659844085833456 ], [ 6.176762410719356, 48.661640469393234 ], [ 6.179473434974053, 48.661733692468445 ], [ 6.179610981523034, 48.65993730504357 ], [ 6.176900054421661, 48.659844085833456 ] ] ] } },
{ "type": "Feature", "properties": { "population": 296.0, "couverture_min": 5 }, "geometry": { "type": "Polygon", "coordinates": [ [ [ 6.165918406171158, 48.661266916474482 ], [ 6.165780361296564, 48.663063282978108 ], [ 6.168491445707039, 48.663156774176123 ], [ 6.168629393424662, 48.66136040379611 ], [ 6.165918406171158, 48.661266916474482 ] ] ] } },
{ "type": "Feature", "properties": { "population": 232.5, "couverture_min": 5 }, "geometry": { "type": "Polygon", "coordinates": [ [ [ 6.168629393424662, 48.66136040379611 ], [ 6.168491445707039, 48.663156774176123 ], [ 6.171202539378819, 48.663250199310355 ], [ 6.17134038993818, 48.661453825056675 ], [ 6.168629393424662, 48.66136040379611 ] ] ] } },
{ "type": "Feature", "properties": { "population": 452.0, "couverture_min": 5 }, "geometry": { "type": "Polygon", "coordinates": [ [ [ 6.17134038993818, 48.661453825056675 ], [ 6.171202539378819, 48.663250199310355 ], [ 6.173913642305427, 48.663343558380447 ], [ 6.174051395705237, 48.661547180255837 ], [ 6.17134038993818, 48.661453825056675 ] ] ] } },
{ "type": "Feature", "properties": { "population": 390.5, "couverture_min": 5 }, "geometry": { "type": "Polygon", "coordinates": [ [ [ 6.176762410719356, 48.661640469393234 ], [ 6.176624754480378, 48.663436851385995 ], [ 6.179335875897198, 48.663530078326723 ], [ 6.179473434974053, 48.661733692468445 ], [ 6.176762410719356, 48.661640469393234 ] ] ] } },
{ "type": "Feature", "properties": { "population": 465.5, "couverture_min": 5 }, "geometry": { "type": "Polygon", "coordinates": [ [ [ 6.168491445707039, 48.663156774176123 ], [ 6.168353485424718, 48.664953142988473 ], [ 6.171064676263561, 48.665046571996726 ], [ 6.171202539378819, 48.663250199310355 ], [ 6.168491445707039, 48.663156774176123 ] ] ] } },
{ "type": "Feature", "properties": { "population": 543.5, "couverture_min": 5 }, "geometry": { "type": "Polygon", "coordinates": [ [ [ 6.171202539378819, 48.663250199310355 ], [ 6.171064676263561, 48.665046571996726 ], [ 6.173775876358515, 48.665139934938104 ], [ 6.173913642305427, 48.663343558380447 ], [ 6.171202539378819, 48.663250199310355 ] ] ] } },
{ "type": "Feature", "properties": { "population": 183.5, "couverture_min": 5 }, "geometry": { "type": "Polygon", "coordinates": [ [ [ 6.173913642305427, 48.663343558380447 ], [ 6.173775876358515, 48.665139934938104 ], [ 6.176487085703102, 48.665233231812259 ], [ 6.176624754480378, 48.663436851385995 ], [ 6.173913642305427, 48.663343558380447 ] ] ] } },
{ "type": "Feature", "properties": { "population": 551.5, "couverture_min": 5 }, "geometry": { "type": "Polygon", "coordinates": [ [ [ 6.168353485424718, 48.664953142988473 ], [ 6.168215512576075, 48.666749510233608 ], [ 6.170926800590776, 48.666842943116229 ], [ 6.171064676263561, 48.665046571996726 ], [ 6.168353485424718, 48.664953142988473 ] ] ] } },
{ "type": "Feature", "properties": { "population": 498.0, "couverture_min": 5 }, "geometry": { "type": "Polygon", "coordinates": [ [ [ 6.171064676263561, 48.665046571996726 ], [ 6.170926800590776, 48.666842943116229 ], [ 6.173638097862876, 48.666936309929277 ], [ 6.173775876358515, 48.665139934938104 ], [ 6.171064676263561, 48.665046571996726 ] ] ] } },
{ "type": "Feature", "properties": { "population": 271.5, "couverture_min": 5 }, "geometry": { "type": "Polygon", "coordinates": [ [ [ 6.173775876358515, 48.665139934938104 ], [ 6.173638097862876, 48.666936309929277 ], [ 6.176349404385897, 48.667029610672358 ], [ 6.176487085703102, 48.665233231812259 ], [ 6.173775876358515, 48.665139934938104 ] ] ] } },
{ "type": "Feature", "properties": { "population": 10.5, "couverture_min": 5 }, "geometry": { "type": "Polygon", "coordinates": [ [ [ 6.170926800590776, 48.666842943116229 ], [ 6.170788912358828, 48.668639312669271 ], [ 6.173500306816877, 48.668732683354321 ], [ 6.173638097862876, 48.666936309929277 ], [ 6.170926800590776, 48.666842943116229 ] ] ] } },
{ "type": "Feature", "properties": { "population": 834.0, "couverture_min": 5 }, "geometry": { "type": "Polygon", "coordinates": [ [ [ 6.168215512576075, 48.666749510233608 ], [ 6.16807752715947, 48.668545875911917 ], [ 6.170788912358828, 48.668639312669271 ], [ 6.170926800590776, 48.666842943116229 ], [ 6.168215512576075, 48.666749510233608 ] ] ] } },
{ "type": "Feature", "properties": { "population": 34.5, "couverture_min": 5 }, "geometry": { "type": "Polygon", "coordinates": [ [ [ 6.176349404385897, 48.667029610672358 ], [ 6.17621171052713, 48.668825987966706 ], [ 6.178923123483109, 48.668919226506084 ], [ 6.179060720153357, 48.667122845345133 ], [ 6.176349404385897, 48.667029610672358 ] ] ] } },
{ "type": "Feature", "properties": { "population": 243.5, "couverture_min": 5 }, "geometry": { "type": "Polygon", "coordinates": [ [ [ 6.179886037043886, 48.656344525492287 ], [ 6.179748515545767, 48.658140916051636 ], [ 6.182459354734147, 48.658234065339926 ], [ 6.182596779095245, 48.656437670918905 ], [ 6.179886037043886, 48.656344525492287 ] ] ] } },
{ "type": "Feature", "properties": { "population": 19.0, "couverture_min": 5 }, "geometry": { "type": "Polygon", "coordinates": [ [ [ 6.182596779095245, 48.656437670918905 ], [ 6.182459354734147, 48.658234065339926 ], [ 6.185170203147577, 48.65832714857077 ], [ 6.18530753037038, 48.656530750290784 ], [ 6.182596779095245, 48.656437670918905 ] ] ] } },
{ "type": "Feature", "properties": { "population": 433.5, "couverture_min": 5 }, "geometry": { "type": "Polygon", "coordinates": [ [ [ 6.179748515545767, 48.658140916051636 ], [ 6.179610981523034, 48.65993730504357 ], [ 6.182321917857223, 48.660030458193894 ], [ 6.182459354734147, 48.658234065339926 ], [ 6.179748515545767, 48.658140916051636 ] ] ] } },
{ "type": "Feature", "properties": { "population": 14.0, "couverture_min": 5 }, "geometry": { "type": "Polygon", "coordinates": [ [ [ 6.182459354734147, 48.658234065339926 ], [ 6.182321917857223, 48.660030458193894 ], [ 6.18503286341775, 48.660123545284065 ], [ 6.185170203147577, 48.65832714857077 ], [ 6.182459354734147, 48.658234065339926 ] ] ] } },
{ "type": "Feature", "properties": { "population": 2.0, "couverture_min": 5 }, "geometry": { "type": "Polygon", "coordinates": [ [ [ 6.185170203147577, 48.65832714857077 ], [ 6.18503286341775, 48.660123545284065 ], [ 6.187743818198136, 48.660216566313728 ], [ 6.187881060779586, 48.658420165743841 ], [ 6.185170203147577, 48.65832714857077 ] ] ] } },
{ "type": "Feature", "properties": { "population": 1041.5, "couverture_min": 5 }, "geometry": { "type": "Polygon", "coordinates": [ [ [ 6.179610981523034, 48.65993730504357 ], [ 6.179473434974053, 48.661733692468445 ], [ 6.18218446846285, 48.661826849481187 ], [ 6.182321917857223, 48.660030458193894 ], [ 6.179610981523034, 48.65993730504357 ] ] ] } },
{ "type": "Feature", "properties": { "population": 705.5, "couverture_min": 5 }, "geometry": { "type": "Polygon", "coordinates": [ [ [ 6.182321917857223, 48.660030458193894 ], [ 6.18218446846285, 48.661826849481187 ], [ 6.18489551117927, 48.661919940431019 ], [ 6.18503286341775, 48.660123545284065 ], [ 6.182321917857223, 48.660030458193894 ] ] ] } },
{ "type": "Feature", "properties": { "population": 633.0, "couverture_min": 5 }, "geometry": { "type": "Polygon", "coordinates": [ [ [ 6.18503286341775, 48.660123545284065 ], [ 6.18489551117927, 48.661919940431019 ], [ 6.18760656311683, 48.662012965317643 ], [ 6.187743818198136, 48.660216566313728 ], [ 6.18503286341775, 48.660123545284065 ] ] ] } },
{ "type": "Feature", "properties": { "population": 265.0, "couverture_min": 5 }, "geometry": { "type": "Polygon", "coordinates": [ [ [ 6.179473434974053, 48.661733692468445 ], [ 6.179335875897198, 48.663530078326723 ], [ 6.182047006549403, 48.663623239202202 ], [ 6.18218446846285, 48.661826849481187 ], [ 6.179473434974053, 48.661733692468445 ] ] ] } },
{ "type": "Feature", "properties": { "population": 527.0, "couverture_min": 5 }, "geometry": { "type": "Polygon", "coordinates": [ [ [ 6.18218446846285, 48.661826849481187 ], [ 6.182047006549403, 48.663623239202202 ], [ 6.18475814643051, 48.663716334012115 ], [ 6.18489551117927, 48.661919940431019 ], [ 6.18218446846285, 48.661826849481187 ] ] ] } },
{ "type": "Feature", "properties": { "population": 143.5, "couverture_min": 5 }, "geometry": { "type": "Polygon", "coordinates": [ [ [ 6.18489551117927, 48.661919940431019 ], [ 6.18475814643051, 48.663716334012115 ], [ 6.187469295534042, 48.663809362756069 ], [ 6.18760656311683, 48.662012965317643 ], [ 6.18489551117927, 48.661919940431019 ] ] ] } },
{ "type": "Feature", "properties": { "population": 774.0, "couverture_min": 5 }, "geometry": { "type": "Polygon", "coordinates": [ [ [ 6.182047006549403, 48.663623239202202 ], [ 6.18190953211525, 48.665419627357423 ], [ 6.184620769169847, 48.665512726027742 ], [ 6.18475814643051, 48.663716334012115 ], [ 6.182047006549403, 48.663623239202202 ] ] ] } },
{ "type": "Feature", "properties": { "population": 123.0, "couverture_min": 5 }, "geometry": { "type": "Polygon", "coordinates": [ [ [ 6.18475814643051, 48.663716334012115 ], [ 6.184620769169847, 48.665512726027742 ], [ 6.187332015448152, 48.665605758629368 ], [ 6.187469295534042, 48.663809362756069 ], [ 6.18475814643051, 48.663716334012115 ] ] ] } },
{ "type": "Feature", "properties": { "population": 157.0, "couverture_min": 5 }, "geometry": { "type": "Polygon", "coordinates": [ [ [ 6.17919830429084, 48.665326462618808 ], [ 6.179060720153357, 48.667122845345133 ], [ 6.181772045158766, 48.667216013947247 ], [ 6.18190953211525, 48.665419627357423 ], [ 6.17919830429084, 48.665326462618808 ] ] ] } },
{ "type": "Feature", "properties": { "population": 75.0, "couverture_min": 5 }, "geometry": { "type": "Polygon", "coordinates": [ [ [ 6.18190953211525, 48.665419627357423 ], [ 6.181772045158766, 48.667216013947247 ], [ 6.184483379395651, 48.667309116478314 ], [ 6.184620769169847, 48.665512726027742 ], [ 6.18190953211525, 48.665419627357423 ] ] ] } },
{ "type": "Feature", "properties": { "population": 120.0, "couverture_min": 5 }, "geometry": { "type": "Polygon", "coordinates": [ [ [ 6.184620769169847, 48.665512726027742 ], [ 6.184483379395651, 48.667309116478314 ], [ 6.187194722857527, 48.667402152937981 ], [ 6.187332015448152, 48.665605758629368 ], [ 6.184620769169847, 48.665512726027742 ] ] ] } },
{ "type": "Feature", "properties": { "population": 255.5, "couverture_min": 5 }, "geometry": { "type": "Polygon", "coordinates": [ [ [ 6.179060720153357, 48.667122845345133 ], [ 6.178923123483109, 48.668919226506084 ], [ 6.181634545678326, 48.669012398972036 ], [ 6.181772045158766, 48.667216013947247 ], [ 6.179060720153357, 48.667122845345133 ] ] ] } },
{ "type": "Feature", "properties": { "population": 37.0, "couverture_min": 5 }, "geometry": { "type": "Polygon", "coordinates": [ [ [ 6.181772045158766, 48.667216013947247 ], [ 6.181634545678326, 48.669012398972036 ], [ 6.184345977106299, 48.669105505364243 ], [ 6.184483379395651, 48.667309116478314 ], [ 6.181772045158766, 48.667216013947247 ] ] ] } },
{ "type": "Feature", "properties": { "population": 84.0, "couverture_min": 5 }, "geometry": { "type": "Polygon", "coordinates": [ [ [ 6.184483379395651, 48.667309116478314 ], [ 6.184345977106299, 48.669105505364243 ], [ 6.187057417760548, 48.669198545682328 ], [ 6.187194722857527, 48.667402152937981 ], [ 6.184483379395651, 48.667309116478314 ] ] ] } },
{ "type": "Feature", "properties": { "population": 50.5, "couverture_min": 5 }, "geometry": { "type": "Polygon", "coordinates": [ [ [ 6.181634545678326, 48.669012398972036 ], [ 6.181497033672297, 48.670808782432239 ], [ 6.184208562300164, 48.670901892685968 ], [ 6.184345977106299, 48.669105505364243 ], [ 6.181634545678326, 48.669012398972036 ] ] ] } },
{ "type": "Feature", "properties": { "population": 265.0, "couverture_min": 5 }, "geometry": { "type": "Polygon", "coordinates": [ [ [ 6.184345977106299, 48.669105505364243 ], [ 6.184208562300164, 48.670901892685968 ], [ 6.186920100155588, 48.670994936862805 ], [ 6.187057417760548, 48.669198545682328 ], [ 6.184345977106299, 48.669105505364243 ] ] ] } },
{ "type": "Feature", "properties": { "population": 10.0, "couverture_min": 5 }, "geometry": { "type": "Polygon", "coordinates": [ [ [ 6.187057417760548, 48.669198545682328 ], [ 6.186920100155588, 48.670994936862805 ], [ 6.189631647232082, 48.671087914962463 ], [ 6.189768867634586, 48.669291519925935 ], [ 6.187057417760548, 48.669198545682328 ] ] ] } },
{ "type": "Feature", "properties": { "population": 153.5, "couverture_min": 5 }, "geometry": { "type": "Polygon", "coordinates": [ [ [ 6.181497033672297, 48.670808782432239 ], [ 6.181359509139054, 48.672605164328324 ], [ 6.184071134975619, 48.672698278443882 ], [ 6.184208562300164, 48.670901892685968 ], [ 6.181497033672297, 48.670808782432239 ] ] ] } },
{ "type": "Feature", "properties": { "population": 65.0, "couverture_min": 5 }, "geometry": { "type": "Polygon", "coordinates": [ [ [ 6.187881060779586, 48.658420165743841 ], [ 6.187743818198136, 48.660216566313728 ], [ 6.190454782191902, 48.660309521282507 ], [ 6.190591927623693, 48.658513116858749 ], [ 6.187881060779586, 48.658420165743841 ] ] ] } },
{ "type": "Feature", "properties": { "population": 154.0, "couverture_min": 10 }, "geometry": { "type": "Polygon", "coordinates": [ [ [ 6.190591927623693, 48.658513116858749 ], [ 6.190454782191902, 48.660309521282507 ], [ 6.193165755392567, 48.660402410190073 ], [ 6.193302803673419, 48.658606001915153 ], [ 6.190591927623693, 48.658513116858749 ] ] ] } },
{ "type": "Feature", "properties": { "population": 185.5, "couverture_min": 5 }, "geometry": { "type": "Polygon", "coordinates": [ [ [ 6.193302803673419, 48.658606001915153 ], [ 6.193165755392567, 48.660402410190073 ], [ 6.195876737793654, 48.660495233036016 ], [ 6.196013688922287, 48.658698820912669 ], [ 6.193302803673419, 48.658606001915153 ] ] ] } },
{ "type": "Feature", "properties": { "population": 204.0, "couverture_min": 5 }, "geometry": { "type": "Polygon", "coordinates": [ [ [ 6.196013688922287, 48.658698820912669 ], [ 6.195876737793654, 48.660495233036016 ], [ 6.19858772938868, 48.660587989820016 ], [ 6.198724583363816, 48.658791573850962 ], [ 6.196013688922287, 48.658698820912669 ] ] ] } },
{ "type": "Feature", "properties": { "population": 70.5, "couverture_min": 5 }, "geometry": { "type": "Polygon", "coordinates": [ [ [ 6.198724583363816, 48.658791573850962 ], [ 6.19858772938868, 48.660587989820016 ], [ 6.201298730171168, 48.660680680541695 ], [ 6.201435486991526, 48.658884260729671 ], [ 6.198724583363816, 48.658791573850962 ] ] ] } },
{ "type": "Feature", "properties": { "population": 7.0, "couverture_min": 5 }, "geometry": { "type": "Polygon", "coordinates": [ [ [ 6.187743818198136, 48.660216566313728 ], [ 6.18760656311683, 48.662012965317643 ], [ 6.190317624269052, 48.662105924140668 ], [ 6.190454782191902, 48.660309521282507 ], [ 6.187743818198136, 48.660216566313728 ] ] ] } },
{ "type": "Feature", "properties": { "population": 170.0, "couverture_min": 5 }, "geometry": { "type": "Polygon", "coordinates": [ [ [ 6.190454782191902, 48.660309521282507 ], [ 6.190317624269052, 48.662105924140668 ], [ 6.193028694629453, 48.662198816899746 ], [ 6.193165755392567, 48.660402410190073 ], [ 6.190454782191902, 48.660309521282507 ] ] ] } },
{ "type": "Feature", "properties": { "population": 49.0, "couverture_min": 5 }, "geometry": { "type": "Polygon", "coordinates": [ [ [ 6.193165755392567, 48.660402410190073 ], [ 6.193028694629453, 48.662198816899746 ], [ 6.195739774191558, 48.6622916435945 ], [ 6.195876737793654, 48.660495233036016 ], [ 6.193165755392567, 48.660402410190073 ] ] ] } },
{ "type": "Feature", "properties": { "population": 2.0, "couverture_min": 5 }, "geometry": { "type": "Polygon", "coordinates": [ [ [ 6.195876737793654, 48.660495233036016 ], [ 6.195739774191558, 48.6622916435945 ], [ 6.19845086294888, 48.662384404224589 ], [ 6.19858772938868, 48.660587989820016 ], [ 6.195876737793654, 48.660495233036016 ] ] ] } },
{ "type": "Feature", "properties": { "population": 81.0, "couverture_min": 5 }, "geometry": { "type": "Polygon", "coordinates": [ [ [ 6.19858772938868, 48.660587989820016 ], [ 6.19845086294888, 48.662384404224589 ], [ 6.20116196089494, 48.662477098789608 ], [ 6.201298730171168, 48.660680680541695 ], [ 6.19858772938868, 48.660587989820016 ] ] ] } },
{ "type": "Feature", "properties": { "population": 24.5, "couverture_min": 5 }, "geometry": { "type": "Polygon", "coordinates": [ [ [ 6.201298730171168, 48.660680680541695 ], [ 6.20116196089494, 48.662477098789608 ], [ 6.20387306802326, 48.662569727289224 ], [ 6.204009740134637, 48.660773305200706 ], [ 6.201298730171168, 48.660680680541695 ] ] ] } },
{ "type": "Feature", "properties": { "population": 35.0, "couverture_min": 5 }, "geometry": { "type": "Polygon", "coordinates": [ [ [ 6.18760656311683, 48.662012965317643 ], [ 6.187469295534042, 48.663809362756069 ], [ 6.190180453853519, 48.663902325433696 ], [ 6.190317624269052, 48.662105924140668 ], [ 6.18760656311683, 48.662012965317643 ] ] ] } },
{ "type": "Feature", "properties": { "population": 3.5, "couverture_min": 5 }, "geometry": { "type": "Polygon", "coordinates": [ [ [ 6.195739774191558, 48.6622916435945 ], [ 6.195602798114375, 48.664088052588525 ], [ 6.198313984042792, 48.664180817065045 ], [ 6.19845086294888, 48.662384404224589 ], [ 6.195739774191558, 48.6622916435945 ] ] ] } },
{ "type": "Feature", "properties": { "population": 44.0, "couverture_min": 5 }, "geometry": { "type": "Polygon", "coordinates": [ [ [ 6.19845086294888, 48.662384404224589 ], [ 6.198313984042792, 48.664180817065045 ], [ 6.201025179161226, 48.664273515473795 ], [ 6.20116196089494, 48.662477098789608 ], [ 6.19845086294888, 48.662384404224589 ] ] ] } },
{ "type": "Feature", "properties": { "population": 134.0, "couverture_min": 10 }, "geometry": { "type": "Polygon", "coordinates": [ [ [ 6.20116196089494, 48.662477098789608 ], [ 6.201025179161226, 48.664273515473795 ], [ 6.203736383463195, 48.664366147814441 ], [ 6.20387306802326, 48.662569727289224 ], [ 6.20116196089494, 48.662477098789608 ] ] ] } },
{ "type": "Feature", "properties": { "population": 150.0, "couverture_min": 5 }, "geometry": { "type": "Polygon", "coordinates": [ [ [ 6.187469295534042, 48.663809362756069 ], [ 6.187332015448152, 48.665605758629368 ], [ 6.19004327094368, 48.665698725161967 ], [ 6.190180453853519, 48.663902325433696 ], [ 6.187469295534042, 48.663809362756069 ] ] ] } },
{ "type": "Feature", "properties": { "population": 4.0, "couverture_min": 5 }, "geometry": { "type": "Polygon", "coordinates": [ [ [ 6.190180453853519, 48.663902325433696 ], [ 6.19004327094368, 48.665698725161967 ], [ 6.192754535649952, 48.66579162562514 ], [ 6.192891621382455, 48.663995222044626 ], [ 6.190180453853519, 48.663902325433696 ] ] ] } },
{ "type": "Feature", "properties": { "population": 5.0, "couverture_min": 5 }, "geometry": { "type": "Polygon", "coordinates": [ [ [ 6.195602798114375, 48.664088052588525 ], [ 6.195465809560485, 48.665884460018574 ], [ 6.198177092668796, 48.665977228341873 ], [ 6.198313984042792, 48.664180817065045 ], [ 6.195602798114375, 48.664088052588525 ] ] ] } },
{ "type": "Feature", "properties": { "population": 436.5, "couverture_min": 5 }, "geometry": { "type": "Polygon", "coordinates": [ [ [ 6.198313984042792, 48.664180817065045 ], [ 6.198177092668796, 48.665977228341873 ], [ 6.200888384968403, 48.666069930594688 ], [ 6.201025179161226, 48.664273515473795 ], [ 6.198313984042792, 48.664180817065045 ] ] ] } },
{ "type": "Feature", "properties": { "population": 226.5, "couverture_min": 5 }, "geometry": { "type": "Polygon", "coordinates": [ [ [ 6.201025179161226, 48.664273515473795 ], [ 6.200888384968403, 48.666069930594688 ], [ 6.203599686452821, 48.666162566776663 ], [ 6.203736383463195, 48.664366147814441 ], [ 6.201025179161226, 48.664273515473795 ] ] ] } },
{ "type": "Feature", "properties": { "population": 179.5, "couverture_min": 5 }, "geometry": { "type": "Polygon", "coordinates": [ [ [ 6.187332015448152, 48.665605758629368 ], [ 6.187194722857527, 48.667402152937981 ], [ 6.189906075537912, 48.667495123325892 ], [ 6.19004327094368, 48.665698725161967 ], [ 6.187332015448152, 48.665605758629368 ] ] ] } },
{ "type": "Feature", "properties": { "population": 6.0, "couverture_min": 5 }, "geometry": { "type": "Polygon", "coordinates": [ [ [ 6.19004327094368, 48.665698725161967 ], [ 6.189906075537912, 48.667495123325892 ], [ 6.192617437430316, 48.667588027641699 ], [ 6.192754535649952, 48.66579162562514 ], [ 6.19004327094368, 48.665698725161967 ] ] ] } },
{ "type": "Feature", "properties": { "population": 62.0, "couverture_min": 5 }, "geometry": { "type": "Polygon", "coordinates": [ [ [ 6.192754535649952, 48.66579162562514 ], [ 6.192617437430316, 48.667588027641699 ], [ 6.195328808528267, 48.667680865884989 ], [ 6.195465809560485, 48.665884460018574 ], [ 6.192754535649952, 48.66579162562514 ] ] ] } },
{ "type": "Feature", "properties": { "population": 152.0, "couverture_min": 5 }, "geometry": { "type": "Polygon", "coordinates": [ [ [ 6.195465809560485, 48.665884460018574 ], [ 6.195328808528267, 48.667680865884989 ], [ 6.198040188825273, 48.667773638055444 ], [ 6.198177092668796, 48.665977228341873 ], [ 6.195465809560485, 48.665884460018574 ] ] ] } },
{ "type": "Feature", "properties": { "population": 208.0, "couverture_min": 5 }, "geometry": { "type": "Polygon", "coordinates": [ [ [ 6.198177092668796, 48.665977228341873 ], [ 6.198040188825273, 48.667773638055444 ], [ 6.200751578314853, 48.667866344152714 ], [ 6.200888384968403, 48.666069930594688 ], [ 6.198177092668796, 48.665977228341873 ] ] ] } },
{ "type": "Feature", "properties": { "population": 255.0, "couverture_min": 5 }, "geometry": { "type": "Polygon", "coordinates": [ [ [ 6.200888384968403, 48.666069930594688 ], [ 6.200751578314853, 48.667866344152714 ], [ 6.203462976990525, 48.667958984176394 ], [ 6.203599686452821, 48.666162566776663 ], [ 6.200888384968403, 48.666069930594688 ] ] ] } },
{ "type": "Feature", "properties": { "population": 25.0, "couverture_min": 5 }, "geometry": { "type": "Polygon", "coordinates": [ [ [ 6.203599686452821, 48.666162566776663 ], [ 6.203462976990525, 48.667958984176394 ], [ 6.206174384845803, 48.668051558126166 ], [ 6.206310997115573, 48.666255136887443 ], [ 6.203599686452821, 48.666162566776663 ] ] ] } },
{ "type": "Feature", "properties": { "population": 3.0, "couverture_min": 10 }, "geometry": { "type": "Polygon", "coordinates": [ [ [ 6.189906075537912, 48.667495123325892 ], [ 6.189768867634586, 48.669291519925935 ], [ 6.192480326721931, 48.669384428094681 ], [ 6.192617437430316, 48.667588027641699 ], [ 6.189906075537912, 48.667495123325892 ] ] ] } },
{ "type": "Feature", "properties": { "population": 187.5, "couverture_min": 5 }, "geometry": { "type": "Polygon", "coordinates": [ [ [ 6.192617437430316, 48.667588027641699 ], [ 6.192480326721931, 48.669384428094681 ], [ 6.1951917950161, 48.669477270188231 ], [ 6.195328808528267, 48.667680865884989 ], [ 6.192617437430316, 48.667588027641699 ] ] ] } },
{ "type": "Feature", "properties": { "population": 305.0, "couverture_min": 5 }, "geometry": { "type": "Polygon", "coordinates": [ [ [ 6.195328808528267, 48.667680865884989 ], [ 6.1951917950161, 48.669477270188231 ], [ 6.1979032725106, 48.669570046206211 ], [ 6.198040188825273, 48.667773638055444 ], [ 6.195328808528267, 48.667680865884989 ] ] ] } },
{ "type": "Feature", "properties": { "population": 179.5, "couverture_min": 5 }, "geometry": { "type": "Polygon", "coordinates": [ [ [ 6.198040188825273, 48.667773638055444 ], [ 6.1979032725106, 48.669570046206211 ], [ 6.20061475919896, 48.66966275614827 ], [ 6.200751578314853, 48.667866344152714 ], [ 6.198040188825273, 48.667773638055444 ] ] ] } },
{ "type": "Feature", "properties": { "population": 374.0, "couverture_min": 5 }, "geometry": { "type": "Polygon", "coordinates": [ [ [ 6.200751578314853, 48.667866344152714 ], [ 6.20061475919896, 48.66966275614827 ], [ 6.203326255074685, 48.669755400014026 ], [ 6.203462976990525, 48.667958984176394 ], [ 6.200751578314853, 48.667866344152714 ] ] ] } },
{ "type": "Feature", "properties": { "population": 10.0, "couverture_min": 5 }, "geometry": { "type": "Polygon", "coordinates": [ [ [ 6.203462976990525, 48.667958984176394 ], [ 6.203326255074685, 48.669755400014026 ], [ 6.206037760131295, 48.669847977803151 ], [ 6.206174384845803, 48.668051558126166 ], [ 6.203462976990525, 48.667958984176394 ] ] ] } },
{ "type": "Feature", "properties": { "population": 9.0, "couverture_min": 5 }, "geometry": { "type": "Polygon", "coordinates": [ [ [ 6.135959045880607, 48.662030519695122 ], [ 6.135819919694315, 48.663826841807044 ], [ 6.138530998954344, 48.663921063589186 ], [ 6.138670027989096, 48.662124737570593 ], [ 6.135959045880607, 48.662030519695122 ] ] ] } },
{ "type": "Feature", "properties": { "population": 120.5, "couverture_min": 5 }, "geometry": { "type": "Polygon", "coordinates": [ [ [ 6.138670027989096, 48.662124737570593 ], [ 6.138530998954344, 48.663921063589186 ], [ 6.141242087548243, 48.664015219308816 ], [ 6.141381019430153, 48.662218889386303 ], [ 6.138670027989096, 48.662124737570593 ] ] ] } },
{ "type": "Feature", "properties": { "population": 40.0, "couverture_min": 5 }, "geometry": { "type": "Polygon", "coordinates": [ [ [ 6.141381019430153, 48.662218889386303 ], [ 6.141242087548243, 48.664015219308816 ], [ 6.143953185469532, 48.664109308965649 ], [ 6.144092020197307, 48.662312975141887 ], [ 6.141381019430153, 48.662218889386303 ] ] ] } },
{ "type": "Feature", "properties": { "population": 84.5, "couverture_min": 5 }, "geometry": { "type": "Polygon", "coordinates": [ [ [ 6.149514049683992, 48.662500948471212 ], [ 6.149375409268378, 48.664297290089266 ], [ 6.152086535132971, 48.664391181555331 ], [ 6.152225078390563, 48.662594836044228 ], [ 6.149514049683992, 48.662500948471212 ] ] ] } },
{ "type": "Feature", "properties": { "population": 66.0, "couverture_min": 5 }, "geometry": { "type": "Polygon", "coordinates": [ [ [ 6.152225078390563, 48.662594836044228 ], [ 6.152086535132971, 48.664391181555331 ], [ 6.154797670299037, 48.664485006957101 ], [ 6.154936116397315, 48.662688657555627 ], [ 6.152225078390563, 48.662594836044228 ] ] ] } },
{ "type": "Feature", "properties": { "population": 55.0, "couverture_min": 5 }, "geometry": { "type": "Polygon", "coordinates": [ [ [ 6.154936116397315, 48.662688657555627 ], [ 6.154797670299037, 48.664485006957101 ], [ 6.157508814760106, 48.664578766294177 ], [ 6.157647163697769, 48.662782413005104 ], [ 6.154936116397315, 48.662688657555627 ] ] ] } },
{ "type": "Feature", "properties": { "population": 21.0, "couverture_min": 5 }, "geometry": { "type": "Polygon", "coordinates": [ [ [ 6.135819919694315, 48.663826841807044 ], [ 6.135680780836131, 48.665623162347337 ], [ 6.138391957256495, 48.665717388036498 ], [ 6.138530998954344, 48.663921063589186 ], [ 6.135819919694315, 48.663826841807044 ] ] ] } },
{ "type": "Feature", "properties": { "population": 52.0, "couverture_min": 5 }, "geometry": { "type": "Polygon", "coordinates": [ [ [ 6.138530998954344, 48.663921063589186 ], [ 6.138391957256495, 48.665717388036498 ], [ 6.141103143012027, 48.665811547660503 ], [ 6.141242087548243, 48.664015219308816 ], [ 6.138530998954344, 48.663921063589186 ] ] ] } },
{ "type": "Feature", "properties": { "population": 62.0, "couverture_min": 5 }, "geometry": { "type": "Polygon", "coordinates": [ [ [ 6.141242087548243, 48.664015219308816 ], [ 6.141103143012027, 48.665811547660503 ], [ 6.14381433809625, 48.665905641218878 ], [ 6.143953185469532, 48.664109308965649 ], [ 6.141242087548243, 48.664015219308816 ] ] ] } },
{ "type": "Feature", "properties": { "population": 51.0, "couverture_min": 10 }, "geometry": { "type": "Polygon", "coordinates": [ [ [ 6.146664292711736, 48.664203332559225 ], [ 6.146525542502688, 48.665999668711365 ], [ 6.149236756224852, 48.666093630137517 ], [ 6.149375409268378, 48.664297290089266 ], [ 6.146664292711736, 48.664203332559225 ] ] ] } },
{ "type": "Feature", "properties": { "population": 78.5, "couverture_min": 5 }, "geometry": { "type": "Polygon", "coordinates": [ [ [ 6.149375409268378, 48.664297290089266 ], [ 6.149236756224852, 48.666093630137517 ], [ 6.151947979256263, 48.666187525497023 ], [ 6.152086535132971, 48.664391181555331 ], [ 6.149375409268378, 48.664297290089266 ] ] ] } },
{ "type": "Feature", "properties": { "population": 136.5, "couverture_min": 5 }, "geometry": { "type": "Polygon", "coordinates": [ [ [ 6.152086535132971, 48.664391181555331 ], [ 6.151947979256263, 48.666187525497023 ], [ 6.154659211590446, 48.666281354789525 ], [ 6.154797670299037, 48.664485006957101 ], [ 6.152086535132971, 48.664391181555331 ] ] ] } },
{ "type": "Feature", "properties": { "population": 131.0, "couverture_min": 5 }, "geometry": { "type": "Polygon", "coordinates": [ [ [ 6.154797670299037, 48.664485006957101 ], [ 6.154659211590446, 48.666281354789525 ], [ 6.157370453220921, 48.666375118014564 ], [ 6.157508814760106, 48.664578766294177 ], [ 6.154797670299037, 48.664485006957101 ] ] ] } },
{ "type": "Feature", "properties": { "population": 107.0, "couverture_min": 5 }, "geometry": { "type": "Polygon", "coordinates": [ [ [ 6.135680780836131, 48.665623162347337 ], [ 6.1355416293044, 48.667419481316408 ], [ 6.138252902893897, 48.667513710912992 ], [ 6.138391957256495, 48.665717388036498 ], [ 6.135680780836131, 48.665623162347337 ] ] ] } },
{ "type": "Feature", "properties": { "population": 62.0, "couverture_min": 5 }, "geometry": { "type": "Polygon", "coordinates": [ [ [ 6.138391957256495, 48.665717388036498 ], [ 6.138252902893897, 48.667513710912992 ], [ 6.140964185819865, 48.667607874441657 ], [ 6.141103143012027, 48.665811547660503 ], [ 6.138391957256495, 48.665717388036498 ] ] ] } },
{ "type": "Feature", "properties": { "population": 47.0, "couverture_min": 5 }, "geometry": { "type": "Polygon", "coordinates": [ [ [ 6.141103143012027, 48.665811547660503 ], [ 6.140964185819865, 48.667607874441657 ], [ 6.143675478075821, 48.667701971902027 ], [ 6.14381433809625, 48.665905641218878 ], [ 6.141103143012027, 48.665811547660503 ] ] ] } },
{ "type": "Feature", "properties": { "population": 17.0, "couverture_min": 5 }, "geometry": { "type": "Polygon", "coordinates": [ [ [ 6.14381433809625, 48.665905641218878 ], [ 6.143675478075821, 48.667701971902027 ], [ 6.146386779655283, 48.667796003293716 ], [ 6.146525542502688, 48.665999668711365 ], [ 6.14381433809625, 48.665905641218878 ] ] ] } },
{ "type": "Feature", "properties": { "population": 34.0, "couverture_min": 5 }, "geometry": { "type": "Polygon", "coordinates": [ [ [ 6.146525542502688, 48.665999668711365 ], [ 6.146386779655283, 48.667796003293716 ], [ 6.14909809055177, 48.6678899686164 ], [ 6.149236756224852, 48.666093630137517 ], [ 6.146525542502688, 48.665999668711365 ] ] ] } },
{ "type": "Feature", "properties": { "population": 2.0, "couverture_min": 5 }, "geometry": { "type": "Polygon", "coordinates": [ [ [ 6.149236756224852, 48.666093630137517 ], [ 6.14909809055177, 48.6678899686164 ], [ 6.151809410758801, 48.667983867869715 ], [ 6.151947979256263, 48.666187525497023 ], [ 6.149236756224852, 48.666093630137517 ] ] ] } },
{ "type": "Feature", "properties": { "population": 66.0, "couverture_min": 5 }, "geometry": { "type": "Polygon", "coordinates": [ [ [ 6.154659211590446, 48.666281354789525 ], [ 6.154520740269897, 48.668077701053264 ], [ 6.157232079078576, 48.66817146816669 ], [ 6.157370453220921, 48.666375118014564 ], [ 6.154659211590446, 48.666281354789525 ] ] ] } },
{ "type": "Feature", "properties": { "population": 102.0, "couverture_min": 5 }, "geometry": { "type": "Polygon", "coordinates": [ [ [ 6.1355416293044, 48.667419481316408 ], [ 6.13540246509748, 48.669215798714689 ], [ 6.138113835864911, 48.669310032219052 ], [ 6.138252902893897, 48.667513710912992 ], [ 6.1355416293044, 48.667419481316408 ] ] ] } },
{ "type": "Feature", "properties": { "population": 125.0, "couverture_min": 5 }, "geometry": { "type": "Polygon", "coordinates": [ [ [ 6.138252902893897, 48.667513710912992 ], [ 6.138113835864911, 48.669310032219052 ], [ 6.14082521597011, 48.669404199652753 ], [ 6.140964185819865, 48.667607874441657 ], [ 6.138252902893897, 48.667513710912992 ] ] ] } },
{ "type": "Feature", "properties": { "population": 63.0, "couverture_min": 5 }, "geometry": { "type": "Polygon", "coordinates": [ [ [ 6.140964185819865, 48.667607874441657 ], [ 6.14082521597011, 48.669404199652753 ], [ 6.143536605406593, 48.669498301015466 ], [ 6.143675478075821, 48.667701971902027 ], [ 6.140964185819865, 48.667607874441657 ] ] ] } },
{ "type": "Feature", "properties": { "population": 75.0, "couverture_min": 5 }, "geometry": { "type": "Polygon", "coordinates": [ [ [ 6.143675478075821, 48.667701971902027 ], [ 6.143536605406593, 48.669498301015466 ], [ 6.146248004167883, 48.669592336306792 ], [ 6.146386779655283, 48.667796003293716 ], [ 6.143675478075821, 48.667701971902027 ] ] ] } },
{ "type": "Feature", "properties": { "population": 162.0, "couverture_min": 5 }, "geometry": { "type": "Polygon", "coordinates": [ [ [ 6.146386779655283, 48.667796003293716 ], [ 6.146248004167883, 48.669592336306792 ], [ 6.148959412247494, 48.669686305526341 ], [ 6.14909809055177, 48.6678899686164 ], [ 6.146386779655283, 48.667796003293716 ] ] ] } },
{ "type": "Feature", "properties": { "population": 155.5, "couverture_min": 5 }, "geometry": { "type": "Polygon", "coordinates": [ [ [ 6.14909809055177, 48.6678899686164 ], [ 6.148959412247494, 48.669686305526341 ], [ 6.15167082963894, 48.669780208673792 ], [ 6.151809410758801, 48.667983867869715 ], [ 6.14909809055177, 48.6678899686164 ] ] ] } },
{ "type": "Feature", "properties": { "population": 181.5, "couverture_min": 5 }, "geometry": { "type": "Polygon", "coordinates": [ [ [ 6.151809410758801, 48.667983867869715 ], [ 6.15167082963894, 48.669780208673792 ], [ 6.154382256335751, 48.669874045748792 ], [ 6.154520740269897, 48.668077701053264 ], [ 6.151809410758801, 48.667983867869715 ] ] ] } },
{ "type": "Feature", "properties": { "population": 23.0, "couverture_min": 5 }, "geometry": { "type": "Polygon", "coordinates": [ [ [ 6.154520740269897, 48.668077701053264 ], [ 6.154382256335751, 48.669874045748792 ], [ 6.157093692331435, 48.669967816750933 ], [ 6.157232079078576, 48.66817146816669 ], [ 6.154520740269897, 48.668077701053264 ] ] ] } },
{ "type": "Feature", "properties": { "population": 26.0, "couverture_min": 5 }, "geometry": { "type": "Polygon", "coordinates": [ [ [ 6.138113835864911, 48.669310032219052 ], [ 6.137974756167888, 48.671106351955103 ], [ 6.140686233461117, 48.671200523294218 ], [ 6.14082521597011, 48.669404199652753 ], [ 6.138113835864911, 48.669310032219052 ] ] ] } },
{ "type": "Feature", "properties": { "population": 268.5, "couverture_min": 5 }, "geometry": { "type": "Polygon", "coordinates": [ [ [ 6.14082521597011, 48.669404199652753 ], [ 6.140686233461117, 48.671200523294218 ], [ 6.143397720086929, 48.671294628559608 ], [ 6.143536605406593, 48.669498301015466 ], [ 6.14082521597011, 48.669404199652753 ] ] ] } },
{ "type": "Feature", "properties": { "population": 28.0, "couverture_min": 5 }, "geometry": { "type": "Polygon", "coordinates": [ [ [ 6.143536605406593, 48.669498301015466 ], [ 6.143397720086929, 48.671294628559608 ], [ 6.146109216038846, 48.671388667750911 ], [ 6.146248004167883, 48.669592336306792 ], [ 6.143536605406593, 48.669498301015466 ] ] ] } },
{ "type": "Feature", "properties": { "population": 103.5, "couverture_min": 5 }, "geometry": { "type": "Polygon", "coordinates": [ [ [ 6.146248004167883, 48.669592336306792 ], [ 6.146109216038846, 48.671388667750911 ], [ 6.148820721310376, 48.671482640867737 ], [ 6.148959412247494, 48.669686305526341 ], [ 6.146248004167883, 48.669592336306792 ] ] ] } },
{ "type": "Feature", "properties": { "population": 598.0, "couverture_min": 5 }, "geometry": { "type": "Polygon", "coordinates": [ [ [ 6.148959412247494, 48.669686305526341 ], [ 6.148820721310376, 48.671482640867737 ], [ 6.151532235895046, 48.671576547909723 ], [ 6.15167082963894, 48.669780208673792 ], [ 6.148959412247494, 48.669686305526341 ] ] ] } },
{ "type": "Feature", "properties": { "population": 246.0, "couverture_min": 5 }, "geometry": { "type": "Polygon", "coordinates": [ [ [ 6.15167082963894, 48.669780208673792 ], [ 6.151532235895046, 48.671576547909723 ], [ 6.154243759786369, 48.671670388876521 ], [ 6.154382256335751, 48.669874045748792 ], [ 6.15167082963894, 48.669780208673792 ] ] ] } },
{ "type": "Feature", "properties": { "population": 191.5, "couverture_min": 5 }, "geometry": { "type": "Polygon", "coordinates": [ [ [ 6.154382256335751, 48.669874045748792 ], [ 6.154243759786369, 48.671670388876521 ], [ 6.15695529297786, 48.67176416376774 ], [ 6.157093692331435, 48.669967816750933 ], [ 6.154382256335751, 48.669874045748792 ] ] ] } },
{ "type": "Feature", "properties": { "population": 24.0, "couverture_min": 5 }, "geometry": { "type": "Polygon", "coordinates": [ [ [ 6.157647163697769, 48.662782413005104 ], [ 6.157508814760106, 48.664578766294177 ], [ 6.160219968509685, 48.664672459566219 ], [ 6.160358220285449, 48.662876102392239 ], [ 6.157647163697769, 48.662782413005104 ] ] ] } },
{ "type": "Feature", "properties": { "population": 128.0, "couverture_min": 5 }, "geometry": { "type": "Polygon", "coordinates": [ [ [ 6.160358220285449, 48.662876102392239 ], [ 6.160219968509685, 48.664672459566219 ], [ 6.162931131541303, 48.664766086772879 ], [ 6.163069286153873, 48.662969725716714 ], [ 6.160358220285449, 48.662876102392239 ] ] ] } },
{ "type": "Feature", "properties": { "population": 194.0, "couverture_min": 5 }, "geometry": { "type": "Polygon", "coordinates": [ [ [ 6.163069286153873, 48.662969725716714 ], [ 6.162931131541303, 48.664766086772879 ], [ 6.165642303848474, 48.664859647913758 ], [ 6.165780361296564, 48.663063282978108 ], [ 6.163069286153873, 48.662969725716714 ] ] ] } },
{ "type": "Feature", "properties": { "population": 399.0, "couverture_min": 5 }, "geometry": { "type": "Polygon", "coordinates": [ [ [ 6.165780361296564, 48.663063282978108 ], [ 6.165642303848474, 48.664859647913758 ], [ 6.168353485424718, 48.664953142988473 ], [ 6.168491445707039, 48.663156774176123 ], [ 6.165780361296564, 48.663063282978108 ] ] ] } },
{ "type": "Feature", "properties": { "population": 16.0, "couverture_min": 10 }, "geometry": { "type": "Polygon", "coordinates": [ [ [ 6.160219968509685, 48.664672459566219 ], [ 6.160081704141199, 48.666468815171875 ], [ 6.162792964344807, 48.666562446261075 ], [ 6.162931131541303, 48.664766086772879 ], [ 6.160219968509685, 48.664672459566219 ] ] ] } },
{ "type": "Feature", "properties": { "population": 62.5, "couverture_min": 5 }, "geometry": { "type": "Polygon", "coordinates": [ [ [ 6.162931131541303, 48.664766086772879 ], [ 6.162792964344807, 48.666562446261075 ], [ 6.165504233825256, 48.666656011281759 ], [ 6.165642303848474, 48.664859647913758 ], [ 6.162931131541303, 48.664766086772879 ] ] ] } },
{ "type": "Feature", "properties": { "population": 328.0, "couverture_min": 5 }, "geometry": { "type": "Polygon", "coordinates": [ [ [ 6.165642303848474, 48.664859647913758 ], [ 6.165504233825256, 48.666656011281759 ], [ 6.168215512576075, 48.666749510233608 ], [ 6.168353485424718, 48.664953142988473 ], [ 6.165642303848474, 48.664859647913758 ] ] ] } },
{ "type": "Feature", "properties": { "population": 2.0, "couverture_min": 5 }, "geometry": { "type": "Polygon", "coordinates": [ [ [ 6.157370453220921, 48.666375118014564 ], [ 6.157232079078576, 48.66817146816669 ], [ 6.159943427178353, 48.668265169209633 ], [ 6.160081704141199, 48.666468815171875 ], [ 6.157370453220921, 48.666375118014564 ] ] ] } },
{ "type": "Feature", "properties": { "population": 15.0, "couverture_min": 5 }, "geometry": { "type": "Polygon", "coordinates": [ [ [ 6.160081704141199, 48.666468815171875 ], [ 6.159943427178353, 48.668265169209633 ], [ 6.16265478456275, 48.668358804181729 ], [ 6.162792964344807, 48.666562446261075 ], [ 6.160081704141199, 48.666468815171875 ] ] ] } },
{ "type": "Feature", "properties": { "population": 258.5, "couverture_min": 5 }, "geometry": { "type": "Polygon", "coordinates": [ [ [ 6.162792964344807, 48.666562446261075 ], [ 6.16265478456275, 48.668358804181729 ], [ 6.165366151225282, 48.668452373082587 ], [ 6.165504233825256, 48.666656011281759 ], [ 6.162792964344807, 48.666562446261075 ] ] ] } },
{ "type": "Feature", "properties": { "population": 506.5, "couverture_min": 5 }, "geometry": { "type": "Polygon", "coordinates": [ [ [ 6.165504233825256, 48.666656011281759 ], [ 6.165366151225282, 48.668452373082587 ], [ 6.16807752715947, 48.668545875911917 ], [ 6.168215512576075, 48.666749510233608 ], [ 6.165504233825256, 48.666656011281759 ] ] ] } },
{ "type": "Feature", "properties": { "population": 4.0, "couverture_min": 5 }, "geometry": { "type": "Polygon", "coordinates": [ [ [ 6.157232079078576, 48.66817146816669 ], [ 6.157093692331435, 48.669967816750933 ], [ 6.159805137619512, 48.670061521679898 ], [ 6.159943427178353, 48.668265169209633 ], [ 6.157232079078576, 48.66817146816669 ] ] ] } },
{ "type": "Feature", "properties": { "population": 241.5, "couverture_min": 5 }, "geometry": { "type": "Polygon", "coordinates": [ [ [ 6.159943427178353, 48.668265169209633 ], [ 6.159805137619512, 48.670061521679898 ], [ 6.162516592193498, 48.670155160535245 ], [ 6.16265478456275, 48.668358804181729 ], [ 6.159943427178353, 48.668265169209633 ] ] ] } },
{ "type": "Feature", "properties": { "population": 333.5, "couverture_min": 5 }, "geometry": { "type": "Polygon", "coordinates": [ [ [ 6.16265478456275, 48.668358804181729 ], [ 6.162516592193498, 48.670155160535245 ], [ 6.165228056046911, 48.67024873331669 ], [ 6.165366151225282, 48.668452373082587 ], [ 6.16265478456275, 48.668358804181729 ] ] ] } },
{ "type": "Feature", "properties": { "population": 275.5, "couverture_min": 5 }, "geometry": { "type": "Polygon", "coordinates": [ [ [ 6.165366151225282, 48.668452373082587 ], [ 6.165228056046911, 48.67024873331669 ], [ 6.16793952917327, 48.670342240023814 ], [ 6.16807752715947, 48.668545875911917 ], [ 6.165366151225282, 48.668452373082587 ] ] ] } },
{ "type": "Feature", "properties": { "population": 112.0, "couverture_min": 5 }, "geometry": { "type": "Polygon", "coordinates": [ [ [ 6.157093692331435, 48.669967816750933 ], [ 6.15695529297786, 48.67176416376774 ], [ 6.159666835463035, 48.671857872583054 ], [ 6.159805137619512, 48.670061521679898 ], [ 6.157093692331435, 48.669967816750933 ] ] ] } },
{ "type": "Feature", "properties": { "population": 352.5, "couverture_min": 5 }, "geometry": { "type": "Polygon", "coordinates": [ [ [ 6.159805137619512, 48.670061521679898 ], [ 6.159666835463035, 48.671857872583054 ], [ 6.162378387235414, 48.671951515322078 ], [ 6.162516592193498, 48.670155160535245 ], [ 6.159805137619512, 48.670061521679898 ] ] ] } },
{ "type": "Feature", "properties": { "population": 420.0, "couverture_min": 5 }, "geometry": { "type": "Polygon", "coordinates": [ [ [ 6.162516592193498, 48.670155160535245 ], [ 6.162378387235414, 48.671951515322078 ], [ 6.16508994828851, 48.672045091984415 ], [ 6.165228056046911, 48.67024873331669 ], [ 6.162516592193498, 48.670155160535245 ] ] ] } },
{ "type": "Feature", "properties": { "population": 359.5, "couverture_min": 5 }, "geometry": { "type": "Polygon", "coordinates": [ [ [ 6.165228056046911, 48.67024873331669 ], [ 6.16508994828851, 48.672045091984415 ], [ 6.167801518615842, 48.672138602569731 ], [ 6.16793952917327, 48.670342240023814 ], [ 6.165228056046911, 48.67024873331669 ] ] ] } },
{ "type": "Feature", "properties": { "population": 159.0, "couverture_min": 5 }, "geometry": { "type": "Polygon", "coordinates": [ [ [ 6.15695529297786, 48.67176416376774 ], [ 6.156816881016211, 48.673560509217502 ], [ 6.159528520707289, 48.673654221919577 ], [ 6.159666835463035, 48.671857872583054 ], [ 6.15695529297786, 48.67176416376774 ] ] ] } },
{ "type": "Feature", "properties": { "population": 528.5, "couverture_min": 5 }, "geometry": { "type": "Polygon", "coordinates": [ [ [ 6.159666835463035, 48.671857872583054 ], [ 6.159528520707289, 48.673654221919577 ], [ 6.162240169686863, 48.67374786854257 ], [ 6.162378387235414, 48.671951515322078 ], [ 6.159666835463035, 48.671857872583054 ] ] ] } },
{ "type": "Feature", "properties": { "population": 271.0, "couverture_min": 5 }, "geometry": { "type": "Polygon", "coordinates": [ [ [ 6.162378387235414, 48.671951515322078 ], [ 6.162240169686863, 48.67374786854257 ], [ 6.164951827948443, 48.67384144908619 ], [ 6.16508994828851, 48.672045091984415 ], [ 6.162378387235414, 48.671951515322078 ] ] ] } },
{ "type": "Feature", "properties": { "population": 234.0, "couverture_min": 10 }, "geometry": { "type": "Polygon", "coordinates": [ [ [ 6.16508994828851, 48.672045091984415 ], [ 6.164951827948443, 48.67384144908619 ], [ 6.167663495485551, 48.673934963550089 ], [ 6.167801518615842, 48.672138602569731 ], [ 6.16508994828851, 48.672045091984415 ] ] ] } },
{ "type": "Feature", "properties": { "population": 105.0, "couverture_min": 5 }, "geometry": { "type": "Polygon", "coordinates": [ [ [ 6.156816881016211, 48.673560509217502 ], [ 6.156678456444848, 48.675356853100674 ], [ 6.159390193350633, 48.675450569689822 ], [ 6.159528520707289, 48.673654221919577 ], [ 6.156816881016211, 48.673560509217502 ] ] ] } },
{ "type": "Feature", "properties": { "population": 203.0, "couverture_min": 5 }, "geometry": { "type": "Polygon", "coordinates": [ [ [ 6.159528520707289, 48.673654221919577 ], [ 6.159390193350633, 48.675450569689822 ], [ 6.162101939546204, 48.675544220197203 ], [ 6.162240169686863, 48.67374786854257 ], [ 6.159528520707289, 48.673654221919577 ] ] ] } },
{ "type": "Feature", "properties": { "population": 207.5, "couverture_min": 5 }, "geometry": { "type": "Polygon", "coordinates": [ [ [ 6.162240169686863, 48.67374786854257 ], [ 6.162101939546204, 48.675544220197203 ], [ 6.164813695025076, 48.675637804622475 ], [ 6.164951827948443, 48.67384144908619 ], [ 6.162240169686863, 48.67374786854257 ] ] ] } },
{ "type": "Feature", "properties": { "population": 354.0, "couverture_min": 5 }, "geometry": { "type": "Polygon", "coordinates": [ [ [ 6.164951827948443, 48.67384144908619 ], [ 6.164813695025076, 48.675637804622475 ], [ 6.167525459780763, 48.675731322965284 ], [ 6.167663495485551, 48.673934963550089 ], [ 6.164951827948443, 48.67384144908619 ] ] ] } },
{ "type": "Feature", "properties": { "population": 9.0, "couverture_min": null }, "geometry": { "type": "Polygon", "coordinates": [ [ [ 6.246027454692111, 48.644189867826327 ], [ 6.245892363284875, 48.645986362800294 ], [ 6.248602644992075, 48.646077896249956 ], [ 6.248737639302117, 48.644281397482494 ], [ 6.246027454692111, 48.644189867826327 ] ] ] } },
{ "type": "Feature", "properties": { "population": 9.0, "couverture_min": null }, "geometry": { "type": "Polygon", "coordinates": [ [ [ 6.248872621321867, 48.642484897152819 ], [ 6.248737639302117, 48.644281397482494 ], [ 6.251447832970307, 48.644372861097082 ], [ 6.251582717900392, 48.64257635697696 ], [ 6.248872621321867, 48.642484897152819 ] ] ] } },
{ "type": "Feature", "properties": { "population": 27.5, "couverture_min": null }, "geometry": { "type": "Polygon", "coordinates": [ [ [ 6.249817151466095, 48.62990935106837 ], [ 6.249682255433686, 48.631705862345143 ], [ 6.252391769658749, 48.631797299434183 ], [ 6.252526568662997, 48.630000784369464 ], [ 6.249817151466095, 48.62990935106837 ] ] ] } },
{ "type": "Feature", "properties": { "population": 6.0, "couverture_min": null }, "geometry": { "type": "Polygon", "coordinates": [ [ [ 6.251582717900392, 48.64257635697696 ], [ 6.251447832970307, 48.644372861097082 ], [ 6.254158035690206, 48.644464258669771 ], [ 6.254292823529368, 48.642667750761952 ], [ 6.251582717900392, 48.64257635697696 ] ] ] } },
{ "type": "Feature", "properties": { "population": 7.0, "couverture_min": null }, "geometry": { "type": "Polygon", "coordinates": [ [ [ 6.251717590550573, 48.640779851294589 ], [ 6.251582717900392, 48.64257635697696 ], [ 6.254292823529368, 48.642667750761952 ], [ 6.254427599097413, 48.640871241292217 ], [ 6.251717590550573, 48.640779851294589 ] ] ] } },
{ "type": "Feature", "properties": { "population": 2.0, "couverture_min": null }, "geometry": { "type": "Polygon", "coordinates": [ [ [ 6.251852450922446, 48.638983344049549 ], [ 6.251717590550573, 48.640779851294589 ], [ 6.254427599097413, 48.640871241292217 ], [ 6.25456236239594, 48.639074730260162 ], [ 6.251852450922446, 48.638983344049549 ] ] ] } },
{ "type": "Feature", "properties": { "population": 5.0, "couverture_min": null }, "geometry": { "type": "Polygon", "coordinates": [ [ [ 6.251987299017604, 48.637186835241373 ], [ 6.251852450922446, 48.638983344049549 ], [ 6.25456236239594, 48.639074730260162 ], [ 6.254697113426541, 48.637278217665362 ], [ 6.251987299017604, 48.637186835241373 ] ] ] } },
{ "type": "Feature", "properties": { "population": 13.0, "couverture_min": null }, "geometry": { "type": "Polygon", "coordinates": [ [ [ 6.252391769658749, 48.631797299434183 ], [ 6.252256958384165, 48.63359381293413 ], [ 6.254966578690337, 48.633685187785886 ], [ 6.255101292926719, 48.631888670500352 ], [ 6.252391769658749, 48.631797299434183 ] ] ] } },
{ "type": "Feature", "properties": { "population": 4.0, "couverture_min": null }, "geometry": { "type": "Polygon", "coordinates": [ [ [ 6.254427599097413, 48.640871241292217 ], [ 6.254292823529368, 48.642667750761952 ], [ 6.257002938202323, 48.642759078507353 ], [ 6.257137616686978, 48.640962565252998 ], [ 6.254427599097413, 48.640871241292217 ] ] ] } },
{ "type": "Feature", "properties": { "population": 1.0, "couverture_min": null }, "geometry": { "type": "Polygon", "coordinates": [ [ [ 6.257002938202323, 48.642759078507353 ], [ 6.256868247455346, 48.64455559020017 ], [ 6.259578468259248, 48.644646855687945 ], [ 6.259713061912785, 48.642850340212867 ], [ 6.257002938202323, 48.642759078507353 ] ] ] } },
{ "type": "Feature", "properties": { "population": 22.0, "couverture_min": null }, "geometry": { "type": "Polygon", "coordinates": [ [ [ 6.257137616686978, 48.640962565252998 ], [ 6.257002938202323, 48.642759078507353 ], [ 6.259713061912785, 48.642850340212867 ], [ 6.25984764331279, 48.641053823176584 ], [ 6.257137616686978, 48.640962565252998 ] ] ] } },
{ "type": "Feature", "properties": { "population": 25.5, "couverture_min": null }, "geometry": { "type": "Polygon", "coordinates": [ [ [ 6.25984764331279, 48.641053823176584 ], [ 6.259713061912785, 48.642850340212867 ], [ 6.262423194654278, 48.642941535878123 ], [ 6.262557678968378, 48.641145015062634 ], [ 6.25984764331279, 48.641053823176584 ] ] ] } },
{ "type": "Feature", "properties": { "population": 4.5, "couverture_min": null }, "geometry": { "type": "Polygon", "coordinates": [ [ [ 6.262557678968378, 48.641145015062634 ], [ 6.262423194654278, 48.642941535878123 ], [ 6.26513333642033, 48.643032665502744 ], [ 6.265267723647268, 48.641236140910792 ], [ 6.262557678968378, 48.641145015062634 ] ] ] } },
{ "type": "Feature", "properties": { "population": 31.0, "couverture_min": 10 }, "geometry": { "type": "Polygon", "coordinates": [ [ [ 6.264461216714548, 48.652015265063618 ], [ 6.264326756048042, 48.653811780298916 ], [ 6.267037489547307, 48.65390286653259 ], [ 6.267171853072638, 48.652106347521389 ], [ 6.264461216714548, 48.652015265063618 ] ] ] } },
{ "type": "Feature", "properties": { "population": 5.0, "couverture_min": 5 }, "geometry": { "type": "Polygon", "coordinates": [ [ [ 6.26161603157439, 48.653720628007967 ], [ 6.261481461513672, 48.655517137906337 ], [ 6.26419228313604, 48.655608293976243 ], [ 6.264326756048042, 48.653811780298916 ], [ 6.26161603157439, 48.653720628007967 ] ] ] } },
{ "type": "Feature", "properties": { "population": 120.0, "couverture_min": 5 }, "geometry": { "type": "Polygon", "coordinates": [ [ [ 6.264326756048042, 48.653811780298916 ], [ 6.26419228313604, 48.655608293976243 ], [ 6.266903113785278, 48.65569938398616 ], [ 6.267037489547307, 48.65390286653259 ], [ 6.264326756048042, 48.653811780298916 ] ] ] } },
{ "type": "Feature", "properties": { "population": 49.0, "couverture_min": 5 }, "geometry": { "type": "Polygon", "coordinates": [ [ [ 6.261481461513672, 48.655517137906337 ], [ 6.261346879197066, 48.657313646246791 ], [ 6.264057797976953, 48.657404806096025 ], [ 6.26419228313604, 48.655608293976243 ], [ 6.261481461513672, 48.655517137906337 ] ] ] } },
{ "type": "Feature", "properties": { "population": 127.0, "couverture_min": 5 }, "geometry": { "type": "Polygon", "coordinates": [ [ [ 6.26419228313604, 48.655608293976243 ], [ 6.264057797976953, 48.657404806096025 ], [ 6.266768725784964, 48.65749589988252 ], [ 6.266903113785278, 48.65569938398616 ], [ 6.26419228313604, 48.655608293976243 ] ] ] } },
{ "type": "Feature", "properties": { "population": 13.0, "couverture_min": 5 }, "geometry": { "type": "Polygon", "coordinates": [ [ [ 6.258635969451782, 48.65722242033516 ], [ 6.258501277712643, 48.659018923335729 ], [ 6.261212284622984, 48.659110153029744 ], [ 6.261346879197066, 48.657313646246791 ], [ 6.258635969451782, 48.65722242033516 ] ] ] } },
{ "type": "Feature", "properties": { "population": 7.5, "couverture_min": 5 }, "geometry": { "type": "Polygon", "coordinates": [ [ [ 6.261346879197066, 48.657313646246791 ], [ 6.261212284622984, 48.659110153029744 ], [ 6.263923300569187, 48.659201316658638 ], [ 6.264057797976953, 48.657404806096025 ], [ 6.261346879197066, 48.657313646246791 ] ] ] } },
{ "type": "Feature", "properties": { "population": 2.0, "couverture_min": 5 }, "geometry": { "type": "Polygon", "coordinates": [ [ [ 6.264057797976953, 48.657404806096025 ], [ 6.263923300569187, 48.659201316658638 ], [ 6.266634325544769, 48.659292414222094 ], [ 6.266768725784964, 48.65749589988252 ], [ 6.264057797976953, 48.657404806096025 ] ] ] } },
{ "type": "Feature", "properties": { "population": 5.0, "couverture_min": 5 }, "geometry": { "type": "Polygon", "coordinates": [ [ [ 6.255790279844643, 48.658927627576951 ], [ 6.25565547866503, 48.660724125234616 ], [ 6.258366573705629, 48.660815424778839 ], [ 6.258501277712643, 48.659018923335729 ], [ 6.255790279844643, 48.658927627576951 ] ] ] } },
{ "type": "Feature", "properties": { "population": 20.0, "couverture_min": 5 }, "geometry": { "type": "Polygon", "coordinates": [ [ [ 6.258501277712643, 48.659018923335729 ], [ 6.258366573705629, 48.660815424778839 ], [ 6.261077677789832, 48.660906658255605 ], [ 6.261212284622984, 48.659110153029744 ], [ 6.258501277712643, 48.659018923335729 ] ] ] } },
{ "type": "Feature", "properties": { "population": 5.0, "couverture_min": 5 }, "geometry": { "type": "Polygon", "coordinates": [ [ [ 6.263923300569187, 48.659201316658638 ], [ 6.26378879091115, 48.660997825664538 ], [ 6.266499913063106, 48.661088927005302 ], [ 6.266634325544769, 48.659292414222094 ], [ 6.263923300569187, 48.659201316658638 ] ] ] } },
{ "type": "Feature", "properties": { "population": 20.0, "couverture_min": 5 }, "geometry": { "type": "Polygon", "coordinates": [ [ [ 6.252944392674513, 48.660632759623255 ], [ 6.252809482036486, 48.662429251934967 ], [ 6.255520665207149, 48.662520621334885 ], [ 6.25565547866503, 48.660724125234616 ], [ 6.252944392674513, 48.660632759623255 ] ] ] } },
{ "type": "Feature", "properties": { "population": 2.0, "couverture_min": null }, "geometry": { "type": "Polygon", "coordinates": [ [ [ 6.250098307923652, 48.662337816465602 ], [ 6.249963287809273, 48.664134303428362 ], [ 6.252674559109794, 48.664225742689361 ], [ 6.252809482036486, 48.662429251934967 ], [ 6.250098307923652, 48.662337816465602 ] ] ] } },
{ "type": "Feature", "properties": { "population": 23.0, "couverture_min": null }, "geometry": { "type": "Polygon", "coordinates": [ [ [ 6.268514815657233, 48.634141071648195 ], [ 6.268380574411476, 48.635937606258608 ], [ 6.271090345901288, 48.636028588718929 ], [ 6.271224490092533, 48.634232050338881 ], [ 6.268514815657233, 48.634141071648195 ] ] ] } },
{ "type": "Feature", "properties": { "population": 11.0, "couverture_min": null }, "geometry": { "type": "Polygon", "coordinates": [ [ [ 6.279353567365797, 48.634504590241058 ], [ 6.2792197143456, 48.636301139913655 ], [ 6.281929521797094, 48.636391858248658 ], [ 6.282063277757777, 48.63459530481731 ], [ 6.279353567365797, 48.634504590241058 ] ] ] } },
{ "type": "Feature", "properties": { "population": 10.0, "couverture_min": null }, "geometry": { "type": "Polygon", "coordinates": [ [ [ 6.282063277757777, 48.63459530481731 ], [ 6.281929521797094, 48.636391858248658 ], [ 6.284639338222829, 48.636482510551417 ], [ 6.284772997122751, 48.63468595336407 ], [ 6.282063277757777, 48.63459530481731 ] ] ] } },
{ "type": "Feature", "properties": { "population": 27.0, "couverture_min": null }, "geometry": { "type": "Polygon", "coordinates": [ [ [ 6.284772997122751, 48.63468595336407 ], [ 6.284639338222829, 48.636482510551417 ], [ 6.287349163616335, 48.636573096821657 ], [ 6.287482725454248, 48.634776535880995 ], [ 6.284772997122751, 48.63468595336407 ] ] ] } },
{ "type": "Feature", "properties": { "population": 39.0, "couverture_min": null }, "geometry": { "type": "Polygon", "coordinates": [ [ [ 6.268380574411476, 48.635937606258608 ], [ 6.268246320944908, 48.637734139307206 ], [ 6.27095618949802, 48.63782512553751 ], [ 6.271090345901288, 48.636028588718929 ], [ 6.268380574411476, 48.635937606258608 ] ] ] } },
{ "type": "Feature", "properties": { "population": 6.0, "couverture_min": null }, "geometry": { "type": "Polygon", "coordinates": [ [ [ 6.271090345901288, 48.636028588718929 ], [ 6.27095618949802, 48.63782512553751 ], [ 6.273666067052513, 48.637916045734286 ], [ 6.273800126391226, 48.636119505148436 ], [ 6.271090345901288, 48.636028588718929 ] ] ] } },
{ "type": "Feature", "properties": { "population": 13.0, "couverture_min": null }, "geometry": { "type": "Polygon", "coordinates": [ [ [ 6.276509915874819, 48.63621035554678 ], [ 6.276375953601907, 48.638006899897157 ], [ 6.279085849139742, 48.638097688025852 ], [ 6.2792197143456, 48.636301139913655 ], [ 6.276509915874819, 48.63621035554678 ] ] ] } },
{ "type": "Feature", "properties": { "population": 19.0, "couverture_min": null }, "geometry": { "type": "Polygon", "coordinates": [ [ [ 6.2792197143456, 48.636301139913655 ], [ 6.279085849139742, 48.638097688025852 ], [ 6.281795753659534, 48.638188410119938 ], [ 6.281929521797094, 48.636391858248658 ], [ 6.2792197143456, 48.636301139913655 ] ] ] } },
{ "type": "Feature", "properties": { "population": 15.0, "couverture_min": null }, "geometry": { "type": "Polygon", "coordinates": [ [ [ 6.268246320944908, 48.637734139307206 ], [ 6.268112055255942, 48.63953067079445 ], [ 6.270822020881142, 48.639621660795058 ], [ 6.27095618949802, 48.63782512553751 ], [ 6.268246320944908, 48.637734139307206 ] ] ] } },
{ "type": "Feature", "properties": { "population": 24.5, "couverture_min": null }, "geometry": { "type": "Polygon", "coordinates": [ [ [ 6.27095618949802, 48.63782512553751 ], [ 6.270822020881142, 48.639621660795058 ], [ 6.273531995508973, 48.639712584759458 ], [ 6.273666067052513, 48.637916045734286 ], [ 6.27095618949802, 48.63782512553751 ] ] ] } },
{ "type": "Feature", "properties": { "population": 15.0, "couverture_min": null }, "geometry": { "type": "Polygon", "coordinates": [ [ [ 6.276375953601907, 48.638006899897157 ], [ 6.27624197913296, 48.639803442687224 ], [ 6.278951971746634, 48.639894234578065 ], [ 6.279085849139742, 48.638097688025852 ], [ 6.276375953601907, 48.638006899897157 ] ] ] } },
{ "type": "Feature", "properties": { "population": 25.0, "couverture_min": null }, "geometry": { "type": "Polygon", "coordinates": [ [ [ 6.268112055255942, 48.63953067079445 ], [ 6.267977777342991, 48.641327200720696 ], [ 6.270687840049066, 48.641418194492019 ], [ 6.270822020881142, 48.639621660795058 ], [ 6.268112055255942, 48.63953067079445 ] ] ] } },
{ "type": "Feature", "properties": { "population": 8.0, "couverture_min": null }, "geometry": { "type": "Polygon", "coordinates": [ [ [ 6.270822020881142, 48.639621660795058 ], [ 6.270687840049066, 48.641418194492019 ], [ 6.273397911759028, 48.641509122224342 ], [ 6.273531995508973, 48.639712584759458 ], [ 6.270822020881142, 48.639621660795058 ] ] ] } },
{ "type": "Feature", "properties": { "population": 1.0, "couverture_min": null }, "geometry": { "type": "Polygon", "coordinates": [ [ [ 6.272995587254884, 48.646898725261707 ], [ 6.272861454663449, 48.648695256489773 ], [ 6.275571923792253, 48.648786133247327 ], [ 6.275705959265141, 48.646989598252603 ], [ 6.272995587254884, 48.646898725261707 ] ] ] } },
{ "type": "Feature", "properties": { "population": 14.5, "couverture_min": 10 }, "geometry": { "type": "Polygon", "coordinates": [ [ [ 6.26730620436286, 48.650309826952139 ], [ 6.267171853072638, 48.652106347521389 ], [ 6.269882498448604, 48.65219736392423 ], [ 6.270016752605193, 48.650400839582169 ], [ 6.26730620436286, 48.650309826952139 ] ] ] } },
{ "type": "Feature", "properties": { "population": 2.0, "couverture_min": 10 }, "geometry": { "type": "Polygon", "coordinates": [ [ [ 6.270016752605193, 48.650400839582169 ], [ 6.269882498448604, 48.65219736392423 ], [ 6.272593152835968, 48.652288314271786 ], [ 6.272727309857672, 48.650491786159662 ], [ 6.270016752605193, 48.650400839582169 ] ] ] } },
{ "type": "Feature", "properties": { "population": 96.0, "couverture_min": 10 }, "geometry": { "type": "Polygon", "coordinates": [ [ [ 6.267171853072638, 48.652106347521389 ], [ 6.267037489547307, 48.65390286653259 ], [ 6.269748232065703, 48.653993886708605 ], [ 6.269882498448604, 48.65219736392423 ], [ 6.267171853072638, 48.652106347521389 ] ] ] } },
{ "type": "Feature", "properties": { "population": 9.0, "couverture_min": 10 }, "geometry": { "type": "Polygon", "coordinates": [ [ [ 6.269882498448604, 48.65219736392423 ], [ 6.269748232065703, 48.653993886708605 ], [ 6.272458983596752, 48.654084840826599 ], [ 6.272593152835968, 48.652288314271786 ], [ 6.269882498448604, 48.65219736392423 ] ] ] } },
{ "type": "Feature", "properties": { "population": 118.5, "couverture_min": 5 }, "geometry": { "type": "Polygon", "coordinates": [ [ [ 6.267037489547307, 48.65390286653259 ], [ 6.266903113785278, 48.65569938398616 ], [ 6.269613953454904, 48.655790407935676 ], [ 6.269748232065703, 48.653993886708605 ], [ 6.267037489547307, 48.65390286653259 ] ] ] } },
{ "type": "Feature", "properties": { "population": 136.5, "couverture_min": 10 }, "geometry": { "type": "Polygon", "coordinates": [ [ [ 6.269748232065703, 48.653993886708605 ], [ 6.269613953454904, 48.655790407935676 ], [ 6.272324802138433, 48.655881365824492 ], [ 6.272458983596752, 48.654084840826599 ], [ 6.269748232065703, 48.653993886708605 ] ] ] } },
{ "type": "Feature", "properties": { "population": 12.0, "couverture_min": 10 }, "geometry": { "type": "Polygon", "coordinates": [ [ [ 6.272458983596752, 48.654084840826599 ], [ 6.272324802138433, 48.655881365824492 ], [ 6.275035659829388, 48.65597225765223 ], [ 6.275169744133972, 48.654175728886251 ], [ 6.272458983596752, 48.654084840826599 ] ] ] } },
{ "type": "Feature", "properties": { "population": 124.5, "couverture_min": 5 }, "geometry": { "type": "Polygon", "coordinates": [ [ [ 6.266903113785278, 48.65569938398616 ], [ 6.266768725784964, 48.65749589988252 ], [ 6.269479662614615, 48.657586927605927 ], [ 6.269613953454904, 48.655790407935676 ], [ 6.266903113785278, 48.65569938398616 ] ] ] } },
{ "type": "Feature", "properties": { "population": 82.0, "couverture_min": 5 }, "geometry": { "type": "Polygon", "coordinates": [ [ [ 6.269613953454904, 48.655790407935676 ], [ 6.269479662614615, 48.657586927605927 ], [ 6.272190608459424, 48.657677889265877 ], [ 6.272324802138433, 48.655881365824492 ], [ 6.269613953454904, 48.655790407935676 ] ] ] } },
{ "type": "Feature", "properties": { "population": 19.0, "couverture_min": 10 }, "geometry": { "type": "Polygon", "coordinates": [ [ [ 6.272324802138433, 48.655881365824492 ], [ 6.272190608459424, 48.657677889265877 ], [ 6.274901563312913, 48.657768784862036 ], [ 6.275035659829388, 48.65597225765223 ], [ 6.272324802138433, 48.655881365824492 ] ] ] } },
{ "type": "Feature", "properties": { "population": 72.5, "couverture_min": 5 }, "geometry": { "type": "Polygon", "coordinates": [ [ [ 6.266768725784964, 48.65749589988252 ], [ 6.266634325544769, 48.659292414222094 ], [ 6.269345359543249, 48.659383445719747 ], [ 6.269479662614615, 48.657586927605927 ], [ 6.266768725784964, 48.65749589988252 ] ] ] } },
{ "type": "Feature", "properties": { "population": 103.0, "couverture_min": 5 }, "geometry": { "type": "Polygon", "coordinates": [ [ [ 6.269479662614615, 48.657586927605927 ], [ 6.269345359543249, 48.659383445719747 ], [ 6.272056402558141, 48.659474411151201 ], [ 6.272190608459424, 48.657677889265877 ], [ 6.269479662614615, 48.657586927605927 ] ] ] } },
{ "type": "Feature", "properties": { "population": 12.0, "couverture_min": 5 }, "geometry": { "type": "Polygon", "coordinates": [ [ [ 6.272190608459424, 48.657677889265877 ], [ 6.272056402558141, 48.659474411151201 ], [ 6.27476745458296, 48.659565310516143 ], [ 6.274901563312913, 48.657768784862036 ], [ 6.272190608459424, 48.657677889265877 ] ] ] } },
{ "type": "Feature", "properties": { "population": 33.0, "couverture_min": 5 }, "geometry": { "type": "Polygon", "coordinates": [ [ [ 6.266634325544769, 48.659292414222094 ], [ 6.266499913063106, 48.661088927005302 ], [ 6.269211044239212, 48.661179962277522 ], [ 6.269345359543249, 48.659383445719747 ], [ 6.266634325544769, 48.659292414222094 ] ] ] } },
{ "type": "Feature", "properties": { "population": 6.0, "couverture_min": 5 }, "geometry": { "type": "Polygon", "coordinates": [ [ [ 6.269345359543249, 48.659383445719747 ], [ 6.269211044239212, 48.661179962277522 ], [ 6.271922184432985, 48.661270931480864 ], [ 6.272056402558141, 48.659474411151201 ], [ 6.269345359543249, 48.659383445719747 ] ] ] } },
{ "type": "Feature", "properties": { "population": 6.0, "couverture_min": 10 }, "geometry": { "type": "Polygon", "coordinates": [ [ [ 6.232612232272734, 48.641934751404641 ], [ 6.232476667741466, 48.643731228934605 ], [ 6.235186806963433, 48.643823088793219 ], [ 6.235322274412605, 48.642026607456472 ], [ 6.232612232272734, 48.641934751404641 ] ] ] } },
{ "type": "Feature", "properties": { "population": 2.0, "couverture_min": 10 }, "geometry": { "type": "Polygon", "coordinates": [ [ [ 6.229766537616525, 48.643639303036551 ], [ 6.229630863652607, 48.645435775192354 ], [ 6.232341090867166, 48.645527704900225 ], [ 6.232476667741466, 48.643731228934605 ], [ 6.229766537616525, 48.643639303036551 ] ] ] } },
{ "type": "Feature", "properties": { "population": 36.0, "couverture_min": 10 }, "geometry": { "type": "Polygon", "coordinates": [ [ [ 6.232476667741466, 48.643731228934605 ], [ 6.232341090867166, 48.645527704900225 ], [ 6.235051327180019, 48.645619568565934 ], [ 6.235186806963433, 48.643823088793219 ], [ 6.232476667741466, 48.643731228934605 ] ] ] } },
{ "type": "Feature", "properties": { "population": 6.0, "couverture_min": 10 }, "geometry": { "type": "Polygon", "coordinates": [ [ [ 6.229630863652607, 48.645435775192354 ], [ 6.229495177335268, 48.647232245783876 ], [ 6.232205501648238, 48.647324179301926 ], [ 6.232341090867166, 48.645527704900225 ], [ 6.229630863652607, 48.645435775192354 ] ] ] } },
{ "type": "Feature", "properties": { "population": 124.0, "couverture_min": 5 }, "geometry": { "type": "Polygon", "coordinates": [ [ [ 6.232341090867166, 48.645527704900225 ], [ 6.232205501648238, 48.647324179301926 ], [ 6.234915835060765, 48.647416046775099 ], [ 6.235051327180019, 48.645619568565934 ], [ 6.232341090867166, 48.645527704900225 ] ] ] } },
{ "type": "Feature", "properties": { "population": 4.0, "couverture_min": 10 }, "geometry": { "type": "Polygon", "coordinates": [ [ [ 6.224074556033901, 48.647048180614604 ], [ 6.223938663150933, 48.64884464201301 ], [ 6.22664906635003, 48.648936711435702 ], [ 6.226784862128333, 48.647140246221319 ], [ 6.224074556033901, 48.647048180614604 ] ] ] } },
{ "type": "Feature", "properties": { "population": 7.5, "couverture_min": 5 }, "geometry": { "type": "Polygon", "coordinates": [ [ [ 6.226784862128333, 48.647140246221319 ], [ 6.22664906635003, 48.648936711435702 ], [ 6.229359478662902, 48.649028714811514 ], [ 6.229495177335268, 48.647232245783876 ], [ 6.226784862128333, 48.647140246221319 ] ] ] } },
{ "type": "Feature", "properties": { "population": 20.0, "couverture_min": 5 }, "geometry": { "type": "Polygon", "coordinates": [ [ [ 6.229495177335268, 48.647232245783876 ], [ 6.229359478662902, 48.649028714811514 ], [ 6.232069900083074, 48.649120652140105 ], [ 6.232205501648238, 48.647324179301926 ], [ 6.229495177335268, 48.647232245783876 ] ] ] } },
{ "type": "Feature", "properties": { "population": 12.0, "couverture_min": 5 }, "geometry": { "type": "Polygon", "coordinates": [ [ [ 6.232205501648238, 48.647324179301926 ], [ 6.232069900083074, 48.649120652140105 ], [ 6.234780330604067, 48.64921252342112 ], [ 6.234915835060765, 48.647416046775099 ], [ 6.232205501648238, 48.647324179301926 ] ] ] } },
{ "type": "Feature", "properties": { "population": 14.0, "couverture_min": 10 }, "geometry": { "type": "Polygon", "coordinates": [ [ [ 6.234915835060765, 48.647416046775099 ], [ 6.234780330604067, 48.64921252342112 ], [ 6.237490770219411, 48.649304328654203 ], [ 6.237626177566376, 48.647507848203084 ], [ 6.234915835060765, 48.647416046775099 ] ] ] } },
{ "type": "Feature", "properties": { "population": 39.0, "couverture_min": 10 }, "geometry": { "type": "Polygon", "coordinates": [ [ [ 6.237626177566376, 48.647507848203084 ], [ 6.237490770219411, 48.649304328654203 ], [ 6.240201218922627, 48.649396067838993 ], [ 6.240336529158596, 48.647599583585482 ], [ 6.237626177566376, 48.647507848203084 ] ] ] } },
{ "type": "Feature", "properties": { "population": 6.0, "couverture_min": 10 }, "geometry": { "type": "Polygon", "coordinates": [ [ [ 6.240336529158596, 48.647599583585482 ], [ 6.240201218922627, 48.649396067838993 ], [ 6.242911676707238, 48.649487740975097 ], [ 6.24304688983095, 48.647691252921945 ], [ 6.240336529158596, 48.647599583585482 ] ] ] } },
{ "type": "Feature", "properties": { "population": 14.0, "couverture_min": 10 }, "geometry": { "type": "Polygon", "coordinates": [ [ [ 6.221228269072085, 48.648752506543815 ], [ 6.221092266702708, 48.650548962558986 ], [ 6.223802757893745, 48.650641101847242 ], [ 6.223938663150933, 48.64884464201301 ], [ 6.221228269072085, 48.648752506543815 ] ] ] } },
{ "type": "Feature", "properties": { "population": 91.0, "couverture_min": 5 }, "geometry": { "type": "Polygon", "coordinates": [ [ [ 6.223938663150933, 48.64884464201301 ], [ 6.223802757893745, 48.650641101847242 ], [ 6.226513258206303, 48.650733175086266 ], [ 6.22664906635003, 48.648936711435702 ], [ 6.223938663150933, 48.64884464201301 ] ] ] } },
{ "type": "Feature", "properties": { "population": 167.5, "couverture_min": 5 }, "geometry": { "type": "Polygon", "coordinates": [ [ [ 6.22664906635003, 48.648936711435702 ], [ 6.226513258206303, 48.650733175086266 ], [ 6.229223767633903, 48.650825182275703 ], [ 6.229359478662902, 48.649028714811514 ], [ 6.22664906635003, 48.648936711435702 ] ] ] } },
{ "type": "Feature", "properties": { "population": 95.0, "couverture_min": 5 }, "geometry": { "type": "Polygon", "coordinates": [ [ [ 6.229359478662902, 48.649028714811514 ], [ 6.229223767633903, 48.650825182275703 ], [ 6.231934286170069, 48.650917123415205 ], [ 6.232069900083074, 48.649120652140105 ], [ 6.229359478662902, 48.649028714811514 ] ] ] } },
{ "type": "Feature", "properties": { "population": 45.0, "couverture_min": 5 }, "geometry": { "type": "Polygon", "coordinates": [ [ [ 6.232069900083074, 48.649120652140105 ], [ 6.231934286170069, 48.650917123415205 ], [ 6.234644813808322, 48.651008998504388 ], [ 6.234780330604067, 48.64921252342112 ], [ 6.232069900083074, 48.649120652140105 ] ] ] } },
{ "type": "Feature", "properties": { "population": 80.0, "couverture_min": 5 }, "geometry": { "type": "Polygon", "coordinates": [ [ [ 6.234780330604067, 48.64921252342112 ], [ 6.234644813808322, 48.651008998504388 ], [ 6.237355350542191, 48.651100807542939 ], [ 6.237490770219411, 48.649304328654203 ], [ 6.234780330604067, 48.64921252342112 ] ] ] } },
{ "type": "Feature", "properties": { "population": 64.0, "couverture_min": 10 }, "geometry": { "type": "Polygon", "coordinates": [ [ [ 6.237490770219411, 48.649304328654203 ], [ 6.237355350542191, 48.651100807542939 ], [ 6.240065896365194, 48.651192550530475 ], [ 6.240201218922627, 48.649396067838993 ], [ 6.237490770219411, 48.649304328654203 ] ] ] } },
{ "type": "Feature", "properties": { "population": 4.0, "couverture_min": 15 }, "geometry": { "type": "Polygon", "coordinates": [ [ [ 6.240201218922627, 48.649396067838993 ], [ 6.240065896365194, 48.651192550530475 ], [ 6.242776451270857, 48.651284227466618 ], [ 6.242911676707238, 48.649487740975097 ], [ 6.240201218922627, 48.649396067838993 ] ] ] } },
{ "type": "Feature", "properties": { "population": 67.0, "couverture_min": 10 }, "geometry": { "type": "Polygon", "coordinates": [ [ [ 6.221092266702708, 48.650548962558986 ], [ 6.220956251948713, 48.652345417010054 ], [ 6.223666840260737, 48.652437560117725 ], [ 6.223802757893745, 48.650641101847242 ], [ 6.221092266702708, 48.650548962558986 ] ] ] } },
{ "type": "Feature", "properties": { "population": 84.0, "couverture_min": 5 }, "geometry": { "type": "Polygon", "coordinates": [ [ [ 6.223802757893745, 48.650641101847242 ], [ 6.223666840260737, 48.652437560117725 ], [ 6.226377437695546, 48.652529637173444 ], [ 6.226513258206303, 48.650733175086266 ], [ 6.223802757893745, 48.650641101847242 ] ] ] } },
{ "type": "Feature", "properties": { "population": 85.5, "couverture_min": 5 }, "geometry": { "type": "Polygon", "coordinates": [ [ [ 6.226513258206303, 48.650733175086266 ], [ 6.226377437695546, 48.652529637173444 ], [ 6.229088044246665, 48.652621648176861 ], [ 6.229223767633903, 48.650825182275703 ], [ 6.226513258206303, 48.650733175086266 ] ] ] } },
{ "type": "Feature", "properties": { "population": 26.0, "couverture_min": 10 }, "geometry": { "type": "Polygon", "coordinates": [ [ [ 6.229223767633903, 48.650825182275703 ], [ 6.229088044246665, 48.652621648176861 ], [ 6.23179865990762, 48.65271359312765 ], [ 6.231934286170069, 48.650917123415205 ], [ 6.229223767633903, 48.650825182275703 ] ] ] } },
{ "type": "Feature", "properties": { "population": 103.5, "couverture_min": 5 }, "geometry": { "type": "Polygon", "coordinates": [ [ [ 6.231934286170069, 48.650917123415205 ], [ 6.23179865990762, 48.65271359312765 ], [ 6.234509284671928, 48.652805472025371 ], [ 6.234644813808322, 48.651008998504388 ], [ 6.231934286170069, 48.650917123415205 ] ] ] } },
{ "type": "Feature", "properties": { "population": 44.0, "couverture_min": 5 }, "geometry": { "type": "Polygon", "coordinates": [ [ [ 6.234644813808322, 48.651008998504388 ], [ 6.234509284671928, 48.652805472025371 ], [ 6.237219918533115, 48.652897284869717 ], [ 6.237355350542191, 48.651100807542939 ], [ 6.234644813808322, 48.651008998504388 ] ] ] } },
{ "type": "Feature", "properties": { "population": 27.0, "couverture_min": 5 }, "geometry": { "type": "Polygon", "coordinates": [ [ [ 6.218245672765955, 48.652253207850798 ], [ 6.218109548497224, 48.654049656915646 ], [ 6.22082022480849, 48.654141869897416 ], [ 6.220956251948713, 48.652345417010054 ], [ 6.218245672765955, 48.652253207850798 ] ] ] } },
{ "type": "Feature", "properties": { "population": 57.0, "couverture_min": 5 }, "geometry": { "type": "Polygon", "coordinates": [ [ [ 6.220956251948713, 48.652345417010054 ], [ 6.22082022480849, 48.654141869897416 ], [ 6.22353091025029, 48.654234016824851 ], [ 6.223666840260737, 48.652437560117725 ], [ 6.220956251948713, 48.652345417010054 ] ] ] } },
{ "type": "Feature", "properties": { "population": 75.0, "couverture_min": 5 }, "geometry": { "type": "Polygon", "coordinates": [ [ [ 6.223666840260737, 48.652437560117725 ], [ 6.22353091025029, 48.654234016824851 ], [ 6.226241604816148, 48.654326097697663 ], [ 6.226377437695546, 48.652529637173444 ], [ 6.223666840260737, 48.652437560117725 ] ] ] } },
{ "type": "Feature", "properties": { "population": 82.5, "couverture_min": 5 }, "geometry": { "type": "Polygon", "coordinates": [ [ [ 6.226377437695546, 48.652529637173444 ], [ 6.226241604816148, 48.654326097697663 ], [ 6.228952308499585, 48.654418112515422 ], [ 6.229088044246665, 48.652621648176861 ], [ 6.226377437695546, 48.652529637173444 ] ] ] } },
{ "type": "Feature", "properties": { "population": 107.5, "couverture_min": 5 }, "geometry": { "type": "Polygon", "coordinates": [ [ [ 6.229088044246665, 48.652621648176861 ], [ 6.228952308499585, 48.654418112515422 ], [ 6.23166302129412, 48.654510061277783 ], [ 6.23179865990762, 48.65271359312765 ], [ 6.229088044246665, 48.652621648176861 ] ] ] } },
{ "type": "Feature", "properties": { "population": 225.5, "couverture_min": 5 }, "geometry": { "type": "Polygon", "coordinates": [ [ [ 6.23179865990762, 48.65271359312765 ], [ 6.23166302129412, 48.654510061277783 ], [ 6.234373743193279, 48.654601943984417 ], [ 6.234509284671928, 48.652805472025371 ], [ 6.23179865990762, 48.65271359312765 ] ] ] } },
{ "type": "Feature", "properties": { "population": 5.0, "couverture_min": 10 }, "geometry": { "type": "Polygon", "coordinates": [ [ [ 6.234509284671928, 48.652805472025371 ], [ 6.234373743193279, 48.654601943984417 ], [ 6.23708447419058, 48.65469376063497 ], [ 6.237219918533115, 48.652897284869717 ], [ 6.234509284671928, 48.652805472025371 ] ] ] } },
{ "type": "Feature", "properties": { "population": 237.0, "couverture_min": 5 }, "geometry": { "type": "Polygon", "coordinates": [ [ [ 6.215398881322969, 48.653957377879905 ], [ 6.215262647521574, 48.655753821555578 ], [ 6.217973411831862, 48.655846104416874 ], [ 6.218109548497224, 48.654049656915646 ], [ 6.215398881322969, 48.653957377879905 ] ] ] } },
{ "type": "Feature", "properties": { "population": 180.0, "couverture_min": 5 }, "geometry": { "type": "Polygon", "coordinates": [ [ [ 6.218109548497224, 48.654049656915646 ], [ 6.217973411831862, 48.655846104416874 ], [ 6.220684185280434, 48.655938321221505 ], [ 6.22082022480849, 48.654141869897416 ], [ 6.218109548497224, 48.654049656915646 ] ] ] } },
{ "type": "Feature", "properties": { "population": 23.0, "couverture_min": 5 }, "geometry": { "type": "Polygon", "coordinates": [ [ [ 6.22082022480849, 48.654141869897416 ], [ 6.220684185280434, 48.655938321221505 ], [ 6.223394967860808, 48.656030471969125 ], [ 6.22353091025029, 48.654234016824851 ], [ 6.22082022480849, 48.654141869897416 ] ] ] } },
{ "type": "Feature", "properties": { "population": 68.0, "couverture_min": 5 }, "geometry": { "type": "Polygon", "coordinates": [ [ [ 6.22353091025029, 48.654234016824851 ], [ 6.223394967860808, 48.656030471969125 ], [ 6.226105759566507, 48.656122556659327 ], [ 6.226241604816148, 48.654326097697663 ], [ 6.22353091025029, 48.654234016824851 ] ] ] } },
{ "type": "Feature", "properties": { "population": 299.0, "couverture_min": 5 }, "geometry": { "type": "Polygon", "coordinates": [ [ [ 6.226241604816148, 48.654326097697663 ], [ 6.226105759566507, 48.656122556659327 ], [ 6.228816560391055, 48.656214575291784 ], [ 6.228952308499585, 48.654418112515422 ], [ 6.226241604816148, 48.654326097697663 ] ] ] } },
{ "type": "Feature", "properties": { "population": 129.5, "couverture_min": 5 }, "geometry": { "type": "Polygon", "coordinates": [ [ [ 6.228952308499585, 48.654418112515422 ], [ 6.228816560391055, 48.656214575291784 ], [ 6.231527370327968, 48.656306527866128 ], [ 6.23166302129412, 48.654510061277783 ], [ 6.228952308499585, 48.654418112515422 ] ] ] } },
{ "type": "Feature", "properties": { "population": 168.5, "couverture_min": 5 }, "geometry": { "type": "Polygon", "coordinates": [ [ [ 6.23166302129412, 48.654510061277783 ], [ 6.231527370327968, 48.656306527866128 ], [ 6.23423818937077, 48.656398414382018 ], [ 6.234373743193279, 48.654601943984417 ], [ 6.23166302129412, 48.654510061277783 ] ] ] } },
{ "type": "Feature", "properties": { "population": 139.0, "couverture_min": 5 }, "geometry": { "type": "Polygon", "coordinates": [ [ [ 6.215262647521574, 48.655753821555578 ], [ 6.215126401313142, 48.657550263667638 ], [ 6.217837262768258, 48.657642550354893 ], [ 6.217973411831862, 48.655846104416874 ], [ 6.215262647521574, 48.655753821555578 ] ] ] } },
{ "type": "Feature", "properties": { "population": 197.5, "couverture_min": 5 }, "geometry": { "type": "Polygon", "coordinates": [ [ [ 6.217973411831862, 48.655846104416874 ], [ 6.217837262768258, 48.657642550354893 ], [ 6.220548133362929, 48.657734770982721 ], [ 6.220684185280434, 48.655938321221505 ], [ 6.217973411831862, 48.655846104416874 ] ] ] } },
{ "type": "Feature", "properties": { "population": 154.5, "couverture_min": 5 }, "geometry": { "type": "Polygon", "coordinates": [ [ [ 6.220684185280434, 48.655938321221505 ], [ 6.220548133362929, 48.657734770982721 ], [ 6.223259013090673, 48.657826925550843 ], [ 6.223394967860808, 48.656030471969125 ], [ 6.220684185280434, 48.655938321221505 ] ] ] } },
{ "type": "Feature", "properties": { "population": 38.0, "couverture_min": 5 }, "geometry": { "type": "Polygon", "coordinates": [ [ [ 6.223394967860808, 48.656030471969125 ], [ 6.223259013090673, 48.657826925550843 ], [ 6.225969901945012, 48.657919014058841 ], [ 6.226105759566507, 48.656122556659327 ], [ 6.223394967860808, 48.656030471969125 ] ] ] } },
{ "type": "Feature", "properties": { "population": 12.0, "couverture_min": 5 }, "geometry": { "type": "Polygon", "coordinates": [ [ [ 6.226105759566507, 48.656122556659327 ], [ 6.225969901945012, 48.657919014058841 ], [ 6.228680799919467, 48.658011036506331 ], [ 6.228816560391055, 48.656214575291784 ], [ 6.226105759566507, 48.656122556659327 ] ] ] } },
{ "type": "Feature", "properties": { "population": 207.0, "couverture_min": 5 }, "geometry": { "type": "Polygon", "coordinates": [ [ [ 6.228816560391055, 48.656214575291784 ], [ 6.228680799919467, 48.658011036506331 ], [ 6.231391707007558, 48.658102992893028 ], [ 6.231527370327968, 48.656306527866128 ], [ 6.228816560391055, 48.656214575291784 ] ] ] } },
{ "type": "Feature", "properties": { "population": 36.0, "couverture_min": 5 }, "geometry": { "type": "Polygon", "coordinates": [ [ [ 6.231527370327968, 48.656306527866128 ], [ 6.231391707007558, 48.658102992893028 ], [ 6.234102623202802, 48.658194883218528 ], [ 6.23423818937077, 48.656398414382018 ], [ 6.231527370327968, 48.656306527866128 ] ] ] } },
{ "type": "Feature", "properties": { "population": 144.0, "couverture_min": 5 }, "geometry": { "type": "Polygon", "coordinates": [ [ [ 6.217837262768258, 48.657642550354893 ], [ 6.217701101304802, 48.659438994730081 ], [ 6.22041206905437, 48.659531219181538 ], [ 6.220548133362929, 48.657734770982721 ], [ 6.217837262768258, 48.657642550354893 ] ] ] } },
{ "type": "Feature", "properties": { "population": 120.0, "couverture_min": 5 }, "geometry": { "type": "Polygon", "coordinates": [ [ [ 6.220548133362929, 48.657734770982721 ], [ 6.22041206905437, 48.659531219181538 ], [ 6.223123045938282, 48.659623377570483 ], [ 6.223259013090673, 48.657826925550843 ], [ 6.220548133362929, 48.657734770982721 ] ] ] } },
{ "type": "Feature", "properties": { "population": 119.0, "couverture_min": 5 }, "geometry": { "type": "Polygon", "coordinates": [ [ [ 6.223259013090673, 48.657826925550843 ], [ 6.223123045938282, 48.659623377570483 ], [ 6.225834031950058, 48.659715469896611 ], [ 6.225969901945012, 48.657919014058841 ], [ 6.223259013090673, 48.657826925550843 ] ] ] } },
{ "type": "Feature", "properties": { "population": 10.0, "couverture_min": 5 }, "geometry": { "type": "Polygon", "coordinates": [ [ [ 6.225969901945012, 48.657919014058841 ], [ 6.225834031950058, 48.659715469896611 ], [ 6.228545027083218, 48.659807496159537 ], [ 6.228680799919467, 48.658011036506331 ], [ 6.225969901945012, 48.657919014058841 ] ] ] } },
{ "type": "Feature", "properties": { "population": 92.0, "couverture_min": 5 }, "geometry": { "type": "Polygon", "coordinates": [ [ [ 6.228680799919467, 48.658011036506331 ], [ 6.228545027083218, 48.659807496159537 ], [ 6.23125603133128, 48.659899456358943 ], [ 6.231391707007558, 48.658102992893028 ], [ 6.228680799919467, 48.658011036506331 ] ] ] } },
{ "type": "Feature", "properties": { "population": 46.0, "couverture_min": 5 }, "geometry": { "type": "Polygon", "coordinates": [ [ [ 6.231391707007558, 48.658102992893028 ], [ 6.23125603133128, 48.659899456358943 ], [ 6.233967044687764, 48.659991350494387 ], [ 6.234102623202802, 48.658194883218528 ], [ 6.231391707007558, 48.658102992893028 ] ] ] } },
{ "type": "Feature", "properties": { "population": 141.0, "couverture_min": 5 }, "geometry": { "type": "Polygon", "coordinates": [ [ [ 6.22041206905437, 48.659531219181538 ], [ 6.220275992353143, 48.661327665818291 ], [ 6.222987066402021, 48.661419828028464 ], [ 6.223123045938282, 48.659623377570483 ], [ 6.22041206905437, 48.659531219181538 ] ] ] } },
{ "type": "Feature", "properties": { "population": 80.0, "couverture_min": 5 }, "geometry": { "type": "Polygon", "coordinates": [ [ [ 6.223123045938282, 48.659623377570483 ], [ 6.222987066402021, 48.661419828028464 ], [ 6.225698149580034, 48.661511924173091 ], [ 6.225834031950058, 48.659715469896611 ], [ 6.223123045938282, 48.659623377570483 ] ] ] } },
{ "type": "Feature", "properties": { "population": 239.5, "couverture_min": 5 }, "geometry": { "type": "Polygon", "coordinates": [ [ [ 6.225834031950058, 48.659715469896611 ], [ 6.225698149580034, 48.661511924173091 ], [ 6.228409241880698, 48.661603954251781 ], [ 6.228545027083218, 48.659807496159537 ], [ 6.225834031950058, 48.659715469896611 ] ] ] } },
{ "type": "Feature", "properties": { "population": 19.0, "couverture_min": 5 }, "geometry": { "type": "Polygon", "coordinates": [ [ [ 6.228545027083218, 48.659807496159537 ], [ 6.228409241880698, 48.661603954251781 ], [ 6.231120343297534, 48.661695918264208 ], [ 6.23125603133128, 48.659899456358943 ], [ 6.228545027083218, 48.659807496159537 ] ] ] } },
{ "type": "Feature", "properties": { "population": 2.0, "couverture_min": 5 }, "geometry": { "type": "Polygon", "coordinates": [ [ [ 6.236678067146191, 48.660083178565579 ], [ 6.236542573453788, 48.661879648088835 ], [ 6.239253702180243, 48.661971413900282 ], [ 6.239389098700073, 48.660174940572169 ], [ 6.236678067146191, 48.660083178565579 ] ] ] } },
{ "type": "Feature", "properties": { "population": 6.0, "couverture_min": 5 }, "geometry": { "type": "Polygon", "coordinates": [ [ [ 6.239389098700073, 48.660174940572169 ], [ 6.239253702180243, 48.661971413900282 ], [ 6.24196483999694, 48.662063113644066 ], [ 6.242100139342937, 48.660266636513768 ], [ 6.239389098700073, 48.660174940572169 ] ] ] } },
{ "type": "Feature", "properties": { "population": 6.0, "couverture_min": 5 }, "geometry": { "type": "Polygon", "coordinates": [ [ [ 6.242100139342937, 48.660266636513768 ], [ 6.24196483999694, 48.662063113644066 ], [ 6.244675986897395, 48.662154747319754 ], [ 6.244811189068292, 48.660358266390041 ], [ 6.242100139342937, 48.660266636513768 ] ] ] } },
{ "type": "Feature", "properties": { "population": 31.0, "couverture_min": 5 }, "geometry": { "type": "Polygon", "coordinates": [ [ [ 6.220275992353143, 48.661327665818291 ], [ 6.220139903257639, 48.66312411089342 ], [ 6.222851074480284, 48.663216276925198 ], [ 6.222987066402021, 48.661419828028464 ], [ 6.220275992353143, 48.661327665818291 ] ] ] } },
{ "type": "Feature", "properties": { "population": 204.0, "couverture_min": 5 }, "geometry": { "type": "Polygon", "coordinates": [ [ [ 6.222987066402021, 48.661419828028464 ], [ 6.222851074480284, 48.663216276925198 ], [ 6.225562254833333, 48.663308376888679 ], [ 6.225698149580034, 48.661511924173091 ], [ 6.222987066402021, 48.661419828028464 ] ] ] } },
{ "type": "Feature", "properties": { "population": 167.5, "couverture_min": 10 }, "geometry": { "type": "Polygon", "coordinates": [ [ [ 6.225698149580034, 48.661511924173091 ], [ 6.225562254833333, 48.663308376888679 ], [ 6.228273444310301, 48.66340041078351 ], [ 6.228409241880698, 48.661603954251781 ], [ 6.225698149580034, 48.661511924173091 ] ] ] } },
{ "type": "Feature", "properties": { "population": 18.0, "couverture_min": 5 }, "geometry": { "type": "Polygon", "coordinates": [ [ [ 6.239253702180243, 48.661971413900282 ], [ 6.239118293327738, 48.66376788566933 ], [ 6.241829528327074, 48.663859589215598 ], [ 6.24196483999694, 48.662063113644066 ], [ 6.239253702180243, 48.661971413900282 ] ] ] } },
{ "type": "Feature", "properties": { "population": 19.0, "couverture_min": 5 }, "geometry": { "type": "Polygon", "coordinates": [ [ [ 6.24196483999694, 48.662063113644066 ], [ 6.241829528327074, 48.663859589215598 ], [ 6.244540772411429, 48.663951226691125 ], [ 6.244675986897395, 48.662154747319754 ], [ 6.24196483999694, 48.662063113644066 ] ] ] } },
{ "type": "Feature", "properties": { "population": 6.0, "couverture_min": 5 }, "geometry": { "type": "Polygon", "coordinates": [ [ [ 6.220139903257639, 48.66312411089342 ], [ 6.220003801766248, 48.664920554407409 ], [ 6.222715070171457, 48.665012724261111 ], [ 6.222851074480284, 48.663216276925198 ], [ 6.220139903257639, 48.66312411089342 ] ] ] } },
{ "type": "Feature", "properties": { "population": 6.0, "couverture_min": 10 }, "geometry": { "type": "Polygon", "coordinates": [ [ [ 6.233695850610073, 48.663584280365839 ], [ 6.233560235044211, 48.665380742962263 ], [ 6.236271549042956, 48.665472582457369 ], [ 6.236407067419912, 48.663676116052613 ], [ 6.233695850610073, 48.663584280365839 ] ] ] } },
{ "type": "Feature", "properties": { "population": 14.0, "couverture_min": 5 }, "geometry": { "type": "Polygon", "coordinates": [ [ [ 6.236407067419912, 48.663676116052613 ], [ 6.236271549042956, 48.665472582457369 ], [ 6.238982872140956, 48.665564355879667 ], [ 6.239118293327738, 48.66376788566933 ], [ 6.236407067419912, 48.663676116052613 ] ] ] } },
{ "type": "Feature", "properties": { "population": 39.0, "couverture_min": 5 }, "geometry": { "type": "Polygon", "coordinates": [ [ [ 6.239118293327738, 48.66376788566933 ], [ 6.238982872140956, 48.665564355879667 ], [ 6.241694204331729, 48.665656063228845 ], [ 6.241829528327074, 48.663859589215598 ], [ 6.239118293327738, 48.66376788566933 ] ] ] } },
{ "type": "Feature", "properties": { "population": 4.0, "couverture_min": 5 }, "geometry": { "type": "Polygon", "coordinates": [ [ [ 6.241829528327074, 48.663859589215598 ], [ 6.241694204331729, 48.665656063228845 ], [ 6.244405545608791, 48.665747704504497 ], [ 6.244540772411429, 48.663951226691125 ], [ 6.241829528327074, 48.663859589215598 ] ] ] } },
{ "type": "Feature", "properties": { "population": 15.0, "couverture_min": 5 }, "geometry": { "type": "Polygon", "coordinates": [ [ [ 6.233560235044211, 48.665380742962263 ], [ 6.233424607124856, 48.667177203999707 ], [ 6.236136018321316, 48.667269047303499 ], [ 6.236271549042956, 48.665472582457369 ], [ 6.233560235044211, 48.665380742962263 ] ] ] } },
{ "type": "Feature", "properties": { "population": 22.0, "couverture_min": 5 }, "geometry": { "type": "Polygon", "coordinates": [ [ [ 6.236271549042956, 48.665472582457369 ], [ 6.236136018321316, 48.667269047303499 ], [ 6.238847438618294, 48.667360824531755 ], [ 6.238982872140956, 48.665564355879667 ], [ 6.236271549042956, 48.665472582457369 ] ] ] } },
{ "type": "Feature", "properties": { "population": 2.0, "couverture_min": 5 }, "geometry": { "type": "Polygon", "coordinates": [ [ [ 6.238982872140956, 48.665564355879667 ], [ 6.238847438618294, 48.667360824531755 ], [ 6.241558868009311, 48.667452535684149 ], [ 6.241694204331729, 48.665656063228845 ], [ 6.238982872140956, 48.665564355879667 ] ] ] } },
{ "type": "Feature", "properties": { "population": 18.0, "couverture_min": 5 }, "geometry": { "type": "Polygon", "coordinates": [ [ [ 6.241694204331729, 48.665656063228845 ], [ 6.241558868009311, 48.667452535684149 ], [ 6.244270306487876, 48.667544180760331 ], [ 6.244405545608791, 48.665747704504497 ], [ 6.241694204331729, 48.665656063228845 ] ] ] } },
{ "type": "Feature", "properties": { "population": 12.0, "couverture_min": 5 }, "geometry": { "type": "Polygon", "coordinates": [ [ [ 6.244405545608791, 48.665747704504497 ], [ 6.244270306487876, 48.667544180760331 ], [ 6.246981754047508, 48.667635759759925 ], [ 6.24711689596565, 48.665839279706297 ], [ 6.244405545608791, 48.665747704504497 ] ] ] } },
{ "type": "Feature", "properties": { "population": 4.0, "couverture_min": 5 }, "geometry": { "type": "Polygon", "coordinates": [ [ [ 6.230713205035405, 48.667085294620783 ], [ 6.230577467555711, 48.668881750287881 ], [ 6.233288966850411, 48.668973663478589 ], [ 6.233424607124856, 48.667177203999707 ], [ 6.230713205035405, 48.667085294620783 ] ] ] } },
{ "type": "Feature", "properties": { "population": 13.0, "couverture_min": 5 }, "geometry": { "type": "Polygon", "coordinates": [ [ [ 6.233424607124856, 48.667177203999707 ], [ 6.233288966850411, 48.668973663478589 ], [ 6.236000475253384, 48.669065510591416 ], [ 6.236136018321316, 48.667269047303499 ], [ 6.233424607124856, 48.667177203999707 ] ] ] } },
{ "type": "Feature", "properties": { "population": 36.0, "couverture_min": 5 }, "geometry": { "type": "Polygon", "coordinates": [ [ [ 6.225018552047571, 48.670494172150455 ], [ 6.224882595393348, 48.672290617067851 ], [ 6.227594270883884, 48.672382670048734 ], [ 6.227730130317787, 48.670586221313428 ], [ 6.225018552047571, 48.670494172150455 ] ] ] } },
{ "type": "Feature", "properties": { "population": 2.0, "couverture_min": 5 }, "geometry": { "type": "Polygon", "coordinates": [ [ [ 6.227730130317787, 48.670586221313428 ], [ 6.227594270883884, 48.672382670048734 ], [ 6.230305955498201, 48.672474656947017 ], [ 6.230441717710513, 48.670678204396481 ], [ 6.227730130317787, 48.670586221313428 ] ] ] } },
{ "type": "Feature", "properties": { "population": 7.0, "couverture_min": 10 }, "geometry": { "type": "Polygon", "coordinates": [ [ [ 6.230441717710513, 48.670678204396481 ], [ 6.230305955498201, 48.672474656947017 ], [ 6.233017649229818, 48.672566577762318 ], [ 6.233153314219266, 48.670770121399322 ], [ 6.230441717710513, 48.670678204396481 ] ] ] } },
{ "type": "Feature", "properties": { "population": 28.0, "couverture_min": 5 }, "geometry": { "type": "Polygon", "coordinates": [ [ [ 6.219459271809574, 48.672106312859718 ], [ 6.219323108314568, 48.673902748573973 ], [ 6.222034862764664, 48.673994937542723 ], [ 6.222170929033081, 48.672198498004732 ], [ 6.219459271809574, 48.672106312859718 ] ] ] } },
{ "type": "Feature", "properties": { "population": 114.0, "couverture_min": 5 }, "geometry": { "type": "Polygon", "coordinates": [ [ [ 6.222170929033081, 48.672198498004732 ], [ 6.222034862764664, 48.673994937542723 ], [ 6.22474662635279, 48.674087060426871 ], [ 6.224882595393348, 48.672290617067851 ], [ 6.222170929033081, 48.672198498004732 ] ] ] } },
{ "type": "Feature", "properties": { "population": 5.0, "couverture_min": 5 }, "geometry": { "type": "Polygon", "coordinates": [ [ [ 6.224882595393348, 48.672290617067851 ], [ 6.22474662635279, 48.674087060426871 ], [ 6.227458399072455, 48.674179117226039 ], [ 6.227594270883884, 48.672382670048734 ], [ 6.224882595393348, 48.672290617067851 ] ] ] } },
{ "type": "Feature", "properties": { "population": 64.0, "couverture_min": 5 }, "geometry": { "type": "Polygon", "coordinates": [ [ [ 6.227594270883884, 48.672382670048734 ], [ 6.227458399072455, 48.674179117226039 ], [ 6.230170180917173, 48.674271107939866 ], [ 6.230305955498201, 48.672474656947017 ], [ 6.227594270883884, 48.672382670048734 ] ] ] } },
{ "type": "Feature", "properties": { "population": 211.0, "couverture_min": 5 }, "geometry": { "type": "Polygon", "coordinates": [ [ [ 6.230305955498201, 48.672474656947017 ], [ 6.230170180917173, 48.674271107939866 ], [ 6.232881971880455, 48.67436303256801 ], [ 6.233017649229818, 48.672566577762318 ], [ 6.230305955498201, 48.672474656947017 ] ] ] } },
{ "type": "Feature", "properties": { "population": 37.0, "couverture_min": 5 }, "geometry": { "type": "Polygon", "coordinates": [ [ [ 6.233017649229818, 48.672566577762318 ], [ 6.232881971880455, 48.67436303256801 ], [ 6.235593771955814, 48.674454891110109 ], [ 6.235729352072241, 48.672658432494295 ], [ 6.233017649229818, 48.672566577762318 ] ] ] } },
{ "type": "Feature", "properties": { "population": 111.5, "couverture_min": 5 }, "geometry": { "type": "Polygon", "coordinates": [ [ [ 6.219323108314568, 48.673902748573973 ], [ 6.219186932414003, 48.675699182729552 ], [ 6.221898784099494, 48.675791375522401 ], [ 6.222034862764664, 48.673994937542723 ], [ 6.219323108314568, 48.673902748573973 ] ] ] } },
{ "type": "Feature", "properties": { "population": 106.5, "couverture_min": 5 }, "geometry": { "type": "Polygon", "coordinates": [ [ [ 6.222034862764664, 48.673994937542723 ], [ 6.221898784099494, 48.675791375522401 ], [ 6.224610644924285, 48.675883502227926 ], [ 6.22474662635279, 48.674087060426871 ], [ 6.222034862764664, 48.673994937542723 ] ] ] } },
{ "type": "Feature", "properties": { "population": 168.0, "couverture_min": 5 }, "geometry": { "type": "Polygon", "coordinates": [ [ [ 6.227458399072455, 48.674179117226039 ], [ 6.227322514881887, 48.6759755628457 ], [ 6.230034393965814, 48.676067557375475 ], [ 6.230170180917173, 48.674271107939866 ], [ 6.227458399072455, 48.674179117226039 ] ] ] } },
{ "type": "Feature", "properties": { "population": 221.0, "couverture_min": 5 }, "geometry": { "type": "Polygon", "coordinates": [ [ [ 6.230170180917173, 48.674271107939866 ], [ 6.230034393965814, 48.676067557375475 ], [ 6.232746282169574, 48.676159485816832 ], [ 6.232881971880455, 48.67436303256801 ], [ 6.230170180917173, 48.674271107939866 ] ] ] } },
{ "type": "Feature", "properties": { "population": 69.0, "couverture_min": 5 }, "geometry": { "type": "Polygon", "coordinates": [ [ [ 6.232881971880455, 48.67436303256801 ], [ 6.232746282169574, 48.676159485816832 ], [ 6.235458179486676, 48.67625134816938 ], [ 6.235593771955814, 48.674454891110109 ], [ 6.232881971880455, 48.67436303256801 ] ] ] } },
{ "type": "Feature", "properties": { "population": 197.0, "couverture_min": 5 }, "geometry": { "type": "Polygon", "coordinates": [ [ [ 6.219186932414003, 48.675699182729552 ], [ 6.219050744106263, 48.677495615326869 ], [ 6.221762693035961, 48.677587811944171 ], [ 6.221898784099494, 48.675791375522401 ], [ 6.219186932414003, 48.675699182729552 ] ] ] } },
{ "type": "Feature", "properties": { "population": 203.0, "couverture_min": 5 }, "geometry": { "type": "Polygon", "coordinates": [ [ [ 6.221898784099494, 48.675791375522401 ], [ 6.221762693035961, 48.677587811944171 ], [ 6.224474651106227, 48.677679942471407 ], [ 6.224610644924285, 48.675883502227926 ], [ 6.221898784099494, 48.675791375522401 ] ] ] } },
{ "type": "Feature", "properties": { "population": 60.5, "couverture_min": 5 }, "geometry": { "type": "Polygon", "coordinates": [ [ [ 6.224610644924285, 48.675883502227926 ], [ 6.224474651106227, 48.677679942471407 ], [ 6.227186618310578, 48.677772006908214 ], [ 6.227322514881887, 48.6759755628457 ], [ 6.224610644924285, 48.675883502227926 ] ] ] } },
{ "type": "Feature", "properties": { "population": 231.0, "couverture_min": 5 }, "geometry": { "type": "Polygon", "coordinates": [ [ [ 6.227322514881887, 48.6759755628457 ], [ 6.227186618310578, 48.677772006908214 ], [ 6.22989859464252, 48.677864005254243 ], [ 6.230034393965814, 48.676067557375475 ], [ 6.227322514881887, 48.6759755628457 ] ] ] } },
{ "type": "Feature", "properties": { "population": 120.0, "couverture_min": 5 }, "geometry": { "type": "Polygon", "coordinates": [ [ [ 6.230034393965814, 48.676067557375475 ], [ 6.22989859464252, 48.677864005254243 ], [ 6.232610580095564, 48.677955937509147 ], [ 6.232746282169574, 48.676159485816832 ], [ 6.230034393965814, 48.676067557375475 ] ] ] } },
{ "type": "Feature", "properties": { "population": 97.0, "couverture_min": 5 }, "geometry": { "type": "Polygon", "coordinates": [ [ [ 6.232746282169574, 48.676159485816832 ], [ 6.232610580095564, 48.677955937509147 ], [ 6.235322574663221, 48.678047803672534 ], [ 6.235458179486676, 48.67625134816938 ], [ 6.232746282169574, 48.676159485816832 ] ] ] } },
{ "type": "Feature", "properties": { "population": 212.0, "couverture_min": 5 }, "geometry": { "type": "Polygon", "coordinates": [ [ [ 6.221762693035961, 48.677587811944171 ], [ 6.221626589572449, 48.679384246808425 ], [ 6.224338644897003, 48.679476381157734 ], [ 6.224474651106227, 48.677679942471407 ], [ 6.221762693035961, 48.677587811944171 ] ] ] } },
{ "type": "Feature", "properties": { "population": 210.5, "couverture_min": 5 }, "geometry": { "type": "Polygon", "coordinates": [ [ [ 6.224474651106227, 48.677679942471407 ], [ 6.224338644897003, 48.679476381157734 ], [ 6.22705070935691, 48.679568449413914 ], [ 6.227186618310578, 48.677772006908214 ], [ 6.224474651106227, 48.677679942471407 ] ] ] } },
{ "type": "Feature", "properties": { "population": 131.5, "couverture_min": 5 }, "geometry": { "type": "Polygon", "coordinates": [ [ [ 6.227186618310578, 48.677772006908214 ], [ 6.22705070935691, 48.679568449413914 ], [ 6.22976278294568, 48.679660451576567 ], [ 6.22989859464252, 48.677864005254243 ], [ 6.227186618310578, 48.677772006908214 ] ] ] } },
{ "type": "Feature", "properties": { "population": 117.5, "couverture_min": 5 }, "geometry": { "type": "Polygon", "coordinates": [ [ [ 6.22989859464252, 48.677864005254243 ], [ 6.22976278294568, 48.679660451576567 ], [ 6.232474865656823, 48.679752387645408 ], [ 6.232610580095564, 48.677955937509147 ], [ 6.22989859464252, 48.677864005254243 ] ] ] } },
{ "type": "Feature", "properties": { "population": 101.0, "couverture_min": 5 }, "geometry": { "type": "Polygon", "coordinates": [ [ [ 6.232610580095564, 48.677955937509147 ], [ 6.232474865656823, 48.679752387645408 ], [ 6.235186957483845, 48.679844257620012 ], [ 6.235322574663221, 48.678047803672534 ], [ 6.232610580095564, 48.677955937509147 ] ] ] } },
{ "type": "Feature", "properties": { "population": 94.0, "couverture_min": 10 }, "geometry": { "type": "Polygon", "coordinates": [ [ [ 6.221626589572449, 48.679384246808425 ], [ 6.221490473707351, 48.681180680115588 ], [ 6.224202626295004, 48.681272818287376 ], [ 6.224338644897003, 48.679476381157734 ], [ 6.221626589572449, 48.679384246808425 ] ] ] } },
{ "type": "Feature", "properties": { "population": 16.0, "couverture_min": 5 }, "geometry": { "type": "Polygon", "coordinates": [ [ [ 6.224338644897003, 48.679476381157734 ], [ 6.224202626295004, 48.681272818287376 ], [ 6.226914788019279, 48.681364890363277 ], [ 6.22705070935691, 48.679568449413914 ], [ 6.224338644897003, 48.679476381157734 ] ] ] } },
{ "type": "Feature", "properties": { "population": 49.0, "couverture_min": 5 }, "geometry": { "type": "Polygon", "coordinates": [ [ [ 6.22705070935691, 48.679568449413914 ], [ 6.226914788019279, 48.681364890363277 ], [ 6.229626958873687, 48.681456896342958 ], [ 6.22976278294568, 48.679660451576567 ], [ 6.22705070935691, 48.679568449413914 ] ] ] } },
{ "type": "Feature", "properties": { "population": 34.0, "couverture_min": 5 }, "geometry": { "type": "Polygon", "coordinates": [ [ [ 6.22976278294568, 48.679660451576567 ], [ 6.229626958873687, 48.681456896342958 ], [ 6.232339138851739, 48.681548836226007 ], [ 6.232474865656823, 48.679752387645408 ], [ 6.22976278294568, 48.679660451576567 ] ] ] } },
{ "type": "Feature", "properties": { "population": 17.0, "couverture_min": 5 }, "geometry": { "type": "Polygon", "coordinates": [ [ [ 6.232474865656823, 48.679752387645408 ], [ 6.232339138851739, 48.681548836226007 ], [ 6.235051327946939, 48.681640710012161 ], [ 6.235186957483845, 48.679844257620012 ], [ 6.232474865656823, 48.679752387645408 ] ] ] } },
{ "type": "Feature", "properties": { "population": 24.0, "couverture_min": 5 }, "geometry": { "type": "Polygon", "coordinates": [ [ [ 6.235593771955814, 48.674454891110109 ], [ 6.235458179486676, 48.67625134816938 ], [ 6.238170085910633, 48.676343144432813 ], [ 6.238305581136759, 48.674546683565779 ], [ 6.235593771955814, 48.674454891110109 ] ] ] } },
{ "type": "Feature", "properties": { "population": 50.0, "couverture_min": 5 }, "geometry": { "type": "Polygon", "coordinates": [ [ [ 6.238305581136759, 48.674546683565779 ], [ 6.238170085910633, 48.676343144432813 ], [ 6.240882001434956, 48.676434874606777 ], [ 6.241017399416806, 48.67463840993468 ], [ 6.238305581136759, 48.674546683565779 ] ] ] } },
{ "type": "Feature", "properties": { "population": 52.0, "couverture_min": 5 }, "geometry": { "type": "Polygon", "coordinates": [ [ [ 6.241017399416806, 48.67463840993468 ], [ 6.240882001434956, 48.676434874606777 ], [ 6.243593926053154, 48.676526538690851 ], [ 6.243729226789458, 48.674730070216512 ], [ 6.241017399416806, 48.67463840993468 ] ] ] } },
{ "type": "Feature", "properties": { "population": 103.5, "couverture_min": 5 }, "geometry": { "type": "Polygon", "coordinates": [ [ [ 6.243729226789458, 48.674730070216512 ], [ 6.243593926053154, 48.676526538690851 ], [ 6.246305859758735, 48.676618136684759 ], [ 6.246441063248236, 48.674821664410821 ], [ 6.243729226789458, 48.674730070216512 ] ] ] } },
{ "type": "Feature", "properties": { "population": 12.0, "couverture_min": 10 }, "geometry": { "type": "Polygon", "coordinates": [ [ [ 6.246441063248236, 48.674821664410821 ], [ 6.246305859758735, 48.676618136684759 ], [ 6.249017802545215, 48.676709668588096 ], [ 6.249152908786641, 48.674913192517309 ], [ 6.246441063248236, 48.674821664410821 ] ] ] } },
{ "type": "Feature", "properties": { "population": 130.5, "couverture_min": 5 }, "geometry": { "type": "Polygon", "coordinates": [ [ [ 6.235458179486676, 48.67625134816938 ], [ 6.235322574663221, 48.678047803672534 ], [ 6.238034578339001, 48.67813960374405 ], [ 6.238170085910633, 48.676343144432813 ], [ 6.235458179486676, 48.67625134816938 ] ] ] } },
{ "type": "Feature", "properties": { "population": 120.5, "couverture_min": 5 }, "geometry": { "type": "Polygon", "coordinates": [ [ [ 6.238170085910633, 48.676343144432813 ], [ 6.238034578339001, 48.67813960374405 ], [ 6.240746591116412, 48.678231337723396 ], [ 6.240882001434956, 48.676434874606777 ], [ 6.238170085910633, 48.676343144432813 ] ] ] } },
{ "type": "Feature", "properties": { "population": 106.0, "couverture_min": 5 }, "geometry": { "type": "Polygon", "coordinates": [ [ [ 6.240882001434956, 48.676434874606777 ], [ 6.240746591116412, 48.678231337723396 ], [ 6.243458612988964, 48.67832300561016 ], [ 6.243593926053154, 48.676526538690851 ], [ 6.240882001434956, 48.676434874606777 ] ] ] } },
{ "type": "Feature", "properties": { "population": 121.5, "couverture_min": 5 }, "geometry": { "type": "Polygon", "coordinates": [ [ [ 6.243593926053154, 48.676526538690851 ], [ 6.243458612988964, 48.67832300561016 ], [ 6.246170643950164, 48.678414607403973 ], [ 6.246305859758735, 48.676618136684759 ], [ 6.243593926053154, 48.676526538690851 ] ] ] } },
{ "type": "Feature", "properties": { "population": 15.5, "couverture_min": 10 }, "geometry": { "type": "Polygon", "coordinates": [ [ [ 6.246305859758735, 48.676618136684759 ], [ 6.246170643950164, 48.678414607403973 ], [ 6.248882683993522, 48.678506143104528 ], [ 6.249017802545215, 48.676709668588096 ], [ 6.246305859758735, 48.676618136684759 ] ] ] } },
{ "type": "Feature", "properties": { "population": 108.0, "couverture_min": 5 }, "geometry": { "type": "Polygon", "coordinates": [ [ [ 6.235322574663221, 48.678047803672534 ], [ 6.235186957483845, 48.679844257620012 ], [ 6.237899058420257, 48.67993606149998 ], [ 6.238034578339001, 48.67813960374405 ], [ 6.235322574663221, 48.678047803672534 ] ] ] } },
{ "type": "Feature", "properties": { "population": 99.5, "couverture_min": 5 }, "geometry": { "type": "Polygon", "coordinates": [ [ [ 6.238034578339001, 48.67813960374405 ], [ 6.237899058420257, 48.67993606149998 ], [ 6.240611168459568, 48.680027799285071 ], [ 6.240746591116412, 48.678231337723396 ], [ 6.238034578339001, 48.67813960374405 ] ] ] } },
{ "type": "Feature", "properties": { "population": 75.0, "couverture_min": 5 }, "geometry": { "type": "Polygon", "coordinates": [ [ [ 6.240746591116412, 48.678231337723396 ], [ 6.240611168459568, 48.680027799285071 ], [ 6.243323287595284, 48.680119470974844 ], [ 6.243458612988964, 48.67832300561016 ], [ 6.240746591116412, 48.678231337723396 ] ] ] } },
{ "type": "Feature", "properties": { "population": 46.0, "couverture_min": 5 }, "geometry": { "type": "Polygon", "coordinates": [ [ [ 6.243458612988964, 48.67832300561016 ], [ 6.243323287595284, 48.680119470974844 ], [ 6.246035415820914, 48.680211076568959 ], [ 6.246170643950164, 48.678414607403973 ], [ 6.243458612988964, 48.67832300561016 ] ] ] } },
{ "type": "Feature", "properties": { "population": 29.0, "couverture_min": 10 }, "geometry": { "type": "Polygon", "coordinates": [ [ [ 6.235186957483845, 48.679844257620012 ], [ 6.235051327946939, 48.681640710012161 ], [ 6.237763526152795, 48.681732517700965 ], [ 6.237899058420257, 48.67993606149998 ], [ 6.235186957483845, 48.679844257620012 ] ] ] } },
{ "type": "Feature", "properties": { "population": 1.0, "couverture_min": 5 }, "geometry": { "type": "Polygon", "coordinates": [ [ [ 6.237899058420257, 48.67993606149998 ], [ 6.237763526152795, 48.681732517700965 ], [ 6.240475733462817, 48.681824259292156 ], [ 6.240611168459568, 48.680027799285071 ], [ 6.237899058420257, 48.67993606149998 ] ] ] } },
{ "type": "Feature", "properties": { "population": 11.0, "couverture_min": 5 }, "geometry": { "type": "Polygon", "coordinates": [ [ [ 6.240611168459568, 48.680027799285071 ], [ 6.240475733462817, 48.681824259292156 ], [ 6.243187949870512, 48.681915934785273 ], [ 6.243323287595284, 48.680119470974844 ], [ 6.240611168459568, 48.680027799285071 ] ] ] } },
{ "type": "Feature", "properties": { "population": 4.0, "couverture_min": 5 }, "geometry": { "type": "Polygon", "coordinates": [ [ [ 6.243323287595284, 48.680119470974844 ], [ 6.243187949870512, 48.681915934785273 ], [ 6.245900175369385, 48.682007544180053 ], [ 6.246035415820914, 48.680211076568959 ], [ 6.243323287595284, 48.680119470974844 ] ] ] } },
{ "type": "Feature", "properties": { "population": 4.0, "couverture_min": 5 }, "geometry": { "type": "Polygon", "coordinates": [ [ [ 6.224202626295004, 48.681272818287376 ], [ 6.224066595298613, 48.683069253860694 ], [ 6.226778854296069, 48.683161329756665 ], [ 6.226914788019279, 48.681364890363277 ], [ 6.224202626295004, 48.681272818287376 ] ] ] } },
{ "type": "Feature", "properties": { "population": 14.0, "couverture_min": 5 }, "geometry": { "type": "Polygon", "coordinates": [ [ [ 6.229626958873687, 48.681456896342958 ], [ 6.229491122424929, 48.683253339553687 ], [ 6.232203399678703, 48.683345283251413 ], [ 6.232339138851739, 48.681548836226007 ], [ 6.229626958873687, 48.681456896342958 ] ] ] } },
{ "type": "Feature", "properties": { "population": 16.0, "couverture_min": 5 }, "geometry": { "type": "Polygon", "coordinates": [ [ [ 6.221354345439053, 48.68297711186613 ], [ 6.221218204765938, 48.684773542060391 ], [ 6.223930551906222, 48.684865687878144 ], [ 6.224066595298613, 48.683069253860694 ], [ 6.221354345439053, 48.68297711186613 ] ] ] } },
{ "type": "Feature", "properties": { "population": 12.0, "couverture_min": 5 }, "geometry": { "type": "Polygon", "coordinates": [ [ [ 6.224066595298613, 48.683069253860694 ], [ 6.223930551906222, 48.684865687878144 ], [ 6.226642908185676, 48.684957767594568 ], [ 6.226778854296069, 48.683161329756665 ], [ 6.224066595298613, 48.683069253860694 ] ] ] } },
{ "type": "Feature", "properties": { "population": 31.5, "couverture_min": 5 }, "geometry": { "type": "Polygon", "coordinates": [ [ [ 6.226778854296069, 48.683161329756665 ], [ 6.226642908185676, 48.684957767594568 ], [ 6.229355273597803, 48.685049781209301 ], [ 6.229491122424929, 48.683253339553687 ], [ 6.226778854296069, 48.683161329756665 ] ] ] } },
{ "type": "Feature", "properties": { "population": 71.5, "couverture_min": 5 }, "geometry": { "type": "Polygon", "coordinates": [ [ [ 6.229491122424929, 48.683253339553687 ], [ 6.229355273597803, 48.685049781209301 ], [ 6.232067648136112, 48.685141728722023 ], [ 6.232203399678703, 48.683345283251413 ], [ 6.229491122424929, 48.683253339553687 ] ] ] } },
{ "type": "Feature", "properties": { "population": 53.5, "couverture_min": 5 }, "geometry": { "type": "Polygon", "coordinates": [ [ [ 6.232203399678703, 48.683345283251413 ], [ 6.232067648136112, 48.685141728722023 ], [ 6.234780031794108, 48.685233610132308 ], [ 6.234915686050895, 48.683437160849451 ], [ 6.232203399678703, 48.683345283251413 ] ] ] } },
{ "type": "Feature", "properties": { "population": 104.5, "couverture_min": 5 }, "geometry": { "type": "Polygon", "coordinates": [ [ [ 6.234915686050895, 48.683437160849451 ], [ 6.234780031794108, 48.685233610132308 ], [ 6.237492424565298, 48.685325425439878 ], [ 6.237627981535012, 48.68352897234746 ], [ 6.234915686050895, 48.683437160849451 ] ] ] } },
{ "type": "Feature", "properties": { "population": 26.0, "couverture_min": 5 }, "geometry": { "type": "Polygon", "coordinates": [ [ [ 6.232067648136112, 48.685141728722023 ], [ 6.231931884222352, 48.686938172638193 ], [ 6.234644365174968, 48.687030057861136 ], [ 6.234780031794108, 48.685233610132308 ], [ 6.232067648136112, 48.685141728722023 ] ] ] } },
{ "type": "Feature", "properties": { "population": 131.0, "couverture_min": 5 }, "geometry": { "type": "Polygon", "coordinates": [ [ [ 6.234780031794108, 48.685233610132308 ], [ 6.234644365174968, 48.687030057861136 ], [ 6.237356855242046, 48.687121876978559 ], [ 6.237492424565298, 48.685325425439878 ], [ 6.234780031794108, 48.685233610132308 ] ] ] } },
{ "type": "Feature", "properties": { "population": 22.0, "couverture_min": 15 }, "geometry": { "type": "Polygon", "coordinates": [ [ [ 6.234644365174968, 48.687030057861136 ], [ 6.23450868619187, 48.688826504036335 ], [ 6.237221273563654, 48.688918326964021 ], [ 6.237356855242046, 48.687121876978559 ], [ 6.234644365174968, 48.687030057861136 ] ] ] } },
{ "type": "Feature", "properties": { "population": 720.0, "couverture_min": 10 }, "geometry": { "type": "Polygon", "coordinates": [ [ [ 6.222977900936022, 48.69744068247045 ], [ 6.22284175831757, 48.699237104055818 ], [ 6.225554893170417, 48.699329214348715 ], [ 6.225690938436326, 48.697532788940023 ], [ 6.222977900936022, 48.69744068247045 ] ] ] } },
{ "type": "Feature", "properties": { "population": 76.0, "couverture_min": 5 }, "geometry": { "type": "Polygon", "coordinates": [ [ [ 6.225690938436326, 48.697532788940023 ], [ 6.225554893170417, 48.699329214348715 ], [ 6.228268037166113, 48.699421258518107 ], [ 6.228403985078204, 48.697624829288827 ], [ 6.225690938436326, 48.697532788940023 ] ] ] } },
{ "type": "Feature", "properties": { "population": 341.0, "couverture_min": 5 }, "geometry": { "type": "Polygon", "coordinates": [ [ [ 6.22284175831757, 48.699237104055818 ], [ 6.222705603288597, 48.701033524089048 ], [ 6.225418835502813, 48.70112563820561 ], [ 6.225554893170417, 48.699329214348715 ], [ 6.22284175831757, 48.699237104055818 ] ] ] } },
{ "type": "Feature", "properties": { "population": 110.5, "couverture_min": 5 }, "geometry": { "type": "Polygon", "coordinates": [ [ [ 6.225554893170417, 48.699329214348715 ], [ 6.225418835502813, 48.70112563820561 ], [ 6.228132076861153, 48.701217686195982 ], [ 6.228268037166113, 48.699421258518107 ], [ 6.225554893170417, 48.699329214348715 ] ] ] } },
{ "type": "Feature", "properties": { "population": 318.0, "couverture_min": 10 }, "geometry": { "type": "Polygon", "coordinates": [ [ [ 6.228268037166113, 48.699421258518107 ], [ 6.228132076861153, 48.701217686195982 ], [ 6.230845327357116, 48.701309668059736 ], [ 6.230981190298159, 48.699513236563654 ], [ 6.228268037166113, 48.699421258518107 ] ] ] } },
{ "type": "Feature", "properties": { "population": 270.0, "couverture_min": 5 }, "geometry": { "type": "Polygon", "coordinates": [ [ [ 6.219992380225002, 48.700941343846637 ], [ 6.219856115414974, 48.702737758501378 ], [ 6.222569435847488, 48.702829942570581 ], [ 6.222705603288597, 48.701033524089048 ], [ 6.219992380225002, 48.700941343846637 ] ] ] } },
{ "type": "Feature", "properties": { "population": 58.5, "couverture_min": 5 }, "geometry": { "type": "Polygon", "coordinates": [ [ [ 6.222705603288597, 48.701033524089048 ], [ 6.222569435847488, 48.702829942570581 ], [ 6.225282765431901, 48.702922060511177 ], [ 6.225418835502813, 48.70112563820561 ], [ 6.222705603288597, 48.701033524089048 ] ] ] } },
{ "type": "Feature", "properties": { "population": 208.5, "couverture_min": 10 }, "geometry": { "type": "Polygon", "coordinates": [ [ [ 6.225418835502813, 48.70112563820561 ], [ 6.225282765431901, 48.702922060511177 ], [ 6.22799610416171, 48.703014112322826 ], [ 6.228132076861153, 48.701217686195982 ], [ 6.225418835502813, 48.70112563820561 ] ] ] } },
{ "type": "Feature", "properties": { "population": 120.0, "couverture_min": 5 }, "geometry": { "type": "Polygon", "coordinates": [ [ [ 6.228132076861153, 48.701217686195982 ], [ 6.22799610416171, 48.703014112322826 ], [ 6.230709452030414, 48.703106098005179 ], [ 6.230845327357116, 48.701309668059736 ], [ 6.228132076861153, 48.701217686195982 ] ] ] } },
{ "type": "Feature", "properties": { "population": 6.0, "couverture_min": 5 }, "geometry": { "type": "Polygon", "coordinates": [ [ [ 6.240475733462817, 48.681824259292156 ], [ 6.240340286124559, 48.683620717745086 ], [ 6.243052599813044, 48.683712397041958 ], [ 6.243187949870512, 48.681915934785273 ], [ 6.240475733462817, 48.681824259292156 ] ] ] } },
{ "type": "Feature", "properties": { "population": 91.5, "couverture_min": 5 }, "geometry": { "type": "Polygon", "coordinates": [ [ [ 6.243187949870512, 48.681915934785273 ], [ 6.243052599813044, 48.683712397041958 ], [ 6.245764922593977, 48.683804010237743 ], [ 6.245900175369385, 48.682007544180053 ], [ 6.243187949870512, 48.681915934785273 ] ] ] } },
{ "type": "Feature", "properties": { "population": 60.0, "couverture_min": 5 }, "geometry": { "type": "Polygon", "coordinates": [ [ [ 6.237627981535012, 48.68352897234746 ], [ 6.237492424565298, 48.685325425439878 ], [ 6.240204826443186, 48.6854171746443 ], [ 6.240340286124559, 48.683620717745086 ], [ 6.237627981535012, 48.68352897234746 ] ] ] } },
{ "type": "Feature", "properties": { "population": 97.5, "couverture_min": 5 }, "geometry": { "type": "Polygon", "coordinates": [ [ [ 6.240340286124559, 48.683620717745086 ], [ 6.240204826443186, 48.6854171746443 ], [ 6.242917237421278, 48.685508857745255 ], [ 6.243052599813044, 48.683712397041958 ], [ 6.240340286124559, 48.683620717745086 ] ] ] } },
{ "type": "Feature", "properties": { "population": 15.0, "couverture_min": 5 }, "geometry": { "type": "Polygon", "coordinates": [ [ [ 6.243052599813044, 48.683712397041958 ], [ 6.242917237421278, 48.685508857745255 ], [ 6.245629657493081, 48.685600474742387 ], [ 6.245764922593977, 48.683804010237743 ], [ 6.243052599813044, 48.683712397041958 ] ] ] } },
{ "type": "Feature", "properties": { "population": 107.0, "couverture_min": 5 }, "geometry": { "type": "Polygon", "coordinates": [ [ [ 6.237492424565298, 48.685325425439878 ], [ 6.237356855242046, 48.687121876978559 ], [ 6.240069354417093, 48.687213629990175 ], [ 6.240204826443186, 48.6854171746443 ], [ 6.237492424565298, 48.685325425439878 ] ] ] } },
{ "type": "Feature", "properties": { "population": 92.0, "couverture_min": 5 }, "geometry": { "type": "Polygon", "coordinates": [ [ [ 6.240204826443186, 48.6854171746443 ], [ 6.240069354417093, 48.687213629990175 ], [ 6.242781862693608, 48.687305316895582 ], [ 6.242917237421278, 48.685508857745255 ], [ 6.240204826443186, 48.6854171746443 ] ] ] } },
{ "type": "Feature", "properties": { "population": 64.0, "couverture_min": 5 }, "geometry": { "type": "Polygon", "coordinates": [ [ [ 6.242917237421278, 48.685508857745255 ], [ 6.242781862693608, 48.687305316895582 ], [ 6.245494380065102, 48.687396937694459 ], [ 6.245629657493081, 48.685600474742387 ], [ 6.242917237421278, 48.685508857745255 ] ] ] } },
{ "type": "Feature", "properties": { "population": 134.0, "couverture_min": 5 }, "geometry": { "type": "Polygon", "coordinates": [ [ [ 6.245629657493081, 48.685600474742387 ], [ 6.245494380065102, 48.687396937694459 ], [ 6.248206906525074, 48.687488492386386 ], [ 6.248342086652101, 48.685692025635326 ], [ 6.245629657493081, 48.685600474742387 ] ] ] } },
{ "type": "Feature", "properties": { "population": 3.0, "couverture_min": 5 }, "geometry": { "type": "Polygon", "coordinates": [ [ [ 6.248342086652101, 48.685692025635326 ], [ 6.248206906525074, 48.687488492386386 ], [ 6.250919442067031, 48.687579980971059 ], [ 6.251054524891841, 48.685783510423747 ], [ 6.248342086652101, 48.685692025635326 ] ] ] } },
{ "type": "Feature", "properties": { "population": 151.0, "couverture_min": 10 }, "geometry": { "type": "Polygon", "coordinates": [ [ [ 6.237356855242046, 48.687121876978559 ], [ 6.237221273563654, 48.688918326964021 ], [ 6.239933870044676, 48.689010083783181 ], [ 6.240069354417093, 48.687213629990175 ], [ 6.237356855242046, 48.687121876978559 ] ] ] } },
{ "type": "Feature", "properties": { "population": 109.0, "couverture_min": 10 }, "geometry": { "type": "Polygon", "coordinates": [ [ [ 6.240069354417093, 48.687213629990175 ], [ 6.239933870044676, 48.689010083783181 ], [ 6.242646475628432, 48.689101774493388 ], [ 6.242781862693608, 48.687305316895582 ], [ 6.240069354417093, 48.687213629990175 ] ] ] } },
{ "type": "Feature", "properties": { "population": 113.5, "couverture_min": 5 }, "geometry": { "type": "Polygon", "coordinates": [ [ [ 6.242781862693608, 48.687305316895582 ], [ 6.242646475628432, 48.689101774493388 ], [ 6.245359090308432, 48.689193399094314 ], [ 6.245494380065102, 48.687396937694459 ], [ 6.242781862693608, 48.687305316895582 ] ] ] } },
{ "type": "Feature", "properties": { "population": 291.0, "couverture_min": 5 }, "geometry": { "type": "Polygon", "coordinates": [ [ [ 6.245494380065102, 48.687396937694459 ], [ 6.245359090308432, 48.689193399094314 ], [ 6.248071714078177, 48.68928495758562 ], [ 6.248206906525074, 48.687488492386386 ], [ 6.245494380065102, 48.687396937694459 ] ] ] } },
{ "type": "Feature", "properties": { "population": 108.5, "couverture_min": 5 }, "geometry": { "type": "Polygon", "coordinates": [ [ [ 6.248206906525074, 48.687488492386386 ], [ 6.248071714078177, 48.68928495758562 ], [ 6.250784346931169, 48.689376449966929 ], [ 6.250919442067031, 48.687579980971059 ], [ 6.248206906525074, 48.687488492386386 ] ] ] } },
{ "type": "Feature", "properties": { "population": 3.0, "couverture_min": null }, "geometry": { "type": "Polygon", "coordinates": [ [ [ 6.237221273563654, 48.688918326964021 ], [ 6.237085679528512, 48.69071477539665 ], [ 6.239798373324326, 48.690806536023679 ], [ 6.239933870044676, 48.689010083783181 ], [ 6.237221273563654, 48.688918326964021 ] ] ] } },
{ "type": "Feature", "properties": { "population": 72.5, "couverture_min": 10 }, "geometry": { "type": "Polygon", "coordinates": [ [ [ 6.239933870044676, 48.689010083783181 ], [ 6.239798373324326, 48.690806536023679 ], [ 6.242511076224141, 48.690898230539055 ], [ 6.242646475628432, 48.689101774493388 ], [ 6.239933870044676, 48.689010083783181 ] ] ] } },
{ "type": "Feature", "properties": { "population": 108.5, "couverture_min": 5 }, "geometry": { "type": "Polygon", "coordinates": [ [ [ 6.242646475628432, 48.689101774493388 ], [ 6.242511076224141, 48.690898230539055 ], [ 6.245223788221465, 48.690989858942444 ], [ 6.245359090308432, 48.689193399094314 ], [ 6.242646475628432, 48.689101774493388 ] ] ] } },
{ "type": "Feature", "properties": { "population": 106.0, "couverture_min": 5 }, "geometry": { "type": "Polygon", "coordinates": [ [ [ 6.245359090308432, 48.689193399094314 ], [ 6.245223788221465, 48.690989858942444 ], [ 6.247936509309803, 48.691081421233434 ], [ 6.248071714078177, 48.68928495758562 ], [ 6.245359090308432, 48.689193399094314 ] ] ] } },
{ "type": "Feature", "properties": { "population": 47.0, "couverture_min": 5 }, "geometry": { "type": "Polygon", "coordinates": [ [ [ 6.248071714078177, 48.68928495758562 ], [ 6.247936509309803, 48.691081421233434 ], [ 6.250649239482651, 48.69117291741172 ], [ 6.250784346931169, 48.689376449966929 ], [ 6.248071714078177, 48.68928495758562 ] ] ] } },
{ "type": "Feature", "properties": { "population": 7.0, "couverture_min": 5 }, "geometry": { "type": "Polygon", "coordinates": [ [ [ 6.250784346931169, 48.689376449966929 ], [ 6.250649239482651, 48.69117291741172 ], [ 6.253361978733515, 48.691264347476938 ], [ 6.253496988860915, 48.689467876237863 ], [ 6.250784346931169, 48.689376449966929 ] ] ] } },
{ "type": "Feature", "properties": { "population": 19.0, "couverture_min": 10 }, "geometry": { "type": "Polygon", "coordinates": [ [ [ 6.239798373324326, 48.690806536023679 ], [ 6.239662864254439, 48.692602986712124 ], [ 6.242375664479134, 48.692694685033032 ], [ 6.242511076224141, 48.690898230539055 ], [ 6.239798373324326, 48.690806536023679 ] ] ] } },
{ "type": "Feature", "properties": { "population": 204.0, "couverture_min": 5 }, "geometry": { "type": "Polygon", "coordinates": [ [ [ 6.242511076224141, 48.690898230539055 ], [ 6.242375664479134, 48.692694685033032 ], [ 6.245088473802604, 48.692786317239189 ], [ 6.245223788221465, 48.690989858942444 ], [ 6.242511076224141, 48.690898230539055 ] ] ] } },
{ "type": "Feature", "properties": { "population": 75.0, "couverture_min": 5 }, "geometry": { "type": "Polygon", "coordinates": [ [ [ 6.245223788221465, 48.690989858942444 ], [ 6.245088473802604, 48.692786317239189 ], [ 6.24780129221835, 48.692877883330247 ], [ 6.247936509309803, 48.691081421233434 ], [ 6.245223788221465, 48.690989858942444 ] ] ] } },
{ "type": "Feature", "properties": { "population": 73.0, "couverture_min": 5 }, "geometry": { "type": "Polygon", "coordinates": [ [ [ 6.247936509309803, 48.691081421233434 ], [ 6.24780129221835, 48.692877883330247 ], [ 6.250514119719873, 48.692969383305879 ], [ 6.250649239482651, 48.69117291741172 ], [ 6.247936509309803, 48.691081421233434 ] ] ] } },
{ "type": "Feature", "properties": { "population": 8.0, "couverture_min": 5 }, "geometry": { "type": "Polygon", "coordinates": [ [ [ 6.250649239482651, 48.69117291741172 ], [ 6.250514119719873, 48.692969383305879 ], [ 6.253226956300677, 48.69306081716573 ], [ 6.253361978733515, 48.691264347476938 ], [ 6.250649239482651, 48.69117291741172 ] ] ] } },
{ "type": "Feature", "properties": { "population": 68.0, "couverture_min": 10 }, "geometry": { "type": "Polygon", "coordinates": [ [ [ 6.242375664479134, 48.692694685033032 ], [ 6.242240240391802, 48.694491137975696 ], [ 6.244953147050238, 48.694582773985019 ], [ 6.245088473802604, 48.692786317239189 ], [ 6.242375664479134, 48.692694685033032 ] ] ] } },
{ "type": "Feature", "properties": { "population": 79.0, "couverture_min": 5 }, "geometry": { "type": "Polygon", "coordinates": [ [ [ 6.245088473802604, 48.692786317239189 ], [ 6.244953147050238, 48.694582773985019 ], [ 6.247666062802217, 48.694674343876507 ], [ 6.24780129221835, 48.692877883330247 ], [ 6.245088473802604, 48.692786317239189 ] ] ] } },
{ "type": "Feature", "properties": { "population": 33.0, "couverture_min": 5 }, "geometry": { "type": "Polygon", "coordinates": [ [ [ 6.24780129221835, 48.692877883330247 ], [ 6.247666062802217, 48.694674343876507 ], [ 6.250378987641239, 48.694765847649833 ], [ 6.250514119719873, 48.692969383305879 ], [ 6.24780129221835, 48.692877883330247 ] ] ] } },
{ "type": "Feature", "properties": { "population": 4.0, "couverture_min": 5 }, "geometry": { "type": "Polygon", "coordinates": [ [ [ 6.250514119719873, 48.692969383305879 ], [ 6.250378987641239, 48.694765847649833 ], [ 6.253091921560803, 48.694857285304629 ], [ 6.253226956300677, 48.69306081716573 ], [ 6.250514119719873, 48.692969383305879 ] ] ] } },
{ "type": "Feature", "properties": { "population": 3.0, "couverture_min": 5 }, "geometry": { "type": "Polygon", "coordinates": [ [ [ 6.253226956300677, 48.69306081716573 ], [ 6.253091921560803, 48.694857285304629 ], [ 6.255804864554412, 48.694948656840531 ], [ 6.25593980195426, 48.693152184909351 ], [ 6.253226956300677, 48.69306081716573 ] ] ] } },
{ "type": "Feature", "properties": { "population": 93.0, "couverture_min": 5 }, "geometry": { "type": "Polygon", "coordinates": [ [ [ 6.253091921560803, 48.694857285304629 ], [ 6.252956874512292, 48.696653751894104 ], [ 6.255669914854743, 48.696745127222613 ], [ 6.255804864554412, 48.694948656840531 ], [ 6.253091921560803, 48.694857285304629 ] ] ] } },
{ "type": "Feature", "properties": { "population": 88.0, "couverture_min": 5 }, "geometry": { "type": "Polygon", "coordinates": [ [ [ 6.255804864554412, 48.694948656840531 ], [ 6.255669914854743, 48.696745127222613 ], [ 6.258382964266008, 48.696836436429145 ], [ 6.258517816615563, 48.695039962257205 ], [ 6.255804864554412, 48.694948656840531 ] ] ] } },
{ "type": "Feature", "properties": { "population": 31.0, "couverture_min": 10 }, "geometry": { "type": "Polygon", "coordinates": [ [ [ 6.258517816615563, 48.695039962257205 ], [ 6.258382964266008, 48.696836436429145 ], [ 6.26109602273957, 48.696927679513344 ], [ 6.261230777737756, 48.695131201554247 ], [ 6.258517816615563, 48.695039962257205 ] ] ] } },
{ "type": "Feature", "properties": { "population": 4.0, "couverture_min": 10 }, "geometry": { "type": "Polygon", "coordinates": [ [ [ 6.250243843245144, 48.696562310443987 ], [ 6.250108686529983, 48.698358771688753 ], [ 6.252821815153538, 48.698450216934567 ], [ 6.252956874512292, 48.696653751894104 ], [ 6.250243843245144, 48.696562310443987 ] ] ] } },
{ "type": "Feature", "properties": { "population": 139.5, "couverture_min": 5 }, "geometry": { "type": "Polygon", "coordinates": [ [ [ 6.252956874512292, 48.696653751894104 ], [ 6.252821815153538, 48.698450216934567 ], [ 6.255534952853664, 48.698541596056032 ], [ 6.255669914854743, 48.696745127222613 ], [ 6.252956874512292, 48.696653751894104 ] ] ] } },
{ "type": "Feature", "properties": { "population": 204.5, "couverture_min": 5 }, "geometry": { "type": "Polygon", "coordinates": [ [ [ 6.255669914854743, 48.696745127222613 ], [ 6.255534952853664, 48.698541596056032 ], [ 6.258248099623858, 48.698632909052783 ], [ 6.258382964266008, 48.696836436429145 ], [ 6.255669914854743, 48.696745127222613 ] ] ] } },
{ "type": "Feature", "properties": { "population": 146.0, "couverture_min": 5 }, "geometry": { "type": "Polygon", "coordinates": [ [ [ 6.258382964266008, 48.696836436429145 ], [ 6.258248099623858, 48.698632909052783 ], [ 6.26096125545762, 48.698724155924488 ], [ 6.26109602273957, 48.696927679513344 ], [ 6.258382964266008, 48.696836436429145 ] ] ] } },
{ "type": "Feature", "properties": { "population": 17.0, "couverture_min": 10 }, "geometry": { "type": "Polygon", "coordinates": [ [ [ 6.26109602273957, 48.696927679513344 ], [ 6.26096125545762, 48.698724155924488 ], [ 6.263674420348446, 48.698815336670769 ], [ 6.263809090268942, 48.697018856474863 ], [ 6.26109602273957, 48.696927679513344 ] ] ] } },
{ "type": "Feature", "properties": { "population": 5.0, "couverture_min": 10 }, "geometry": { "type": "Polygon", "coordinates": [ [ [ 6.247395566989499, 48.69826726031895 ], [ 6.247260300589702, 48.700063716215986 ], [ 6.249973517494155, 48.700155231384549 ], [ 6.250108686529983, 48.698358771688753 ], [ 6.247395566989499, 48.69826726031895 ] ] ] } },
{ "type": "Feature", "properties": { "population": 106.0, "couverture_min": 5 }, "geometry": { "type": "Polygon", "coordinates": [ [ [ 6.250108686529983, 48.698358771688753 ], [ 6.249973517494155, 48.700155231384549 ], [ 6.252686743482943, 48.700246680426403 ], [ 6.252821815153538, 48.698450216934567 ], [ 6.250108686529983, 48.698358771688753 ] ] ] } },
{ "type": "Feature", "properties": { "population": 205.5, "couverture_min": 5 }, "geometry": { "type": "Polygon", "coordinates": [ [ [ 6.252821815153538, 48.698450216934567 ], [ 6.252686743482943, 48.700246680426403 ], [ 6.255399978549567, 48.700338063341192 ], [ 6.255534952853664, 48.698541596056032 ], [ 6.252821815153538, 48.698450216934567 ] ] ] } },
{ "type": "Feature", "properties": { "population": 151.0, "couverture_min": 5 }, "geometry": { "type": "Polygon", "coordinates": [ [ [ 6.255534952853664, 48.698541596056032 ], [ 6.255399978549567, 48.700338063341192 ], [ 6.25811322268752, 48.700429380128519 ], [ 6.258248099623858, 48.698632909052783 ], [ 6.255534952853664, 48.698541596056032 ] ] ] } },
{ "type": "Feature", "properties": { "population": 141.0, "couverture_min": 5 }, "geometry": { "type": "Polygon", "coordinates": [ [ [ 6.258248099623858, 48.698632909052783 ], [ 6.25811322268752, 48.700429380128519 ], [ 6.260826475890301, 48.700520630788105 ], [ 6.26096125545762, 48.698724155924488 ], [ 6.258248099623858, 48.698632909052783 ] ] ] } },
{ "type": "Feature", "properties": { "population": 143.5, "couverture_min": 10 }, "geometry": { "type": "Polygon", "coordinates": [ [ [ 6.26096125545762, 48.698724155924488 ], [ 6.260826475890301, 48.700520630788105 ], [ 6.263539738151411, 48.700611815319512 ], [ 6.263674420348446, 48.698815336670769 ], [ 6.26096125545762, 48.698724155924488 ] ] ] } },
{ "type": "Feature", "properties": { "population": 70.5, "couverture_min": 5 }, "geometry": { "type": "Polygon", "coordinates": [ [ [ 6.247260300589702, 48.700063716215986 ], [ 6.247125021858812, 48.701860170564117 ], [ 6.249838336136059, 48.701951689531803 ], [ 6.249973517494155, 48.700155231384549 ], [ 6.247260300589702, 48.700063716215986 ] ] ] } },
{ "type": "Feature", "properties": { "population": 173.0, "couverture_min": 5 }, "geometry": { "type": "Polygon", "coordinates": [ [ [ 6.249973517494155, 48.700155231384549 ], [ 6.249838336136059, 48.701951689531803 ], [ 6.252551659498906, 48.702043142370044 ], [ 6.252686743482943, 48.700246680426403 ], [ 6.249973517494155, 48.700155231384549 ] ] ] } },
{ "type": "Feature", "properties": { "population": 185.0, "couverture_min": 5 }, "geometry": { "type": "Polygon", "coordinates": [ [ [ 6.252686743482943, 48.700246680426403 ], [ 6.252551659498906, 48.702043142370044 ], [ 6.255264991940852, 48.702134529078506 ], [ 6.255399978549567, 48.700338063341192 ], [ 6.252686743482943, 48.700246680426403 ] ] ] } },
{ "type": "Feature", "properties": { "population": 86.0, "couverture_min": 5 }, "geometry": { "type": "Polygon", "coordinates": [ [ [ 6.255399978549567, 48.700338063341192 ], [ 6.255264991940852, 48.702134529078506 ], [ 6.257978333455391, 48.702225849656777 ], [ 6.25811322268752, 48.700429380128519 ], [ 6.255399978549567, 48.700338063341192 ] ] ] } },
{ "type": "Feature", "properties": { "population": 261.0, "couverture_min": 5 }, "geometry": { "type": "Polygon", "coordinates": [ [ [ 6.25811322268752, 48.700429380128519 ], [ 6.257978333455391, 48.702225849656777 ], [ 6.260691684036021, 48.702317104104573 ], [ 6.260826475890301, 48.700520630788105 ], [ 6.25811322268752, 48.700429380128519 ] ] ] } },
{ "type": "Feature", "properties": { "population": 219.0, "couverture_min": 5 }, "geometry": { "type": "Polygon", "coordinates": [ [ [ 6.260826475890301, 48.700520630788105 ], [ 6.260691684036021, 48.702317104104573 ], [ 6.263405043676239, 48.702408292421481 ], [ 6.263539738151411, 48.700611815319512 ], [ 6.260826475890301, 48.700520630788105 ] ] ] } },
{ "type": "Feature", "properties": { "population": 105.5, "couverture_min": 5 }, "geometry": { "type": "Polygon", "coordinates": [ [ [ 6.262461838428001, 48.714983588860939 ], [ 6.262327045670208, 48.716780053603856 ], [ 6.265041193724388, 48.716871206064418 ], [ 6.265175889031153, 48.7150747375359 ], [ 6.262461838428001, 48.714983588860939 ] ] ] } },
{ "type": "Feature", "properties": { "population": 92.5, "couverture_min": 5 }, "geometry": { "type": "Polygon", "coordinates": [ [ [ 6.262596618894874, 48.713187122574652 ], [ 6.262461838428001, 48.714983588860939 ], [ 6.265175889031153, 48.7150747375359 ], [ 6.26531057205583, 48.713278267464354 ], [ 6.262596618894874, 48.713187122574652 ] ] ] } },
{ "type": "Feature", "properties": { "population": 72.5, "couverture_min": 5 }, "geometry": { "type": "Polygon", "coordinates": [ [ [ 6.26273138707242, 48.711390654744477 ], [ 6.262596618894874, 48.713187122574652 ], [ 6.26531057205583, 48.713278267464354 ], [ 6.265445242800019, 48.711481795849288 ], [ 6.26273138707242, 48.711390654744477 ] ] ] } },
{ "type": "Feature", "properties": { "population": 119.0, "couverture_min": 5 }, "geometry": { "type": "Polygon", "coordinates": [ [ [ 6.262866142962239, 48.709594185370079 ], [ 6.26273138707242, 48.711390654744477 ], [ 6.265445242800019, 48.711481795849288 ], [ 6.265579901265315, 48.709685322690355 ], [ 6.262866142962239, 48.709594185370079 ] ] ] } },
{ "type": "Feature", "properties": { "population": 77.0, "couverture_min": 5 }, "geometry": { "type": "Polygon", "coordinates": [ [ [ 6.263000886565935, 48.707797714450983 ], [ 6.262866142962239, 48.709594185370079 ], [ 6.265579901265315, 48.709685322690355 ], [ 6.265714547453318, 48.707888847987057 ], [ 6.263000886565935, 48.707797714450983 ] ] ] } },
{ "type": "Feature", "properties": { "population": 15.0, "couverture_min": 5 }, "geometry": { "type": "Polygon", "coordinates": [ [ [ 6.263270336921334, 48.70420476797711 ], [ 6.263135617885098, 48.70600124198679 ], [ 6.265849181365625, 48.706092371739068 ], [ 6.265983803003833, 48.704295893945911 ], [ 6.263270336921334, 48.70420476797711 ] ] ] } },
{ "type": "Feature", "properties": { "population": 38.5, "couverture_min": 5 }, "geometry": { "type": "Polygon", "coordinates": [ [ [ 6.263405043676239, 48.702408292421481 ], [ 6.263270336921334, 48.70420476797711 ], [ 6.265983803003833, 48.704295893945911 ], [ 6.26611841236954, 48.702499414607175 ], [ 6.263405043676239, 48.702408292421481 ] ] ] } },
{ "type": "Feature", "properties": { "population": 159.5, "couverture_min": 5 }, "geometry": { "type": "Polygon", "coordinates": [ [ [ 6.265175889031153, 48.7150747375359 ], [ 6.265041193724388, 48.716871206064418 ], [ 6.267755350835229, 48.716962292371583 ], [ 6.267889948689704, 48.715165820060214 ], [ 6.265175889031153, 48.7150747375359 ] ] ] } },
{ "type": "Feature", "properties": { "population": 121.5, "couverture_min": 5 }, "geometry": { "type": "Polygon", "coordinates": [ [ [ 6.26531057205583, 48.713278267464354 ], [ 6.265175889031153, 48.7150747375359 ], [ 6.267889948689704, 48.715165820060214 ], [ 6.268024534270929, 48.713369346206129 ], [ 6.26531057205583, 48.713278267464354 ] ] ] } },
{ "type": "Feature", "properties": { "population": 131.0, "couverture_min": 5 }, "geometry": { "type": "Polygon", "coordinates": [ [ [ 6.265445242800019, 48.711481795849288 ], [ 6.26531057205583, 48.713278267464354 ], [ 6.268024534270929, 48.713369346206129 ], [ 6.268159107580496, 48.711572870808908 ], [ 6.265445242800019, 48.711481795849288 ] ] ] } },
{ "type": "Feature", "properties": { "population": 106.0, "couverture_min": 5 }, "geometry": { "type": "Polygon", "coordinates": [ [ [ 6.265579901265315, 48.709685322690355 ], [ 6.265445242800019, 48.711481795849288 ], [ 6.268159107580496, 48.711572870808908 ], [ 6.26829366862001, 48.70977639386814 ], [ 6.265579901265315, 48.709685322690355 ] ] ] } },
{ "type": "Feature", "properties": { "population": 11.0, "couverture_min": 10 }, "geometry": { "type": "Polygon", "coordinates": [ [ [ 6.26611841236954, 48.702499414607175 ], [ 6.265983803003833, 48.704295893945911 ], [ 6.268697278134168, 48.704386953780407 ], [ 6.268831790109417, 48.702590470661299 ], [ 6.26611841236954, 48.702499414607175 ] ] ] } },
{ "type": "Feature", "properties": { "population": 78.5, "couverture_min": 5 }, "geometry": { "type": "Polygon", "coordinates": [ [ [ 6.267889948689704, 48.715165820060214 ], [ 6.267755350835229, 48.716962292371583 ], [ 6.270469516996219, 48.717053312524953 ], [ 6.270604017397144, 48.71525683643344 ], [ 6.267889948689704, 48.715165820060214 ] ] ] } },
{ "type": "Feature", "properties": { "population": 127.0, "couverture_min": 5 }, "geometry": { "type": "Polygon", "coordinates": [ [ [ 6.268024534270929, 48.713369346206129 ], [ 6.267889948689704, 48.715165820060214 ], [ 6.270604017397144, 48.71525683643344 ], [ 6.270738505533653, 48.713460358799587 ], [ 6.268024534270929, 48.713369346206129 ] ] ] } },
{ "type": "Feature", "properties": { "population": 130.0, "couverture_min": 5 }, "geometry": { "type": "Polygon", "coordinates": [ [ [ 6.268159107580496, 48.711572870808908 ], [ 6.268024534270929, 48.713369346206129 ], [ 6.270738505533653, 48.713460358799587 ], [ 6.270872981407345, 48.711663879622925 ], [ 6.268159107580496, 48.711572870808908 ] ] ] } },
{ "type": "Feature", "properties": { "population": 15.0, "couverture_min": 10 }, "geometry": { "type": "Polygon", "coordinates": [ [ [ 6.26829366862001, 48.70977639386814 ], [ 6.268159107580496, 48.711572870808908 ], [ 6.270872981407345, 48.711663879622925 ], [ 6.271007445019813, 48.709867398903086 ], [ 6.26829366862001, 48.70977639386814 ] ] ] } },
{ "type": "Feature", "properties": { "population": 49.0, "couverture_min": 5 }, "geometry": { "type": "Polygon", "coordinates": [ [ [ 6.270604017397144, 48.71525683643344 ], [ 6.270469516996219, 48.717053312524953 ], [ 6.273183692200851, 48.717144266524222 ], [ 6.273318095146966, 48.715347786655308 ], [ 6.270604017397144, 48.71525683643344 ] ] ] } },
{ "type": "Feature", "properties": { "population": 329.5, "couverture_min": 5 }, "geometry": { "type": "Polygon", "coordinates": [ [ [ 6.270738505533653, 48.713460358799587 ], [ 6.270604017397144, 48.71525683643344 ], [ 6.273318095146966, 48.715347786655308 ], [ 6.2734524858375, 48.713551305244359 ], [ 6.270738505533653, 48.713460358799587 ] ] ] } },
{ "type": "Feature", "properties": { "population": 37.5, "couverture_min": 5 }, "geometry": { "type": "Polygon", "coordinates": [ [ [ 6.270872981407345, 48.711663879622925 ], [ 6.270738505533653, 48.713460358799587 ], [ 6.2734524858375, 48.713551305244359 ], [ 6.273586864274057, 48.711754822291006 ], [ 6.270872981407345, 48.711663879622925 ] ] ] } },
{ "type": "Feature", "properties": { "population": 100.5, "couverture_min": 5 }, "geometry": { "type": "Polygon", "coordinates": [ [ [ 6.273318095146966, 48.715347786655308 ], [ 6.273183692200851, 48.717144266524222 ], [ 6.275897876442611, 48.717235154369021 ], [ 6.276032181932652, 48.715438670725391 ], [ 6.273318095146966, 48.715347786655308 ] ] ] } },
{ "type": "Feature", "properties": { "population": 235.5, "couverture_min": 5 }, "geometry": { "type": "Polygon", "coordinates": [ [ [ 6.2734524858375, 48.713551305244359 ], [ 6.273318095146966, 48.715347786655308 ], [ 6.276032181932652, 48.715438670725391 ], [ 6.276166475175956, 48.713642185540117 ], [ 6.2734524858375, 48.713551305244359 ] ] ] } },
{ "type": "Feature", "properties": { "population": 80.0, "couverture_min": 5 }, "geometry": { "type": "Polygon", "coordinates": [ [ [ 6.273586864274057, 48.711754822291006 ], [ 6.2734524858375, 48.713551305244359 ], [ 6.276166475175956, 48.713642185540117 ], [ 6.276300756174118, 48.711845698812809 ], [ 6.273586864274057, 48.711754822291006 ] ] ] } },
{ "type": "Feature", "properties": { "population": 4.0, "couverture_min": null }, "geometry": { "type": "Polygon", "coordinates": [ [ [ 6.274392877649035, 48.700975892156734 ], [ 6.274258572702895, 48.702772384373361 ], [ 6.276971977543483, 48.702863242030595 ], [ 6.277106185104221, 48.701066746042123 ], [ 6.274392877649035, 48.700975892156734 ] ] ] } },
{ "type": "Feature", "properties": { "population": 11.0, "couverture_min": 5 }, "geometry": { "type": "Polygon", "coordinates": [ [ [ 6.276032181932652, 48.715438670725391 ], [ 6.275897876442611, 48.717235154369021 ], [ 6.278612069714981, 48.717325976058952 ], [ 6.2787462777477, 48.715529488643391 ], [ 6.276032181932652, 48.715438670725391 ] ] ] } },
{ "type": "Feature", "properties": { "population": 22.5, "couverture_min": 5 }, "geometry": { "type": "Polygon", "coordinates": [ [ [ 6.276166475175956, 48.713642185540117 ], [ 6.276032181932652, 48.715438670725391 ], [ 6.2787462777477, 48.715529488643391 ], [ 6.278880473542516, 48.713732999686528 ], [ 6.276166475175956, 48.713642185540117 ] ] ] } },
{ "type": "Feature", "properties": { "population": 30.0, "couverture_min": 10 }, "geometry": { "type": "Polygon", "coordinates": [ [ [ 6.276300756174118, 48.711845698812809 ], [ 6.276166475175956, 48.713642185540117 ], [ 6.278880473542516, 48.713732999686528 ], [ 6.279014657101022, 48.711936509187936 ], [ 6.276300756174118, 48.711845698812809 ] ] ] } },
{ "type": "Feature", "properties": { "population": 2.0, "couverture_min": null }, "geometry": { "type": "Polygon", "coordinates": [ [ [ 6.277106185104221, 48.701066746042123 ], [ 6.276971977543483, 48.702863242030595 ], [ 6.279685391404633, 48.702954033554846 ], [ 6.279819501578713, 48.701157533797272 ], [ 6.277106185104221, 48.701066746042123 ] ] ] } },
{ "type": "Feature", "properties": { "population": 38.0, "couverture_min": 5 }, "geometry": { "type": "Polygon", "coordinates": [ [ [ 6.265041193724388, 48.716871206064418 ], [ 6.264906486133936, 48.718667673050277 ], [ 6.267620740705903, 48.718758763140649 ], [ 6.267755350835229, 48.716962292371583 ], [ 6.265041193724388, 48.716871206064418 ] ] ] } },
{ "type": "Feature", "properties": { "population": 4.0, "couverture_min": 5 }, "geometry": { "type": "Polygon", "coordinates": [ [ [ 6.267755350835229, 48.716962292371583 ], [ 6.267620740705903, 48.718758763140649 ], [ 6.270335004329285, 48.718849787074539 ], [ 6.270469516996219, 48.717053312524953 ], [ 6.267755350835229, 48.716962292371583 ] ] ] } },
{ "type": "Feature", "properties": { "population": 29.5, "couverture_min": 5 }, "geometry": { "type": "Polygon", "coordinates": [ [ [ 6.270469516996219, 48.717053312524953 ], [ 6.270335004329285, 48.718849787074539 ], [ 6.273049276997565, 48.718940744851579 ], [ 6.273183692200851, 48.717144266524222 ], [ 6.270469516996219, 48.717053312524953 ] ] ] } },
{ "type": "Feature", "properties": { "population": 12.0, "couverture_min": 5 }, "geometry": { "type": "Polygon", "coordinates": [ [ [ 6.240885320337369, 48.712455582173334 ], [ 6.240749760378455, 48.714252018079357 ], [ 6.243463738304037, 48.714343695946965 ], [ 6.243599200830876, 48.71254725623384 ], [ 6.240885320337369, 48.712455582173334 ] ] ] } },
{ "type": "Feature", "properties": { "population": 4.0, "couverture_min": 5 }, "geometry": { "type": "Polygon", "coordinates": [ [ [ 6.24373465100655, 48.710750814974361 ], [ 6.243599200830876, 48.71254725623384 ], [ 6.246313090430595, 48.712638864149255 ], [ 6.246448443181762, 48.710842419085793 ], [ 6.24373465100655, 48.710750814974361 ] ] ] } },
{ "type": "Feature", "properties": { "population": 1.0, "couverture_min": 5 }, "geometry": { "type": "Polygon", "coordinates": [ [ [ 6.243870088832665, 48.708954372168158 ], [ 6.24373465100655, 48.710750814974361 ], [ 6.246448443181762, 48.710842419085793 ], [ 6.246583783592202, 48.709045972475941 ], [ 6.243870088832665, 48.708954372168158 ] ] ] } },
{ "type": "Feature", "properties": { "population": 1.0, "couverture_min": 5 }, "geometry": { "type": "Polygon", "coordinates": [ [ [ 6.244140927442643, 48.705361481913769 ], [ 6.244005514310828, 48.707157927814748 ], [ 6.246719111663522, 48.707249524319252 ], [ 6.246854427397325, 48.705453074615342 ], [ 6.244140927442643, 48.705361481913769 ] ] ] } },
{ "type": "Feature", "properties": { "population": 1.0, "couverture_min": 5 }, "geometry": { "type": "Polygon", "coordinates": [ [ [ 6.244276328229724, 48.703565034464781 ], [ 6.244140927442643, 48.705361481913769 ], [ 6.246854427397325, 48.705453074615342 ], [ 6.246989730795221, 48.70365662336377 ], [ 6.244276328229724, 48.703565034464781 ] ] ] } },
{ "type": "Feature", "properties": { "population": 5.0, "couverture_min": 5 }, "geometry": { "type": "Polygon", "coordinates": [ [ [ 6.246854427397325, 48.705453074615342 ], [ 6.246719111663522, 48.707249524319252 ], [ 6.249432718112119, 48.707341054686481 ], [ 6.249567936446645, 48.705544601182353 ], [ 6.246854427397325, 48.705453074615342 ] ] ] } },
{ "type": "Feature", "properties": { "population": 77.0, "couverture_min": 5 }, "geometry": { "type": "Polygon", "coordinates": [ [ [ 6.247125021858812, 48.701860170564117 ], [ 6.246989730795221, 48.70365662336377 ], [ 6.249703142454088, 48.703748146130927 ], [ 6.249838336136059, 48.701951689531803 ], [ 6.247125021858812, 48.701860170564117 ] ] ] } },
{ "type": "Feature", "properties": { "population": 6.0, "couverture_min": 5 }, "geometry": { "type": "Polygon", "coordinates": [ [ [ 6.249162244455411, 48.710933957054486 ], [ 6.249026989130018, 48.712730405919231 ], [ 6.251740896922635, 48.712821881543341 ], [ 6.251876054820987, 48.711025428880085 ], [ 6.249162244455411, 48.710933957054486 ] ] ] } },
{ "type": "Feature", "properties": { "population": 4.0, "couverture_min": 10 }, "geometry": { "type": "Polygon", "coordinates": [ [ [ 6.249432718112119, 48.707341054686481 ], [ 6.249297487448907, 48.709137506643692 ], [ 6.252011200396276, 48.709228974671106 ], [ 6.252146333650113, 48.707432518916058 ], [ 6.249432718112119, 48.707341054686481 ] ] ] } },
{ "type": "Feature", "properties": { "population": 7.0, "couverture_min": 5 }, "geometry": { "type": "Polygon", "coordinates": [ [ [ 6.249567936446645, 48.705544601182353 ], [ 6.249432718112119, 48.707341054686481 ], [ 6.252146333650113, 48.707432518916058 ], [ 6.252281454584094, 48.705636061614449 ], [ 6.249567936446645, 48.705544601182353 ] ] ] } },
{ "type": "Feature", "properties": { "population": 290.0, "couverture_min": 5 }, "geometry": { "type": "Polygon", "coordinates": [ [ [ 6.249703142454088, 48.703748146130927 ], [ 6.249567936446645, 48.705544601182353 ], [ 6.252281454584094, 48.705636061614449 ], [ 6.252416563199822, 48.703839602765925 ], [ 6.249703142454088, 48.703748146130927 ] ] ] } },
{ "type": "Feature", "properties": { "population": 326.0, "couverture_min": 5 }, "geometry": { "type": "Polygon", "coordinates": [ [ [ 6.249838336136059, 48.701951689531803 ], [ 6.249703142454088, 48.703748146130927 ], [ 6.252416563199822, 48.703839602765925 ], [ 6.252551659498906, 48.702043142370044 ], [ 6.249838336136059, 48.701951689531803 ] ] ] } },
{ "type": "Feature", "properties": { "population": 115.5, "couverture_min": 5 }, "geometry": { "type": "Polygon", "coordinates": [ [ [ 6.251876054820987, 48.711025428880085 ], [ 6.251740896922635, 48.712821881543341 ], [ 6.254454813801939, 48.71291329102133 ], [ 6.254589874271987, 48.71111683456224 ], [ 6.251876054820987, 48.711025428880085 ] ] ] } },
{ "type": "Feature", "properties": { "population": 57.0, "couverture_min": 5 }, "geometry": { "type": "Polygon", "coordinates": [ [ [ 6.252011200396276, 48.709228974671106 ], [ 6.251876054820987, 48.711025428880085 ], [ 6.254589874271987, 48.71111683456224 ], [ 6.254724922427802, 48.709320376557805 ], [ 6.252011200396276, 48.709228974671106 ] ] ] } },
{ "type": "Feature", "properties": { "population": 75.5, "couverture_min": 10 }, "geometry": { "type": "Polygon", "coordinates": [ [ [ 6.252146333650113, 48.707432518916058 ], [ 6.252011200396276, 48.709228974671106 ], [ 6.254724922427802, 48.709320376557805 ], [ 6.254859958270997, 48.707523917007634 ], [ 6.252146333650113, 48.707432518916058 ] ] ] } },
{ "type": "Feature", "properties": { "population": 25.0, "couverture_min": 5 }, "geometry": { "type": "Polygon", "coordinates": [ [ [ 6.252416563199822, 48.703839602765925 ], [ 6.252281454584094, 48.705636061614449 ], [ 6.254994981803168, 48.705727455911315 ], [ 6.25512999302592, 48.703930993268408 ], [ 6.252416563199822, 48.703839602765925 ] ] ] } },
{ "type": "Feature", "properties": { "population": 134.0, "couverture_min": 5 }, "geometry": { "type": "Polygon", "coordinates": [ [ [ 6.252551659498906, 48.702043142370044 ], [ 6.252416563199822, 48.703839602765925 ], [ 6.25512999302592, 48.703930993268408 ], [ 6.255264991940852, 48.702134529078506 ], [ 6.252551659498906, 48.702043142370044 ] ] ] } },
{ "type": "Feature", "properties": { "population": 1.0, "couverture_min": 10 }, "geometry": { "type": "Polygon", "coordinates": [ [ [ 6.246313090430595, 48.712638864149255 ], [ 6.246177725337097, 48.71443530766674 ], [ 6.248891721471127, 48.714526853238311 ], [ 6.249026989130018, 48.712730405919231 ], [ 6.246313090430595, 48.712638864149255 ] ] ] } },
{ "type": "Feature", "properties": { "population": 15.0, "couverture_min": 5 }, "geometry": { "type": "Polygon", "coordinates": [ [ [ 6.249026989130018, 48.712730405919231 ], [ 6.248891721471127, 48.714526853238311 ], [ 6.251605726699618, 48.714618332661367 ], [ 6.251740896922635, 48.712821881543341 ], [ 6.249026989130018, 48.712730405919231 ] ] ] } },
{ "type": "Feature", "properties": { "population": 141.0, "couverture_min": 5 }, "geometry": { "type": "Polygon", "coordinates": [ [ [ 6.251740896922635, 48.712821881543341 ], [ 6.251605726699618, 48.714618332661367 ], [ 6.254319741016063, 48.714709745935522 ], [ 6.254454813801939, 48.71291329102133 ], [ 6.251740896922635, 48.712821881543341 ] ] ] } },
{ "type": "Feature", "properties": { "population": 1.0, "couverture_min": 10 }, "geometry": { "type": "Polygon", "coordinates": [ [ [ 6.248891721471127, 48.714526853238311 ], [ 6.248756441477131, 48.71632329901221 ], [ 6.251470544150335, 48.71641478223453 ], [ 6.251605726699618, 48.714618332661367 ], [ 6.248891721471127, 48.714526853238311 ] ] ] } },
{ "type": "Feature", "properties": { "population": 24.0, "couverture_min": 10 }, "geometry": { "type": "Polygon", "coordinates": [ [ [ 6.251605726699618, 48.714618332661367 ], [ 6.251470544150335, 48.71641478223453 ], [ 6.254184655912753, 48.716506199305186 ], [ 6.254319741016063, 48.714709745935522 ], [ 6.251605726699618, 48.714618332661367 ] ] ] } },
{ "type": "Feature", "properties": { "population": 110.0, "couverture_min": 5 }, "geometry": { "type": "Polygon", "coordinates": [ [ [ 6.254319741016063, 48.714709745935522 ], [ 6.254184655912753, 48.716506199305186 ], [ 6.25689877675788, 48.716597550223867 ], [ 6.257033764413947, 48.71480109306038 ], [ 6.254319741016063, 48.714709745935522 ] ] ] } },
{ "type": "Feature", "properties": { "population": 16.5, "couverture_min": 5 }, "geometry": { "type": "Polygon", "coordinates": [ [ [ 6.238578346919168, 48.706974536395428 ], [ 6.238442726631122, 48.708770973134051 ], [ 6.241156403176803, 48.70886270572074 ], [ 6.241291926060542, 48.70706626517336 ], [ 6.238578346919168, 48.706974536395428 ] ] ] } },
{ "type": "Feature", "properties": { "population": 13.0, "couverture_min": 5 }, "geometry": { "type": "Polygon", "coordinates": [ [ [ 6.238442726631122, 48.708770973134051 ], [ 6.238307093977463, 48.710567408324799 ], [ 6.241020867936283, 48.710659144720609 ], [ 6.241156403176803, 48.70886270572074 ], [ 6.238442726631122, 48.708770973134051 ] ] ] } },
{ "type": "Feature", "properties": { "population": 88.5, "couverture_min": 10 }, "geometry": { "type": "Polygon", "coordinates": [ [ [ 6.238307093977463, 48.710567408324799 ], [ 6.23817144895658, 48.712363841968063 ], [ 6.240885320337369, 48.712455582173334 ], [ 6.241020867936283, 48.710659144720609 ], [ 6.238307093977463, 48.710567408324799 ] ] ] } },
{ "type": "Feature", "properties": { "population": 2.0, "couverture_min": null }, "geometry": { "type": "Polygon", "coordinates": [ [ [ 6.237900121806703, 48.715956704613866 ], [ 6.237764439674489, 48.717753133617194 ], [ 6.240478603374194, 48.717844885252994 ], [ 6.240614188057933, 48.716048452439104 ], [ 6.237900121806703, 48.715956704613866 ] ] ] } },
{ "type": "Feature", "properties": { "population": 2.0, "couverture_min": 15 }, "geometry": { "type": "Polygon", "coordinates": [ [ [ 6.251470544150335, 48.71641478223453 ], [ 6.25133534927318, 48.718211230263258 ], [ 6.25404955849041, 48.718302651130799 ], [ 6.254184655912753, 48.716506199305186 ], [ 6.251470544150335, 48.71641478223453 ] ] ] } },
{ "type": "Feature", "properties": { "population": 26.0, "couverture_min": 10 }, "geometry": { "type": "Polygon", "coordinates": [ [ [ 6.254184655912753, 48.716506199305186 ], [ 6.25404955849041, 48.718302651130799 ], [ 6.256763776791614, 48.718394005843642 ], [ 6.25689877675788, 48.716597550223867 ], [ 6.254184655912753, 48.716506199305186 ] ] ] } },
{ "type": "Feature", "properties": { "population": 6.0, "couverture_min": null }, "geometry": { "type": "Polygon", "coordinates": [ [ [ 6.237764439674489, 48.717753133617194 ], [ 6.237628745168614, 48.719549561074729 ], [ 6.24034300632563, 48.719641316521425 ], [ 6.240478603374194, 48.717844885252994 ], [ 6.237764439674489, 48.717753133617194 ] ] ] } },
{ "type": "Feature", "properties": { "population": 403.5, "couverture_min": 5 }, "geometry": { "type": "Polygon", "coordinates": [ [ [ 6.222569435847488, 48.702829942570581 ], [ 6.222433255992629, 48.704626359500807 ], [ 6.225146682956066, 48.704718481265822 ], [ 6.225282765431901, 48.702922060511177 ], [ 6.222569435847488, 48.702829942570581 ] ] ] } },
{ "type": "Feature", "properties": { "population": 533.0, "couverture_min": 5 }, "geometry": { "type": "Polygon", "coordinates": [ [ [ 6.225282765431901, 48.702922060511177 ], [ 6.225146682956066, 48.704718481265822 ], [ 6.22786011906617, 48.704810536899124 ], [ 6.22799610416171, 48.703014112322826 ], [ 6.225282765431901, 48.702922060511177 ] ] ] } },
{ "type": "Feature", "properties": { "population": 263.5, "couverture_min": 5 }, "geometry": { "type": "Polygon", "coordinates": [ [ [ 6.22799610416171, 48.703014112322826 ], [ 6.22786011906617, 48.704810536899124 ], [ 6.230573564316439, 48.704902526400396 ], [ 6.230709452030414, 48.703106098005179 ], [ 6.22799610416171, 48.703014112322826 ] ] ] } },
{ "type": "Feature", "properties": { "population": 83.0, "couverture_min": 5 }, "geometry": { "type": "Polygon", "coordinates": [ [ [ 6.230709452030414, 48.703106098005179 ], [ 6.230573564316439, 48.704902526400396 ], [ 6.233287018700373, 48.704994449769288 ], [ 6.233422809031507, 48.703198017557852 ], [ 6.230709452030414, 48.703106098005179 ] ] ] } },
{ "type": "Feature", "properties": { "population": 149.5, "couverture_min": 5 }, "geometry": { "type": "Polygon", "coordinates": [ [ [ 6.222433255992629, 48.704626359500807 ], [ 6.222297063722406, 48.706422774880131 ], [ 6.225010588073691, 48.706514900469898 ], [ 6.225146682956066, 48.704718481265822 ], [ 6.222433255992629, 48.704626359500807 ] ] ] } },
{ "type": "Feature", "properties": { "population": 174.0, "couverture_min": 5 }, "geometry": { "type": "Polygon", "coordinates": [ [ [ 6.225146682956066, 48.704718481265822 ], [ 6.225010588073691, 48.706514900469898 ], [ 6.227724121572918, 48.706606959925232 ], [ 6.22786011906617, 48.704810536899124 ], [ 6.225146682956066, 48.704718481265822 ] ] ] } },
{ "type": "Feature", "properties": { "population": 125.0, "couverture_min": 5 }, "geometry": { "type": "Polygon", "coordinates": [ [ [ 6.22786011906617, 48.704810536899124 ], [ 6.227724121572918, 48.706606959925232 ], [ 6.230437664213586, 48.706698953245819 ], [ 6.230573564316439, 48.704902526400396 ], [ 6.22786011906617, 48.704810536899124 ] ] ] } },
{ "type": "Feature", "properties": { "population": 138.5, "couverture_min": 5 }, "geometry": { "type": "Polygon", "coordinates": [ [ [ 6.230573564316439, 48.704902526400396 ], [ 6.230437664213586, 48.706698953245819 ], [ 6.233151215989186, 48.706790880431299 ], [ 6.233287018700373, 48.704994449769288 ], [ 6.230573564316439, 48.704902526400396 ] ] ] } },
{ "type": "Feature", "properties": { "population": 136.0, "couverture_min": 5 }, "geometry": { "type": "Polygon", "coordinates": [ [ [ 6.233287018700373, 48.704994449769288 ], [ 6.233151215989186, 48.706790880431299 ], [ 6.235864776893214, 48.706882741481266 ], [ 6.236000482211464, 48.705086307005431 ], [ 6.233287018700373, 48.704994449769288 ] ] ] } },
{ "type": "Feature", "properties": { "population": 63.5, "couverture_min": 10 }, "geometry": { "type": "Polygon", "coordinates": [ [ [ 6.222297063722406, 48.706422774880131 ], [ 6.222160859035206, 48.708219188708995 ], [ 6.224874480783169, 48.708311318123876 ], [ 6.225010588073691, 48.706514900469898 ], [ 6.222297063722406, 48.706422774880131 ] ] ] } },
{ "type": "Feature", "properties": { "population": 48.5, "couverture_min": 10 }, "geometry": { "type": "Polygon", "coordinates": [ [ [ 6.225010588073691, 48.706514900469898 ], [ 6.224874480783169, 48.708311318123876 ], [ 6.227588111680346, 48.708403381401617 ], [ 6.227724121572918, 48.706606959925232 ], [ 6.225010588073691, 48.706514900469898 ] ] ] } },
{ "type": "Feature", "properties": { "population": 64.0, "couverture_min": 10 }, "geometry": { "type": "Polygon", "coordinates": [ [ [ 6.227724121572918, 48.706606959925232 ], [ 6.227588111680346, 48.708403381401617 ], [ 6.230301751720239, 48.708495378541862 ], [ 6.230437664213586, 48.706698953245819 ], [ 6.227724121572918, 48.706606959925232 ] ] ] } },
{ "type": "Feature", "properties": { "population": 162.5, "couverture_min": 5 }, "geometry": { "type": "Polygon", "coordinates": [ [ [ 6.230437664213586, 48.706698953245819 ], [ 6.230301751720239, 48.708495378541862 ], [ 6.233015400896336, 48.708587309544257 ], [ 6.233151215989186, 48.706790880431299 ], [ 6.230437664213586, 48.706698953245819 ] ] ] } },
{ "type": "Feature", "properties": { "population": 168.0, "couverture_min": 5 }, "geometry": { "type": "Polygon", "coordinates": [ [ [ 6.233151215989186, 48.706790880431299 ], [ 6.233015400896336, 48.708587309544257 ], [ 6.23572905920213, 48.708679174408445 ], [ 6.235864776893214, 48.706882741481266 ], [ 6.233151215989186, 48.706790880431299 ] ] ] } },
{ "type": "Feature", "properties": { "population": 62.0, "couverture_min": 5 }, "geometry": { "type": "Polygon", "coordinates": [ [ [ 6.235864776893214, 48.706882741481266 ], [ 6.23572905920213, 48.708679174408445 ], [ 6.238442726631122, 48.708770973134051 ], [ 6.238578346919168, 48.706974536395428 ], [ 6.235864776893214, 48.706882741481266 ] ] ] } },
{ "type": "Feature", "properties": { "population": 2.0, "couverture_min": 10 }, "geometry": { "type": "Polygon", "coordinates": [ [ [ 6.230301751720239, 48.708495378541862 ], [ 6.230165826834786, 48.710291802288914 ], [ 6.232879573420205, 48.710383737108593 ], [ 6.233015400896336, 48.708587309544257 ], [ 6.230301751720239, 48.708495378541862 ] ] ] } },
{ "type": "Feature", "properties": { "population": 95.5, "couverture_min": 5 }, "geometry": { "type": "Polygon", "coordinates": [ [ [ 6.233015400896336, 48.708587309544257 ], [ 6.232879573420205, 48.710383737108593 ], [ 6.235593329136603, 48.710475605787366 ], [ 6.23572905920213, 48.708679174408445 ], [ 6.233015400896336, 48.708587309544257 ] ] ] } },
{ "type": "Feature", "properties": { "population": 134.5, "couverture_min": 5 }, "geometry": { "type": "Polygon", "coordinates": [ [ [ 6.23572905920213, 48.708679174408445 ], [ 6.235593329136603, 48.710475605787366 ], [ 6.238307093977463, 48.710567408324799 ], [ 6.238442726631122, 48.708770973134051 ], [ 6.23572905920213, 48.708679174408445 ] ] ] } },
{ "type": "Feature", "properties": { "population": 39.0, "couverture_min": 5 }, "geometry": { "type": "Polygon", "coordinates": [ [ [ 6.222024641929407, 48.71001560098783 ], [ 6.221888412403396, 48.711812011717029 ], [ 6.224602228971206, 48.711904148783205 ], [ 6.224738361082878, 48.710107734228167 ], [ 6.222024641929407, 48.71001560098783 ] ] ] } },
{ "type": "Feature", "properties": { "population": 18.0, "couverture_min": 10 }, "geometry": { "type": "Polygon", "coordinates": [ [ [ 6.232879573420205, 48.710383737108593 ], [ 6.232743733559192, 48.712180163124771 ], [ 6.235457586695018, 48.712272035618447 ], [ 6.235593329136603, 48.710475605787366 ], [ 6.232879573420205, 48.710383737108593 ] ] ] } },
{ "type": "Feature", "properties": { "population": 34.0, "couverture_min": 10 }, "geometry": { "type": "Polygon", "coordinates": [ [ [ 6.235593329136603, 48.710475605787366 ], [ 6.235457586695018, 48.712272035618447 ], [ 6.23817144895658, 48.712363841968063 ], [ 6.238307093977463, 48.710567408324799 ], [ 6.235593329136603, 48.710475605787366 ] ] ] } },
{ "type": "Feature", "properties": { "population": 43.0, "couverture_min": 5 }, "geometry": { "type": "Polygon", "coordinates": [ [ [ 6.221888412403396, 48.711812011717029 ], [ 6.221752170455558, 48.713608420896996 ], [ 6.224466084446536, 48.713700561789381 ], [ 6.224602228971206, 48.711904148783205 ], [ 6.221888412403396, 48.711812011717029 ] ] ] } },
{ "type": "Feature", "properties": { "population": 84.0, "couverture_min": 5 }, "geometry": { "type": "Polygon", "coordinates": [ [ [ 6.221752170455558, 48.713608420896996 ], [ 6.221615916084273, 48.715404828528186 ], [ 6.224329927507256, 48.71549697324712 ], [ 6.224466084446536, 48.713700561789381 ], [ 6.221752170455558, 48.713608420896996 ] ] ] } },
{ "type": "Feature", "properties": { "population": 34.5, "couverture_min": 5 }, "geometry": { "type": "Polygon", "coordinates": [ [ [ 6.221615916084273, 48.715404828528186 ], [ 6.221479649287927, 48.717201234610975 ], [ 6.224193758151748, 48.717293383156829 ], [ 6.224329927507256, 48.71549697324712 ], [ 6.221615916084273, 48.715404828528186 ] ] ] } },
{ "type": "Feature", "properties": { "population": 106.0, "couverture_min": 5 }, "geometry": { "type": "Polygon", "coordinates": [ [ [ 6.255264991940852, 48.702134529078506 ], [ 6.25512999302592, 48.703930993268408 ], [ 6.257843431925873, 48.704022317637993 ], [ 6.257978333455391, 48.702225849656777 ], [ 6.255264991940852, 48.702134529078506 ] ] ] } },
{ "type": "Feature", "properties": { "population": 128.5, "couverture_min": 5 }, "geometry": { "type": "Polygon", "coordinates": [ [ [ 6.257978333455391, 48.702225849656777 ], [ 6.257843431925873, 48.704022317637993 ], [ 6.260556879893181, 48.704113575874366 ], [ 6.260691684036021, 48.702317104104573 ], [ 6.257978333455391, 48.702225849656777 ] ] ] } },
{ "type": "Feature", "properties": { "population": 84.0, "couverture_min": 5 }, "geometry": { "type": "Polygon", "coordinates": [ [ [ 6.260691684036021, 48.702317104104573 ], [ 6.260556879893181, 48.704113575874366 ], [ 6.263270336921334, 48.70420476797711 ], [ 6.263405043676239, 48.702408292421481 ], [ 6.260691684036021, 48.702317104104573 ] ] ] } },
{ "type": "Feature", "properties": { "population": 55.0, "couverture_min": 5 }, "geometry": { "type": "Polygon", "coordinates": [ [ [ 6.25512999302592, 48.703930993268408 ], [ 6.254994981803168, 48.705727455911315 ], [ 6.257708518097367, 48.705818784072562 ], [ 6.257843431925873, 48.704022317637993 ], [ 6.25512999302592, 48.703930993268408 ] ] ] } },
{ "type": "Feature", "properties": { "population": 105.0, "couverture_min": 5 }, "geometry": { "type": "Polygon", "coordinates": [ [ [ 6.257843431925873, 48.704022317637993 ], [ 6.257708518097367, 48.705818784072562 ], [ 6.260422063460175, 48.705910046097834 ], [ 6.260556879893181, 48.704113575874366 ], [ 6.257843431925873, 48.704022317637993 ] ] ] } },
{ "type": "Feature", "properties": { "population": 69.0, "couverture_min": 5 }, "geometry": { "type": "Polygon", "coordinates": [ [ [ 6.260556879893181, 48.704113575874366 ], [ 6.260422063460175, 48.705910046097834 ], [ 6.263135617885098, 48.70600124198679 ], [ 6.263270336921334, 48.70420476797711 ], [ 6.260556879893181, 48.704113575874366 ] ] ] } },
{ "type": "Feature", "properties": { "population": 140.0, "couverture_min": 5 }, "geometry": { "type": "Polygon", "coordinates": [ [ [ 6.254994981803168, 48.705727455911315 ], [ 6.254859958270997, 48.707523917007634 ], [ 6.257573591968266, 48.707615248960913 ], [ 6.257708518097367, 48.705818784072562 ], [ 6.254994981803168, 48.705727455911315 ] ] ] } },
{ "type": "Feature", "properties": { "population": 107.0, "couverture_min": 5 }, "geometry": { "type": "Polygon", "coordinates": [ [ [ 6.257708518097367, 48.705818784072562 ], [ 6.257573591968266, 48.707615248960913 ], [ 6.260287234735415, 48.707706514775467 ], [ 6.260422063460175, 48.705910046097834 ], [ 6.257708518097367, 48.705818784072562 ] ] ] } },
{ "type": "Feature", "properties": { "population": 43.0, "couverture_min": 5 }, "geometry": { "type": "Polygon", "coordinates": [ [ [ 6.260422063460175, 48.705910046097834 ], [ 6.260287234735415, 48.707706514775467 ], [ 6.263000886565935, 48.707797714450983 ], [ 6.263135617885098, 48.70600124198679 ], [ 6.260422063460175, 48.705910046097834 ] ] ] } },
{ "type": "Feature", "properties": { "population": 62.0, "couverture_min": 5 }, "geometry": { "type": "Polygon", "coordinates": [ [ [ 6.254859958270997, 48.707523917007634 ], [ 6.254724922427802, 48.709320376557805 ], [ 6.257438653536976, 48.709411712303456 ], [ 6.257573591968266, 48.707615248960913 ], [ 6.254859958270997, 48.707523917007634 ] ] ] } },
{ "type": "Feature", "properties": { "population": 107.0, "couverture_min": 5 }, "geometry": { "type": "Polygon", "coordinates": [ [ [ 6.257573591968266, 48.707615248960913 ], [ 6.257438653536976, 48.709411712303456 ], [ 6.260152393717292, 48.709502981907661 ], [ 6.260287234735415, 48.707706514775467 ], [ 6.257573591968266, 48.707615248960913 ] ] ] } },
{ "type": "Feature", "properties": { "population": 180.0, "couverture_min": 5 }, "geometry": { "type": "Polygon", "coordinates": [ [ [ 6.260287234735415, 48.707706514775467 ], [ 6.260152393717292, 48.709502981907661 ], [ 6.262866142962239, 48.709594185370079 ], [ 6.263000886565935, 48.707797714450983 ], [ 6.260287234735415, 48.707706514775467 ] ] ] } },
{ "type": "Feature", "properties": { "population": 170.0, "couverture_min": 5 }, "geometry": { "type": "Polygon", "coordinates": [ [ [ 6.254724922427802, 48.709320376557805 ], [ 6.254589874271987, 48.71111683456224 ], [ 6.257303702801893, 48.711208174100577 ], [ 6.257438653536976, 48.709411712303456 ], [ 6.254724922427802, 48.709320376557805 ] ] ] } },
{ "type": "Feature", "properties": { "population": 278.5, "couverture_min": 5 }, "geometry": { "type": "Polygon", "coordinates": [ [ [ 6.257438653536976, 48.709411712303456 ], [ 6.257303702801893, 48.711208174100577 ], [ 6.260017540404209, 48.711299447494795 ], [ 6.260152393717292, 48.709502981907661 ], [ 6.257438653536976, 48.709411712303456 ] ] ] } },
{ "type": "Feature", "properties": { "population": 188.0, "couverture_min": 5 }, "geometry": { "type": "Polygon", "coordinates": [ [ [ 6.260152393717292, 48.709502981907661 ], [ 6.260017540404209, 48.711299447494795 ], [ 6.26273138707242, 48.711390654744477 ], [ 6.262866142962239, 48.709594185370079 ], [ 6.260152393717292, 48.709502981907661 ] ] ] } },
{ "type": "Feature", "properties": { "population": 146.0, "couverture_min": 5 }, "geometry": { "type": "Polygon", "coordinates": [ [ [ 6.254589874271987, 48.71111683456224 ], [ 6.254454813801939, 48.71291329102133 ], [ 6.257168739761418, 48.713004634352764 ], [ 6.257303702801893, 48.711208174100577 ], [ 6.254589874271987, 48.71111683456224 ] ] ] } },
{ "type": "Feature", "properties": { "population": 140.0, "couverture_min": 5 }, "geometry": { "type": "Polygon", "coordinates": [ [ [ 6.257303702801893, 48.711208174100577 ], [ 6.257168739761418, 48.713004634352764 ], [ 6.259882674794566, 48.713095911537337 ], [ 6.260017540404209, 48.711299447494795 ], [ 6.257303702801893, 48.711208174100577 ] ] ] } },
{ "type": "Feature", "properties": { "population": 318.0, "couverture_min": 5 }, "geometry": { "type": "Polygon", "coordinates": [ [ [ 6.260017540404209, 48.711299447494795 ], [ 6.259882674794566, 48.713095911537337 ], [ 6.262596618894874, 48.713187122574652 ], [ 6.26273138707242, 48.711390654744477 ], [ 6.260017540404209, 48.711299447494795 ] ] ] } },
{ "type": "Feature", "properties": { "population": 123.0, "couverture_min": 5 }, "geometry": { "type": "Polygon", "coordinates": [ [ [ 6.254454813801939, 48.71291329102133 ], [ 6.254319741016063, 48.714709745935522 ], [ 6.257033764413947, 48.71480109306038 ], [ 6.257168739761418, 48.713004634352764 ], [ 6.254454813801939, 48.71291329102133 ] ] ] } },
{ "type": "Feature", "properties": { "population": 115.5, "couverture_min": 5 }, "geometry": { "type": "Polygon", "coordinates": [ [ [ 6.257168739761418, 48.713004634352764 ], [ 6.257033764413947, 48.71480109306038 ], [ 6.259747796886765, 48.714892374035671 ], [ 6.259882674794566, 48.713095911537337 ], [ 6.257168739761418, 48.713004634352764 ] ] ] } },
{ "type": "Feature", "properties": { "population": 115.5, "couverture_min": 5 }, "geometry": { "type": "Polygon", "coordinates": [ [ [ 6.259882674794566, 48.713095911537337 ], [ 6.259747796886765, 48.714892374035671 ], [ 6.262461838428001, 48.714983588860939 ], [ 6.262596618894874, 48.713187122574652 ], [ 6.259882674794566, 48.713095911537337 ] ] ] } },
{ "type": "Feature", "properties": { "population": 115.0, "couverture_min": 5 }, "geometry": { "type": "Polygon", "coordinates": [ [ [ 6.257033764413947, 48.71480109306038 ], [ 6.25689877675788, 48.716597550223867 ], [ 6.259612906679201, 48.716688834990208 ], [ 6.259747796886765, 48.714892374035671 ], [ 6.257033764413947, 48.71480109306038 ] ] ] } },
{ "type": "Feature", "properties": { "population": 159.5, "couverture_min": 5 }, "geometry": { "type": "Polygon", "coordinates": [ [ [ 6.259747796886765, 48.714892374035671 ], [ 6.259612906679201, 48.716688834990208 ], [ 6.262327045670208, 48.716780053603856 ], [ 6.262461838428001, 48.714983588860939 ], [ 6.259747796886765, 48.714892374035671 ] ] ] } },
{ "type": "Feature", "properties": { "population": 33.5, "couverture_min": 10 }, "geometry": { "type": "Polygon", "coordinates": [ [ [ 6.25689877675788, 48.716597550223867 ], [ 6.256763776791614, 48.718394005843642 ], [ 6.259478004170277, 48.71848529440139 ], [ 6.259612906679201, 48.716688834990208 ], [ 6.25689877675788, 48.716597550223867 ] ] ] } },
{ "type": "Feature", "properties": { "population": 110.0, "couverture_min": 5 }, "geometry": { "type": "Polygon", "coordinates": [ [ [ 6.259612906679201, 48.716688834990208 ], [ 6.259478004170277, 48.71848529440139 ], [ 6.262192240619889, 48.718576516803736 ], [ 6.262327045670208, 48.716780053603856 ], [ 6.259612906679201, 48.716688834990208 ] ] ] } },
{ "type": "Feature", "properties": { "population": 178.5, "couverture_min": 5 }, "geometry": { "type": "Polygon", "coordinates": [ [ [ 6.262327045670208, 48.716780053603856 ], [ 6.262192240619889, 48.718576516803736 ], [ 6.264906486133936, 48.718667673050277 ], [ 6.265041193724388, 48.716871206064418 ], [ 6.262327045670208, 48.716780053603856 ] ] ] } },
{ "type": "Feature", "properties": { "population": 5.0, "couverture_min": 15 }, "geometry": { "type": "Polygon", "coordinates": [ [ [ 6.256763776791614, 48.718394005843642 ], [ 6.256628764513545, 48.720190459920104 ], [ 6.259343089358388, 48.720281752269635 ], [ 6.259478004170277, 48.71848529440139 ], [ 6.256763776791614, 48.718394005843642 ] ] ] } },
{ "type": "Feature", "properties": { "population": 10.0, "couverture_min": 10 }, "geometry": { "type": "Polygon", "coordinates": [ [ [ 6.259478004170277, 48.71848529440139 ], [ 6.259343089358388, 48.720281752269635 ], [ 6.262057423275443, 48.720372978461022 ], [ 6.262192240619889, 48.718576516803736 ], [ 6.259478004170277, 48.71848529440139 ] ] ] } },
{ "type": "Feature", "properties": { "population": 136.0, "couverture_min": 5 }, "geometry": { "type": "Polygon", "coordinates": [ [ [ 6.262192240619889, 48.718576516803736 ], [ 6.262057423275443, 48.720372978461022 ], [ 6.264771766258194, 48.720464138493888 ], [ 6.264906486133936, 48.718667673050277 ], [ 6.262192240619889, 48.718576516803736 ] ] ] } },
{ "type": "Feature", "properties": { "population": 26.0, "couverture_min": 5 }, "geometry": { "type": "Polygon", "coordinates": [ [ [ 6.264906486133936, 48.718667673050277 ], [ 6.264771766258194, 48.720464138493888 ], [ 6.267486118300133, 48.72055523236785 ], [ 6.267620740705903, 48.718758763140649 ], [ 6.264906486133936, 48.718667673050277 ] ] ] } },
{ "type": "Feature", "properties": { "population": 122.0, "couverture_min": 5 }, "geometry": { "type": "Polygon", "coordinates": [ [ [ 6.267620740705903, 48.718758763140649 ], [ 6.267486118300133, 48.72055523236785 ], [ 6.270200479394743, 48.720646260082596 ], [ 6.270335004329285, 48.718849787074539 ], [ 6.267620740705903, 48.718758763140649 ] ] ] } },
{ "type": "Feature", "properties": { "population": 93.0, "couverture_min": 5 }, "geometry": { "type": "Polygon", "coordinates": [ [ [ 6.270335004329285, 48.718849787074539 ], [ 6.270200479394743, 48.720646260082596 ], [ 6.27291484953551, 48.720737221637769 ], [ 6.273049276997565, 48.718940744851579 ], [ 6.270335004329285, 48.718849787074539 ] ] ] } },
{ "type": "Feature", "properties": { "population": 11.0, "couverture_min": 10 }, "geometry": { "type": "Polygon", "coordinates": [ [ [ 6.262057423275443, 48.720372978461022 ], [ 6.261922593635273, 48.722169438576159 ], [ 6.26463703409557, 48.722260602395686 ], [ 6.264771766258194, 48.720464138493888 ], [ 6.262057423275443, 48.720372978461022 ] ] ] } },
{ "type": "Feature", "properties": { "population": 48.5, "couverture_min": 10 }, "geometry": { "type": "Polygon", "coordinates": [ [ [ 6.264771766258194, 48.720464138493888 ], [ 6.26463703409557, 48.722260602395686 ], [ 6.267351483616316, 48.722351700053608 ], [ 6.267486118300133, 48.72055523236785 ], [ 6.264771766258194, 48.720464138493888 ] ] ] } },
{ "type": "Feature", "properties": { "population": 17.0, "couverture_min": 5 }, "geometry": { "type": "Polygon", "coordinates": [ [ [ 6.267486118300133, 48.72055523236785 ], [ 6.267351483616316, 48.722351700053608 ], [ 6.270065942190993, 48.722442731549556 ], [ 6.270200479394743, 48.720646260082596 ], [ 6.267486118300133, 48.72055523236785 ] ] ] } },
{ "type": "Feature", "properties": { "population": 70.5, "couverture_min": 5 }, "geometry": { "type": "Polygon", "coordinates": [ [ [ 6.206310997115573, 48.666255136887443 ], [ 6.206174384845803, 48.668051558126166 ], [ 6.208885801874207, 48.668144066001631 ], [ 6.209022316950169, 48.666347640926638 ], [ 6.206310997115573, 48.666255136887443 ] ] ] } },
{ "type": "Feature", "properties": { "population": 480.5, "couverture_min": 5 }, "geometry": { "type": "Polygon", "coordinates": [ [ [ 6.209022316950169, 48.666347640926638 ], [ 6.208885801874207, 48.668144066001631 ], [ 6.211597228069246, 48.668236507802462 ], [ 6.211733645950129, 48.666440078893942 ], [ 6.209022316950169, 48.666347640926638 ] ] ] } },
{ "type": "Feature", "properties": { "population": 3.0, "couverture_min": 5 }, "geometry": { "type": "Polygon", "coordinates": [ [ [ 6.211733645950129, 48.666440078893942 ], [ 6.211597228069246, 48.668236507802462 ], [ 6.214308663424442, 48.668328883528275 ], [ 6.214444984108971, 48.666532450788907 ], [ 6.211733645950129, 48.666440078893942 ] ] ] } },
{ "type": "Feature", "properties": { "population": 186.0, "couverture_min": 5 }, "geometry": { "type": "Polygon", "coordinates": [ [ [ 6.206174384845803, 48.668051558126166 ], [ 6.206037760131295, 48.669847977803151 ], [ 6.208749274362305, 48.669940489515234 ], [ 6.208885801874207, 48.668144066001631 ], [ 6.206174384845803, 48.668051558126166 ] ] ] } },
{ "type": "Feature", "properties": { "population": 74.0, "couverture_min": 5 }, "geometry": { "type": "Polygon", "coordinates": [ [ [ 6.208885801874207, 48.668144066001631 ], [ 6.208749274362305, 48.669940489515234 ], [ 6.211460797761227, 48.670032935149955 ], [ 6.211597228069246, 48.668236507802462 ], [ 6.208885801874207, 48.668144066001631 ] ] ] } },
{ "type": "Feature", "properties": { "population": 107.0, "couverture_min": 5 }, "geometry": { "type": "Polygon", "coordinates": [ [ [ 6.206037760131295, 48.669847977803151 ], [ 6.205901122970429, 48.67164439591879 ], [ 6.20861273441285, 48.671736911467882 ], [ 6.208749274362305, 48.669940489515234 ], [ 6.206037760131295, 48.669847977803151 ] ] ] } },
{ "type": "Feature", "properties": { "population": 184.0, "couverture_min": 5 }, "geometry": { "type": "Polygon", "coordinates": [ [ [ 6.208749274362305, 48.669940489515234 ], [ 6.20861273441285, 48.671736911467882 ], [ 6.211324355024461, 48.671829360936876 ], [ 6.211460797761227, 48.670032935149955 ], [ 6.208749274362305, 48.669940489515234 ] ] ] } },
{ "type": "Feature", "properties": { "population": 506.0, "couverture_min": 5 }, "geometry": { "type": "Polygon", "coordinates": [ [ [ 6.205901122970429, 48.67164439591879 ], [ 6.205764473361583, 48.673440812473551 ], [ 6.208476182024224, 48.67353333186 ], [ 6.20861273441285, 48.671736911467882 ], [ 6.205901122970429, 48.67164439591879 ] ] ] } },
{ "type": "Feature", "properties": { "population": 332.5, "couverture_min": 10 }, "geometry": { "type": "Polygon", "coordinates": [ [ [ 6.20861273441285, 48.671736911467882 ], [ 6.208476182024224, 48.67353333186 ], [ 6.211187899857331, 48.673625785163601 ], [ 6.211324355024461, 48.671829360936876 ], [ 6.20861273441285, 48.671736911467882 ] ] ] } },
{ "type": "Feature", "properties": { "population": 194.0, "couverture_min": 5 }, "geometry": { "type": "Polygon", "coordinates": [ [ [ 6.205764473361583, 48.673440812473551 ], [ 6.205627811303147, 48.675237227467804 ], [ 6.208339617194811, 48.675329750691965 ], [ 6.208476182024224, 48.67353333186 ], [ 6.205764473361583, 48.673440812473551 ] ] ] } },
{ "type": "Feature", "properties": { "population": 74.0, "couverture_min": 5 }, "geometry": { "type": "Polygon", "coordinates": [ [ [ 6.216611363008989, 48.673810493520982 ], [ 6.2164750898743, 48.675606923849728 ], [ 6.219186932414003, 48.675699182729552 ], [ 6.219323108314568, 48.673902748573973 ], [ 6.216611363008989, 48.673810493520982 ] ] ] } },
{ "type": "Feature", "properties": { "population": 59.0, "couverture_min": 10 }, "geometry": { "type": "Polygon", "coordinates": [ [ [ 6.213763256486876, 48.675514598883275 ], [ 6.213626873694547, 48.677311023823492 ], [ 6.21633880432363, 48.677403352619862 ], [ 6.2164750898743, 48.675606923849728 ], [ 6.213763256486876, 48.675514598883275 ] ] ] } },
{ "type": "Feature", "properties": { "population": 190.0, "couverture_min": 5 }, "geometry": { "type": "Polygon", "coordinates": [ [ [ 6.2164750898743, 48.675606923849728 ], [ 6.21633880432363, 48.677403352619862 ], [ 6.219050744106263, 48.677495615326869 ], [ 6.219186932414003, 48.675699182729552 ], [ 6.2164750898743, 48.675606923849728 ] ] ] } },
{ "type": "Feature", "properties": { "population": 191.5, "couverture_min": 5 }, "geometry": { "type": "Polygon", "coordinates": [ [ [ 6.213626873694547, 48.677311023823492 ], [ 6.213490478475813, 48.679107447205133 ], [ 6.216202506355365, 48.679199779831762 ], [ 6.21633880432363, 48.677403352619862 ], [ 6.213626873694547, 48.677311023823492 ] ] ] } },
{ "type": "Feature", "properties": { "population": 230.5, "couverture_min": 5 }, "geometry": { "type": "Polygon", "coordinates": [ [ [ 6.21633880432363, 48.677403352619862 ], [ 6.216202506355365, 48.679199779831762 ], [ 6.218914543389739, 48.679292046366314 ], [ 6.219050744106263, 48.677495615326869 ], [ 6.21633880432363, 48.677403352619862 ] ] ] } },
{ "type": "Feature", "properties": { "population": 127.0, "couverture_min": 5 }, "geometry": { "type": "Polygon", "coordinates": [ [ [ 6.219050744106263, 48.677495615326869 ], [ 6.218914543389739, 48.679292046366314 ], [ 6.221626589572449, 48.679384246808425 ], [ 6.221762693035961, 48.677587811944171 ], [ 6.219050744106263, 48.677495615326869 ] ] ] } },
{ "type": "Feature", "properties": { "population": 91.0, "couverture_min": 5 }, "geometry": { "type": "Polygon", "coordinates": [ [ [ 6.213490478475813, 48.679107447205133 ], [ 6.213354070829061, 48.680903869028647 ], [ 6.21606619596789, 48.680996205485883 ], [ 6.216202506355365, 48.679199779831762 ], [ 6.213490478475813, 48.679107447205133 ] ] ] } },
{ "type": "Feature", "properties": { "population": 232.5, "couverture_min": 5 }, "geometry": { "type": "Polygon", "coordinates": [ [ [ 6.216202506355365, 48.679199779831762 ], [ 6.21606619596789, 48.680996205485883 ], [ 6.218778330262816, 48.681088475848327 ], [ 6.218914543389739, 48.679292046366314 ], [ 6.216202506355365, 48.679199779831762 ] ] ] } },
{ "type": "Feature", "properties": { "population": 237.5, "couverture_min": 5 }, "geometry": { "type": "Polygon", "coordinates": [ [ [ 6.218914543389739, 48.679292046366314 ], [ 6.218778330262816, 48.681088475848327 ], [ 6.221490473707351, 48.681180680115588 ], [ 6.221626589572449, 48.679384246808425 ], [ 6.218914543389739, 48.679292046366314 ] ] ] } },
{ "type": "Feature", "properties": { "population": 282.5, "couverture_min": 5 }, "geometry": { "type": "Polygon", "coordinates": [ [ [ 6.16807752715947, 48.668545875911917 ], [ 6.16793952917327, 48.670342240023814 ], [ 6.170651011566089, 48.67043568065629 ], [ 6.170788912358828, 48.668639312669271 ], [ 6.16807752715947, 48.668545875911917 ] ] ] } },
{ "type": "Feature", "properties": { "population": 355.0, "couverture_min": 5 }, "geometry": { "type": "Polygon", "coordinates": [ [ [ 6.170788912358828, 48.668639312669271 ], [ 6.170651011566089, 48.67043568065629 ], [ 6.173362503218885, 48.670529055213727 ], [ 6.173500306816877, 48.668732683354321 ], [ 6.170788912358828, 48.668639312669271 ] ] ] } },
{ "type": "Feature", "properties": { "population": 246.5, "couverture_min": 5 }, "geometry": { "type": "Polygon", "coordinates": [ [ [ 6.173500306816877, 48.668732683354321 ], [ 6.173362503218885, 48.670529055213727 ], [ 6.176074004125173, 48.67062236369577 ], [ 6.17621171052713, 48.668825987966706 ], [ 6.173500306816877, 48.668732683354321 ] ] ] } },
{ "type": "Feature", "properties": { "population": 151.0, "couverture_min": 5 }, "geometry": { "type": "Polygon", "coordinates": [ [ [ 6.17621171052713, 48.668825987966706 ], [ 6.176074004125173, 48.67062236369577 ], [ 6.178785514278474, 48.670715606102078 ], [ 6.178923123483109, 48.668919226506084 ], [ 6.17621171052713, 48.668825987966706 ] ] ] } },
{ "type": "Feature", "properties": { "population": 110.5, "couverture_min": 5 }, "geometry": { "type": "Polygon", "coordinates": [ [ [ 6.178923123483109, 48.668919226506084 ], [ 6.178785514278474, 48.670715606102078 ], [ 6.181497033672297, 48.670808782432239 ], [ 6.181634545678326, 48.669012398972036 ], [ 6.178923123483109, 48.668919226506084 ] ] ] } },
{ "type": "Feature", "properties": { "population": 90.0, "couverture_min": 5 }, "geometry": { "type": "Polygon", "coordinates": [ [ [ 6.16793952917327, 48.670342240023814 ], [ 6.167801518615842, 48.672138602569731 ], [ 6.170513098210923, 48.672232047077692 ], [ 6.170651011566089, 48.67043568065629 ], [ 6.16793952917327, 48.670342240023814 ] ] ] } },
{ "type": "Feature", "properties": { "population": 623.0, "couverture_min": 5 }, "geometry": { "type": "Polygon", "coordinates": [ [ [ 6.170651011566089, 48.67043568065629 ], [ 6.170513098210923, 48.672232047077692 ], [ 6.173224687067269, 48.672325425507886 ], [ 6.173362503218885, 48.670529055213727 ], [ 6.170651011566089, 48.67043568065629 ] ] ] } },
{ "type": "Feature", "properties": { "population": 338.0, "couverture_min": 5 }, "geometry": { "type": "Polygon", "coordinates": [ [ [ 6.173362503218885, 48.670529055213727 ], [ 6.173224687067269, 48.672325425507886 ], [ 6.175936285178395, 48.67241873785995 ], [ 6.176074004125173, 48.67062236369577 ], [ 6.173362503218885, 48.670529055213727 ] ] ] } },
{ "type": "Feature", "properties": { "population": 309.5, "couverture_min": 5 }, "geometry": { "type": "Polygon", "coordinates": [ [ [ 6.176074004125173, 48.67062236369577 ], [ 6.175936285178395, 48.67241873785995 ], [ 6.17864789253782, 48.67251198413355 ], [ 6.178785514278474, 48.670715606102078 ], [ 6.176074004125173, 48.67062236369577 ] ] ] } },
{ "type": "Feature", "properties": { "population": 233.0, "couverture_min": 5 }, "geometry": { "type": "Polygon", "coordinates": [ [ [ 6.178785514278474, 48.670715606102078 ], [ 6.17864789253782, 48.67251198413355 ], [ 6.181359509139054, 48.672605164328324 ], [ 6.181497033672297, 48.670808782432239 ], [ 6.178785514278474, 48.670715606102078 ] ] ] } },
{ "type": "Feature", "properties": { "population": 190.5, "couverture_min": 5 }, "geometry": { "type": "Polygon", "coordinates": [ [ [ 6.170513098210923, 48.672232047077692 ], [ 6.170375172291696, 48.674028411933861 ], [ 6.173086858360397, 48.674121794237166 ], [ 6.173224687067269, 48.672325425507886 ], [ 6.170513098210923, 48.672232047077692 ] ] ] } },
{ "type": "Feature", "properties": { "population": 336.0, "couverture_min": 5 }, "geometry": { "type": "Polygon", "coordinates": [ [ [ 6.173224687067269, 48.672325425507886 ], [ 6.173086858360397, 48.674121794237166 ], [ 6.175798553685167, 48.674215110459656 ], [ 6.175936285178395, 48.67241873785995 ], [ 6.173224687067269, 48.672325425507886 ] ] ] } },
{ "type": "Feature", "properties": { "population": 590.0, "couverture_min": 5 }, "geometry": { "type": "Polygon", "coordinates": [ [ [ 6.175936285178395, 48.67241873785995 ], [ 6.175798553685167, 48.674215110459656 ], [ 6.178510258259519, 48.674308360600911 ], [ 6.17864789253782, 48.67251198413355 ], [ 6.175936285178395, 48.67241873785995 ] ] ] } },
{ "type": "Feature", "properties": { "population": 346.0, "couverture_min": 5 }, "geometry": { "type": "Polygon", "coordinates": [ [ [ 6.17864789253782, 48.67251198413355 ], [ 6.178510258259519, 48.674308360600911 ], [ 6.18122197207697, 48.674401544660633 ], [ 6.181359509139054, 48.672605164328324 ], [ 6.17864789253782, 48.67251198413355 ] ] ] } },
{ "type": "Feature", "properties": { "population": 13.0, "couverture_min": 5 }, "geometry": { "type": "Polygon", "coordinates": [ [ [ 6.167663495485551, 48.673934963550089 ], [ 6.167525459780763, 48.675731322965284 ], [ 6.170237233806779, 48.675824775225266 ], [ 6.170375172291696, 48.674028411933861 ], [ 6.167663495485551, 48.673934963550089 ] ] ] } },
{ "type": "Feature", "properties": { "population": 404.5, "couverture_min": 5 }, "geometry": { "type": "Polygon", "coordinates": [ [ [ 6.170375172291696, 48.674028411933861 ], [ 6.170237233806779, 48.675824775225266 ], [ 6.172949017096638, 48.675918161402045 ], [ 6.173086858360397, 48.674121794237166 ], [ 6.170375172291696, 48.674028411933861 ] ] ] } },
{ "type": "Feature", "properties": { "population": 314.5, "couverture_min": 5 }, "geometry": { "type": "Polygon", "coordinates": [ [ [ 6.173086858360397, 48.674121794237166 ], [ 6.172949017096638, 48.675918161402045 ], [ 6.175660809643856, 48.676011481495244 ], [ 6.175798553685167, 48.674215110459656 ], [ 6.173086858360397, 48.674121794237166 ] ] ] } },
{ "type": "Feature", "properties": { "population": 465.5, "couverture_min": 5 }, "geometry": { "type": "Polygon", "coordinates": [ [ [ 6.175798553685167, 48.674215110459656 ], [ 6.175660809643856, 48.676011481495244 ], [ 6.178372611441943, 48.676104735504587 ], [ 6.178510258259519, 48.674308360600911 ], [ 6.175798553685167, 48.674215110459656 ] ] ] } },
{ "type": "Feature", "properties": { "population": 474.0, "couverture_min": 5 }, "geometry": { "type": "Polygon", "coordinates": [ [ [ 6.178510258259519, 48.674308360600911 ], [ 6.178372611441943, 48.676104735504587 ], [ 6.181084422484409, 48.676197923429562 ], [ 6.18122197207697, 48.674401544660633 ], [ 6.178510258259519, 48.674308360600911 ] ] ] } },
{ "type": "Feature", "properties": { "population": 116.0, "couverture_min": 5 }, "geometry": { "type": "Polygon", "coordinates": [ [ [ 6.167525459780763, 48.675731322965284 ], [ 6.167387411499842, 48.677527680815736 ], [ 6.170099282754537, 48.677621136952304 ], [ 6.170237233806779, 48.675824775225266 ], [ 6.167525459780763, 48.675731322965284 ] ] ] } },
{ "type": "Feature", "properties": { "population": 416.0, "couverture_min": 5 }, "geometry": { "type": "Polygon", "coordinates": [ [ [ 6.170237233806779, 48.675824775225266 ], [ 6.170099282754537, 48.677621136952304 ], [ 6.172811163274361, 48.677714527002905 ], [ 6.172949017096638, 48.675918161402045 ], [ 6.170237233806779, 48.675824775225266 ] ] ] } },
{ "type": "Feature", "properties": { "population": 607.0, "couverture_min": 5 }, "geometry": { "type": "Polygon", "coordinates": [ [ [ 6.172949017096638, 48.675918161402045 ], [ 6.172811163274361, 48.677714527002905 ], [ 6.175523053052829, 48.677807850967262 ], [ 6.175660809643856, 48.676011481495244 ], [ 6.172949017096638, 48.675918161402045 ] ] ] } },
{ "type": "Feature", "properties": { "population": 533.0, "couverture_min": 5 }, "geometry": { "type": "Polygon", "coordinates": [ [ [ 6.175660809643856, 48.676011481495244 ], [ 6.175523053052829, 48.677807850967262 ], [ 6.178234952083455, 48.677901108844928 ], [ 6.178372611441943, 48.676104735504587 ], [ 6.175660809643856, 48.676011481495244 ] ] ] } },
{ "type": "Feature", "properties": { "population": 236.5, "couverture_min": 5 }, "geometry": { "type": "Polygon", "coordinates": [ [ [ 6.178372611441943, 48.676104735504587 ], [ 6.178234952083455, 48.677901108844928 ], [ 6.180946860359749, 48.67799430063566 ], [ 6.181084422484409, 48.676197923429562 ], [ 6.178372611441943, 48.676104735504587 ] ] ] } },
{ "type": "Feature", "properties": { "population": 83.0, "couverture_min": 5 }, "geometry": { "type": "Polygon", "coordinates": [ [ [ 6.170099282754537, 48.677621136952304 ], [ 6.169961319133332, 48.679417497115367 ], [ 6.172673296891928, 48.679510891040167 ], [ 6.172811163274361, 48.677714527002905 ], [ 6.170099282754537, 48.677621136952304 ] ] ] } },
{ "type": "Feature", "properties": { "population": 289.0, "couverture_min": 5 }, "geometry": { "type": "Polygon", "coordinates": [ [ [ 6.172811163274361, 48.677714527002905 ], [ 6.172673296891928, 48.679510891040167 ], [ 6.175385283910458, 48.679604218876015 ], [ 6.175523053052829, 48.677807850967262 ], [ 6.172811163274361, 48.677714527002905 ] ] ] } },
{ "type": "Feature", "properties": { "population": 286.0, "couverture_min": 5 }, "geometry": { "type": "Polygon", "coordinates": [ [ [ 6.175523053052829, 48.677807850967262 ], [ 6.175385283910458, 48.679604218876015 ], [ 6.178097280182431, 48.67969748062248 ], [ 6.178234952083455, 48.677901108844928 ], [ 6.175523053052829, 48.677807850967262 ] ] ] } },
{ "type": "Feature", "properties": { "population": 261.5, "couverture_min": 5 }, "geometry": { "type": "Polygon", "coordinates": [ [ [ 6.178234952083455, 48.677901108844928 ], [ 6.178097280182431, 48.67969748062248 ], [ 6.180809285701359, 48.67979067627919 ], [ 6.180946860359749, 48.67799430063566 ], [ 6.178234952083455, 48.677901108844928 ] ] ] } },
{ "type": "Feature", "properties": { "population": 136.5, "couverture_min": 5 }, "geometry": { "type": "Polygon", "coordinates": [ [ [ 6.167387411499842, 48.677527680815736 ], [ 6.167249350641156, 48.679324037101878 ], [ 6.169961319133332, 48.679417497115367 ], [ 6.170099282754537, 48.677621136952304 ], [ 6.167387411499842, 48.677527680815736 ] ] ] } },
{ "type": "Feature", "properties": { "population": 43.0, "couverture_min": 5 }, "geometry": { "type": "Polygon", "coordinates": [ [ [ 6.192480326721931, 48.669384428094681 ], [ 6.192343203523167, 48.671180826984546 ], [ 6.195054769022355, 48.671273672928713 ], [ 6.1951917950161, 48.669477270188231 ], [ 6.192480326721931, 48.669384428094681 ] ] ] } },
{ "type": "Feature", "properties": { "population": 276.5, "couverture_min": 5 }, "geometry": { "type": "Polygon", "coordinates": [ [ [ 6.1951917950161, 48.669477270188231 ], [ 6.195054769022355, 48.671273672928713 ], [ 6.197766343723161, 48.671366452794551 ], [ 6.1979032725106, 48.669570046206211 ], [ 6.1951917950161, 48.669477270188231 ] ] ] } },
{ "type": "Feature", "properties": { "population": 20.0, "couverture_min": 5 }, "geometry": { "type": "Polygon", "coordinates": [ [ [ 6.1979032725106, 48.669570046206211 ], [ 6.197766343723161, 48.671366452794551 ], [ 6.200477927619097, 48.671459166581784 ], [ 6.20061475919896, 48.66966275614827 ], [ 6.1979032725106, 48.669570046206211 ] ] ] } },
{ "type": "Feature", "properties": { "population": 231.5, "couverture_min": 5 }, "geometry": { "type": "Polygon", "coordinates": [ [ [ 6.20061475919896, 48.66966275614827 ], [ 6.200477927619097, 48.671459166581784 ], [ 6.20318952070368, 48.671551814289977 ], [ 6.203326255074685, 48.669755400014026 ], [ 6.20061475919896, 48.66966275614827 ] ] ] } },
{ "type": "Feature", "properties": { "population": 417.5, "couverture_min": 5 }, "geometry": { "type": "Polygon", "coordinates": [ [ [ 6.203326255074685, 48.669755400014026 ], [ 6.20318952070368, 48.671551814289977 ], [ 6.205901122970429, 48.67164439591879 ], [ 6.206037760131295, 48.669847977803151 ], [ 6.203326255074685, 48.669755400014026 ] ] ] } },
{ "type": "Feature", "properties": { "population": 46.0, "couverture_min": 5 }, "geometry": { "type": "Polygon", "coordinates": [ [ [ 6.192343203523167, 48.671180826984546 ], [ 6.192206067832405, 48.672977224311708 ], [ 6.194917730545417, 48.673070074106811 ], [ 6.195054769022355, 48.671273672928713 ], [ 6.192343203523167, 48.671180826984546 ] ] ] } },
{ "type": "Feature", "properties": { "population": 29.0, "couverture_min": 10 }, "geometry": { "type": "Polygon", "coordinates": [ [ [ 6.195054769022355, 48.671273672928713 ], [ 6.194917730545417, 48.673070074106811 ], [ 6.197629402461327, 48.67316285782092 ], [ 6.197766343723161, 48.671366452794551 ], [ 6.195054769022355, 48.671273672928713 ] ] ] } },
{ "type": "Feature", "properties": { "population": 36.0, "couverture_min": 5 }, "geometry": { "type": "Polygon", "coordinates": [ [ [ 6.197766343723161, 48.671366452794551 ], [ 6.197629402461327, 48.67316285782092 ], [ 6.20034108357365, 48.673255575453659 ], [ 6.200477927619097, 48.671459166581784 ], [ 6.197766343723161, 48.671366452794551 ] ] ] } },
{ "type": "Feature", "properties": { "population": 657.5, "couverture_min": 5 }, "geometry": { "type": "Polygon", "coordinates": [ [ [ 6.200477927619097, 48.671459166581784 ], [ 6.20034108357365, 48.673255575453659 ], [ 6.203052773875898, 48.673348227004652 ], [ 6.20318952070368, 48.671551814289977 ], [ 6.200477927619097, 48.671459166581784 ] ] ] } },
{ "type": "Feature", "properties": { "population": 335.0, "couverture_min": 5 }, "geometry": { "type": "Polygon", "coordinates": [ [ [ 6.20318952070368, 48.671551814289977 ], [ 6.203052773875898, 48.673348227004652 ], [ 6.205764473361583, 48.673440812473551 ], [ 6.205901122970429, 48.67164439591879 ], [ 6.20318952070368, 48.671551814289977 ] ] ] } },
{ "type": "Feature", "properties": { "population": 8.0, "couverture_min": 5 }, "geometry": { "type": "Polygon", "coordinates": [ [ [ 6.192206067832405, 48.672977224311708 ], [ 6.192068919648017, 48.674773620076536 ], [ 6.194780679583659, 48.674866473723 ], [ 6.194917730545417, 48.673070074106811 ], [ 6.192206067832405, 48.672977224311708 ] ] ] } },
{ "type": "Feature", "properties": { "population": 25.0, "couverture_min": 5 }, "geometry": { "type": "Polygon", "coordinates": [ [ [ 6.194917730545417, 48.673070074106811 ], [ 6.194780679583659, 48.674866473723 ], [ 6.197492448723483, 48.674959261285714 ], [ 6.197629402461327, 48.67316285782092 ], [ 6.194917730545417, 48.673070074106811 ] ] ] } },
{ "type": "Feature", "properties": { "population": 255.5, "couverture_min": 5 }, "geometry": { "type": "Polygon", "coordinates": [ [ [ 6.197629402461327, 48.67316285782092 ], [ 6.197492448723483, 48.674959261285714 ], [ 6.200204227060994, 48.675051982764323 ], [ 6.20034108357365, 48.673255575453659 ], [ 6.197629402461327, 48.67316285782092 ] ] ] } },
{ "type": "Feature", "properties": { "population": 278.0, "couverture_min": 5 }, "geometry": { "type": "Polygon", "coordinates": [ [ [ 6.20034108357365, 48.673255575453659 ], [ 6.200204227060994, 48.675051982764323 ], [ 6.202916014589713, 48.675144638158457 ], [ 6.203052773875898, 48.673348227004652 ], [ 6.20034108357365, 48.673255575453659 ] ] ] } },
{ "type": "Feature", "properties": { "population": 426.5, "couverture_min": 5 }, "geometry": { "type": "Polygon", "coordinates": [ [ [ 6.203052773875898, 48.673348227004652 ], [ 6.202916014589713, 48.675144638158457 ], [ 6.205627811303147, 48.675237227467804 ], [ 6.205764473361583, 48.673440812473551 ], [ 6.203052773875898, 48.673348227004652 ] ] ] } },
{ "type": "Feature", "properties": { "population": 15.0, "couverture_min": 5 }, "geometry": { "type": "Polygon", "coordinates": [ [ [ 6.18935716892304, 48.674680700346713 ], [ 6.189219911013249, 48.676477090695265 ], [ 6.191931758968382, 48.676570014279513 ], [ 6.192068919648017, 48.674773620076536 ], [ 6.18935716892304, 48.674680700346713 ] ] ] } },
{ "type": "Feature", "properties": { "population": 327.5, "couverture_min": 5 }, "geometry": { "type": "Polygon", "coordinates": [ [ [ 6.194780679583659, 48.674866473723 ], [ 6.194643616135463, 48.676662871777665 ], [ 6.197355482508001, 48.676755663189319 ], [ 6.197492448723483, 48.674959261285714 ], [ 6.194780679583659, 48.674866473723 ] ] ] } },
{ "type": "Feature", "properties": { "population": 199.0, "couverture_min": 15 }, "geometry": { "type": "Polygon", "coordinates": [ [ [ 6.197492448723483, 48.674959261285714 ], [ 6.197355482508001, 48.676755663189319 ], [ 6.200067358079511, 48.676848388514173 ], [ 6.200204227060994, 48.675051982764323 ], [ 6.197492448723483, 48.674959261285714 ] ] ] } },
{ "type": "Feature", "properties": { "population": 21.0, "couverture_min": 5 }, "geometry": { "type": "Polygon", "coordinates": [ [ [ 6.200204227060994, 48.675051982764323 ], [ 6.200067358079511, 48.676848388514173 ], [ 6.202779242843506, 48.67694104775186 ], [ 6.202916014589713, 48.675144638158457 ], [ 6.200204227060994, 48.675051982764323 ] ] ] } },
{ "type": "Feature", "properties": { "population": 8.0, "couverture_min": 5 }, "geometry": { "type": "Polygon", "coordinates": [ [ [ 6.189219911013249, 48.676477090695265 ], [ 6.189082640597779, 48.678273479482002 ], [ 6.191794585791873, 48.678366406921 ], [ 6.191931758968382, 48.676570014279513 ], [ 6.189219911013249, 48.676477090695265 ] ] ] } },
{ "type": "Feature", "properties": { "population": 305.0, "couverture_min": 5 }, "geometry": { "type": "Polygon", "coordinates": [ [ [ 6.191931758968382, 48.676570014279513 ], [ 6.191794585791873, 48.678366406921 ], [ 6.1945065401992, 48.678459268271197 ], [ 6.194643616135463, 48.676662871777665 ], [ 6.191931758968382, 48.676570014279513 ] ] ] } },
{ "type": "Feature", "properties": { "population": 243.5, "couverture_min": 5 }, "geometry": { "type": "Polygon", "coordinates": [ [ [ 6.194643616135463, 48.676662871777665 ], [ 6.1945065401992, 48.678459268271197 ], [ 6.197218503813265, 48.678552063532223 ], [ 6.197355482508001, 48.676755663189319 ], [ 6.194643616135463, 48.676662871777665 ] ] ] } },
{ "type": "Feature", "properties": { "population": 269.0, "couverture_min": 5 }, "geometry": { "type": "Polygon", "coordinates": [ [ [ 6.197355482508001, 48.676755663189319 ], [ 6.197218503813265, 48.678552063532223 ], [ 6.19993047662758, 48.678644792703679 ], [ 6.200067358079511, 48.676848388514173 ], [ 6.197355482508001, 48.676755663189319 ] ] ] } },
{ "type": "Feature", "properties": { "population": 11.0, "couverture_min": 5 }, "geometry": { "type": "Polygon", "coordinates": [ [ [ 6.137974756167888, 48.671106351955103 ], [ 6.137835663801179, 48.672902670121573 ], [ 6.140547238291239, 48.672996845366498 ], [ 6.140686233461117, 48.671200523294218 ], [ 6.137974756167888, 48.671106351955103 ] ] ] } },
{ "type": "Feature", "properties": { "population": 94.0, "couverture_min": 5 }, "geometry": { "type": "Polygon", "coordinates": [ [ [ 6.140686233461117, 48.671200523294218 ], [ 6.140547238291239, 48.672996845366498 ], [ 6.143258822115183, 48.673090954534921 ], [ 6.143397720086929, 48.671294628559608 ], [ 6.140686233461117, 48.671200523294218 ] ] ] } },
{ "type": "Feature", "properties": { "population": 138.5, "couverture_min": 5 }, "geometry": { "type": "Polygon", "coordinates": [ [ [ 6.143397720086929, 48.671294628559608 ], [ 6.143258822115183, 48.673090954534921 ], [ 6.145970415266527, 48.673184997626556 ], [ 6.146109216038846, 48.671388667750911 ], [ 6.143397720086929, 48.671294628559608 ] ] ] } },
{ "type": "Feature", "properties": { "population": 118.0, "couverture_min": 5 }, "geometry": { "type": "Polygon", "coordinates": [ [ [ 6.146109216038846, 48.671388667750911 ], [ 6.145970415266527, 48.673184997626556 ], [ 6.148682017738785, 48.673278974640994 ], [ 6.148820721310376, 48.671482640867737 ], [ 6.146109216038846, 48.671388667750911 ] ] ] } },
{ "type": "Feature", "properties": { "population": 227.0, "couverture_min": 5 }, "geometry": { "type": "Polygon", "coordinates": [ [ [ 6.148820721310376, 48.671482640867737 ], [ 6.148682017738785, 48.673278974640994 ], [ 6.151393629525475, 48.673372885577884 ], [ 6.151532235895046, 48.671576547909723 ], [ 6.148820721310376, 48.671482640867737 ] ] ] } },
{ "type": "Feature", "properties": { "population": 6.0, "couverture_min": 10 }, "geometry": { "type": "Polygon", "coordinates": [ [ [ 6.137835663801179, 48.672902670121573 ], [ 6.137696558763137, 48.674698986718845 ], [ 6.140408230458831, 48.6747931658699 ], [ 6.140547238291239, 48.672996845366498 ], [ 6.137835663801179, 48.672902670121573 ] ] ] } },
{ "type": "Feature", "properties": { "population": 13.0, "couverture_min": 5 }, "geometry": { "type": "Polygon", "coordinates": [ [ [ 6.140547238291239, 48.672996845366498 ], [ 6.140408230458831, 48.6747931658699 ], [ 6.143119911489709, 48.674887278941782 ], [ 6.143258822115183, 48.673090954534921 ], [ 6.140547238291239, 48.672996845366498 ] ] ] } },
{ "type": "Feature", "properties": { "population": 94.0, "couverture_min": 5 }, "geometry": { "type": "Polygon", "coordinates": [ [ [ 6.143258822115183, 48.673090954534921 ], [ 6.143119911489709, 48.674887278941782 ], [ 6.145831601849281, 48.674981325934112 ], [ 6.145970415266527, 48.673184997626556 ], [ 6.143258822115183, 48.673090954534921 ] ] ] } },
{ "type": "Feature", "properties": { "population": 195.0, "couverture_min": 5 }, "geometry": { "type": "Polygon", "coordinates": [ [ [ 6.145970415266527, 48.673184997626556 ], [ 6.145831601849281, 48.674981325934112 ], [ 6.14854330153107, 48.675075306846551 ], [ 6.148682017738785, 48.673278974640994 ], [ 6.145970415266527, 48.673184997626556 ] ] ] } },
{ "type": "Feature", "properties": { "population": 243.0, "couverture_min": 5 }, "geometry": { "type": "Polygon", "coordinates": [ [ [ 6.148682017738785, 48.673278974640994 ], [ 6.14854330153107, 48.675075306846551 ], [ 6.151255010528581, 48.675169221678686 ], [ 6.151393629525475, 48.673372885577884 ], [ 6.148682017738785, 48.673278974640994 ] ] ] } },
{ "type": "Feature", "properties": { "population": 47.5, "couverture_min": 5 }, "geometry": { "type": "Polygon", "coordinates": [ [ [ 6.140408230458831, 48.6747931658699 ], [ 6.140269209962249, 48.676589484804936 ], [ 6.142980988208863, 48.676683601780624 ], [ 6.143119911489709, 48.674887278941782 ], [ 6.140408230458831, 48.6747931658699 ] ] ] } },
{ "type": "Feature", "properties": { "population": 42.0, "couverture_min": 5 }, "geometry": { "type": "Polygon", "coordinates": [ [ [ 6.143119911489709, 48.674887278941782 ], [ 6.142980988208863, 48.676683601780624 ], [ 6.145692775785473, 48.676777652674019 ], [ 6.145831601849281, 48.674981325934112 ], [ 6.143119911489709, 48.674887278941782 ] ] ] } },
{ "type": "Feature", "properties": { "population": 201.5, "couverture_min": 5 }, "geometry": { "type": "Polygon", "coordinates": [ [ [ 6.145831601849281, 48.674981325934112 ], [ 6.145692775785473, 48.676777652674019 ], [ 6.148404572685585, 48.676871637484787 ], [ 6.14854330153107, 48.675075306846551 ], [ 6.145831601849281, 48.674981325934112 ] ] ] } },
{ "type": "Feature", "properties": { "population": 230.0, "couverture_min": 5 }, "geometry": { "type": "Polygon", "coordinates": [ [ [ 6.14854330153107, 48.675075306846551 ], [ 6.148404572685585, 48.676871637484787 ], [ 6.151116378902726, 48.676965556212565 ], [ 6.151255010528581, 48.675169221678686 ], [ 6.14854330153107, 48.675075306846551 ] ] ] } },
{ "type": "Feature", "properties": { "population": 15.0, "couverture_min": 10 }, "geometry": { "type": "Polygon", "coordinates": [ [ [ 6.13484568148495, 48.676401052608234 ], [ 6.134706453877363, 48.678197362158812 ], [ 6.137418310666472, 48.678291615207506 ], [ 6.137557441052118, 48.676495301747337 ], [ 6.13484568148495, 48.676401052608234 ] ] ] } },
{ "type": "Feature", "properties": { "population": 87.0, "couverture_min": 5 }, "geometry": { "type": "Polygon", "coordinates": [ [ [ 6.140269209962249, 48.676589484804936 ], [ 6.140130176799843, 48.678385802171981 ], [ 6.142842052270998, 48.678479923051817 ], [ 6.142980988208863, 48.676683601780624 ], [ 6.140269209962249, 48.676589484804936 ] ] ] } },
{ "type": "Feature", "properties": { "population": 162.5, "couverture_min": 5 }, "geometry": { "type": "Polygon", "coordinates": [ [ [ 6.142980988208863, 48.676683601780624 ], [ 6.142842052270998, 48.678479923051817 ], [ 6.145553937073444, 48.678573977846675 ], [ 6.145692775785473, 48.676777652674019 ], [ 6.142980988208863, 48.676683601780624 ] ] ] } },
{ "type": "Feature", "properties": { "population": 94.0, "couverture_min": 5 }, "geometry": { "type": "Polygon", "coordinates": [ [ [ 6.145692775785473, 48.676777652674019 ], [ 6.145553937073444, 48.678573977846675 ], [ 6.148265831200697, 48.678667966556148 ], [ 6.148404572685585, 48.676871637484787 ], [ 6.145692775785473, 48.676777652674019 ] ] ] } },
{ "type": "Feature", "properties": { "population": 181.0, "couverture_min": 5 }, "geometry": { "type": "Polygon", "coordinates": [ [ [ 6.148404572685585, 48.676871637484787 ], [ 6.148265831200697, 48.678667966556148 ], [ 6.150977734646271, 48.678761889179945 ], [ 6.151116378902726, 48.676965556212565 ], [ 6.148404572685585, 48.676871637484787 ] ] ] } },
{ "type": "Feature", "properties": { "population": 7.0, "couverture_min": 5 }, "geometry": { "type": "Polygon", "coordinates": [ [ [ 6.140130176799843, 48.678385802171981 ], [ 6.139991130969972, 48.680182117971476 ], [ 6.14270310367447, 48.680276242755859 ], [ 6.142842052270998, 48.678479923051817 ], [ 6.140130176799843, 48.678385802171981 ] ] ] } },
{ "type": "Feature", "properties": { "population": 211.5, "couverture_min": 5 }, "geometry": { "type": "Polygon", "coordinates": [ [ [ 6.142842052270998, 48.678479923051817 ], [ 6.14270310367447, 48.680276242755859 ], [ 6.145415085711562, 48.680370301452491 ], [ 6.145553937073444, 48.678573977846675 ], [ 6.142842052270998, 48.678479923051817 ] ] ] } },
{ "type": "Feature", "properties": { "population": 480.0, "couverture_min": 5 }, "geometry": { "type": "Polygon", "coordinates": [ [ [ 6.145553937073444, 48.678573977846675 ], [ 6.145415085711562, 48.680370301452491 ], [ 6.148127077074754, 48.680464294061075 ], [ 6.148265831200697, 48.678667966556148 ], [ 6.145553937073444, 48.678573977846675 ] ] ] } },
{ "type": "Feature", "properties": { "population": 507.5, "couverture_min": 5 }, "geometry": { "type": "Polygon", "coordinates": [ [ [ 6.148265831200697, 48.678667966556148 ], [ 6.148127077074754, 48.680464294061075 ], [ 6.150839077757567, 48.680558220581204 ], [ 6.150977734646271, 48.678761889179945 ], [ 6.148265831200697, 48.678667966556148 ] ] ] } },
{ "type": "Feature", "properties": { "population": 105.0, "couverture_min": 5 }, "geometry": { "type": "Polygon", "coordinates": [ [ [ 6.151532235895046, 48.671576547909723 ], [ 6.151393629525475, 48.673372885577884 ], [ 6.154105250620111, 48.673466730436864 ], [ 6.154243759786369, 48.671670388876521 ], [ 6.151532235895046, 48.671576547909723 ] ] ] } },
{ "type": "Feature", "properties": { "population": 61.5, "couverture_min": 5 }, "geometry": { "type": "Polygon", "coordinates": [ [ [ 6.154243759786369, 48.671670388876521 ], [ 6.154105250620111, 48.673466730436864 ], [ 6.156816881016211, 48.673560509217502 ], [ 6.15695529297786, 48.67176416376774 ], [ 6.154243759786369, 48.671670388876521 ] ] ] } },
{ "type": "Feature", "properties": { "population": 190.5, "couverture_min": 5 }, "geometry": { "type": "Polygon", "coordinates": [ [ [ 6.151393629525475, 48.673372885577884 ], [ 6.151255010528581, 48.675169221678686 ], [ 6.153966728835337, 48.675263070430191 ], [ 6.154105250620111, 48.673466730436864 ], [ 6.151393629525475, 48.673372885577884 ] ] ] } },
{ "type": "Feature", "properties": { "population": 311.0, "couverture_min": 5 }, "geometry": { "type": "Polygon", "coordinates": [ [ [ 6.154105250620111, 48.673466730436864 ], [ 6.153966728835337, 48.675263070430191 ], [ 6.156678456444848, 48.675356853100674 ], [ 6.156816881016211, 48.673560509217502 ], [ 6.154105250620111, 48.673466730436864 ] ] ] } },
{ "type": "Feature", "properties": { "population": 229.0, "couverture_min": 5 }, "geometry": { "type": "Polygon", "coordinates": [ [ [ 6.151255010528581, 48.675169221678686 ], [ 6.151116378902726, 48.676965556212565 ], [ 6.153828194430404, 48.677059408856969 ], [ 6.153966728835337, 48.675263070430191 ], [ 6.151255010528581, 48.675169221678686 ] ] ] } },
{ "type": "Feature", "properties": { "population": 180.0, "couverture_min": 5 }, "geometry": { "type": "Polygon", "coordinates": [ [ [ 6.153966728835337, 48.675263070430191 ], [ 6.153828194430404, 48.677059408856969 ], [ 6.156540019262133, 48.677153195417667 ], [ 6.156678456444848, 48.675356853100674 ], [ 6.153966728835337, 48.675263070430191 ] ] ] } },
{ "type": "Feature", "properties": { "population": 229.0, "couverture_min": 5 }, "geometry": { "type": "Polygon", "coordinates": [ [ [ 6.156678456444848, 48.675356853100674 ], [ 6.156540019262133, 48.677153195417667 ], [ 6.159251853391427, 48.67724691589423 ], [ 6.159390193350633, 48.675450569689822 ], [ 6.156678456444848, 48.675356853100674 ] ] ] } },
{ "type": "Feature", "properties": { "population": 208.5, "couverture_min": 5 }, "geometry": { "type": "Polygon", "coordinates": [ [ [ 6.151116378902726, 48.676965556212565 ], [ 6.150977734646271, 48.678761889179945 ], [ 6.153689647403676, 48.678855745717627 ], [ 6.153828194430404, 48.677059408856969 ], [ 6.151116378902726, 48.676965556212565 ] ] ] } },
{ "type": "Feature", "properties": { "population": 321.5, "couverture_min": 5 }, "geometry": { "type": "Polygon", "coordinates": [ [ [ 6.153828194430404, 48.677059408856969 ], [ 6.153689647403676, 48.678855745717627 ], [ 6.156401569466426, 48.678949536168851 ], [ 6.156540019262133, 48.677153195417667 ], [ 6.153828194430404, 48.677059408856969 ] ] ] } },
{ "type": "Feature", "properties": { "population": 245.5, "couverture_min": 5 }, "geometry": { "type": "Polygon", "coordinates": [ [ [ 6.156540019262133, 48.677153195417667 ], [ 6.156401569466426, 48.678949536168851 ], [ 6.159113500828038, 48.679043260533255 ], [ 6.159251853391427, 48.67724691589423 ], [ 6.156540019262133, 48.677153195417667 ] ] ] } },
{ "type": "Feature", "properties": { "population": 178.5, "couverture_min": 5 }, "geometry": { "type": "Polygon", "coordinates": [ [ [ 6.150977734646271, 48.678761889179945 ], [ 6.150839077757567, 48.680558220581204 ], [ 6.153551087753509, 48.680652081012532 ], [ 6.153689647403676, 48.678855745717627 ], [ 6.150977734646271, 48.678761889179945 ] ] ] } },
{ "type": "Feature", "properties": { "population": 297.5, "couverture_min": 5 }, "geometry": { "type": "Polygon", "coordinates": [ [ [ 6.153689647403676, 48.678855745717627 ], [ 6.153551087753509, 48.680652081012532 ], [ 6.156263107056089, 48.680745875354667 ], [ 6.156401569466426, 48.678949536168851 ], [ 6.153689647403676, 48.678855745717627 ] ] ] } },
{ "type": "Feature", "properties": { "population": 303.5, "couverture_min": 5 }, "geometry": { "type": "Polygon", "coordinates": [ [ [ 6.156401569466426, 48.678949536168851 ], [ 6.156263107056089, 48.680745875354667 ], [ 6.158975135658825, 48.680839603607239 ], [ 6.159113500828038, 48.679043260533255 ], [ 6.156401569466426, 48.678949536168851 ] ] ] } },
{ "type": "Feature", "properties": { "population": 412.0, "couverture_min": 5 }, "geometry": { "type": "Polygon", "coordinates": [ [ [ 6.150839077757567, 48.680558220581204 ], [ 6.150700408234977, 48.682354550416775 ], [ 6.15341251547826, 48.682448414742126 ], [ 6.153551087753509, 48.680652081012532 ], [ 6.150839077757567, 48.680558220581204 ] ] ] } },
{ "type": "Feature", "properties": { "population": 194.0, "couverture_min": 5 }, "geometry": { "type": "Polygon", "coordinates": [ [ [ 6.153551087753509, 48.680652081012532 ], [ 6.15341251547826, 48.682448414742126 ], [ 6.156124632029479, 48.68254221297552 ], [ 6.156263107056089, 48.680745875354667 ], [ 6.153551087753509, 48.680652081012532 ] ] ] } },
{ "type": "Feature", "properties": { "population": 263.0, "couverture_min": 5 }, "geometry": { "type": "Polygon", "coordinates": [ [ [ 6.156263107056089, 48.680745875354667 ], [ 6.156124632029479, 48.68254221297552 ], [ 6.158836757882147, 48.682635945116679 ], [ 6.158975135658825, 48.680839603607239 ], [ 6.156263107056089, 48.680745875354667 ] ] ] } },
{ "type": "Feature", "properties": { "population": 42.0, "couverture_min": 5 }, "geometry": { "type": "Polygon", "coordinates": [ [ [ 6.150700408234977, 48.682354550416775 ], [ 6.150561726076857, 48.684150878687113 ], [ 6.153273930576291, 48.684244746906799 ], [ 6.15341251547826, 48.682448414742126 ], [ 6.150700408234977, 48.682354550416775 ] ] ] } },
{ "type": "Feature", "properties": { "population": 171.0, "couverture_min": 5 }, "geometry": { "type": "Polygon", "coordinates": [ [ [ 6.15341251547826, 48.682448414742126 ], [ 6.153273930576291, 48.684244746906799 ], [ 6.155986144384958, 48.684338549031878 ], [ 6.156124632029479, 48.68254221297552 ], [ 6.15341251547826, 48.682448414742126 ] ] ] } },
{ "type": "Feature", "properties": { "population": 207.5, "couverture_min": 5 }, "geometry": { "type": "Polygon", "coordinates": [ [ [ 6.156124632029479, 48.68254221297552 ], [ 6.155986144384958, 48.684338549031878 ], [ 6.158698367496367, 48.684432285061931 ], [ 6.158836757882147, 48.682635945116679 ], [ 6.156124632029479, 48.68254221297552 ] ] ] } },
{ "type": "Feature", "properties": { "population": 55.5, "couverture_min": 5 }, "geometry": { "type": "Polygon", "coordinates": [ [ [ 6.150561726076857, 48.684150878687113 ], [ 6.150423031281565, 48.685947205392601 ], [ 6.153135333045962, 48.686041077506992 ], [ 6.153273930576291, 48.684244746906799 ], [ 6.150561726076857, 48.684150878687113 ] ] ] } },
{ "type": "Feature", "properties": { "population": 253.5, "couverture_min": 5 }, "geometry": { "type": "Polygon", "coordinates": [ [ [ 6.153273930576291, 48.684244746906799 ], [ 6.153135333045962, 48.686041077506992 ], [ 6.155847644120882, 48.686134883524069 ], [ 6.155986144384958, 48.684338549031878 ], [ 6.153273930576291, 48.684244746906799 ] ] ] } },
{ "type": "Feature", "properties": { "population": 416.0, "couverture_min": 5 }, "geometry": { "type": "Polygon", "coordinates": [ [ [ 6.155986144384958, 48.684338549031878 ], [ 6.155847644120882, 48.686134883524069 ], [ 6.158559964499842, 48.686228623443426 ], [ 6.158698367496367, 48.684432285061931 ], [ 6.155986144384958, 48.684338549031878 ] ] ] } },
{ "type": "Feature", "properties": { "population": 203.0, "couverture_min": 5 }, "geometry": { "type": "Polygon", "coordinates": [ [ [ 6.153135333045962, 48.686041077506992 ], [ 6.152996722885623, 48.687837406543132 ], [ 6.155709131235614, 48.68793121645259 ], [ 6.155847644120882, 48.686134883524069 ], [ 6.153135333045962, 48.686041077506992 ] ] ] } },
{ "type": "Feature", "properties": { "population": 160.5, "couverture_min": 5 }, "geometry": { "type": "Polygon", "coordinates": [ [ [ 6.155847644120882, 48.686134883524069 ], [ 6.155709131235614, 48.68793121645259 ], [ 6.158421548890937, 48.688024960261579 ], [ 6.158559964499842, 48.686228623443426 ], [ 6.155847644120882, 48.686134883524069 ] ] ] } },
{ "type": "Feature", "properties": { "population": 189.5, "couverture_min": 5 }, "geometry": { "type": "Polygon", "coordinates": [ [ [ 6.152996722885623, 48.687837406543132 ], [ 6.152858100093638, 48.689633734015615 ], [ 6.155570605727507, 48.689727547817817 ], [ 6.155709131235614, 48.68793121645259 ], [ 6.152996722885623, 48.687837406543132 ] ] ] } },
{ "type": "Feature", "properties": { "population": 239.5, "couverture_min": 5 }, "geometry": { "type": "Polygon", "coordinates": [ [ [ 6.155709131235614, 48.68793121645259 ], [ 6.155570605727507, 48.689727547817817 ], [ 6.158283120668004, 48.689821295516836 ], [ 6.158421548890937, 48.688024960261579 ], [ 6.155709131235614, 48.68793121645259 ] ] ] } },
{ "type": "Feature", "properties": { "population": 242.5, "couverture_min": 5 }, "geometry": { "type": "Polygon", "coordinates": [ [ [ 6.155570605727507, 48.689727547817817 ], [ 6.155432067594924, 48.691523877620163 ], [ 6.158144679829411, 48.691617629209581 ], [ 6.158283120668004, 48.689821295516836 ], [ 6.155570605727507, 48.689727547817817 ] ] ] } },
{ "type": "Feature", "properties": { "population": 289.5, "couverture_min": 5 }, "geometry": { "type": "Polygon", "coordinates": [ [ [ 6.152858100093638, 48.689633734015615 ], [ 6.152719464668358, 48.691430059924855 ], [ 6.155432067594924, 48.691523877620163 ], [ 6.155570605727507, 48.689727547817817 ], [ 6.152858100093638, 48.689633734015615 ] ] ] } },
{ "type": "Feature", "properties": { "population": 320.0, "couverture_min": 5 }, "geometry": { "type": "Polygon", "coordinates": [ [ [ 6.181359509139054, 48.672605164328324 ], [ 6.18122197207697, 48.674401544660633 ], [ 6.183933695131029, 48.674494662638402 ], [ 6.184071134975619, 48.672698278443882 ], [ 6.181359509139054, 48.672605164328324 ] ] ] } },
{ "type": "Feature", "properties": { "population": 59.5, "couverture_min": 5 }, "geometry": { "type": "Polygon", "coordinates": [ [ [ 6.184071134975619, 48.672698278443882 ], [ 6.183933695131029, 48.674494662638402 ], [ 6.186645427415216, 48.674587714533878 ], [ 6.186782770041018, 48.672791326479853 ], [ 6.184071134975619, 48.672698278443882 ] ] ] } },
{ "type": "Feature", "properties": { "population": 3.0, "couverture_min": 5 }, "geometry": { "type": "Polygon", "coordinates": [ [ [ 6.186782770041018, 48.672791326479853 ], [ 6.186645427415216, 48.674587714533878 ], [ 6.18935716892304, 48.674680700346713 ], [ 6.189494414328778, 48.672884308435933 ], [ 6.186782770041018, 48.672791326479853 ] ] ] } },
{ "type": "Feature", "properties": { "population": 286.5, "couverture_min": 5 }, "geometry": { "type": "Polygon", "coordinates": [ [ [ 6.18122197207697, 48.674401544660633 ], [ 6.181084422484409, 48.676197923429562 ], [ 6.183796242764777, 48.67629104526997 ], [ 6.183933695131029, 48.674494662638402 ], [ 6.18122197207697, 48.674401544660633 ] ] ] } },
{ "type": "Feature", "properties": { "population": 326.5, "couverture_min": 5 }, "geometry": { "type": "Polygon", "coordinates": [ [ [ 6.183933695131029, 48.674494662638402 ], [ 6.183796242764777, 48.67629104526997 ], [ 6.186508072276551, 48.676384101025278 ], [ 6.186645427415216, 48.674587714533878 ], [ 6.183933695131029, 48.674494662638402 ] ] ] } },
{ "type": "Feature", "properties": { "population": 50.0, "couverture_min": 5 }, "geometry": { "type": "Polygon", "coordinates": [ [ [ 6.186645427415216, 48.674587714533878 ], [ 6.186508072276551, 48.676384101025278 ], [ 6.189219911013249, 48.676477090695265 ], [ 6.18935716892304, 48.674680700346713 ], [ 6.186645427415216, 48.674587714533878 ] ] ] } },
{ "type": "Feature", "properties": { "population": 312.5, "couverture_min": 5 }, "geometry": { "type": "Polygon", "coordinates": [ [ [ 6.181084422484409, 48.676197923429562 ], [ 6.180946860359749, 48.67799430063566 ], [ 6.183658777875229, 48.678087426338926 ], [ 6.183796242764777, 48.67629104526997 ], [ 6.181084422484409, 48.676197923429562 ] ] ] } },
{ "type": "Feature", "properties": { "population": 411.0, "couverture_min": 5 }, "geometry": { "type": "Polygon", "coordinates": [ [ [ 6.183796242764777, 48.67629104526997 ], [ 6.183658777875229, 48.678087426338926 ], [ 6.1863707046234, 48.678180485954528 ], [ 6.186508072276551, 48.676384101025278 ], [ 6.183796242764777, 48.67629104526997 ] ] ] } },
{ "type": "Feature", "properties": { "population": 156.5, "couverture_min": 5 }, "geometry": { "type": "Polygon", "coordinates": [ [ [ 6.186508072276551, 48.676384101025278 ], [ 6.1863707046234, 48.678180485954528 ], [ 6.189082640597779, 48.678273479482002 ], [ 6.189219911013249, 48.676477090695265 ], [ 6.186508072276551, 48.676384101025278 ] ] ] } },
{ "type": "Feature", "properties": { "population": 69.0, "couverture_min": 5 }, "geometry": { "type": "Polygon", "coordinates": [ [ [ 6.180946860359749, 48.67799430063566 ], [ 6.180809285701359, 48.67979067627919 ], [ 6.183521300460757, 48.679883805845819 ], [ 6.183658777875229, 48.678087426338926 ], [ 6.180946860359749, 48.67799430063566 ] ] ] } },
{ "type": "Feature", "properties": { "population": 234.5, "couverture_min": 5 }, "geometry": { "type": "Polygon", "coordinates": [ [ [ 6.183658777875229, 48.678087426338926 ], [ 6.183521300460757, 48.679883805845819 ], [ 6.186233324454134, 48.679976869321976 ], [ 6.1863707046234, 48.678180485954528 ], [ 6.183658777875229, 48.678087426338926 ] ] ] } },
{ "type": "Feature", "properties": { "population": 594.5, "couverture_min": 5 }, "geometry": { "type": "Polygon", "coordinates": [ [ [ 6.1863707046234, 48.678180485954528 ], [ 6.186233324454134, 48.679976869321976 ], [ 6.188945357675001, 48.680069866707314 ], [ 6.189082640597779, 48.678273479482002 ], [ 6.1863707046234, 48.678180485954528 ] ] ] } },
{ "type": "Feature", "properties": { "population": 286.0, "couverture_min": 5 }, "geometry": { "type": "Polygon", "coordinates": [ [ [ 6.180809285701359, 48.67979067627919 ], [ 6.180671698507608, 48.681587050360648 ], [ 6.183383810519736, 48.681680183790952 ], [ 6.183521300460757, 48.679883805845819 ], [ 6.180809285701359, 48.67979067627919 ] ] ] } },
{ "type": "Feature", "properties": { "population": 378.5, "couverture_min": 5 }, "geometry": { "type": "Polygon", "coordinates": [ [ [ 6.183521300460757, 48.679883805845819 ], [ 6.183383810519736, 48.681680183790952 ], [ 6.186095931767125, 48.681773251128057 ], [ 6.186233324454134, 48.679976869321976 ], [ 6.183521300460757, 48.679883805845819 ] ] ] } },
{ "type": "Feature", "properties": { "population": 336.0, "couverture_min": 5 }, "geometry": { "type": "Polygon", "coordinates": [ [ [ 6.186233324454134, 48.679976869321976 ], [ 6.186095931767125, 48.681773251128057 ], [ 6.188808062243291, 48.681866252371634 ], [ 6.188945357675001, 48.680069866707314 ], [ 6.186233324454134, 48.679976869321976 ] ] ] } },
{ "type": "Feature", "properties": { "population": 275.0, "couverture_min": 5 }, "geometry": { "type": "Polygon", "coordinates": [ [ [ 6.180671698507608, 48.681587050360648 ], [ 6.180534098776868, 48.683383422880439 ], [ 6.183246308050532, 48.683476560174782 ], [ 6.183383810519736, 48.681680183790952 ], [ 6.180671698507608, 48.681587050360648 ] ] ] } },
{ "type": "Feature", "properties": { "population": 220.0, "couverture_min": 5 }, "geometry": { "type": "Polygon", "coordinates": [ [ [ 6.183383810519736, 48.681680183790952 ], [ 6.183246308050532, 48.683476560174782 ], [ 6.185958526560748, 48.68356963137321 ], [ 6.186095931767125, 48.681773251128057 ], [ 6.183383810519736, 48.681680183790952 ] ] ] } },
{ "type": "Feature", "properties": { "population": 569.5, "couverture_min": 5 }, "geometry": { "type": "Polygon", "coordinates": [ [ [ 6.186095931767125, 48.681773251128057 ], [ 6.185958526560748, 48.68356963137321 ], [ 6.188670754301021, 48.683662636475368 ], [ 6.188808062243291, 48.681866252371634 ], [ 6.186095931767125, 48.681773251128057 ] ] ] } },
{ "type": "Feature", "properties": { "population": 168.0, "couverture_min": 5 }, "geometry": { "type": "Polygon", "coordinates": [ [ [ 6.188808062243291, 48.681866252371634 ], [ 6.188670754301021, 48.683662636475368 ], [ 6.191382991264862, 48.683755575480888 ], [ 6.191520201941739, 48.681959187521301 ], [ 6.188808062243291, 48.681866252371634 ] ] ] } },
{ "type": "Feature", "properties": { "population": 76.0, "couverture_min": 5 }, "geometry": { "type": "Polygon", "coordinates": [ [ [ 6.180534098776868, 48.683383422880439 ], [ 6.180396486507505, 48.685179793838984 ], [ 6.18310879305152, 48.685272934997712 ], [ 6.183246308050532, 48.683476560174782 ], [ 6.180534098776868, 48.683383422880439 ] ] ] } },
{ "type": "Feature", "properties": { "population": 69.0, "couverture_min": 5 }, "geometry": { "type": "Polygon", "coordinates": [ [ [ 6.183246308050532, 48.683476560174782 ], [ 6.18310879305152, 48.685272934997712 ], [ 6.185821108833372, 48.685366010057827 ], [ 6.185958526560748, 48.68356963137321 ], [ 6.183246308050532, 48.683476560174782 ] ] ] } },
{ "type": "Feature", "properties": { "population": 554.5, "couverture_min": 5 }, "geometry": { "type": "Polygon", "coordinates": [ [ [ 6.185958526560748, 48.68356963137321 ], [ 6.185821108833372, 48.685366010057827 ], [ 6.188533433846567, 48.685459019018936 ], [ 6.188670754301021, 48.683662636475368 ], [ 6.185958526560748, 48.68356963137321 ] ] ] } },
{ "type": "Feature", "properties": { "population": 32.0, "couverture_min": 5 }, "geometry": { "type": "Polygon", "coordinates": [ [ [ 6.188670754301021, 48.683662636475368 ], [ 6.188533433846567, 48.685459019018936 ], [ 6.191245768084609, 48.685551961880691 ], [ 6.191382991264862, 48.683755575480888 ], [ 6.188670754301021, 48.683662636475368 ] ] ] } },
{ "type": "Feature", "properties": { "population": 371.5, "couverture_min": 5 }, "geometry": { "type": "Polygon", "coordinates": [ [ [ 6.18310879305152, 48.685272934997712 ], [ 6.182971265521072, 48.687069308260199 ], [ 6.18568367858337, 48.68716238718234 ], [ 6.185821108833372, 48.685366010057827 ], [ 6.18310879305152, 48.685272934997712 ] ] ] } },
{ "type": "Feature", "properties": { "population": 321.0, "couverture_min": 5 }, "geometry": { "type": "Polygon", "coordinates": [ [ [ 6.185821108833372, 48.685366010057827 ], [ 6.18568367858337, 48.68716238718234 ], [ 6.188396100878297, 48.687255400002762 ], [ 6.188533433846567, 48.685459019018936 ], [ 6.185821108833372, 48.685366010057827 ] ] ] } },
{ "type": "Feature", "properties": { "population": 541.0, "couverture_min": 5 }, "geometry": { "type": "Polygon", "coordinates": [ [ [ 6.188533433846567, 48.685459019018936 ], [ 6.188396100878297, 48.687255400002762 ], [ 6.191108532399358, 48.687348346721095 ], [ 6.191245768084609, 48.685551961880691 ], [ 6.188533433846567, 48.685459019018936 ] ] ] } },
{ "type": "Feature", "properties": { "population": 636.5, "couverture_min": 5 }, "geometry": { "type": "Polygon", "coordinates": [ [ [ 6.182971265521072, 48.687069308260199 ], [ 6.182833725457551, 48.68886567996261 ], [ 6.185546235809114, 48.688958762747149 ], [ 6.18568367858337, 48.68716238718234 ], [ 6.182971265521072, 48.687069308260199 ] ] ] } },
{ "type": "Feature", "properties": { "population": 667.0, "couverture_min": 5 }, "geometry": { "type": "Polygon", "coordinates": [ [ [ 6.18568367858337, 48.68716238718234 ], [ 6.185546235809114, 48.688958762747149 ], [ 6.188258755394587, 48.68905177942726 ], [ 6.188396100878297, 48.687255400002762 ], [ 6.18568367858337, 48.68716238718234 ] ] ] } },
{ "type": "Feature", "properties": { "population": 496.0, "couverture_min": 5 }, "geometry": { "type": "Polygon", "coordinates": [ [ [ 6.188396100878297, 48.687255400002762 ], [ 6.188258755394587, 48.68905177942726 ], [ 6.19097128420748, 48.689144730002546 ], [ 6.191108532399358, 48.687348346721095 ], [ 6.188396100878297, 48.687255400002762 ] ] ] } },
{ "type": "Feature", "properties": { "population": 367.5, "couverture_min": 5 }, "geometry": { "type": "Polygon", "coordinates": [ [ [ 6.159390193350633, 48.675450569689822 ], [ 6.159251853391427, 48.67724691589423 ], [ 6.161963696811804, 48.677340570286347 ], [ 6.162101939546204, 48.675544220197203 ], [ 6.159390193350633, 48.675450569689822 ] ] ] } },
{ "type": "Feature", "properties": { "population": 317.5, "couverture_min": 5 }, "geometry": { "type": "Polygon", "coordinates": [ [ [ 6.162101939546204, 48.675544220197203 ], [ 6.161963696811804, 48.677340570286347 ], [ 6.16467554951677, 48.677434158593641 ], [ 6.164813695025076, 48.675637804622475 ], [ 6.162101939546204, 48.675544220197203 ] ] ] } },
{ "type": "Feature", "properties": { "population": 222.5, "couverture_min": 5 }, "geometry": { "type": "Polygon", "coordinates": [ [ [ 6.164813695025076, 48.675637804622475 ], [ 6.16467554951677, 48.677434158593641 ], [ 6.167387411499842, 48.677527680815736 ], [ 6.167525459780763, 48.675731322965284 ], [ 6.164813695025076, 48.675637804622475 ] ] ] } },
{ "type": "Feature", "properties": { "population": 364.0, "couverture_min": 5 }, "geometry": { "type": "Polygon", "coordinates": [ [ [ 6.159251853391427, 48.67724691589423 ], [ 6.159113500828038, 48.679043260533255 ], [ 6.161825441482022, 48.679136918810443 ], [ 6.161963696811804, 48.677340570286347 ], [ 6.159251853391427, 48.67724691589423 ] ] ] } },
{ "type": "Feature", "properties": { "population": 101.0, "couverture_min": 5 }, "geometry": { "type": "Polygon", "coordinates": [ [ [ 6.161963696811804, 48.677340570286347 ], [ 6.161825441482022, 48.679136918810443 ], [ 6.164537391421891, 48.679230511000135 ], [ 6.16467554951677, 48.677434158593641 ], [ 6.161963696811804, 48.677340570286347 ] ] ] } },
{ "type": "Feature", "properties": { "population": 200.5, "couverture_min": 5 }, "geometry": { "type": "Polygon", "coordinates": [ [ [ 6.16467554951677, 48.677434158593641 ], [ 6.164537391421891, 48.679230511000135 ], [ 6.167249350641156, 48.679324037101878 ], [ 6.167387411499842, 48.677527680815736 ], [ 6.16467554951677, 48.677434158593641 ] ] ] } },
{ "type": "Feature", "properties": { "population": 189.5, "couverture_min": 5 }, "geometry": { "type": "Polygon", "coordinates": [ [ [ 6.159113500828038, 48.679043260533255 ], [ 6.158975135658825, 48.680839603607239 ], [ 6.161687173555225, 48.680933265769937 ], [ 6.161825441482022, 48.679136918810443 ], [ 6.159113500828038, 48.679043260533255 ] ] ] } },
{ "type": "Feature", "properties": { "population": 292.5, "couverture_min": 5 }, "geometry": { "type": "Polygon", "coordinates": [ [ [ 6.161825441482022, 48.679136918810443 ], [ 6.161687173555225, 48.680933265769937 ], [ 6.164399220738802, 48.681026861842348 ], [ 6.164537391421891, 48.679230511000135 ], [ 6.161825441482022, 48.679136918810443 ] ] ] } },
{ "type": "Feature", "properties": { "population": 115.5, "couverture_min": 10 }, "geometry": { "type": "Polygon", "coordinates": [ [ [ 6.164537391421891, 48.679230511000135 ], [ 6.164399220738802, 48.681026861842348 ], [ 6.167111277203067, 48.681120391824123 ], [ 6.167249350641156, 48.679324037101878 ], [ 6.164537391421891, 48.679230511000135 ] ] ] } },
{ "type": "Feature", "properties": { "population": 14.0, "couverture_min": 5 }, "geometry": { "type": "Polygon", "coordinates": [ [ [ 6.167249350641156, 48.679324037101878 ], [ 6.167111277203067, 48.681120391824123 ], [ 6.169823342941533, 48.681213855714915 ], [ 6.169961319133332, 48.679417497115367 ], [ 6.167249350641156, 48.679324037101878 ] ] ] } },
{ "type": "Feature", "properties": { "population": 218.0, "couverture_min": 5 }, "geometry": { "type": "Polygon", "coordinates": [ [ [ 6.158975135658825, 48.680839603607239 ], [ 6.158836757882147, 48.682635945116679 ], [ 6.161548893029773, 48.682729611165207 ], [ 6.161687173555225, 48.680933265769937 ], [ 6.158975135658825, 48.680839603607239 ] ] ] } },
{ "type": "Feature", "properties": { "population": 550.0, "couverture_min": 5 }, "geometry": { "type": "Polygon", "coordinates": [ [ [ 6.161687173555225, 48.680933265769937 ], [ 6.161548893029773, 48.682729611165207 ], [ 6.164261037465867, 48.682823211120713 ], [ 6.164399220738802, 48.681026861842348 ], [ 6.161687173555225, 48.680933265769937 ] ] ] } },
{ "type": "Feature", "properties": { "population": 438.5, "couverture_min": 5 }, "geometry": { "type": "Polygon", "coordinates": [ [ [ 6.164399220738802, 48.681026861842348 ], [ 6.164261037465867, 48.682823211120713 ], [ 6.166973191183943, 48.682916744982869 ], [ 6.167111277203067, 48.681120391824123 ], [ 6.164399220738802, 48.681026861842348 ] ] ] } },
{ "type": "Feature", "properties": { "population": 410.0, "couverture_min": 5 }, "geometry": { "type": "Polygon", "coordinates": [ [ [ 6.167111277203067, 48.681120391824123 ], [ 6.166973191183943, 48.682916744982869 ], [ 6.169685354177505, 48.683010212751292 ], [ 6.169823342941533, 48.681213855714915 ], [ 6.167111277203067, 48.681120391824123 ] ] ] } },
{ "type": "Feature", "properties": { "population": 502.5, "couverture_min": 5 }, "geometry": { "type": "Polygon", "coordinates": [ [ [ 6.158836757882147, 48.682635945116679 ], [ 6.158698367496367, 48.684432285061931 ], [ 6.161410599904025, 48.684525954996644 ], [ 6.161548893029773, 48.682729611165207 ], [ 6.158836757882147, 48.682635945116679 ] ] ] } },
{ "type": "Feature", "properties": { "population": 257.0, "couverture_min": 5 }, "geometry": { "type": "Polygon", "coordinates": [ [ [ 6.161548893029773, 48.682729611165207 ], [ 6.161410599904025, 48.684525954996644 ], [ 6.164122841601445, 48.684619558835621 ], [ 6.164261037465867, 48.682823211120713 ], [ 6.161548893029773, 48.682729611165207 ] ] ] } },
{ "type": "Feature", "properties": { "population": 460.5, "couverture_min": 5 }, "geometry": { "type": "Polygon", "coordinates": [ [ [ 6.164261037465867, 48.682823211120713 ], [ 6.164122841601445, 48.684619558835621 ], [ 6.166835092582138, 48.684713096578506 ], [ 6.166973191183943, 48.682916744982869 ], [ 6.164261037465867, 48.682823211120713 ] ] ] } },
{ "type": "Feature", "properties": { "population": 438.5, "couverture_min": 5 }, "geometry": { "type": "Polygon", "coordinates": [ [ [ 6.166973191183943, 48.682916744982869 ], [ 6.166835092582138, 48.684713096578506 ], [ 6.169547352839614, 48.684806568224985 ], [ 6.169685354177505, 48.683010212751292 ], [ 6.166973191183943, 48.682916744982869 ] ] ] } },
{ "type": "Feature", "properties": { "population": 261.0, "couverture_min": 5 }, "geometry": { "type": "Polygon", "coordinates": [ [ [ 6.158698367496367, 48.684432285061931 ], [ 6.158559964499842, 48.686228623443426 ], [ 6.161272294176347, 48.686322297264709 ], [ 6.161410599904025, 48.684525954996644 ], [ 6.158698367496367, 48.684432285061931 ] ] ] } },
{ "type": "Feature", "properties": { "population": 356.0, "couverture_min": 5 }, "geometry": { "type": "Polygon", "coordinates": [ [ [ 6.161410599904025, 48.684525954996644 ], [ 6.161272294176347, 48.686322297264709 ], [ 6.163984633143906, 48.686415904987548 ], [ 6.164122841601445, 48.684619558835621 ], [ 6.161410599904025, 48.684525954996644 ] ] ] } },
{ "type": "Feature", "properties": { "population": 366.0, "couverture_min": 5 }, "geometry": { "type": "Polygon", "coordinates": [ [ [ 6.164122841601445, 48.684619558835621 ], [ 6.163984633143906, 48.686415904987548 ], [ 6.166696981396028, 48.686509446611552 ], [ 6.166835092582138, 48.684713096578506 ], [ 6.164122841601445, 48.684619558835621 ] ] ] } },
{ "type": "Feature", "properties": { "population": 494.5, "couverture_min": 5 }, "geometry": { "type": "Polygon", "coordinates": [ [ [ 6.166835092582138, 48.684713096578506 ], [ 6.166696981396028, 48.686509446611552 ], [ 6.169409338926226, 48.686602922136402 ], [ 6.169547352839614, 48.684806568224985 ], [ 6.166835092582138, 48.684713096578506 ] ] ] } },
{ "type": "Feature", "properties": { "population": 549.0, "couverture_min": 5 }, "geometry": { "type": "Polygon", "coordinates": [ [ [ 6.158559964499842, 48.686228623443426 ], [ 6.158421548890937, 48.688024960261579 ], [ 6.161133975845096, 48.688118637969794 ], [ 6.161272294176347, 48.686322297264709 ], [ 6.158559964499842, 48.686228623443426 ] ] ] } },
{ "type": "Feature", "properties": { "population": 513.0, "couverture_min": 5 }, "geometry": { "type": "Polygon", "coordinates": [ [ [ 6.161272294176347, 48.686322297264709 ], [ 6.161133975845096, 48.688118637969794 ], [ 6.163846412091606, 48.688212249576821 ], [ 6.163984633143906, 48.686415904987548 ], [ 6.161272294176347, 48.686322297264709 ] ] ] } },
{ "type": "Feature", "properties": { "population": 379.0, "couverture_min": 5 }, "geometry": { "type": "Polygon", "coordinates": [ [ [ 6.163984633143906, 48.686415904987548 ], [ 6.163846412091606, 48.688212249576821 ], [ 6.166558857623971, 48.688305795082329 ], [ 6.166696981396028, 48.686509446611552 ], [ 6.163984633143906, 48.686415904987548 ] ] ] } },
{ "type": "Feature", "properties": { "population": 533.0, "couverture_min": 5 }, "geometry": { "type": "Polygon", "coordinates": [ [ [ 6.166696981396028, 48.686509446611552 ], [ 6.166558857623971, 48.688305795082329 ], [ 6.1692713124357, 48.68839927448591 ], [ 6.169409338926226, 48.686602922136402 ], [ 6.166696981396028, 48.686509446611552 ] ] ] } },
{ "type": "Feature", "properties": { "population": 237.5, "couverture_min": 5 }, "geometry": { "type": "Polygon", "coordinates": [ [ [ 6.158421548890937, 48.688024960261579 ], [ 6.158283120668004, 48.689821295516836 ], [ 6.160995644908636, 48.689914977112338 ], [ 6.161133975845096, 48.688118637969794 ], [ 6.158421548890937, 48.688024960261579 ] ] ] } },
{ "type": "Feature", "properties": { "population": 281.0, "couverture_min": 5 }, "geometry": { "type": "Polygon", "coordinates": [ [ [ 6.161133975845096, 48.688118637969794 ], [ 6.160995644908636, 48.689914977112338 ], [ 6.163708178442907, 48.690008592603924 ], [ 6.163846412091606, 48.688212249576821 ], [ 6.161133975845096, 48.688118637969794 ] ] ] } },
{ "type": "Feature", "properties": { "population": 65.0, "couverture_min": 5 }, "geometry": { "type": "Polygon", "coordinates": [ [ [ 6.163846412091606, 48.688212249576821 ], [ 6.163708178442907, 48.690008592603924 ], [ 6.166420721264327, 48.690102141991254 ], [ 6.166558857623971, 48.688305795082329 ], [ 6.163846412091606, 48.688212249576821 ] ] ] } },
{ "type": "Feature", "properties": { "population": 449.0, "couverture_min": 5 }, "geometry": { "type": "Polygon", "coordinates": [ [ [ 6.166558857623971, 48.688305795082329 ], [ 6.166420721264327, 48.690102141991254 ], [ 6.169133273366405, 48.690195625273979 ], [ 6.1692713124357, 48.68839927448591 ], [ 6.166558857623971, 48.688305795082329 ] ] ] } },
{ "type": "Feature", "properties": { "population": 271.0, "couverture_min": 5 }, "geometry": { "type": "Polygon", "coordinates": [ [ [ 6.189082640597779, 48.678273479482002 ], [ 6.188945357675001, 48.680069866707314 ], [ 6.191657400116867, 48.680162798001469 ], [ 6.191794585791873, 48.678366406921 ], [ 6.189082640597779, 48.678273479482002 ] ] ] } },
{ "type": "Feature", "properties": { "population": 469.0, "couverture_min": 5 }, "geometry": { "type": "Polygon", "coordinates": [ [ [ 6.191794585791873, 48.678366406921 ], [ 6.191657400116867, 48.680162798001469 ], [ 6.194369451773247, 48.680255663204086 ], [ 6.1945065401992, 48.678459268271197 ], [ 6.191794585791873, 48.678366406921 ] ] ] } },
{ "type": "Feature", "properties": { "population": 338.0, "couverture_min": 5 }, "geometry": { "type": "Polygon", "coordinates": [ [ [ 6.1945065401992, 48.678459268271197 ], [ 6.194369451773247, 48.680255663204086 ], [ 6.197081512637648, 48.680348462314761 ], [ 6.197218503813265, 48.678552063532223 ], [ 6.1945065401992, 48.678459268271197 ] ] ] } },
{ "type": "Feature", "properties": { "population": 72.0, "couverture_min": 5 }, "geometry": { "type": "Polygon", "coordinates": [ [ [ 6.197218503813265, 48.678552063532223 ], [ 6.197081512637648, 48.680348462314761 ], [ 6.199793582703577, 48.680441195333195 ], [ 6.19993047662758, 48.678644792703679 ], [ 6.197218503813265, 48.678552063532223 ] ] ] } },
{ "type": "Feature", "properties": { "population": 20.0, "couverture_min": 5 }, "geometry": { "type": "Polygon", "coordinates": [ [ [ 6.188945357675001, 48.680069866707314 ], [ 6.188808062243291, 48.681866252371634 ], [ 6.191520201941739, 48.681959187521301 ], [ 6.191657400116867, 48.680162798001469 ], [ 6.188945357675001, 48.680069866707314 ] ] ] } },
{ "type": "Feature", "properties": { "population": 201.0, "couverture_min": 5 }, "geometry": { "type": "Polygon", "coordinates": [ [ [ 6.191657400116867, 48.680162798001469 ], [ 6.191520201941739, 48.681959187521301 ], [ 6.194232350855979, 48.682052056576644 ], [ 6.194369451773247, 48.680255663204086 ], [ 6.191657400116867, 48.680162798001469 ] ] ] } },
{ "type": "Feature", "properties": { "population": 585.0, "couverture_min": 5 }, "geometry": { "type": "Polygon", "coordinates": [ [ [ 6.194369451773247, 48.680255663204086 ], [ 6.194232350855979, 48.682052056576644 ], [ 6.196944508979527, 48.682144859537416 ], [ 6.197081512637648, 48.680348462314761 ], [ 6.194369451773247, 48.680255663204086 ] ] ] } },
{ "type": "Feature", "properties": { "population": 98.5, "couverture_min": 5 }, "geometry": { "type": "Polygon", "coordinates": [ [ [ 6.197081512637648, 48.680348462314761 ], [ 6.196944508979527, 48.682144859537416 ], [ 6.199656676305883, 48.682237596403191 ], [ 6.199793582703577, 48.680441195333195 ], [ 6.197081512637648, 48.680348462314761 ] ] ] } },
{ "type": "Feature", "properties": { "population": 87.5, "couverture_min": 5 }, "geometry": { "type": "Polygon", "coordinates": [ [ [ 6.191520201941739, 48.681959187521301 ], [ 6.191382991264862, 48.683755575480888 ], [ 6.194095237445779, 48.683848448389405 ], [ 6.194232350855979, 48.682052056576644 ], [ 6.191520201941739, 48.681959187521301 ] ] ] } },
{ "type": "Feature", "properties": { "population": 139.0, "couverture_min": 5 }, "geometry": { "type": "Polygon", "coordinates": [ [ [ 6.194232350855979, 48.682052056576644 ], [ 6.194095237445779, 48.683848448389405 ], [ 6.19680749283728, 48.683941255200573 ], [ 6.196944508979527, 48.682144859537416 ], [ 6.194232350855979, 48.682052056576644 ] ] ] } },
{ "type": "Feature", "properties": { "population": 15.0, "couverture_min": 5 }, "geometry": { "type": "Polygon", "coordinates": [ [ [ 6.196944508979527, 48.682144859537416 ], [ 6.19680749283728, 48.683941255200573 ], [ 6.199519757432874, 48.684033995914021 ], [ 6.199656676305883, 48.682237596403191 ], [ 6.196944508979527, 48.682144859537416 ] ] ] } },
{ "type": "Feature", "properties": { "population": 4.5, "couverture_min": 10 }, "geometry": { "type": "Polygon", "coordinates": [ [ [ 6.199656676305883, 48.682237596403191 ], [ 6.199519757432874, 48.684033995914021 ], [ 6.202232031226069, 48.684126670529373 ], [ 6.202368852828561, 48.682330267173576 ], [ 6.199656676305883, 48.682237596403191 ] ] ] } },
{ "type": "Feature", "properties": { "population": 10.0, "couverture_min": 10 }, "geometry": { "type": "Polygon", "coordinates": [ [ [ 6.202368852828561, 48.682330267173576 ], [ 6.202232031226069, 48.684126670529373 ], [ 6.204944314210374, 48.684219279046332 ], [ 6.20508103854107, 48.682422871848267 ], [ 6.202368852828561, 48.682330267173576 ] ] ] } },
{ "type": "Feature", "properties": { "population": 1.5, "couverture_min": 10 }, "geometry": { "type": "Polygon", "coordinates": [ [ [ 6.20508103854107, 48.682422871848267 ], [ 6.204944314210374, 48.684219279046332 ], [ 6.207656606379297, 48.684311821464448 ], [ 6.20779323343692, 48.68251541042688 ], [ 6.20508103854107, 48.682422871848267 ] ] ] } },
{ "type": "Feature", "properties": { "population": 14.0, "couverture_min": 5 }, "geometry": { "type": "Polygon", "coordinates": [ [ [ 6.191382991264862, 48.683755575480888 ], [ 6.191245768084609, 48.685551961880691 ], [ 6.193958111541014, 48.685644838642709 ], [ 6.194095237445779, 48.683848448389405 ], [ 6.191382991264862, 48.683755575480888 ] ] ] } },
{ "type": "Feature", "properties": { "population": 214.0, "couverture_min": 5 }, "geometry": { "type": "Polygon", "coordinates": [ [ [ 6.194095237445779, 48.683848448389405 ], [ 6.193958111541014, 48.685644838642709 ], [ 6.196670464209284, 48.685737649304663 ], [ 6.19680749283728, 48.683941255200573 ], [ 6.194095237445779, 48.683848448389405 ] ] ] } },
{ "type": "Feature", "properties": { "population": 217.5, "couverture_min": 5 }, "geometry": { "type": "Polygon", "coordinates": [ [ [ 6.19680749283728, 48.683941255200573 ], [ 6.196670464209284, 48.685737649304663 ], [ 6.199382826082926, 48.685830393866155 ], [ 6.199519757432874, 48.684033995914021 ], [ 6.19680749283728, 48.683941255200573 ] ] ] } },
{ "type": "Feature", "properties": { "population": 76.5, "couverture_min": 5 }, "geometry": { "type": "Polygon", "coordinates": [ [ [ 6.199519757432874, 48.684033995914021 ], [ 6.199382826082926, 48.685830393866155 ], [ 6.202095197155453, 48.685923072326858 ], [ 6.202232031226069, 48.684126670529373 ], [ 6.199519757432874, 48.684033995914021 ] ] ] } },
{ "type": "Feature", "properties": { "population": 10.0, "couverture_min": 10 }, "geometry": { "type": "Polygon", "coordinates": [ [ [ 6.202232031226069, 48.684126670529373 ], [ 6.202095197155453, 48.685923072326858 ], [ 6.204807577420366, 48.686015684686375 ], [ 6.204944314210374, 48.684219279046332 ], [ 6.202232031226069, 48.684126670529373 ] ] ] } },
{ "type": "Feature", "properties": { "population": 116.0, "couverture_min": 5 }, "geometry": { "type": "Polygon", "coordinates": [ [ [ 6.191245768084609, 48.685551961880691 ], [ 6.191108532399358, 48.687348346721095 ], [ 6.193820973140062, 48.68744122733699 ], [ 6.193958111541014, 48.685644838642709 ], [ 6.191245768084609, 48.685551961880691 ] ] ] } },
{ "type": "Feature", "properties": { "population": 175.0, "couverture_min": 5 }, "geometry": { "type": "Polygon", "coordinates": [ [ [ 6.193958111541014, 48.685644838642709 ], [ 6.193820973140062, 48.68744122733699 ], [ 6.196533423093916, 48.687534041850085 ], [ 6.196670464209284, 48.685737649304663 ], [ 6.193958111541014, 48.685644838642709 ] ] ] } },
{ "type": "Feature", "properties": { "population": 230.5, "couverture_min": 5 }, "geometry": { "type": "Polygon", "coordinates": [ [ [ 6.199382826082926, 48.685830393866155 ], [ 6.199245882254421, 48.687626790259991 ], [ 6.201958350615091, 48.687719472566364 ], [ 6.202095197155453, 48.685923072326858 ], [ 6.199382826082926, 48.685830393866155 ] ] ] } },
{ "type": "Feature", "properties": { "population": 177.0, "couverture_min": 5 }, "geometry": { "type": "Polygon", "coordinates": [ [ [ 6.202095197155453, 48.685923072326858 ], [ 6.201958350615091, 48.687719472566364 ], [ 6.204670828169428, 48.687812088768872 ], [ 6.204807577420366, 48.686015684686375 ], [ 6.202095197155453, 48.685923072326858 ] ] ] } },
{ "type": "Feature", "properties": { "population": 112.0, "couverture_min": 5 }, "geometry": { "type": "Polygon", "coordinates": [ [ [ 6.204807577420366, 48.686015684686375 ], [ 6.204670828169428, 48.687812088768872 ], [ 6.207383314910938, 48.687904638867096 ], [ 6.207519966871177, 48.68610823094437 ], [ 6.204807577420366, 48.686015684686375 ] ] ] } },
{ "type": "Feature", "properties": { "population": 150.0, "couverture_min": 5 }, "geometry": { "type": "Polygon", "coordinates": [ [ [ 6.191108532399358, 48.687348346721095 ], [ 6.19097128420748, 48.689144730002546 ], [ 6.193683822241298, 48.689237614472681 ], [ 6.193820973140062, 48.68744122733699 ], [ 6.191108532399358, 48.687348346721095 ] ] ] } },
{ "type": "Feature", "properties": { "population": 410.0, "couverture_min": 5 }, "geometry": { "type": "Polygon", "coordinates": [ [ [ 6.193820973140062, 48.68744122733699 ], [ 6.193683822241298, 48.689237614472681 ], [ 6.196396369489548, 48.689330432837252 ], [ 6.196533423093916, 48.687534041850085 ], [ 6.193820973140062, 48.68744122733699 ] ] ] } },
{ "type": "Feature", "properties": { "population": 231.5, "couverture_min": 5 }, "geometry": { "type": "Polygon", "coordinates": [ [ [ 6.196533423093916, 48.687534041850085 ], [ 6.196396369489548, 48.689330432837252 ], [ 6.199108925945733, 48.68942318509594 ], [ 6.199245882254421, 48.687626790259991 ], [ 6.196533423093916, 48.687534041850085 ] ] ] } },
{ "type": "Feature", "properties": { "population": 15.0, "couverture_min": 5 }, "geometry": { "type": "Polygon", "coordinates": [ [ [ 6.201958350615091, 48.687719472566364 ], [ 6.201821491603361, 48.689515871248382 ], [ 6.204534066455937, 48.689608491294187 ], [ 6.204670828169428, 48.687812088768872 ], [ 6.201958350615091, 48.687719472566364 ] ] ] } },
{ "type": "Feature", "properties": { "population": 23.0, "couverture_min": 5 }, "geometry": { "type": "Polygon", "coordinates": [ [ [ 6.204670828169428, 48.687812088768872 ], [ 6.204534066455937, 48.689608491294187 ], [ 6.207246650496968, 48.689701045233022 ], [ 6.207383314910938, 48.687904638867096 ], [ 6.204670828169428, 48.687812088768872 ] ] ] } },
{ "type": "Feature", "properties": { "population": 261.0, "couverture_min": 5 }, "geometry": { "type": "Polygon", "coordinates": [ [ [ 6.19097128420748, 48.689144730002546 ], [ 6.190834023507348, 48.690941111725444 ], [ 6.193546658843098, 48.691034000050152 ], [ 6.193683822241298, 48.689237614472681 ], [ 6.19097128420748, 48.689144730002546 ] ] ] } },
{ "type": "Feature", "properties": { "population": 362.5, "couverture_min": 10 }, "geometry": { "type": "Polygon", "coordinates": [ [ [ 6.193683822241298, 48.689237614472681 ], [ 6.193546658843098, 48.691034000050152 ], [ 6.196259303394559, 48.691126822266597 ], [ 6.196396369489548, 48.689330432837252 ], [ 6.193683822241298, 48.689237614472681 ] ] ] } },
{ "type": "Feature", "properties": { "population": 216.5, "couverture_min": 5 }, "geometry": { "type": "Polygon", "coordinates": [ [ [ 6.196396369489548, 48.689330432837252 ], [ 6.196259303394559, 48.691126822266597 ], [ 6.19897195715524, 48.691219578374429 ], [ 6.199108925945733, 48.68942318509594 ], [ 6.196396369489548, 48.689330432837252 ] ] ] } },
{ "type": "Feature", "properties": { "population": 116.0, "couverture_min": 5 }, "geometry": { "type": "Polygon", "coordinates": [ [ [ 6.199108925945733, 48.68942318509594 ], [ 6.19897195715524, 48.691219578374429 ], [ 6.201684620118644, 48.691312268373274 ], [ 6.201821491603361, 48.689515871248382 ], [ 6.199108925945733, 48.68942318509594 ] ] ] } },
{ "type": "Feature", "properties": { "population": 55.5, "couverture_min": 5 }, "geometry": { "type": "Polygon", "coordinates": [ [ [ 6.139991130969972, 48.680182117971476 ], [ 6.139852072470982, 48.681978432203806 ], [ 6.142564142417632, 48.682072560893069 ], [ 6.14270310367447, 48.680276242755859 ], [ 6.139991130969972, 48.680182117971476 ] ] ] } },
{ "type": "Feature", "properties": { "population": 258.5, "couverture_min": 5 }, "geometry": { "type": "Polygon", "coordinates": [ [ [ 6.14270310367447, 48.680276242755859 ], [ 6.142564142417632, 48.682072560893069 ], [ 6.145276221698177, 48.682166623491916 ], [ 6.145415085711562, 48.680370301452491 ], [ 6.14270310367447, 48.680276242755859 ] ] ] } },
{ "type": "Feature", "properties": { "population": 326.0, "couverture_min": 5 }, "geometry": { "type": "Polygon", "coordinates": [ [ [ 6.145415085711562, 48.680370301452491 ], [ 6.145276221698177, 48.682166623491916 ], [ 6.147988310306121, 48.682260619999937 ], [ 6.148127077074754, 48.680464294061075 ], [ 6.145415085711562, 48.680370301452491 ] ] ] } },
{ "type": "Feature", "properties": { "population": 560.5, "couverture_min": 5 }, "geometry": { "type": "Polygon", "coordinates": [ [ [ 6.148127077074754, 48.680464294061075 ], [ 6.147988310306121, 48.682260619999937 ], [ 6.150700408234977, 48.682354550416775 ], [ 6.150839077757567, 48.680558220581204 ], [ 6.148127077074754, 48.680464294061075 ] ] ] } },
{ "type": "Feature", "properties": { "population": 29.5, "couverture_min": 5 }, "geometry": { "type": "Polygon", "coordinates": [ [ [ 6.139852072470982, 48.681978432203806 ], [ 6.139713001301227, 48.68377474486941 ], [ 6.142425168498839, 48.683868877463944 ], [ 6.142564142417632, 48.682072560893069 ], [ 6.139852072470982, 48.681978432203806 ] ] ] } },
{ "type": "Feature", "properties": { "population": 169.5, "couverture_min": 5 }, "geometry": { "type": "Polygon", "coordinates": [ [ [ 6.142564142417632, 48.682072560893069 ], [ 6.142425168498839, 48.683868877463944 ], [ 6.145137345031643, 48.683962943965327 ], [ 6.145276221698177, 48.682166623491916 ], [ 6.142564142417632, 48.682072560893069 ] ] ] } },
{ "type": "Feature", "properties": { "population": 254.5, "couverture_min": 5 }, "geometry": { "type": "Polygon", "coordinates": [ [ [ 6.145276221698177, 48.682166623491916 ], [ 6.145137345031643, 48.683962943965327 ], [ 6.147849530893144, 48.684056944373161 ], [ 6.147988310306121, 48.682260619999937 ], [ 6.145276221698177, 48.682166623491916 ] ] ] } },
{ "type": "Feature", "properties": { "population": 299.5, "couverture_min": 5 }, "geometry": { "type": "Polygon", "coordinates": [ [ [ 6.147988310306121, 48.682260619999937 ], [ 6.147849530893144, 48.684056944373161 ], [ 6.150561726076857, 48.684150878687113 ], [ 6.150700408234977, 48.682354550416775 ], [ 6.147988310306121, 48.682260619999937 ] ] ] } },
{ "type": "Feature", "properties": { "population": 150.0, "couverture_min": 5 }, "geometry": { "type": "Polygon", "coordinates": [ [ [ 6.139713001301227, 48.68377474486941 ], [ 6.139573917459064, 48.685571055968694 ], [ 6.142286181916448, 48.685665192468868 ], [ 6.142425168498839, 48.683868877463944 ], [ 6.139713001301227, 48.68377474486941 ] ] ] } },
{ "type": "Feature", "properties": { "population": 137.5, "couverture_min": 5 }, "geometry": { "type": "Polygon", "coordinates": [ [ [ 6.142425168498839, 48.683868877463944 ], [ 6.142286181916448, 48.685665192468868 ], [ 6.144998455710318, 48.685759262873134 ], [ 6.145137345031643, 48.683962943965327 ], [ 6.142425168498839, 48.683868877463944 ] ] ] } },
{ "type": "Feature", "properties": { "population": 136.0, "couverture_min": 10 }, "geometry": { "type": "Polygon", "coordinates": [ [ [ 6.145137345031643, 48.683962943965327 ], [ 6.144998455710318, 48.685759262873134 ], [ 6.147710738834189, 48.685853267181173 ], [ 6.147849530893144, 48.684056944373161 ], [ 6.145137345031643, 48.683962943965327 ] ] ] } },
{ "type": "Feature", "properties": { "population": 168.0, "couverture_min": 5 }, "geometry": { "type": "Polygon", "coordinates": [ [ [ 6.147849530893144, 48.684056944373161 ], [ 6.147710738834189, 48.685853267181173 ], [ 6.150423031281565, 48.685947205392601 ], [ 6.150561726076857, 48.684150878687113 ], [ 6.147849530893144, 48.684056944373161 ] ] ] } },
{ "type": "Feature", "properties": { "population": 211.5, "couverture_min": 5 }, "geometry": { "type": "Polygon", "coordinates": [ [ [ 6.139573917459064, 48.685571055968694 ], [ 6.13943482094284, 48.687367365502084 ], [ 6.142147182668801, 48.687461505908239 ], [ 6.142286181916448, 48.685665192468868 ], [ 6.139573917459064, 48.685571055968694 ] ] ] } },
{ "type": "Feature", "properties": { "population": 201.0, "couverture_min": 5 }, "geometry": { "type": "Polygon", "coordinates": [ [ [ 6.142286181916448, 48.685665192468868 ], [ 6.142147182668801, 48.687461505908239 ], [ 6.144859553732553, 48.687555580215808 ], [ 6.144998455710318, 48.685759262873134 ], [ 6.142286181916448, 48.685665192468868 ] ] ] } },
{ "type": "Feature", "properties": { "population": 177.0, "couverture_min": 10 }, "geometry": { "type": "Polygon", "coordinates": [ [ [ 6.144998455710318, 48.685759262873134 ], [ 6.144859553732553, 48.687555580215808 ], [ 6.147571934127603, 48.687649588424371 ], [ 6.147710738834189, 48.685853267181173 ], [ 6.144998455710318, 48.685759262873134 ] ] ] } },
{ "type": "Feature", "properties": { "population": 33.0, "couverture_min": 5 }, "geometry": { "type": "Polygon", "coordinates": [ [ [ 6.147710738834189, 48.685853267181173 ], [ 6.147571934127603, 48.687649588424371 ], [ 6.150284323847455, 48.687743530533616 ], [ 6.150423031281565, 48.685947205392601 ], [ 6.147710738834189, 48.685853267181173 ] ] ] } },
{ "type": "Feature", "properties": { "population": 110.0, "couverture_min": 5 }, "geometry": { "type": "Polygon", "coordinates": [ [ [ 6.150423031281565, 48.685947205392601 ], [ 6.150284323847455, 48.687743530533616 ], [ 6.152996722885623, 48.687837406543132 ], [ 6.153135333045962, 48.686041077506992 ], [ 6.150423031281565, 48.685947205392601 ] ] ] } },
{ "type": "Feature", "properties": { "population": 107.0, "couverture_min": 5 }, "geometry": { "type": "Polygon", "coordinates": [ [ [ 6.13943482094284, 48.687367365502084 ], [ 6.139295711750909, 48.689163673469977 ], [ 6.142008170754265, 48.689257817782519 ], [ 6.142147182668801, 48.687461505908239 ], [ 6.13943482094284, 48.687367365502084 ] ] ] } },
{ "type": "Feature", "properties": { "population": 60.0, "couverture_min": 5 }, "geometry": { "type": "Polygon", "coordinates": [ [ [ 6.142147182668801, 48.687461505908239 ], [ 6.142008170754265, 48.689257817782519 ], [ 6.144720639096708, 48.68935189599371 ], [ 6.144859553732553, 48.687555580215808 ], [ 6.142147182668801, 48.687461505908239 ] ] ] } },
{ "type": "Feature", "properties": { "population": 60.0, "couverture_min": 10 }, "geometry": { "type": "Polygon", "coordinates": [ [ [ 6.144859553732553, 48.687555580215808 ], [ 6.144720639096708, 48.68935189599371 ], [ 6.147433116771746, 48.689445908103181 ], [ 6.147571934127603, 48.687649588424371 ], [ 6.144859553732553, 48.687555580215808 ] ] ] } },
{ "type": "Feature", "properties": { "population": 122.0, "couverture_min": 10 }, "geometry": { "type": "Polygon", "coordinates": [ [ [ 6.147571934127603, 48.687649588424371 ], [ 6.147433116771746, 48.689445908103181 ], [ 6.150145603772886, 48.689539854110635 ], [ 6.150284323847455, 48.687743530533616 ], [ 6.147571934127603, 48.687649588424371 ] ] ] } },
{ "type": "Feature", "properties": { "population": 152.5, "couverture_min": 10 }, "geometry": { "type": "Polygon", "coordinates": [ [ [ 6.150284323847455, 48.687743530533616 ], [ 6.150145603772886, 48.689539854110635 ], [ 6.152858100093638, 48.689633734015615 ], [ 6.152996722885623, 48.687837406543132 ], [ 6.150284323847455, 48.687743530533616 ] ] ] } },
{ "type": "Feature", "properties": { "population": 260.0, "couverture_min": 5 }, "geometry": { "type": "Polygon", "coordinates": [ [ [ 6.139295711750909, 48.689163673469977 ], [ 6.139156589881625, 48.690959979872808 ], [ 6.141869146171183, 48.691054128092055 ], [ 6.142008170754265, 48.689257817782519 ], [ 6.139295711750909, 48.689163673469977 ] ] ] } },
{ "type": "Feature", "properties": { "population": 124.0, "couverture_min": 5 }, "geometry": { "type": "Polygon", "coordinates": [ [ [ 6.142008170754265, 48.689257817782519 ], [ 6.141869146171183, 48.691054128092055 ], [ 6.144581711801129, 48.691148210207267 ], [ 6.144720639096708, 48.68935189599371 ], [ 6.142008170754265, 48.689257817782519 ] ] ] } },
{ "type": "Feature", "properties": { "population": 128.0, "couverture_min": 5 }, "geometry": { "type": "Polygon", "coordinates": [ [ [ 6.144720639096708, 48.68935189599371 ], [ 6.144581711801129, 48.691148210207267 ], [ 6.14729428676497, 48.691242226218051 ], [ 6.147433116771746, 48.689445908103181 ], [ 6.144720639096708, 48.68935189599371 ] ] ] } },
{ "type": "Feature", "properties": { "population": 160.5, "couverture_min": 5 }, "geometry": { "type": "Polygon", "coordinates": [ [ [ 6.147433116771746, 48.689445908103181 ], [ 6.14729428676497, 48.691242226218051 ], [ 6.15000687105621, 48.691336176124047 ], [ 6.150145603772886, 48.689539854110635 ], [ 6.147433116771746, 48.689445908103181 ] ] ] } },
{ "type": "Feature", "properties": { "population": 275.0, "couverture_min": 5 }, "geometry": { "type": "Polygon", "coordinates": [ [ [ 6.150145603772886, 48.689539854110635 ], [ 6.15000687105621, 48.691336176124047 ], [ 6.152719464668358, 48.691430059924855 ], [ 6.152858100093638, 48.689633734015615 ], [ 6.150145603772886, 48.689539854110635 ] ] ] } },
{ "type": "Feature", "properties": { "population": 235.0, "couverture_min": 5 }, "geometry": { "type": "Polygon", "coordinates": [ [ [ 6.139156589881625, 48.690959979872808 ], [ 6.139017455333335, 48.692756284710953 ], [ 6.141730108917909, 48.692850436837325 ], [ 6.141869146171183, 48.691054128092055 ], [ 6.139156589881625, 48.690959979872808 ] ] ] } },
{ "type": "Feature", "properties": { "population": 117.0, "couverture_min": 5 }, "geometry": { "type": "Polygon", "coordinates": [ [ [ 6.141869146171183, 48.691054128092055 ], [ 6.141730108917909, 48.692850436837325 ], [ 6.144442771844175, 48.692944522856912 ], [ 6.144581711801129, 48.691148210207267 ], [ 6.141869146171183, 48.691054128092055 ] ] ] } },
{ "type": "Feature", "properties": { "population": 255.5, "couverture_min": 5 }, "geometry": { "type": "Polygon", "coordinates": [ [ [ 6.144581711801129, 48.691148210207267 ], [ 6.144442771844175, 48.692944522856912 ], [ 6.14715544410563, 48.693038542769337 ], [ 6.14729428676497, 48.691242226218051 ], [ 6.144581711801129, 48.691148210207267 ] ] ] } },
{ "type": "Feature", "properties": { "population": 206.5, "couverture_min": 5 }, "geometry": { "type": "Polygon", "coordinates": [ [ [ 6.14729428676497, 48.691242226218051 ], [ 6.14715544410563, 48.693038542769337 ], [ 6.149868125695788, 48.693132496574258 ], [ 6.15000687105621, 48.691336176124047 ], [ 6.14729428676497, 48.691242226218051 ] ] ] } },
{ "type": "Feature", "properties": { "population": 139.0, "couverture_min": 5 }, "geometry": { "type": "Polygon", "coordinates": [ [ [ 6.15000687105621, 48.691336176124047 ], [ 6.149868125695788, 48.693132496574258 ], [ 6.152580816608148, 48.693226384271291 ], [ 6.152719464668358, 48.691430059924855 ], [ 6.15000687105621, 48.691336176124047 ] ] ] } },
{ "type": "Feature", "properties": { "population": 497.5, "couverture_min": 10 }, "geometry": { "type": "Polygon", "coordinates": [ [ [ 6.172673296891928, 48.679510891040167 ], [ 6.17253541794771, 48.681307253514305 ], [ 6.175247502215108, 48.681400585221965 ], [ 6.175385283910458, 48.679604218876015 ], [ 6.172673296891928, 48.679510891040167 ] ] ] } },
{ "type": "Feature", "properties": { "population": 430.5, "couverture_min": 5 }, "geometry": { "type": "Polygon", "coordinates": [ [ [ 6.175385283910458, 48.679604218876015 ], [ 6.175247502215108, 48.681400585221965 ], [ 6.177959595737236, 48.681493850837533 ], [ 6.178097280182431, 48.67969748062248 ], [ 6.175385283910458, 48.679604218876015 ] ] ] } },
{ "type": "Feature", "properties": { "population": 542.5, "couverture_min": 5 }, "geometry": { "type": "Polygon", "coordinates": [ [ [ 6.178097280182431, 48.67969748062248 ], [ 6.177959595737236, 48.681493850837533 ], [ 6.180671698507608, 48.681587050360648 ], [ 6.180809285701359, 48.67979067627919 ], [ 6.178097280182431, 48.67969748062248 ] ] ] } },
{ "type": "Feature", "properties": { "population": 200.5, "couverture_min": 5 }, "geometry": { "type": "Polygon", "coordinates": [ [ [ 6.169823342941533, 48.681213855714915 ], [ 6.169685354177505, 48.683010212751292 ], [ 6.172397526440069, 48.683103614425633 ], [ 6.17253541794771, 48.681307253514305 ], [ 6.169823342941533, 48.681213855714915 ] ] ] } },
{ "type": "Feature", "properties": { "population": 236.5, "couverture_min": 5 }, "geometry": { "type": "Polygon", "coordinates": [ [ [ 6.17253541794771, 48.681307253514305 ], [ 6.172397526440069, 48.683103614425633 ], [ 6.175109707965147, 48.68319695000551 ], [ 6.175247502215108, 48.681400585221965 ], [ 6.17253541794771, 48.681307253514305 ] ] ] } },
{ "type": "Feature", "properties": { "population": 353.0, "couverture_min": 5 }, "geometry": { "type": "Polygon", "coordinates": [ [ [ 6.175247502215108, 48.681400585221965 ], [ 6.175109707965147, 48.68319695000551 ], [ 6.177821898746243, 48.68329021949058 ], [ 6.177959595737236, 48.681493850837533 ], [ 6.175247502215108, 48.681400585221965 ] ] ] } },
{ "type": "Feature", "properties": { "population": 534.5, "couverture_min": 5 }, "geometry": { "type": "Polygon", "coordinates": [ [ [ 6.177959595737236, 48.681493850837533 ], [ 6.177821898746243, 48.68329021949058 ], [ 6.180534098776868, 48.683383422880439 ], [ 6.180671698507608, 48.681587050360648 ], [ 6.177959595737236, 48.681493850837533 ] ] ] } },
{ "type": "Feature", "properties": { "population": 468.5, "couverture_min": 5 }, "geometry": { "type": "Polygon", "coordinates": [ [ [ 6.169685354177505, 48.683010212751292 ], [ 6.169547352839614, 48.684806568224985 ], [ 6.172259622367378, 48.684899973774627 ], [ 6.172397526440069, 48.683103614425633 ], [ 6.169685354177505, 48.683010212751292 ] ] ] } },
{ "type": "Feature", "properties": { "population": 550.5, "couverture_min": 5 }, "geometry": { "type": "Polygon", "coordinates": [ [ [ 6.172397526440069, 48.683103614425633 ], [ 6.172259622367378, 48.684899973774627 ], [ 6.174971901158943, 48.684993313227075 ], [ 6.175109707965147, 48.68319695000551 ], [ 6.172397526440069, 48.683103614425633 ] ] ] } },
{ "type": "Feature", "properties": { "population": 630.0, "couverture_min": 5 }, "geometry": { "type": "Polygon", "coordinates": [ [ [ 6.175109707965147, 48.68319695000551 ], [ 6.174971901158943, 48.684993313227075 ], [ 6.177684189207815, 48.685086586581996 ], [ 6.177821898746243, 48.68329021949058 ], [ 6.175109707965147, 48.68319695000551 ] ] ] } },
{ "type": "Feature", "properties": { "population": 555.5, "couverture_min": 5 }, "geometry": { "type": "Polygon", "coordinates": [ [ [ 6.177821898746243, 48.68329021949058 ], [ 6.177684189207815, 48.685086586581996 ], [ 6.180396486507505, 48.685179793838984 ], [ 6.180534098776868, 48.683383422880439 ], [ 6.177821898746243, 48.68329021949058 ] ] ] } },
{ "type": "Feature", "properties": { "population": 339.0, "couverture_min": 5 }, "geometry": { "type": "Polygon", "coordinates": [ [ [ 6.169547352839614, 48.684806568224985 ], [ 6.169409338926226, 48.686602922136402 ], [ 6.172121705728, 48.686696331561691 ], [ 6.172259622367378, 48.684899973774627 ], [ 6.169547352839614, 48.684806568224985 ] ] ] } },
{ "type": "Feature", "properties": { "population": 359.0, "couverture_min": 5 }, "geometry": { "type": "Polygon", "coordinates": [ [ [ 6.172259622367378, 48.684899973774627 ], [ 6.172121705728, 48.686696331561691 ], [ 6.174834081794865, 48.686789674887073 ], [ 6.174971901158943, 48.684993313227075 ], [ 6.172259622367378, 48.684899973774627 ] ] ] } },
{ "type": "Feature", "properties": { "population": 28.0, "couverture_min": 10 }, "geometry": { "type": "Polygon", "coordinates": [ [ [ 6.174971901158943, 48.684993313227075 ], [ 6.174834081794865, 48.686789674887073 ], [ 6.177546467120328, 48.6868829521122 ], [ 6.177684189207815, 48.685086586581996 ], [ 6.174971901158943, 48.684993313227075 ] ] ] } },
{ "type": "Feature", "properties": { "population": 171.0, "couverture_min": 5 }, "geometry": { "type": "Polygon", "coordinates": [ [ [ 6.177684189207815, 48.685086586581996 ], [ 6.177546467120328, 48.6868829521122 ], [ 6.180258861697891, 48.686976163236686 ], [ 6.180396486507505, 48.685179793838984 ], [ 6.177684189207815, 48.685086586581996 ] ] ] } },
{ "type": "Feature", "properties": { "population": 39.0, "couverture_min": 5 }, "geometry": { "type": "Polygon", "coordinates": [ [ [ 6.180396486507505, 48.685179793838984 ], [ 6.180258861697891, 48.686976163236686 ], [ 6.182971265521072, 48.687069308260199 ], [ 6.18310879305152, 48.685272934997712 ], [ 6.180396486507505, 48.685179793838984 ] ] ] } },
{ "type": "Feature", "properties": { "population": 715.5, "couverture_min": 5 }, "geometry": { "type": "Polygon", "coordinates": [ [ [ 6.169409338926226, 48.686602922136402 ], [ 6.1692713124357, 48.68839927448591 ], [ 6.171983776520298, 48.688492687787253 ], [ 6.172121705728, 48.686696331561691 ], [ 6.169409338926226, 48.686602922136402 ] ] ] } },
{ "type": "Feature", "properties": { "population": 232.0, "couverture_min": 5 }, "geometry": { "type": "Polygon", "coordinates": [ [ [ 6.172121705728, 48.686696331561691 ], [ 6.171983776520298, 48.688492687787253 ], [ 6.174696249871276, 48.688586034985924 ], [ 6.174834081794865, 48.686789674887073 ], [ 6.172121705728, 48.686696331561691 ] ] ] } },
{ "type": "Feature", "properties": { "population": 592.5, "couverture_min": 5 }, "geometry": { "type": "Polygon", "coordinates": [ [ [ 6.177546467120328, 48.6868829521122 ], [ 6.177408732482141, 48.68867931608164 ], [ 6.180121224346394, 48.688772531073994 ], [ 6.180258861697891, 48.686976163236686 ], [ 6.177546467120328, 48.6868829521122 ] ] ] } },
{ "type": "Feature", "properties": { "population": 344.5, "couverture_min": 5 }, "geometry": { "type": "Polygon", "coordinates": [ [ [ 6.180258861697891, 48.686976163236686 ], [ 6.180121224346394, 48.688772531073994 ], [ 6.182833725457551, 48.68886567996261 ], [ 6.182971265521072, 48.687069308260199 ], [ 6.180258861697891, 48.686976163236686 ] ] ] } },
{ "type": "Feature", "properties": { "population": 334.0, "couverture_min": 5 }, "geometry": { "type": "Polygon", "coordinates": [ [ [ 6.1692713124357, 48.68839927448591 ], [ 6.169133273366405, 48.690195625273979 ], [ 6.171845834742641, 48.690289042451695 ], [ 6.171983776520298, 48.688492687787253 ], [ 6.1692713124357, 48.68839927448591 ] ] ] } },
{ "type": "Feature", "properties": { "population": 91.0, "couverture_min": 5 }, "geometry": { "type": "Polygon", "coordinates": [ [ [ 6.171983776520298, 48.688492687787253 ], [ 6.171845834742641, 48.690289042451695 ], [ 6.174558405386546, 48.690382393524061 ], [ 6.174696249871276, 48.688586034985924 ], [ 6.171983776520298, 48.688492687787253 ] ] ] } },
{ "type": "Feature", "properties": { "population": 66.0, "couverture_min": 5 }, "geometry": { "type": "Polygon", "coordinates": [ [ [ 6.174696249871276, 48.688586034985924 ], [ 6.174558405386546, 48.690382393524061 ], [ 6.177270985291627, 48.690475678490699 ], [ 6.177408732482141, 48.68867931608164 ], [ 6.174696249871276, 48.688586034985924 ] ] ] } },
{ "type": "Feature", "properties": { "population": 168.5, "couverture_min": 5 }, "geometry": { "type": "Polygon", "coordinates": [ [ [ 6.177408732482141, 48.68867931608164 ], [ 6.177270985291627, 48.690475678490699 ], [ 6.179983574451387, 48.690568897351262 ], [ 6.180121224346394, 48.688772531073994 ], [ 6.177408732482141, 48.68867931608164 ] ] ] } },
{ "type": "Feature", "properties": { "population": 174.5, "couverture_min": 5 }, "geometry": { "type": "Polygon", "coordinates": [ [ [ 6.180121224346394, 48.688772531073994 ], [ 6.179983574451387, 48.690568897351262 ], [ 6.182696172859333, 48.690662050105402 ], [ 6.182833725457551, 48.68886567996261 ], [ 6.180121224346394, 48.688772531073994 ] ] ] } },
{ "type": "Feature", "properties": { "population": 201.5, "couverture_min": 5 }, "geometry": { "type": "Polygon", "coordinates": [ [ [ 6.171845834742641, 48.690289042451695 ], [ 6.171707880393395, 48.69208539555548 ], [ 6.17442054833904, 48.692178750501853 ], [ 6.174558405386546, 48.690382393524061 ], [ 6.171845834742641, 48.690289042451695 ] ] ] } },
{ "type": "Feature", "properties": { "population": 329.0, "couverture_min": 5 }, "geometry": { "type": "Polygon", "coordinates": [ [ [ 6.174558405386546, 48.690382393524061 ], [ 6.17442054833904, 48.692178750501853 ], [ 6.177133225547154, 48.692272039339834 ], [ 6.177270985291627, 48.690475678490699 ], [ 6.174558405386546, 48.690382393524061 ] ] ] } },
{ "type": "Feature", "properties": { "population": 160.0, "couverture_min": 5 }, "geometry": { "type": "Polygon", "coordinates": [ [ [ 6.177270985291627, 48.690475678490699 ], [ 6.177133225547154, 48.692272039339834 ], [ 6.179845912011233, 48.692365262068968 ], [ 6.179983574451387, 48.690568897351262 ], [ 6.177270985291627, 48.690475678490699 ] ] ] } },
{ "type": "Feature", "properties": { "population": 384.5, "couverture_min": 5 }, "geometry": { "type": "Polygon", "coordinates": [ [ [ 6.179983574451387, 48.690568897351262 ], [ 6.179845912011233, 48.692365262068968 ], [ 6.182558607724786, 48.692458418688943 ], [ 6.182696172859333, 48.690662050105402 ], [ 6.179983574451387, 48.690568897351262 ] ] ] } },
{ "type": "Feature", "properties": { "population": 186.0, "couverture_min": 5 }, "geometry": { "type": "Polygon", "coordinates": [ [ [ 6.171707880393395, 48.69208539555548 ], [ 6.17156991347092, 48.693881747098999 ], [ 6.174282678727124, 48.693975105919783 ], [ 6.17442054833904, 48.692178750501853 ], [ 6.171707880393395, 48.69208539555548 ] ] ] } },
{ "type": "Feature", "properties": { "population": 85.0, "couverture_min": 5 }, "geometry": { "type": "Polygon", "coordinates": [ [ [ 6.17442054833904, 48.692178750501853 ], [ 6.174282678727124, 48.693975105919783 ], [ 6.176995453247085, 48.694068398629412 ], [ 6.177133225547154, 48.692272039339834 ], [ 6.17442054833904, 48.692178750501853 ] ] ] } },
{ "type": "Feature", "properties": { "population": 228.0, "couverture_min": 5 }, "geometry": { "type": "Polygon", "coordinates": [ [ [ 6.177133225547154, 48.692272039339834 ], [ 6.176995453247085, 48.694068398629412 ], [ 6.179708237024302, 48.694161625227487 ], [ 6.179845912011233, 48.692365262068968 ], [ 6.177133225547154, 48.692272039339834 ] ] ] } },
{ "type": "Feature", "properties": { "population": 339.5, "couverture_min": 5 }, "geometry": { "type": "Polygon", "coordinates": [ [ [ 6.179845912011233, 48.692365262068968 ], [ 6.179708237024302, 48.694161625227487 ], [ 6.18242103005228, 48.69425478571371 ], [ 6.182558607724786, 48.692458418688943 ], [ 6.179845912011233, 48.692365262068968 ] ] ] } },
{ "type": "Feature", "properties": { "population": 11.0, "couverture_min": 10 }, "geometry": { "type": "Polygon", "coordinates": [ [ [ 6.126012735446604, 48.685099382042402 ], [ 6.125873152607006, 48.686895672004951 ], [ 6.128585467546673, 48.686990142898651 ], [ 6.128724953124206, 48.685193849016514 ], [ 6.126012735446604, 48.685099382042402 ] ] ] } },
{ "type": "Feature", "properties": { "population": 3.0, "couverture_min": 10 }, "geometry": { "type": "Polygon", "coordinates": [ [ [ 6.126152305568101, 48.683303090512176 ], [ 6.126012735446604, 48.685099382042402 ], [ 6.128724953124206, 48.685193849016514 ], [ 6.12886442599244, 48.683397553566977 ], [ 6.126152305568101, 48.683303090512176 ] ] ] } },
{ "type": "Feature", "properties": { "population": 4.0, "couverture_min": 5 }, "geometry": { "type": "Polygon", "coordinates": [ [ [ 6.128166934541764, 48.692379015144986 ], [ 6.128027398110514, 48.694175302761764 ], [ 6.130740111562032, 48.694269723229972 ], [ 6.130879550694661, 48.692473431694808 ], [ 6.128166934541764, 48.692379015144986 ] ] ] } },
{ "type": "Feature", "properties": { "population": 69.0, "couverture_min": 5 }, "geometry": { "type": "Polygon", "coordinates": [ [ [ 6.128445969258192, 48.688786435213842 ], [ 6.128306458257105, 48.690582725962479 ], [ 6.131018977120195, 48.69067713859431 ], [ 6.131158390840284, 48.688880843928018 ], [ 6.128445969258192, 48.688786435213842 ] ] ] } },
{ "type": "Feature", "properties": { "population": 31.0, "couverture_min": 5 }, "geometry": { "type": "Polygon", "coordinates": [ [ [ 6.128585467546673, 48.686990142898651 ], [ 6.128445969258192, 48.688786435213842 ], [ 6.131158390840284, 48.688880843928018 ], [ 6.131297791856581, 48.687084547695591 ], [ 6.128585467546673, 48.686990142898651 ] ] ] } },
{ "type": "Feature", "properties": { "population": 43.0, "couverture_min": 5 }, "geometry": { "type": "Polygon", "coordinates": [ [ [ 6.131018977120195, 48.69067713859431 ], [ 6.130879550694661, 48.692473431694808 ], [ 6.133592176215217, 48.692567782139349 ], [ 6.133731505349638, 48.690771485123541 ], [ 6.131018977120195, 48.69067713859431 ] ] ] } },
{ "type": "Feature", "properties": { "population": 55.0, "couverture_min": 5 }, "geometry": { "type": "Polygon", "coordinates": [ [ [ 6.131158390840284, 48.688880843928018 ], [ 6.131018977120195, 48.69067713859431 ], [ 6.133731505349638, 48.690771485123541 ], [ 6.133870821787427, 48.688975186542379 ], [ 6.131158390840284, 48.688880843928018 ] ] ] } },
{ "type": "Feature", "properties": { "population": 98.0, "couverture_min": 5 }, "geometry": { "type": "Polygon", "coordinates": [ [ [ 6.131297791856581, 48.687084547695591 ], [ 6.131158390840284, 48.688880843928018 ], [ 6.133870821787427, 48.688975186542379 ], [ 6.134010125530238, 48.687178886395373 ], [ 6.131297791856581, 48.687084547695591 ] ] ] } },
{ "type": "Feature", "properties": { "population": 3.0, "couverture_min": 10 }, "geometry": { "type": "Polygon", "coordinates": [ [ [ 6.131437180170741, 48.685288249896551 ], [ 6.131297791856581, 48.687084547695591 ], [ 6.134010125530238, 48.687178886395373 ], [ 6.134149416579723, 48.685382584682174 ], [ 6.131437180170741, 48.685288249896551 ] ] ] } },
{ "type": "Feature", "properties": { "population": 27.0, "couverture_min": 5 }, "geometry": { "type": "Polygon", "coordinates": [ [ [ 6.133731505349638, 48.690771485123541 ], [ 6.133592176215217, 48.692567782139349 ], [ 6.136304811096939, 48.692662066478164 ], [ 6.136444042938947, 48.69086576554983 ], [ 6.133731505349638, 48.690771485123541 ] ] ] } },
{ "type": "Feature", "properties": { "population": 65.0, "couverture_min": 5 }, "geometry": { "type": "Polygon", "coordinates": [ [ [ 6.133870821787427, 48.688975186542379 ], [ 6.133731505349638, 48.690771485123541 ], [ 6.136444042938947, 48.69086576554983 ], [ 6.136583262093135, 48.689069463056462 ], [ 6.133870821787427, 48.688975186542379 ] ] ] } },
{ "type": "Feature", "properties": { "population": 28.0, "couverture_min": 5 }, "geometry": { "type": "Polygon", "coordinates": [ [ [ 6.134010125530238, 48.687178886395373 ], [ 6.133870821787427, 48.688975186542379 ], [ 6.136583262093135, 48.689069463056462 ], [ 6.136722468561157, 48.687273158997669 ], [ 6.134010125530238, 48.687178886395373 ] ] ] } },
{ "type": "Feature", "properties": { "population": 113.5, "couverture_min": 5 }, "geometry": { "type": "Polygon", "coordinates": [ [ [ 6.134149416579723, 48.685382584682174 ], [ 6.134010125530238, 48.687178886395373 ], [ 6.136722468561157, 48.687273158997669 ], [ 6.136861662344659, 48.685476853373032 ], [ 6.134149416579723, 48.685382584682174 ] ] ] } },
{ "type": "Feature", "properties": { "population": 10.0, "couverture_min": 10 }, "geometry": { "type": "Polygon", "coordinates": [ [ [ 6.134288694937523, 48.683586281402313 ], [ 6.134149416579723, 48.685382584682174 ], [ 6.136861662344659, 48.685476853373032 ], [ 6.137000843445291, 48.683680546182082 ], [ 6.134288694937523, 48.683586281402313 ] ] ] } },
{ "type": "Feature", "properties": { "population": 100.5, "couverture_min": 5 }, "geometry": { "type": "Polygon", "coordinates": [ [ [ 6.136444042938947, 48.69086576554983 ], [ 6.136304811096939, 48.692662066478164 ], [ 6.139017455333335, 48.692756284710953 ], [ 6.139156589881625, 48.690959979872808 ], [ 6.136444042938947, 48.69086576554983 ] ] ] } },
{ "type": "Feature", "properties": { "population": 30.0, "couverture_min": 5 }, "geometry": { "type": "Polygon", "coordinates": [ [ [ 6.136583262093135, 48.689069463056462 ], [ 6.136444042938947, 48.69086576554983 ], [ 6.139156589881625, 48.690959979872808 ], [ 6.139295711750909, 48.689163673469977 ], [ 6.136583262093135, 48.689069463056462 ] ] ] } },
{ "type": "Feature", "properties": { "population": 59.5, "couverture_min": 5 }, "geometry": { "type": "Polygon", "coordinates": [ [ [ 6.136722468561157, 48.687273158997669 ], [ 6.136583262093135, 48.689069463056462 ], [ 6.139295711750909, 48.689163673469977 ], [ 6.13943482094284, 48.687367365502084 ], [ 6.136722468561157, 48.687273158997669 ] ] ] } },
{ "type": "Feature", "properties": { "population": 98.0, "couverture_min": 5 }, "geometry": { "type": "Polygon", "coordinates": [ [ [ 6.136861662344659, 48.685476853373032 ], [ 6.136722468561157, 48.687273158997669 ], [ 6.13943482094284, 48.687367365502084 ], [ 6.139573917459064, 48.685571055968694 ], [ 6.136861662344659, 48.685476853373032 ] ] ] } },
{ "type": "Feature", "properties": { "population": 8.0, "couverture_min": 5 }, "geometry": { "type": "Polygon", "coordinates": [ [ [ 6.137000843445291, 48.683680546182082 ], [ 6.136861662344659, 48.685476853373032 ], [ 6.139573917459064, 48.685571055968694 ], [ 6.139713001301227, 48.68377474486941 ], [ 6.137000843445291, 48.683680546182082 ] ] ] } },
{ "type": "Feature", "properties": { "population": 9.0, "couverture_min": 10 }, "geometry": { "type": "Polygon", "coordinates": [ [ [ 6.137140011864707, 48.68188423742447 ], [ 6.137000843445291, 48.683680546182082 ], [ 6.139713001301227, 48.68377474486941 ], [ 6.139852072470982, 48.681978432203806 ], [ 6.137140011864707, 48.68188423742447 ] ] ] } },
{ "type": "Feature", "properties": { "population": 81.0, "couverture_min": 5 }, "geometry": { "type": "Polygon", "coordinates": [ [ [ 6.130879550694661, 48.692473431694808 ], [ 6.130740111562032, 48.694269723229972 ], [ 6.133452834382513, 48.694364077590166 ], [ 6.133592176215217, 48.692567782139349 ], [ 6.130879550694661, 48.692473431694808 ] ] ] } },
{ "type": "Feature", "properties": { "population": 208.5, "couverture_min": 5 }, "geometry": { "type": "Polygon", "coordinates": [ [ [ 6.136304811096939, 48.692662066478164 ], [ 6.136165566565465, 48.694458365841911 ], [ 6.138878308104392, 48.694552587984887 ], [ 6.139017455333335, 48.692756284710953 ], [ 6.136304811096939, 48.692662066478164 ] ] ] } },
{ "type": "Feature", "properties": { "population": 451.5, "couverture_min": 5 }, "geometry": { "type": "Polygon", "coordinates": [ [ [ 6.139017455333335, 48.692756284710953 ], [ 6.138878308104392, 48.694552587984887 ], [ 6.1415910589928, 48.694646744018712 ], [ 6.141730108917909, 48.692850436837325 ], [ 6.139017455333335, 48.692756284710953 ] ] ] } },
{ "type": "Feature", "properties": { "population": 3.0, "couverture_min": 5 }, "geometry": { "type": "Polygon", "coordinates": [ [ [ 6.125314694034453, 48.694080816185902 ], [ 6.125175047579505, 48.695877098315911 ], [ 6.127887848961699, 48.695971588813265 ], [ 6.128027398110514, 48.694175302761764 ], [ 6.125314694034453, 48.694080816185902 ] ] ] } },
{ "type": "Feature", "properties": { "population": 3.0, "couverture_min": 5 }, "geometry": { "type": "Polygon", "coordinates": [ [ [ 6.130740111562032, 48.694269723229972 ], [ 6.130600659720653, 48.69606601320023 ], [ 6.133313479849876, 48.69616037147641 ], [ 6.133452834382513, 48.694364077590166 ], [ 6.130740111562032, 48.694269723229972 ] ] ] } },
{ "type": "Feature", "properties": { "population": 8.0, "couverture_min": 5 }, "geometry": { "type": "Polygon", "coordinates": [ [ [ 6.136165566565465, 48.694458365841911 ], [ 6.136026309342872, 48.696254663641419 ], [ 6.138739148193145, 48.696348889694981 ], [ 6.138878308104392, 48.694552587984887 ], [ 6.136165566565465, 48.694458365841911 ] ] ] } },
{ "type": "Feature", "properties": { "population": 91.0, "couverture_min": 5 }, "geometry": { "type": "Polygon", "coordinates": [ [ [ 6.138878308104392, 48.694552587984887 ], [ 6.138739148193145, 48.696348889694981 ], [ 6.141451996394204, 48.696443049636663 ], [ 6.1415910589928, 48.694646744018712 ], [ 6.138878308104392, 48.694552587984887 ] ] ] } },
{ "type": "Feature", "properties": { "population": 57.5, "couverture_min": 5 }, "geometry": { "type": "Polygon", "coordinates": [ [ [ 6.127887848961699, 48.695971588813265 ], [ 6.127748287093664, 48.697767873299874 ], [ 6.130461195168873, 48.69786230160593 ], [ 6.130600659720653, 48.69606601320023 ], [ 6.127887848961699, 48.695971588813265 ] ] ] } },
{ "type": "Feature", "properties": { "population": 3.0, "couverture_min": 5 }, "geometry": { "type": "Polygon", "coordinates": [ [ [ 6.130600659720653, 48.69606601320023 ], [ 6.130461195168873, 48.69786230160593 ], [ 6.133174112615653, 48.697956663798507 ], [ 6.133313479849876, 48.69616037147641 ], [ 6.130600659720653, 48.69606601320023 ] ] ] } },
{ "type": "Feature", "properties": { "population": 15.0, "couverture_min": 5 }, "geometry": { "type": "Polygon", "coordinates": [ [ [ 6.127748287093664, 48.697767873299874 ], [ 6.127608712504759, 48.699564156222017 ], [ 6.130321717905036, 48.699658588447541 ], [ 6.130461195168873, 48.69786230160593 ], [ 6.127748287093664, 48.697767873299874 ] ] ] } },
{ "type": "Feature", "properties": { "population": 145.0, "couverture_min": 5 }, "geometry": { "type": "Polygon", "coordinates": [ [ [ 6.130461195168873, 48.69786230160593 ], [ 6.130321717905036, 48.699658588447541 ], [ 6.133034732678193, 48.699752954556843 ], [ 6.133174112615653, 48.697956663798507 ], [ 6.130461195168873, 48.69786230160593 ] ] ] } },
{ "type": "Feature", "properties": { "population": 359.5, "couverture_min": 5 }, "geometry": { "type": "Polygon", "coordinates": [ [ [ 6.133174112615653, 48.697956663798507 ], [ 6.133034732678193, 48.699752954556843 ], [ 6.135747756817726, 48.699847254549589 ], [ 6.135887039427509, 48.6980509598772 ], [ 6.133174112615653, 48.697956663798507 ] ] ] } },
{ "type": "Feature", "properties": { "population": 12.0, "couverture_min": 5 }, "geometry": { "type": "Polygon", "coordinates": [ [ [ 6.135887039427509, 48.6980509598772 ], [ 6.135747756817726, 48.699847254549589 ], [ 6.138460790317146, 48.69994148842536 ], [ 6.138599975597947, 48.698145189841668 ], [ 6.135887039427509, 48.6980509598772 ] ] ] } },
{ "type": "Feature", "properties": { "population": 21.0, "couverture_min": 5 }, "geometry": { "type": "Polygon", "coordinates": [ [ [ 6.138599975597947, 48.698145189841668 ], [ 6.138460790317146, 48.69994148842536 ], [ 6.14117383316995, 48.7000356561838 ], [ 6.141312921120468, 48.698239353691541 ], [ 6.138599975597947, 48.698145189841668 ] ] ] } },
{ "type": "Feature", "properties": { "population": 198.0, "couverture_min": 5 }, "geometry": { "type": "Polygon", "coordinates": [ [ [ 6.127608712504759, 48.699564156222017 ], [ 6.127469125193325, 48.701360437580099 ], [ 6.130182227927493, 48.701454873725481 ], [ 6.130321717905036, 48.699658588447541 ], [ 6.127608712504759, 48.699564156222017 ] ] ] } },
{ "type": "Feature", "properties": { "population": 466.0, "couverture_min": 5 }, "geometry": { "type": "Polygon", "coordinates": [ [ [ 6.130321717905036, 48.699658588447541 ], [ 6.130182227927493, 48.701454873725481 ], [ 6.132895340035842, 48.701549243751927 ], [ 6.133034732678193, 48.699752954556843 ], [ 6.130321717905036, 48.699658588447541 ] ] ] } },
{ "type": "Feature", "properties": { "population": 321.0, "couverture_min": 5 }, "geometry": { "type": "Polygon", "coordinates": [ [ [ 6.133034732678193, 48.699752954556843 ], [ 6.132895340035842, 48.701549243751927 ], [ 6.135608461511873, 48.701643547659032 ], [ 6.135747756817726, 48.699847254549589 ], [ 6.133034732678193, 48.699752954556843 ] ] ] } },
{ "type": "Feature", "properties": { "population": 112.0, "couverture_min": 5 }, "geometry": { "type": "Polygon", "coordinates": [ [ [ 6.135747756817726, 48.699847254549589 ], [ 6.135608461511873, 48.701643547659032 ], [ 6.138321592349092, 48.701737785446468 ], [ 6.138460790317146, 48.69994148842536 ], [ 6.135747756817726, 48.699847254549589 ] ] ] } },
{ "type": "Feature", "properties": { "population": 98.0, "couverture_min": 5 }, "geometry": { "type": "Polygon", "coordinates": [ [ [ 6.138460790317146, 48.69994148842536 ], [ 6.138321592349092, 48.701737785446468 ], [ 6.141034732540999, 48.701831957113846 ], [ 6.14117383316995, 48.7000356561838 ], [ 6.138460790317146, 48.69994148842536 ] ] ] } },
{ "type": "Feature", "properties": { "population": 578.0, "couverture_min": 5 }, "geometry": { "type": "Polygon", "coordinates": [ [ [ 6.127469125193325, 48.701360437580099 ], [ 6.127329525157708, 48.703156717374547 ], [ 6.130042725234587, 48.70325115744015 ], [ 6.130182227927493, 48.701454873725481 ], [ 6.127469125193325, 48.701360437580099 ] ] ] } },
{ "type": "Feature", "properties": { "population": 944.0, "couverture_min": 5 }, "geometry": { "type": "Polygon", "coordinates": [ [ [ 6.130182227927493, 48.701454873725481 ], [ 6.130042725234587, 48.70325115744015 ], [ 6.132755934686948, 48.703345531384059 ], [ 6.132895340035842, 48.701549243751927 ], [ 6.130182227927493, 48.701454873725481 ] ] ] } },
{ "type": "Feature", "properties": { "population": 81.5, "couverture_min": 10 }, "geometry": { "type": "Polygon", "coordinates": [ [ [ 6.135608461511873, 48.701643547659032 ], [ 6.135469153508298, 48.703439839205927 ], [ 6.138182381692136, 48.703534080905399 ], [ 6.138321592349092, 48.701737785446468 ], [ 6.135608461511873, 48.701643547659032 ] ] ] } },
{ "type": "Feature", "properties": { "population": 79.0, "couverture_min": 5 }, "geometry": { "type": "Polygon", "coordinates": [ [ [ 6.213354070829061, 48.680903869028647 ], [ 6.213217650752671, 48.682700289294417 ], [ 6.215929873159588, 48.682792629582636 ], [ 6.21606619596789, 48.680996205485883 ], [ 6.213354070829061, 48.680903869028647 ] ] ] } },
{ "type": "Feature", "properties": { "population": 101.5, "couverture_min": 5 }, "geometry": { "type": "Polygon", "coordinates": [ [ [ 6.21606619596789, 48.680996205485883 ], [ 6.215929873159588, 48.682792629582636 ], [ 6.218642104723878, 48.682884903773299 ], [ 6.218778330262816, 48.681088475848327 ], [ 6.21606619596789, 48.680996205485883 ] ] ] } },
{ "type": "Feature", "properties": { "population": 98.5, "couverture_min": 10 }, "geometry": { "type": "Polygon", "coordinates": [ [ [ 6.218778330262816, 48.681088475848327 ], [ 6.218642104723878, 48.682884903773299 ], [ 6.221354345439053, 48.68297711186613 ], [ 6.221490473707351, 48.681180680115588 ], [ 6.218778330262816, 48.681088475848327 ] ] ] } },
{ "type": "Feature", "properties": { "population": 3.0, "couverture_min": 10 }, "geometry": { "type": "Polygon", "coordinates": [ [ [ 6.20779323343692, 48.68251541042688 ], [ 6.207656606379297, 48.684311821464448 ], [ 6.210368907726343, 48.684404297783395 ], [ 6.210505437509614, 48.682607882909032 ], [ 6.20779323343692, 48.68251541042688 ] ] ] } },
{ "type": "Feature", "properties": { "population": 70.0, "couverture_min": 5 }, "geometry": { "type": "Polygon", "coordinates": [ [ [ 6.210505437509614, 48.682607882909032 ], [ 6.210368907726343, 48.684404297783395 ], [ 6.213081218245026, 48.684496708002847 ], [ 6.213217650752671, 48.682700289294417 ], [ 6.210505437509614, 48.682607882909032 ] ] ] } },
{ "type": "Feature", "properties": { "population": 199.0, "couverture_min": 5 }, "geometry": { "type": "Polygon", "coordinates": [ [ [ 6.213217650752671, 48.682700289294417 ], [ 6.213081218245026, 48.684496708002847 ], [ 6.215793537928846, 48.684589052122362 ], [ 6.215929873159588, 48.682792629582636 ], [ 6.213217650752671, 48.682700289294417 ] ] ] } },
{ "type": "Feature", "properties": { "population": 218.5, "couverture_min": 5 }, "geometry": { "type": "Polygon", "coordinates": [ [ [ 6.215929873159588, 48.682792629582636 ], [ 6.215793537928846, 48.684589052122362 ], [ 6.218505866771315, 48.684681330141693 ], [ 6.218642104723878, 48.682884903773299 ], [ 6.215929873159588, 48.682792629582636 ] ] ] } },
{ "type": "Feature", "properties": { "population": 141.0, "couverture_min": 5 }, "geometry": { "type": "Polygon", "coordinates": [ [ [ 6.218642104723878, 48.682884903773299 ], [ 6.218505866771315, 48.684681330141693 ], [ 6.221218204765938, 48.684773542060391 ], [ 6.221354345439053, 48.68297711186613 ], [ 6.218642104723878, 48.682884903773299 ] ] ] } },
{ "type": "Feature", "properties": { "population": 105.0, "couverture_min": 5 }, "geometry": { "type": "Polygon", "coordinates": [ [ [ 6.207656606379297, 48.684311821464448 ], [ 6.207519966871177, 48.68610823094437 ], [ 6.21023236550139, 48.686200711100504 ], [ 6.210368907726343, 48.684404297783395 ], [ 6.207656606379297, 48.684311821464448 ] ] ] } },
{ "type": "Feature", "properties": { "population": 222.5, "couverture_min": 5 }, "geometry": { "type": "Polygon", "coordinates": [ [ [ 6.210368907726343, 48.684404297783395 ], [ 6.21023236550139, 48.686200711100504 ], [ 6.21294477330451, 48.686293125154364 ], [ 6.213081218245026, 48.684496708002847 ], [ 6.210368907726343, 48.684404297783395 ] ] ] } },
{ "type": "Feature", "properties": { "population": 304.0, "couverture_min": 5 }, "geometry": { "type": "Polygon", "coordinates": [ [ [ 6.213081218245026, 48.684496708002847 ], [ 6.21294477330451, 48.686293125154364 ], [ 6.215657190274048, 48.686385473105609 ], [ 6.215793537928846, 48.684589052122362 ], [ 6.213081218245026, 48.684496708002847 ] ] ] } },
{ "type": "Feature", "properties": { "population": 135.5, "couverture_min": 5 }, "geometry": { "type": "Polygon", "coordinates": [ [ [ 6.215793537928846, 48.684589052122362 ], [ 6.215657190274048, 48.686385473105609 ], [ 6.218369616403509, 48.686477754953899 ], [ 6.218505866771315, 48.684681330141693 ], [ 6.215793537928846, 48.684589052122362 ] ] ] } },
{ "type": "Feature", "properties": { "population": 6.0, "couverture_min": 5 }, "geometry": { "type": "Polygon", "coordinates": [ [ [ 6.218505866771315, 48.684681330141693 ], [ 6.218369616403509, 48.686477754953899 ], [ 6.221082051686397, 48.686569970698855 ], [ 6.221218204765938, 48.684773542060391 ], [ 6.218505866771315, 48.684681330141693 ] ] ] } },
{ "type": "Feature", "properties": { "population": 289.0, "couverture_min": 5 }, "geometry": { "type": "Polygon", "coordinates": [ [ [ 6.207519966871177, 48.68610823094437 ], [ 6.207383314910938, 48.687904638867096 ], [ 6.210095810833129, 48.687997122860729 ], [ 6.21023236550139, 48.686200711100504 ], [ 6.207519966871177, 48.68610823094437 ] ] ] } },
{ "type": "Feature", "properties": { "population": 163.0, "couverture_min": 5 }, "geometry": { "type": "Polygon", "coordinates": [ [ [ 6.21023236550139, 48.686200711100504 ], [ 6.210095810833129, 48.687997122860729 ], [ 6.212808315929509, 48.688089540749388 ], [ 6.21294477330451, 48.686293125154364 ], [ 6.21023236550139, 48.686200711100504 ] ] ] } },
{ "type": "Feature", "properties": { "population": 248.0, "couverture_min": 5 }, "geometry": { "type": "Polygon", "coordinates": [ [ [ 6.21294477330451, 48.686293125154364 ], [ 6.212808315929509, 48.688089540749388 ], [ 6.215520830193579, 48.688181892532704 ], [ 6.215657190274048, 48.686385473105609 ], [ 6.21294477330451, 48.686293125154364 ] ] ] } },
{ "type": "Feature", "properties": { "population": 67.5, "couverture_min": 5 }, "geometry": { "type": "Polygon", "coordinates": [ [ [ 6.215657190274048, 48.686385473105609 ], [ 6.215520830193579, 48.688181892532704 ], [ 6.218233353618846, 48.688274178210314 ], [ 6.218369616403509, 48.686477754953899 ], [ 6.215657190274048, 48.686385473105609 ] ] ] } },
{ "type": "Feature", "properties": { "population": 22.0, "couverture_min": 5 }, "geometry": { "type": "Polygon", "coordinates": [ [ [ 6.218369616403509, 48.686477754953899 ], [ 6.218233353618846, 48.688274178210314 ], [ 6.220945886198816, 48.688366397781891 ], [ 6.221082051686397, 48.686569970698855 ], [ 6.218369616403509, 48.686477754953899 ] ] ] } },
{ "type": "Feature", "properties": { "population": 286.5, "couverture_min": 5 }, "geometry": { "type": "Polygon", "coordinates": [ [ [ 6.207383314910938, 48.687904638867096 ], [ 6.207246650496968, 48.689701045233022 ], [ 6.209959243719953, 48.689793533064531 ], [ 6.210095810833129, 48.687997122860729 ], [ 6.207383314910938, 48.687904638867096 ] ] ] } },
{ "type": "Feature", "properties": { "population": 437.5, "couverture_min": 5 }, "geometry": { "type": "Polygon", "coordinates": [ [ [ 6.210095810833129, 48.687997122860729 ], [ 6.209959243719953, 48.689793533064531 ], [ 6.212671846118404, 48.689885954788316 ], [ 6.212808315929509, 48.688089540749388 ], [ 6.210095810833129, 48.687997122860729 ] ] ] } },
{ "type": "Feature", "properties": { "population": 353.0, "couverture_min": 5 }, "geometry": { "type": "Polygon", "coordinates": [ [ [ 6.212808315929509, 48.688089540749388 ], [ 6.212671846118404, 48.689885954788316 ], [ 6.215384457685821, 48.689978310404051 ], [ 6.215520830193579, 48.688181892532704 ], [ 6.212808315929509, 48.688089540749388 ] ] ] } },
{ "type": "Feature", "properties": { "population": 100.5, "couverture_min": 5 }, "geometry": { "type": "Polygon", "coordinates": [ [ [ 6.207246650496968, 48.689701045233022 ], [ 6.207109973627638, 48.691497450042576 ], [ 6.209822664160234, 48.691589941712309 ], [ 6.209959243719953, 48.689793533064531 ], [ 6.207246650496968, 48.689701045233022 ] ] ] } },
{ "type": "Feature", "properties": { "population": 167.5, "couverture_min": 5 }, "geometry": { "type": "Polygon", "coordinates": [ [ [ 6.209959243719953, 48.689793533064531 ], [ 6.209822664160234, 48.691589941712309 ], [ 6.212535363869577, 48.691682367271618 ], [ 6.212671846118404, 48.689885954788316 ], [ 6.209959243719953, 48.689793533064531 ] ] ] } },
{ "type": "Feature", "properties": { "population": 92.0, "couverture_min": 5 }, "geometry": { "type": "Polygon", "coordinates": [ [ [ 6.212671846118404, 48.689885954788316 ], [ 6.212535363869577, 48.691682367271618 ], [ 6.21524807274916, 48.691774726720141 ], [ 6.215384457685821, 48.689978310404051 ], [ 6.212671846118404, 48.689885954788316 ] ] ] } },
{ "type": "Feature", "properties": { "population": 18.5, "couverture_min": 5 }, "geometry": { "type": "Polygon", "coordinates": [ [ [ 6.207109973627638, 48.691497450042576 ], [ 6.206973284301333, 48.693293853296169 ], [ 6.209686072152364, 48.693386348804495 ], [ 6.209822664160234, 48.691589941712309 ], [ 6.207109973627638, 48.691497450042576 ] ] ] } },
{ "type": "Feature", "properties": { "population": 135.0, "couverture_min": 5 }, "geometry": { "type": "Polygon", "coordinates": [ [ [ 6.209822664160234, 48.691589941712309 ], [ 6.209686072152364, 48.693386348804495 ], [ 6.21239886918141, 48.693478778199662 ], [ 6.212535363869577, 48.691682367271618 ], [ 6.209822664160234, 48.691589941712309 ] ] ] } },
{ "type": "Feature", "properties": { "population": 15.0, "couverture_min": 5 }, "geometry": { "type": "Polygon", "coordinates": [ [ [ 6.212535363869577, 48.691682367271618 ], [ 6.21239886918141, 48.693478778199662 ], [ 6.215111675381978, 48.693571141481328 ], [ 6.21524807274916, 48.691774726720141 ], [ 6.212535363869577, 48.691682367271618 ] ] ] } },
{ "type": "Feature", "properties": { "population": 468.0, "couverture_min": 5 }, "geometry": { "type": "Polygon", "coordinates": [ [ [ 6.182833725457551, 48.68886567996261 ], [ 6.182696172859333, 48.690662050105402 ], [ 6.185408780508971, 48.690755136752692 ], [ 6.185546235809114, 48.688958762747149 ], [ 6.182833725457551, 48.68886567996261 ] ] ] } },
{ "type": "Feature", "properties": { "population": 426.0, "couverture_min": 5 }, "geometry": { "type": "Polygon", "coordinates": [ [ [ 6.185546235809114, 48.688958762747149 ], [ 6.185408780508971, 48.690755136752692 ], [ 6.188121397393808, 48.690848157292841 ], [ 6.188258755394587, 48.68905177942726 ], [ 6.185546235809114, 48.688958762747149 ] ] ] } },
{ "type": "Feature", "properties": { "population": 281.0, "couverture_min": 5 }, "geometry": { "type": "Polygon", "coordinates": [ [ [ 6.188258755394587, 48.68905177942726 ], [ 6.188121397393808, 48.690848157292841 ], [ 6.190834023507348, 48.690941111725444 ], [ 6.19097128420748, 48.689144730002546 ], [ 6.188258755394587, 48.68905177942726 ] ] ] } },
{ "type": "Feature", "properties": { "population": 403.0, "couverture_min": 5 }, "geometry": { "type": "Polygon", "coordinates": [ [ [ 6.182696172859333, 48.690662050105402 ], [ 6.182558607724786, 48.692458418688943 ], [ 6.185271312681318, 48.69255150919939 ], [ 6.185408780508971, 48.690755136752692 ], [ 6.182696172859333, 48.690662050105402 ] ] ] } },
{ "type": "Feature", "properties": { "population": 184.0, "couverture_min": 5 }, "geometry": { "type": "Polygon", "coordinates": [ [ [ 6.185408780508971, 48.690755136752692 ], [ 6.185271312681318, 48.69255150919939 ], [ 6.187984026874333, 48.692644533599911 ], [ 6.188121397393808, 48.690848157292841 ], [ 6.185408780508971, 48.690755136752692 ] ] ] } },
{ "type": "Feature", "properties": { "population": 366.5, "couverture_min": 5 }, "geometry": { "type": "Polygon", "coordinates": [ [ [ 6.188121397393808, 48.690848157292841 ], [ 6.187984026874333, 48.692644533599911 ], [ 6.190696750297338, 48.692737491890199 ], [ 6.190834023507348, 48.690941111725444 ], [ 6.188121397393808, 48.690848157292841 ] ] ] } },
{ "type": "Feature", "properties": { "population": 65.0, "couverture_min": 5 }, "geometry": { "type": "Polygon", "coordinates": [ [ [ 6.182558607724786, 48.692458418688943 ], [ 6.18242103005228, 48.69425478571371 ], [ 6.185133832324523, 48.694347880087619 ], [ 6.185271312681318, 48.69255150919939 ], [ 6.182558607724786, 48.692458418688943 ] ] ] } },
{ "type": "Feature", "properties": { "population": 191.0, "couverture_min": 5 }, "geometry": { "type": "Polygon", "coordinates": [ [ [ 6.185271312681318, 48.69255150919939 ], [ 6.185133832324523, 48.694347880087619 ], [ 6.187846643834534, 48.694440908348938 ], [ 6.187984026874333, 48.692644533599911 ], [ 6.185271312681318, 48.69255150919939 ] ] ] } },
{ "type": "Feature", "properties": { "population": 321.5, "couverture_min": 5 }, "geometry": { "type": "Polygon", "coordinates": [ [ [ 6.187984026874333, 48.692644533599911 ], [ 6.187846643834534, 48.694440908348938 ], [ 6.19055946457582, 48.694533870497253 ], [ 6.190696750297338, 48.692737491890199 ], [ 6.187984026874333, 48.692644533599911 ] ] ] } },
{ "type": "Feature", "properties": { "population": 78.0, "couverture_min": 5 }, "geometry": { "type": "Polygon", "coordinates": [ [ [ 6.18242103005228, 48.69425478571371 ], [ 6.182283439840183, 48.696051151180029 ], [ 6.184996339436954, 48.696144249417841 ], [ 6.185133832324523, 48.694347880087619 ], [ 6.18242103005228, 48.69425478571371 ] ] ] } },
{ "type": "Feature", "properties": { "population": 161.0, "couverture_min": 10 }, "geometry": { "type": "Polygon", "coordinates": [ [ [ 6.185133832324523, 48.694347880087619 ], [ 6.184996339436954, 48.696144249417841 ], [ 6.187709248272781, 48.69623728154027 ], [ 6.187846643834534, 48.694440908348938 ], [ 6.185133832324523, 48.694347880087619 ] ] ] } },
{ "type": "Feature", "properties": { "population": 36.0, "couverture_min": 5 }, "geometry": { "type": "Polygon", "coordinates": [ [ [ 6.187846643834534, 48.694440908348938 ], [ 6.187709248272781, 48.69623728154027 ], [ 6.190422166341165, 48.696330247546982 ], [ 6.19055946457582, 48.694533870497253 ], [ 6.187846643834534, 48.694440908348938 ] ] ] } },
{ "type": "Feature", "properties": { "population": 426.5, "couverture_min": 5 }, "geometry": { "type": "Polygon", "coordinates": [ [ [ 6.187709248272781, 48.69623728154027 ], [ 6.187571840187445, 48.698033653174356 ], [ 6.19028485559175, 48.698126623039855 ], [ 6.190422166341165, 48.696330247546982 ], [ 6.187709248272781, 48.69623728154027 ] ] ] } },
{ "type": "Feature", "properties": { "population": 498.0, "couverture_min": 5 }, "geometry": { "type": "Polygon", "coordinates": [ [ [ 6.190422166341165, 48.696330247546982 ], [ 6.19028485559175, 48.698126623039855 ], [ 6.192997880223399, 48.698219526786545 ], [ 6.193135093635611, 48.696423147437642 ], [ 6.190422166341165, 48.696330247546982 ] ] ] } },
{ "type": "Feature", "properties": { "population": 7.0, "couverture_min": 5 }, "geometry": { "type": "Polygon", "coordinates": [ [ [ 6.184858834016984, 48.697940617190426 ], [ 6.184721316062982, 48.699736983405842 ], [ 6.1874344195769, 48.699830023251621 ], [ 6.187571840187445, 48.698033653174356 ], [ 6.184858834016984, 48.697940617190426 ] ] ] } },
{ "type": "Feature", "properties": { "population": 173.0, "couverture_min": 5 }, "geometry": { "type": "Polygon", "coordinates": [ [ [ 6.187571840187445, 48.698033653174356 ], [ 6.1874344195769, 48.699830023251621 ], [ 6.190147532325945, 48.699922996976227 ], [ 6.19028485559175, 48.698126623039855 ], [ 6.187571840187445, 48.698033653174356 ] ] ] } },
{ "type": "Feature", "properties": { "population": 351.0, "couverture_min": 5 }, "geometry": { "type": "Polygon", "coordinates": [ [ [ 6.19028485559175, 48.698126623039855 ], [ 6.190147532325945, 48.699922996976227 ], [ 6.192860654303619, 48.700015904579338 ], [ 6.192997880223399, 48.698219526786545 ], [ 6.19028485559175, 48.698126623039855 ] ] ] } },
{ "type": "Feature", "properties": { "population": 424.0, "couverture_min": 5 }, "geometry": { "type": "Polygon", "coordinates": [ [ [ 6.182008221790693, 48.699643877439236 ], [ 6.181870593950035, 48.701440238232898 ], [ 6.184583785573317, 48.701533348064466 ], [ 6.184721316062982, 48.699736983405842 ], [ 6.182008221790693, 48.699643877439236 ] ] ] } },
{ "type": "Feature", "properties": { "population": 141.0, "couverture_min": 5 }, "geometry": { "type": "Polygon", "coordinates": [ [ [ 6.184721316062982, 48.699736983405842 ], [ 6.184583785573317, 48.701533348064466 ], [ 6.18729698643951, 48.701626391772443 ], [ 6.1874344195769, 48.699830023251621 ], [ 6.184721316062982, 48.699736983405842 ] ] ] } },
{ "type": "Feature", "properties": { "population": 223.5, "couverture_min": 5 }, "geometry": { "type": "Polygon", "coordinates": [ [ [ 6.1874344195769, 48.699830023251621 ], [ 6.18729698643951, 48.701626391772443 ], [ 6.190010196542119, 48.701719369356567 ], [ 6.190147532325945, 48.699922996976227 ], [ 6.1874344195769, 48.699830023251621 ] ] ] } },
{ "type": "Feature", "properties": { "population": 268.5, "couverture_min": 5 }, "geometry": { "type": "Polygon", "coordinates": [ [ [ 6.190147532325945, 48.699922996976227 ], [ 6.190010196542119, 48.701719369356567 ], [ 6.192723415874643, 48.701812280816441 ], [ 6.192860654303619, 48.700015904579338 ], [ 6.190147532325945, 48.699922996976227 ] ] ] } },
{ "type": "Feature", "properties": { "population": 34.0, "couverture_min": 5 }, "geometry": { "type": "Polygon", "coordinates": [ [ [ 6.160995644908636, 48.689914977112338 ], [ 6.160857301365327, 48.691711314692725 ], [ 6.163569932196176, 48.69180493406926 ], [ 6.163708178442907, 48.690008592603924 ], [ 6.160995644908636, 48.689914977112338 ] ] ] } },
{ "type": "Feature", "properties": { "population": 251.0, "couverture_min": 5 }, "geometry": { "type": "Polygon", "coordinates": [ [ [ 6.163708178442907, 48.690008592603924 ], [ 6.163569932196176, 48.69180493406926 ], [ 6.166282572315467, 48.69189848733879 ], [ 6.166420721264327, 48.690102141991254 ], [ 6.163708178442907, 48.690008592603924 ] ] ] } },
{ "type": "Feature", "properties": { "population": 349.5, "couverture_min": 5 }, "geometry": { "type": "Polygon", "coordinates": [ [ [ 6.166420721264327, 48.690102141991254 ], [ 6.166282572315467, 48.69189848733879 ], [ 6.168995221716703, 48.691991974500993 ], [ 6.169133273366405, 48.690195625273979 ], [ 6.166420721264327, 48.690102141991254 ] ] ] } },
{ "type": "Feature", "properties": { "population": 423.0, "couverture_min": 5 }, "geometry": { "type": "Polygon", "coordinates": [ [ [ 6.169133273366405, 48.690195625273979 ], [ 6.168995221716703, 48.691991974500993 ], [ 6.171707880393395, 48.69208539555548 ], [ 6.171845834742641, 48.690289042451695 ], [ 6.169133273366405, 48.690195625273979 ] ] ] } },
{ "type": "Feature", "properties": { "population": 378.0, "couverture_min": 5 }, "geometry": { "type": "Polygon", "coordinates": [ [ [ 6.160857301365327, 48.691711314692725 ], [ 6.160718945213526, 48.693507650711396 ], [ 6.16343167334977, 48.69360127397325 ], [ 6.163569932196176, 48.69180493406926 ], [ 6.160857301365327, 48.691711314692725 ] ] ] } },
{ "type": "Feature", "properties": { "population": 217.0, "couverture_min": 5 }, "geometry": { "type": "Polygon", "coordinates": [ [ [ 6.163569932196176, 48.69180493406926 ], [ 6.16343167334977, 48.69360127397325 ], [ 6.166144410775747, 48.693694831125342 ], [ 6.166282572315467, 48.69189848733879 ], [ 6.163569932196176, 48.69180493406926 ] ] ] } },
{ "type": "Feature", "properties": { "population": 251.0, "couverture_min": 5 }, "geometry": { "type": "Polygon", "coordinates": [ [ [ 6.166282572315467, 48.69189848733879 ], [ 6.166144410775747, 48.693694831125342 ], [ 6.168857157484961, 48.693788322167386 ], [ 6.168995221716703, 48.691991974500993 ], [ 6.166282572315467, 48.69189848733879 ] ] ] } },
{ "type": "Feature", "properties": { "population": 301.5, "couverture_min": 5 }, "geometry": { "type": "Polygon", "coordinates": [ [ [ 6.168995221716703, 48.691991974500993 ], [ 6.168857157484961, 48.693788322167386 ], [ 6.17156991347092, 48.693881747098999 ], [ 6.171707880393395, 48.69208539555548 ], [ 6.168995221716703, 48.691991974500993 ] ] ] } },
{ "type": "Feature", "properties": { "population": 150.5, "couverture_min": 10 }, "geometry": { "type": "Polygon", "coordinates": [ [ [ 6.160718945213526, 48.693507650711396 ], [ 6.1605805764516, 48.695303985168756 ], [ 6.163293401902052, 48.695397612316249 ], [ 6.16343167334977, 48.69360127397325 ], [ 6.160718945213526, 48.693507650711396 ] ] ] } },
{ "type": "Feature", "properties": { "population": 45.0, "couverture_min": 5 }, "geometry": { "type": "Polygon", "coordinates": [ [ [ 6.16343167334977, 48.69360127397325 ], [ 6.163293401902052, 48.695397612316249 ], [ 6.166006236643531, 48.695491173351307 ], [ 6.166144410775747, 48.693694831125342 ], [ 6.16343167334977, 48.69360127397325 ] ] ] } },
{ "type": "Feature", "properties": { "population": 202.0, "couverture_min": 5 }, "geometry": { "type": "Polygon", "coordinates": [ [ [ 6.166144410775747, 48.693694831125342 ], [ 6.166006236643531, 48.695491173351307 ], [ 6.168719080669539, 48.695584668273547 ], [ 6.168857157484961, 48.693788322167386 ], [ 6.166144410775747, 48.693694831125342 ] ] ] } },
{ "type": "Feature", "properties": { "population": 226.5, "couverture_min": 5 }, "geometry": { "type": "Polygon", "coordinates": [ [ [ 6.168857157484961, 48.693788322167386 ], [ 6.168719080669539, 48.695584668273547 ], [ 6.171431933973585, 48.695678097082656 ], [ 6.17156991347092, 48.693881747098999 ], [ 6.168857157484961, 48.693788322167386 ] ] ] } },
{ "type": "Feature", "properties": { "population": 160.0, "couverture_min": 5 }, "geometry": { "type": "Polygon", "coordinates": [ [ [ 6.1605805764516, 48.695303985168756 ], [ 6.160442195077901, 48.697100318065246 ], [ 6.163155117851382, 48.697193949098754 ], [ 6.163293401902052, 48.695397612316249 ], [ 6.1605805764516, 48.695303985168756 ] ] ] } },
{ "type": "Feature", "properties": { "population": 121.5, "couverture_min": 5 }, "geometry": { "type": "Polygon", "coordinates": [ [ [ 6.163293401902052, 48.695397612316249 ], [ 6.163155117851382, 48.697193949098754 ], [ 6.165868049917179, 48.69728751401712 ], [ 6.166006236643531, 48.695491173351307 ], [ 6.163293401902052, 48.695397612316249 ] ] ] } },
{ "type": "Feature", "properties": { "population": 265.0, "couverture_min": 5 }, "geometry": { "type": "Polygon", "coordinates": [ [ [ 6.166006236643531, 48.695491173351307 ], [ 6.165868049917179, 48.69728751401712 ], [ 6.168580991268801, 48.697381012819946 ], [ 6.168719080669539, 48.695584668273547 ], [ 6.166006236643531, 48.695491173351307 ] ] ] } },
{ "type": "Feature", "properties": { "population": 221.5, "couverture_min": 5 }, "geometry": { "type": "Polygon", "coordinates": [ [ [ 6.168719080669539, 48.695584668273547 ], [ 6.168580991268801, 48.697381012819946 ], [ 6.171293941899751, 48.697474445506884 ], [ 6.171431933973585, 48.695678097082656 ], [ 6.168719080669539, 48.695584668273547 ] ] ] } },
{ "type": "Feature", "properties": { "population": 256.5, "couverture_min": 5 }, "geometry": { "type": "Polygon", "coordinates": [ [ [ 6.160442195077901, 48.697100318065246 ], [ 6.160303801090794, 48.698896649401213 ], [ 6.16301682119612, 48.698990284321141 ], [ 6.163155117851382, 48.697193949098754 ], [ 6.160442195077901, 48.697100318065246 ] ] ] } },
{ "type": "Feature", "properties": { "population": 202.0, "couverture_min": 5 }, "geometry": { "type": "Polygon", "coordinates": [ [ [ 6.163155117851382, 48.697193949098754 ], [ 6.16301682119612, 48.698990284321141 ], [ 6.165729850595058, 48.699083853123156 ], [ 6.165868049917179, 48.69728751401712 ], [ 6.163155117851382, 48.697193949098754 ] ] ] } },
{ "type": "Feature", "properties": { "population": 380.0, "couverture_min": 5 }, "geometry": { "type": "Polygon", "coordinates": [ [ [ 6.165868049917179, 48.69728751401712 ], [ 6.165729850595058, 48.699083853123156 ], [ 6.168442889281113, 48.699177355806953 ], [ 6.168580991268801, 48.697381012819946 ], [ 6.165868049917179, 48.69728751401712 ] ] ] } },
{ "type": "Feature", "properties": { "population": 190.5, "couverture_min": 5 }, "geometry": { "type": "Polygon", "coordinates": [ [ [ 6.168580991268801, 48.697381012819946 ], [ 6.168442889281113, 48.699177355806953 ], [ 6.171155937247783, 48.699270792372097 ], [ 6.171293941899751, 48.697474445506884 ], [ 6.168580991268801, 48.697381012819946 ] ] ] } },
{ "type": "Feature", "properties": { "population": 179.5, "couverture_min": 5 }, "geometry": { "type": "Polygon", "coordinates": [ [ [ 6.160303801090794, 48.698896649401213 ], [ 6.160165394488637, 48.700692979177155 ], [ 6.162878511934625, 48.700786617983823 ], [ 6.16301682119612, 48.698990284321141 ], [ 6.160303801090794, 48.698896649401213 ] ] ] } },
{ "type": "Feature", "properties": { "population": 293.5, "couverture_min": 5 }, "geometry": { "type": "Polygon", "coordinates": [ [ [ 6.16301682119612, 48.698990284321141 ], [ 6.162878511934625, 48.700786617983823 ], [ 6.165591638675523, 48.700880190669885 ], [ 6.165729850595058, 48.699083853123156 ], [ 6.16301682119612, 48.698990284321141 ] ] ] } },
{ "type": "Feature", "properties": { "population": 209.5, "couverture_min": 5 }, "geometry": { "type": "Polygon", "coordinates": [ [ [ 6.165729850595058, 48.699083853123156 ], [ 6.165591638675523, 48.700880190669885 ], [ 6.168304774704829, 48.700973697234964 ], [ 6.168442889281113, 48.699177355806953 ], [ 6.165729850595058, 48.699083853123156 ] ] ] } },
{ "type": "Feature", "properties": { "population": 186.5, "couverture_min": 5 }, "geometry": { "type": "Polygon", "coordinates": [ [ [ 6.168442889281113, 48.699177355806953 ], [ 6.168304774704829, 48.700973697234964 ], [ 6.171017920016047, 48.701067137678713 ], [ 6.171155937247783, 48.699270792372097 ], [ 6.168442889281113, 48.699177355806953 ] ] ] } },
{ "type": "Feature", "properties": { "population": 42.0, "couverture_min": 10 }, "geometry": { "type": "Polygon", "coordinates": [ [ [ 6.160165394488637, 48.700692979177155 ], [ 6.160026975269785, 48.702489307393421 ], [ 6.162740190065263, 48.702582950087255 ], [ 6.162878511934625, 48.700786617983823 ], [ 6.160165394488637, 48.700692979177155 ] ] ] } },
{ "type": "Feature", "properties": { "population": 211.0, "couverture_min": 5 }, "geometry": { "type": "Polygon", "coordinates": [ [ [ 6.162878511934625, 48.700786617983823 ], [ 6.162740190065263, 48.702582950087255 ], [ 6.165453414156939, 48.702676526657719 ], [ 6.165591638675523, 48.700880190669885 ], [ 6.162878511934625, 48.700786617983823 ] ] ] } },
{ "type": "Feature", "properties": { "population": 454.0, "couverture_min": 5 }, "geometry": { "type": "Polygon", "coordinates": [ [ [ 6.165591638675523, 48.700880190669885 ], [ 6.165453414156939, 48.702676526657719 ], [ 6.168166647538324, 48.702770037104479 ], [ 6.168304774704829, 48.700973697234964 ], [ 6.165591638675523, 48.700880190669885 ] ] ] } },
{ "type": "Feature", "properties": { "population": 248.0, "couverture_min": 5 }, "geometry": { "type": "Polygon", "coordinates": [ [ [ 6.168304774704829, 48.700973697234964 ], [ 6.168166647538324, 48.702770037104479 ], [ 6.170879890202905, 48.702863481427158 ], [ 6.171017920016047, 48.701067137678713 ], [ 6.168304774704829, 48.700973697234964 ] ] ] } },
{ "type": "Feature", "properties": { "population": 131.0, "couverture_min": 5 }, "geometry": { "type": "Polygon", "coordinates": [ [ [ 6.160026975269785, 48.702489307393421 ], [ 6.159888543432602, 48.7042856340505 ], [ 6.162601855586389, 48.704379280631791 ], [ 6.162740190065263, 48.702582950087255 ], [ 6.160026975269785, 48.702489307393421 ] ] ] } },
{ "type": "Feature", "properties": { "population": 247.0, "couverture_min": 5 }, "geometry": { "type": "Polygon", "coordinates": [ [ [ 6.162740190065263, 48.702582950087255 ], [ 6.162601855586389, 48.704379280631791 ], [ 6.165315177037669, 48.704472861087012 ], [ 6.165453414156939, 48.702676526657719 ], [ 6.162740190065263, 48.702582950087255 ] ] ] } },
{ "type": "Feature", "properties": { "population": 90.5, "couverture_min": 5 }, "geometry": { "type": "Polygon", "coordinates": [ [ [ 6.165453414156939, 48.702676526657719 ], [ 6.165315177037669, 48.704472861087012 ], [ 6.168028507779946, 48.704566375415816 ], [ 6.168166647538324, 48.702770037104479 ], [ 6.165453414156939, 48.702676526657719 ] ] ] } },
{ "type": "Feature", "properties": { "population": 325.0, "couverture_min": 5 }, "geometry": { "type": "Polygon", "coordinates": [ [ [ 6.168166647538324, 48.702770037104479 ], [ 6.168028507779946, 48.704566375415816 ], [ 6.17074184780672, 48.704659823617817 ], [ 6.170879890202905, 48.702863481427158 ], [ 6.168166647538324, 48.702770037104479 ] ] ] } },
{ "type": "Feature", "properties": { "population": 361.0, "couverture_min": 5 }, "geometry": { "type": "Polygon", "coordinates": [ [ [ 6.170879890202905, 48.702863481427158 ], [ 6.17074184780672, 48.704659823617817 ], [ 6.173455197111488, 48.704753205692647 ], [ 6.173593142144191, 48.702956859625374 ], [ 6.170879890202905, 48.702863481427158 ] ] ] } },
{ "type": "Feature", "properties": { "population": 56.5, "couverture_min": 10 }, "geometry": { "type": "Polygon", "coordinates": [ [ [ 6.158144679829411, 48.691617629209581 ], [ 6.158006226373513, 48.693413961340234 ], [ 6.160718945213526, 48.693507650711396 ], [ 6.160857301365327, 48.691711314692725 ], [ 6.158144679829411, 48.691617629209581 ] ] ] } },
{ "type": "Feature", "properties": { "population": 430.5, "couverture_min": 5 }, "geometry": { "type": "Polygon", "coordinates": [ [ [ 6.158283120668004, 48.689821295516836 ], [ 6.158144679829411, 48.691617629209581 ], [ 6.160857301365327, 48.691711314692725 ], [ 6.160995644908636, 48.689914977112338 ], [ 6.158283120668004, 48.689821295516836 ] ] ] } },
{ "type": "Feature", "properties": { "population": 109.0, "couverture_min": 5 }, "geometry": { "type": "Polygon", "coordinates": [ [ [ 6.152719464668358, 48.691430059924855 ], [ 6.152580816608148, 48.693226384271291 ], [ 6.155293516836222, 48.693320205860061 ], [ 6.155432067594924, 48.691523877620163 ], [ 6.152719464668358, 48.691430059924855 ] ] ] } },
{ "type": "Feature", "properties": { "population": 123.5, "couverture_min": 10 }, "geometry": { "type": "Polygon", "coordinates": [ [ [ 6.155432067594924, 48.691523877620163 ], [ 6.155293516836222, 48.693320205860061 ], [ 6.158006226373513, 48.693413961340234 ], [ 6.158144679829411, 48.691617629209581 ], [ 6.155432067594924, 48.691523877620163 ] ] ] } },
{ "type": "Feature", "properties": { "population": 34.0, "couverture_min": 10 }, "geometry": { "type": "Polygon", "coordinates": [ [ [ 6.152580816608148, 48.693226384271291 ], [ 6.152442155911361, 48.695022707055294 ], [ 6.155154953449757, 48.695116532537909 ], [ 6.155293516836222, 48.693320205860061 ], [ 6.152580816608148, 48.693226384271291 ] ] ] } },
{ "type": "Feature", "properties": { "population": 44.5, "couverture_min": 10 }, "geometry": { "type": "Polygon", "coordinates": [ [ [ 6.155293516836222, 48.693320205860061 ], [ 6.155154953449757, 48.695116532537909 ], [ 6.157867760298669, 48.695210291909184 ], [ 6.158006226373513, 48.693413961340234 ], [ 6.155293516836222, 48.693320205860061 ] ] ] } },
{ "type": "Feature", "properties": { "population": 43.5, "couverture_min": 10 }, "geometry": { "type": "Polygon", "coordinates": [ [ [ 6.158006226373513, 48.693413961340234 ], [ 6.157867760298669, 48.695210291909184 ], [ 6.1605805764516, 48.695303985168756 ], [ 6.160718945213526, 48.693507650711396 ], [ 6.158006226373513, 48.693413961340234 ] ] ] } },
{ "type": "Feature", "properties": { "population": 128.0, "couverture_min": 5 }, "geometry": { "type": "Polygon", "coordinates": [ [ [ 6.152442155911361, 48.695022707055294 ], [ 6.152303482576349, 48.696819028277332 ], [ 6.155016377433891, 48.696912857654162 ], [ 6.155154953449757, 48.695116532537909 ], [ 6.152442155911361, 48.695022707055294 ] ] ] } },
{ "type": "Feature", "properties": { "population": 120.5, "couverture_min": 5 }, "geometry": { "type": "Polygon", "coordinates": [ [ [ 6.155154953449757, 48.695116532537909 ], [ 6.155016377433891, 48.696912857654162 ], [ 6.15772928160324, 48.697006620916909 ], [ 6.157867760298669, 48.695210291909184 ], [ 6.155154953449757, 48.695116532537909 ] ] ] } },
{ "type": "Feature", "properties": { "population": 152.0, "couverture_min": 5 }, "geometry": { "type": "Polygon", "coordinates": [ [ [ 6.157867760298669, 48.695210291909184 ], [ 6.15772928160324, 48.697006620916909 ], [ 6.160442195077901, 48.697100318065246 ], [ 6.1605805764516, 48.695303985168756 ], [ 6.157867760298669, 48.695210291909184 ] ] ] } },
{ "type": "Feature", "properties": { "population": 257.0, "couverture_min": 5 }, "geometry": { "type": "Polygon", "coordinates": [ [ [ 6.152303482576349, 48.696819028277332 ], [ 6.152164796601475, 48.698615347937768 ], [ 6.154877788786975, 48.698709181209161 ], [ 6.155016377433891, 48.696912857654162 ], [ 6.152303482576349, 48.696819028277332 ] ] ] } },
{ "type": "Feature", "properties": { "population": 168.5, "couverture_min": 5 }, "geometry": { "type": "Polygon", "coordinates": [ [ [ 6.155016377433891, 48.696912857654162 ], [ 6.154877788786975, 48.698709181209161 ], [ 6.15759079028558, 48.698802948363763 ], [ 6.15772928160324, 48.697006620916909 ], [ 6.155016377433891, 48.696912857654162 ] ] ] } },
{ "type": "Feature", "properties": { "population": 154.0, "couverture_min": 5 }, "geometry": { "type": "Polygon", "coordinates": [ [ [ 6.15772928160324, 48.697006620916909 ], [ 6.15759079028558, 48.698802948363763 ], [ 6.160303801090794, 48.698896649401213 ], [ 6.160442195077901, 48.697100318065246 ], [ 6.15772928160324, 48.697006620916909 ] ] ] } },
{ "type": "Feature", "properties": { "population": 31.5, "couverture_min": 5 }, "geometry": { "type": "Polygon", "coordinates": [ [ [ 6.152164796601475, 48.698615347937768 ], [ 6.152026097985092, 48.700411666037049 ], [ 6.154739187507367, 48.700505503203374 ], [ 6.154877788786975, 48.698709181209161 ], [ 6.152164796601475, 48.698615347937768 ] ] ] } },
{ "type": "Feature", "properties": { "population": 171.5, "couverture_min": 5 }, "geometry": { "type": "Polygon", "coordinates": [ [ [ 6.154877788786975, 48.698709181209161 ], [ 6.154739187507367, 48.700505503203374 ], [ 6.157452286344052, 48.70059927425023 ], [ 6.15759079028558, 48.698802948363763 ], [ 6.154877788786975, 48.698709181209161 ] ] ] } },
{ "type": "Feature", "properties": { "population": 116.0, "couverture_min": 10 }, "geometry": { "type": "Polygon", "coordinates": [ [ [ 6.15759079028558, 48.698802948363763 ], [ 6.157452286344052, 48.70059927425023 ], [ 6.160165394488637, 48.700692979177155 ], [ 6.160303801090794, 48.698896649401213 ], [ 6.15759079028558, 48.698802948363763 ] ] ] } },
{ "type": "Feature", "properties": { "population": 42.0, "couverture_min": 5 }, "geometry": { "type": "Polygon", "coordinates": [ [ [ 6.152026097985092, 48.700411666037049 ], [ 6.151887386725552, 48.70220798257558 ], [ 6.154600573593433, 48.702301823637235 ], [ 6.154739187507367, 48.700505503203374 ], [ 6.152026097985092, 48.700411666037049 ] ] ] } },
{ "type": "Feature", "properties": { "population": 600.5, "couverture_min": 5 }, "geometry": { "type": "Polygon", "coordinates": [ [ [ 6.154739187507367, 48.700505503203374 ], [ 6.154600573593433, 48.702301823637235 ], [ 6.157313769777007, 48.702395598576643 ], [ 6.157452286344052, 48.70059927425023 ], [ 6.154739187507367, 48.700505503203374 ] ] ] } },
{ "type": "Feature", "properties": { "population": 75.0, "couverture_min": 10 }, "geometry": { "type": "Polygon", "coordinates": [ [ [ 6.157452286344052, 48.70059927425023 ], [ 6.157313769777007, 48.702395598576643 ], [ 6.160026975269785, 48.702489307393421 ], [ 6.160165394488637, 48.700692979177155 ], [ 6.157452286344052, 48.70059927425023 ] ] ] } },
{ "type": "Feature", "properties": { "population": 295.5, "couverture_min": 5 }, "geometry": { "type": "Polygon", "coordinates": [ [ [ 6.151887386725552, 48.70220798257558 ], [ 6.151748662821216, 48.704004297553794 ], [ 6.154461947043516, 48.704098142511143 ], [ 6.154600573593433, 48.702301823637235 ], [ 6.151887386725552, 48.70220798257558 ] ] ] } },
{ "type": "Feature", "properties": { "population": 442.0, "couverture_min": 5 }, "geometry": { "type": "Polygon", "coordinates": [ [ [ 6.154600573593433, 48.702301823637235 ], [ 6.154461947043516, 48.704098142511143 ], [ 6.157175240582809, 48.70419192134348 ], [ 6.157313769777007, 48.702395598576643 ], [ 6.154600573593433, 48.702301823637235 ] ] ] } },
{ "type": "Feature", "properties": { "population": 239.5, "couverture_min": 5 }, "geometry": { "type": "Polygon", "coordinates": [ [ [ 6.157313769777007, 48.702395598576643 ], [ 6.157175240582809, 48.70419192134348 ], [ 6.159888543432602, 48.7042856340505 ], [ 6.160026975269785, 48.702489307393421 ], [ 6.157313769777007, 48.702395598576643 ] ] ] } },
{ "type": "Feature", "properties": { "population": 197.5, "couverture_min": 5 }, "geometry": { "type": "Polygon", "coordinates": [ [ [ 6.151748662821216, 48.704004297553794 ], [ 6.151609926270438, 48.705800610972119 ], [ 6.154323307855978, 48.70589445982548 ], [ 6.154461947043516, 48.704098142511143 ], [ 6.151748662821216, 48.704004297553794 ] ] ] } },
{ "type": "Feature", "properties": { "population": 257.0, "couverture_min": 5 }, "geometry": { "type": "Polygon", "coordinates": [ [ [ 6.154461947043516, 48.704098142511143 ], [ 6.154323307855978, 48.70589445982548 ], [ 6.157036698759813, 48.705988242551136 ], [ 6.157175240582809, 48.70419192134348 ], [ 6.154461947043516, 48.704098142511143 ] ] ] } },
{ "type": "Feature", "properties": { "population": 9.0, "couverture_min": 5 }, "geometry": { "type": "Polygon", "coordinates": [ [ [ 6.157175240582809, 48.70419192134348 ], [ 6.157036698759813, 48.705988242551136 ], [ 6.159750098975441, 48.706081959148726 ], [ 6.159888543432602, 48.7042856340505 ], [ 6.157175240582809, 48.70419192134348 ] ] ] } },
{ "type": "Feature", "properties": { "population": 161.0, "couverture_min": 5 }, "geometry": { "type": "Polygon", "coordinates": [ [ [ 6.159888543432602, 48.7042856340505 ], [ 6.159750098975441, 48.706081959148726 ], [ 6.162463508496361, 48.706175609617887 ], [ 6.162601855586389, 48.704379280631791 ], [ 6.159888543432602, 48.7042856340505 ] ] ] } },
{ "type": "Feature", "properties": { "population": 628.5, "couverture_min": 5 }, "geometry": { "type": "Polygon", "coordinates": [ [ [ 6.154323307855978, 48.70589445982548 ], [ 6.154184656029178, 48.707690775580708 ], [ 6.156898144306374, 48.707784562200054 ], [ 6.157036698759813, 48.705988242551136 ], [ 6.154323307855978, 48.70589445982548 ] ] ] } },
{ "type": "Feature", "properties": { "population": 29.5, "couverture_min": 5 }, "geometry": { "type": "Polygon", "coordinates": [ [ [ 6.159750098975441, 48.706081959148726 ], [ 6.159611641896667, 48.707878282688569 ], [ 6.16232514879354, 48.707971937045954 ], [ 6.162463508496361, 48.706175609617887 ], [ 6.159750098975441, 48.706081959148726 ] ] ] } },
{ "type": "Feature", "properties": { "population": 5.0, "couverture_min": 5 }, "geometry": { "type": "Polygon", "coordinates": [ [ [ 6.159611641896667, 48.707878282688569 ], [ 6.15947317219463, 48.70967460467044 ], [ 6.162186776476288, 48.709768262916405 ], [ 6.16232514879354, 48.707971937045954 ], [ 6.159611641896667, 48.707878282688569 ] ] ] } },
{ "type": "Feature", "properties": { "population": 6.0, "couverture_min": 5 }, "geometry": { "type": "Polygon", "coordinates": [ [ [ 6.15947317219463, 48.70967460467044 ], [ 6.159334689867692, 48.711470925094737 ], [ 6.162048391542962, 48.711564587229667 ], [ 6.162186776476288, 48.709768262916405 ], [ 6.15947317219463, 48.70967460467044 ] ] ] } },
{ "type": "Feature", "properties": { "population": 7.0, "couverture_min": 5 }, "geometry": { "type": "Polygon", "coordinates": [ [ [ 6.153907314451196, 48.711283402415397 ], [ 6.153768624696727, 48.713079713495716 ], [ 6.156482405146978, 48.71317351179831 ], [ 6.156620997501602, 48.711377196823207 ], [ 6.153907314451196, 48.711283402415397 ] ] ] } },
{ "type": "Feature", "properties": { "population": 139.5, "couverture_min": 5 }, "geometry": { "type": "Polygon", "coordinates": [ [ [ 6.156620997501602, 48.711377196823207 ], [ 6.156482405146978, 48.71317351179831 ], [ 6.159196194914211, 48.713267243961894 ], [ 6.159334689867692, 48.711470925094737 ], [ 6.156620997501602, 48.711377196823207 ] ] ] } },
{ "type": "Feature", "properties": { "population": 60.5, "couverture_min": 5 }, "geometry": { "type": "Polygon", "coordinates": [ [ [ 6.159334689867692, 48.711470925094737 ], [ 6.159196194914211, 48.713267243961894 ], [ 6.161909993991916, 48.71336090998615 ], [ 6.162048391542962, 48.711564587229667 ], [ 6.159334689867692, 48.711470925094737 ] ] ] } },
{ "type": "Feature", "properties": { "population": 29.0, "couverture_min": 5 }, "geometry": { "type": "Polygon", "coordinates": [ [ [ 6.153768624696727, 48.713079713495716 ], [ 6.153629922296414, 48.714876023018569 ], [ 6.156343800155338, 48.714969825216279 ], [ 6.156482405146978, 48.71317351179831 ], [ 6.153768624696727, 48.713079713495716 ] ] ] } },
{ "type": "Feature", "properties": { "population": 48.0, "couverture_min": 5 }, "geometry": { "type": "Polygon", "coordinates": [ [ [ 6.156482405146978, 48.71317351179831 ], [ 6.156343800155338, 48.714969825216279 ], [ 6.159057687332538, 48.715063561272302 ], [ 6.159196194914211, 48.713267243961894 ], [ 6.156482405146978, 48.71317351179831 ] ] ] } },
{ "type": "Feature", "properties": { "population": 30.0, "couverture_min": 5 }, "geometry": { "type": "Polygon", "coordinates": [ [ [ 6.159196194914211, 48.713267243961894 ], [ 6.159057687332538, 48.715063561272302 ], [ 6.161771583821511, 48.715157231186247 ], [ 6.161909993991916, 48.71336090998615 ], [ 6.159196194914211, 48.713267243961894 ] ] ] } },
{ "type": "Feature", "properties": { "population": 10.0, "couverture_min": 10 }, "geometry": { "type": "Polygon", "coordinates": [ [ [ 6.159057687332538, 48.715063561272302 ], [ 6.158919167121036, 48.716859877026387 ], [ 6.161633161030105, 48.716953550830382 ], [ 6.161771583821511, 48.715157231186247 ], [ 6.159057687332538, 48.715063561272302 ] ] ] } },
{ "type": "Feature", "properties": { "population": 330.0, "couverture_min": 5 }, "geometry": { "type": "Polygon", "coordinates": [ [ [ 6.190834023507348, 48.690941111725444 ], [ 6.190696750297338, 48.692737491890199 ], [ 6.193409482943833, 48.692830384069872 ], [ 6.193546658843098, 48.691034000050152 ], [ 6.190834023507348, 48.690941111725444 ] ] ] } },
{ "type": "Feature", "properties": { "population": 76.5, "couverture_min": 5 }, "geometry": { "type": "Polygon", "coordinates": [ [ [ 6.193546658843098, 48.691034000050152 ], [ 6.193409482943833, 48.692830384069872 ], [ 6.196122224807326, 48.692923210138538 ], [ 6.196259303394559, 48.691126822266597 ], [ 6.193546658843098, 48.691034000050152 ] ] ] } },
{ "type": "Feature", "properties": { "population": 187.5, "couverture_min": 5 }, "geometry": { "type": "Polygon", "coordinates": [ [ [ 6.196259303394559, 48.691126822266597 ], [ 6.196122224807326, 48.692923210138538 ], [ 6.198834975881317, 48.693015970095878 ], [ 6.19897195715524, 48.691219578374429 ], [ 6.196259303394559, 48.691126822266597 ] ] ] } },
{ "type": "Feature", "properties": { "population": 4.0, "couverture_min": 5 }, "geometry": { "type": "Polygon", "coordinates": [ [ [ 6.19897195715524, 48.691219578374429 ], [ 6.198834975881317, 48.693015970095878 ], [ 6.201547736159314, 48.693108663941473 ], [ 6.201684620118644, 48.691312268373274 ], [ 6.19897195715524, 48.691219578374429 ] ] ] } },
{ "type": "Feature", "properties": { "population": 122.5, "couverture_min": 5 }, "geometry": { "type": "Polygon", "coordinates": [ [ [ 6.190696750297338, 48.692737491890199 ], [ 6.19055946457582, 48.694533870497253 ], [ 6.19327229454188, 48.69462676653221 ], [ 6.193409482943833, 48.692830384069872 ], [ 6.190696750297338, 48.692737491890199 ] ] ] } },
{ "type": "Feature", "properties": { "population": 152.0, "couverture_min": 5 }, "geometry": { "type": "Polygon", "coordinates": [ [ [ 6.193409482943833, 48.692830384069872 ], [ 6.19327229454188, 48.69462676653221 ], [ 6.19598513372622, 48.694719596453474 ], [ 6.196122224807326, 48.692923210138538 ], [ 6.193409482943833, 48.692830384069872 ] ] ] } },
{ "type": "Feature", "properties": { "population": 604.0, "couverture_min": 5 }, "geometry": { "type": "Polygon", "coordinates": [ [ [ 6.196122224807326, 48.692923210138538 ], [ 6.19598513372622, 48.694719596453474 ], [ 6.198697982122343, 48.694812360260691 ], [ 6.198834975881317, 48.693015970095878 ], [ 6.196122224807326, 48.692923210138538 ] ] ] } },
{ "type": "Feature", "properties": { "population": 2.0, "couverture_min": 5 }, "geometry": { "type": "Polygon", "coordinates": [ [ [ 6.198834975881317, 48.693015970095878 ], [ 6.198697982122343, 48.694812360260691 ], [ 6.20141083972375, 48.694905057953441 ], [ 6.201547736159314, 48.693108663941473 ], [ 6.198834975881317, 48.693015970095878 ] ] ] } },
{ "type": "Feature", "properties": { "population": 112.0, "couverture_min": 5 }, "geometry": { "type": "Polygon", "coordinates": [ [ [ 6.19055946457582, 48.694533870497253 ], [ 6.190422166341165, 48.696330247546982 ], [ 6.193135093635611, 48.696423147437642 ], [ 6.19327229454188, 48.69462676653221 ], [ 6.19055946457582, 48.694533870497253 ] ] ] } },
{ "type": "Feature", "properties": { "population": 218.0, "couverture_min": 5 }, "geometry": { "type": "Polygon", "coordinates": [ [ [ 6.19327229454188, 48.69462676653221 ], [ 6.193135093635611, 48.696423147437642 ], [ 6.195848030149619, 48.696515981211867 ], [ 6.19598513372622, 48.694719596453474 ], [ 6.19327229454188, 48.69462676653221 ] ] ] } },
{ "type": "Feature", "properties": { "population": 12.5, "couverture_min": 5 }, "geometry": { "type": "Polygon", "coordinates": [ [ [ 6.19598513372622, 48.694719596453474 ], [ 6.195848030149619, 48.696515981211867 ], [ 6.19856097587669, 48.696608748869274 ], [ 6.198697982122343, 48.694812360260691 ], [ 6.19598513372622, 48.694719596453474 ] ] ] } },
{ "type": "Feature", "properties": { "population": 5.0, "couverture_min": 10 }, "geometry": { "type": "Polygon", "coordinates": [ [ [ 6.204123706523944, 48.694997689531398 ], [ 6.203986894944036, 48.696794085832259 ], [ 6.206699868271312, 48.696886655137121 ], [ 6.206836582516432, 48.695090254994206 ], [ 6.204123706523944, 48.694997689531398 ] ] ] } },
{ "type": "Feature", "properties": { "population": 173.0, "couverture_min": 5 }, "geometry": { "type": "Polygon", "coordinates": [ [ [ 6.193135093635611, 48.696423147437642 ], [ 6.192997880223399, 48.698219526786545 ], [ 6.195710914075894, 48.698312364414072 ], [ 6.195848030149619, 48.696515981211867 ], [ 6.193135093635611, 48.696423147437642 ] ] ] } },
{ "type": "Feature", "properties": { "population": 449.5, "couverture_min": 5 }, "geometry": { "type": "Polygon", "coordinates": [ [ [ 6.195848030149619, 48.696515981211867 ], [ 6.195710914075894, 48.698312364414072 ], [ 6.198423957142737, 48.698405135922066 ], [ 6.19856097587669, 48.696608748869274 ], [ 6.195848030149619, 48.696515981211867 ] ] ] } },
{ "type": "Feature", "properties": { "population": 32.0, "couverture_min": 5 }, "geometry": { "type": "Polygon", "coordinates": [ [ [ 6.19856097587669, 48.696608748869274 ], [ 6.198423957142737, 48.698405135922066 ], [ 6.201137009417426, 48.698497841310186 ], [ 6.20127393081033, 48.696701450409542 ], [ 6.19856097587669, 48.696608748869274 ] ] ] } },
{ "type": "Feature", "properties": { "population": 34.0, "couverture_min": 10 }, "geometry": { "type": "Polygon", "coordinates": [ [ [ 6.20127393081033, 48.696701450409542 ], [ 6.201137009417426, 48.698497841310186 ], [ 6.203850070893465, 48.698590480578062 ], [ 6.203986894944036, 48.696794085832259 ], [ 6.20127393081033, 48.696701450409542 ] ] ] } },
{ "type": "Feature", "properties": { "population": 143.5, "couverture_min": 5 }, "geometry": { "type": "Polygon", "coordinates": [ [ [ 6.203986894944036, 48.696794085832259 ], [ 6.203850070893465, 48.698590480578062 ], [ 6.206563141564357, 48.698683053725304 ], [ 6.206699868271312, 48.696886655137121 ], [ 6.203986894944036, 48.696794085832259 ] ] ] } },
{ "type": "Feature", "properties": { "population": 349.0, "couverture_min": 5 }, "geometry": { "type": "Polygon", "coordinates": [ [ [ 6.206699868271312, 48.696886655137121 ], [ 6.206563141564357, 48.698683053725304 ], [ 6.209276221423598, 48.698775560751606 ], [ 6.209412850785663, 48.696979158323714 ], [ 6.206699868271312, 48.696886655137121 ] ] ] } },
{ "type": "Feature", "properties": { "population": 40.5, "couverture_min": 5 }, "geometry": { "type": "Polygon", "coordinates": [ [ [ 6.192997880223399, 48.698219526786545 ], [ 6.192860654303619, 48.700015904579338 ], [ 6.195573785503422, 48.700108746060536 ], [ 6.195710914075894, 48.698312364414072 ], [ 6.192997880223399, 48.698219526786545 ] ] ] } },
{ "type": "Feature", "properties": { "population": 469.0, "couverture_min": 5 }, "geometry": { "type": "Polygon", "coordinates": [ [ [ 6.195710914075894, 48.698312364414072 ], [ 6.195573785503422, 48.700108746060536 ], [ 6.198286925918857, 48.700201521419487 ], [ 6.198423957142737, 48.698405135922066 ], [ 6.195710914075894, 48.698312364414072 ] ] ] } },
{ "type": "Feature", "properties": { "population": 365.5, "couverture_min": 5 }, "geometry": { "type": "Polygon", "coordinates": [ [ [ 6.198423957142737, 48.698405135922066 ], [ 6.198286925918857, 48.700201521419487 ], [ 6.201000075543422, 48.700294230655821 ], [ 6.201137009417426, 48.698497841310186 ], [ 6.198423957142737, 48.698405135922066 ] ] ] } },
{ "type": "Feature", "properties": { "population": 128.0, "couverture_min": 5 }, "geometry": { "type": "Polygon", "coordinates": [ [ [ 6.201137009417426, 48.698497841310186 ], [ 6.201000075543422, 48.700294230655821 ], [ 6.203713234370616, 48.700386873769183 ], [ 6.203850070893465, 48.698590480578062 ], [ 6.201137009417426, 48.698497841310186 ] ] ] } },
{ "type": "Feature", "properties": { "population": 259.0, "couverture_min": 5 }, "geometry": { "type": "Polygon", "coordinates": [ [ [ 6.203850070893465, 48.698590480578062 ], [ 6.203713234370616, 48.700386873769183 ], [ 6.206426402393942, 48.70047945075919 ], [ 6.206563141564357, 48.698683053725304 ], [ 6.203850070893465, 48.698590480578062 ] ] ] } },
{ "type": "Feature", "properties": { "population": 344.0, "couverture_min": 5 }, "geometry": { "type": "Polygon", "coordinates": [ [ [ 6.206563141564357, 48.698683053725304 ], [ 6.206426402393942, 48.70047945075919 ], [ 6.209139579606896, 48.700571961625535 ], [ 6.209276221423598, 48.698775560751606 ], [ 6.206563141564357, 48.698683053725304 ] ] ] } },
{ "type": "Feature", "properties": { "population": 210.5, "couverture_min": 5 }, "geometry": { "type": "Polygon", "coordinates": [ [ [ 6.141730108917909, 48.692850436837325 ], [ 6.1415910589928, 48.694646744018712 ], [ 6.144303819224196, 48.694740833943037 ], [ 6.144442771844175, 48.692944522856912 ], [ 6.141730108917909, 48.692850436837325 ] ] ] } },
{ "type": "Feature", "properties": { "population": 138.5, "couverture_min": 5 }, "geometry": { "type": "Polygon", "coordinates": [ [ [ 6.144442771844175, 48.692944522856912 ], [ 6.144303819224196, 48.694740833943037 ], [ 6.147016588792084, 48.694834857757492 ], [ 6.14715544410563, 48.693038542769337 ], [ 6.144442771844175, 48.692944522856912 ] ] ] } },
{ "type": "Feature", "properties": { "population": 134.5, "couverture_min": 5 }, "geometry": { "type": "Polygon", "coordinates": [ [ [ 6.14715544410563, 48.693038542769337 ], [ 6.147016588792084, 48.694834857757492 ], [ 6.14972936768997, 48.694928815461708 ], [ 6.149868125695788, 48.693132496574258 ], [ 6.14715544410563, 48.693038542769337 ] ] ] } },
{ "type": "Feature", "properties": { "population": 35.0, "couverture_min": 5 }, "geometry": { "type": "Polygon", "coordinates": [ [ [ 6.149868125695788, 48.693132496574258 ], [ 6.14972936768997, 48.694928815461708 ], [ 6.152442155911361, 48.695022707055294 ], [ 6.152580816608148, 48.693226384271291 ], [ 6.149868125695788, 48.693132496574258 ] ] ] } },
{ "type": "Feature", "properties": { "population": 173.0, "couverture_min": 5 }, "geometry": { "type": "Polygon", "coordinates": [ [ [ 6.1415910589928, 48.694646744018712 ], [ 6.141451996394204, 48.696443049636663 ], [ 6.144164853939548, 48.696537143466088 ], [ 6.144303819224196, 48.694740833943037 ], [ 6.1415910589928, 48.694646744018712 ] ] ] } },
{ "type": "Feature", "properties": { "population": 155.5, "couverture_min": 5 }, "geometry": { "type": "Polygon", "coordinates": [ [ [ 6.144303819224196, 48.694740833943037 ], [ 6.144164853939548, 48.696537143466088 ], [ 6.146877720822682, 48.696631171182915 ], [ 6.147016588792084, 48.694834857757492 ], [ 6.144303819224196, 48.694740833943037 ] ] ] } },
{ "type": "Feature", "properties": { "population": 202.5, "couverture_min": 5 }, "geometry": { "type": "Polygon", "coordinates": [ [ [ 6.147016588792084, 48.694834857757492 ], [ 6.146877720822682, 48.696631171182915 ], [ 6.149590597037116, 48.696725132786803 ], [ 6.14972936768997, 48.694928815461708 ], [ 6.147016588792084, 48.694834857757492 ] ] ] } },
{ "type": "Feature", "properties": { "population": 132.5, "couverture_min": 5 }, "geometry": { "type": "Polygon", "coordinates": [ [ [ 6.14972936768997, 48.694928815461708 ], [ 6.149590597037116, 48.696725132786803 ], [ 6.152303482576349, 48.696819028277332 ], [ 6.152442155911361, 48.695022707055294 ], [ 6.14972936768997, 48.694928815461708 ] ] ] } },
{ "type": "Feature", "properties": { "population": 5.0, "couverture_min": 5 }, "geometry": { "type": "Polygon", "coordinates": [ [ [ 6.141451996394204, 48.696443049636663 ], [ 6.141312921120468, 48.698239353691541 ], [ 6.14402587598858, 48.698333451426471 ], [ 6.144164853939548, 48.696537143466088 ], [ 6.141451996394204, 48.696443049636663 ] ] ] } },
{ "type": "Feature", "properties": { "population": 127.0, "couverture_min": 5 }, "geometry": { "type": "Polygon", "coordinates": [ [ [ 6.144164853939548, 48.696537143466088 ], [ 6.14402587598858, 48.698333451426471 ], [ 6.146738840195781, 48.698427483046054 ], [ 6.146877720822682, 48.696631171182915 ], [ 6.144164853939548, 48.696537143466088 ] ] ] } },
{ "type": "Feature", "properties": { "population": 155.5, "couverture_min": 5 }, "geometry": { "type": "Polygon", "coordinates": [ [ [ 6.146877720822682, 48.696631171182915 ], [ 6.146738840195781, 48.698427483046054 ], [ 6.149451813735578, 48.698521448549933 ], [ 6.149590597037116, 48.696725132786803 ], [ 6.146877720822682, 48.696631171182915 ] ] ] } },
{ "type": "Feature", "properties": { "population": 223.0, "couverture_min": 5 }, "geometry": { "type": "Polygon", "coordinates": [ [ [ 6.149590597037116, 48.696725132786803 ], [ 6.149451813735578, 48.698521448549933 ], [ 6.152164796601475, 48.698615347937768 ], [ 6.152303482576349, 48.696819028277332 ], [ 6.149590597037116, 48.696725132786803 ] ] ] } },
{ "type": "Feature", "properties": { "population": 7.0, "couverture_min": 5 }, "geometry": { "type": "Polygon", "coordinates": [ [ [ 6.141312921120468, 48.698239353691541 ], [ 6.14117383316995, 48.7000356561838 ], [ 6.143886885369645, 48.700129757824563 ], [ 6.14402587598858, 48.698333451426471 ], [ 6.141312921120468, 48.698239353691541 ] ] ] } },
{ "type": "Feature", "properties": { "population": 236.0, "couverture_min": 5 }, "geometry": { "type": "Polygon", "coordinates": [ [ [ 6.146738840195781, 48.698427483046054 ], [ 6.14659994690973, 48.70022379334727 ], [ 6.149313017783713, 48.700317762751553 ], [ 6.149451813735578, 48.698521448549933 ], [ 6.146738840195781, 48.698427483046054 ] ] ] } },
{ "type": "Feature", "properties": { "population": 410.5, "couverture_min": 5 }, "geometry": { "type": "Polygon", "coordinates": [ [ [ 6.149451813735578, 48.698521448549933 ], [ 6.149313017783713, 48.700317762751553 ], [ 6.152026097985092, 48.700411666037049 ], [ 6.152164796601475, 48.698615347937768 ], [ 6.149451813735578, 48.698521448549933 ] ] ] } },
{ "type": "Feature", "properties": { "population": 120.0, "couverture_min": 5 }, "geometry": { "type": "Polygon", "coordinates": [ [ [ 6.14117383316995, 48.7000356561838 ], [ 6.141034732540999, 48.701831957113846 ], [ 6.143747882081098, 48.701926062660817 ], [ 6.143886885369645, 48.700129757824563 ], [ 6.14117383316995, 48.7000356561838 ] ] ] } },
{ "type": "Feature", "properties": { "population": 4.0, "couverture_min": 5 }, "geometry": { "type": "Polygon", "coordinates": [ [ [ 6.143886885369645, 48.700129757824563 ], [ 6.143747882081098, 48.701926062660817 ], [ 6.146461040962889, 48.702020102087033 ], [ 6.14659994690973, 48.70022379334727 ], [ 6.143886885369645, 48.700129757824563 ] ] ] } },
{ "type": "Feature", "properties": { "population": 453.0, "couverture_min": 5 }, "geometry": { "type": "Polygon", "coordinates": [ [ [ 6.14659994690973, 48.70022379334727 ], [ 6.146461040962889, 48.702020102087033 ], [ 6.149174209179873, 48.702114075392075 ], [ 6.149313017783713, 48.700317762751553 ], [ 6.14659994690973, 48.70022379334727 ] ] ] } },
{ "type": "Feature", "properties": { "population": 521.0, "couverture_min": 5 }, "geometry": { "type": "Polygon", "coordinates": [ [ [ 6.149313017783713, 48.700317762751553 ], [ 6.149174209179873, 48.702114075392075 ], [ 6.151887386725552, 48.70220798257558 ], [ 6.152026097985092, 48.700411666037049 ], [ 6.149313017783713, 48.700317762751553 ] ] ] } },
{ "type": "Feature", "properties": { "population": 13.0, "couverture_min": 5 }, "geometry": { "type": "Polygon", "coordinates": [ [ [ 6.141034732540999, 48.701831957113846 ], [ 6.140895619231963, 48.703628256482119 ], [ 6.143608866121289, 48.703722365935668 ], [ 6.143747882081098, 48.701926062660817 ], [ 6.141034732540999, 48.701831957113846 ] ] ] } },
{ "type": "Feature", "properties": { "population": 122.0, "couverture_min": 5 }, "geometry": { "type": "Polygon", "coordinates": [ [ [ 6.143747882081098, 48.701926062660817 ], [ 6.143608866121289, 48.703722365935668 ], [ 6.146322122353602, 48.703816409265713 ], [ 6.146461040962889, 48.702020102087033 ], [ 6.143747882081098, 48.701926062660817 ] ] ] } },
{ "type": "Feature", "properties": { "population": 126.0, "couverture_min": 5 }, "geometry": { "type": "Polygon", "coordinates": [ [ [ 6.146461040962889, 48.702020102087033 ], [ 6.146322122353602, 48.703816409265713 ], [ 6.149035387922411, 48.703910386471875 ], [ 6.149174209179873, 48.702114075392075 ], [ 6.146461040962889, 48.702020102087033 ] ] ] } },
{ "type": "Feature", "properties": { "population": 202.0, "couverture_min": 5 }, "geometry": { "type": "Polygon", "coordinates": [ [ [ 6.149174209179873, 48.702114075392075 ], [ 6.149035387922411, 48.703910386471875 ], [ 6.151748662821216, 48.704004297553794 ], [ 6.151887386725552, 48.70220798257558 ], [ 6.149174209179873, 48.702114075392075 ] ] ] } },
{ "type": "Feature", "properties": { "population": 93.0, "couverture_min": 5 }, "geometry": { "type": "Polygon", "coordinates": [ [ [ 6.143608866121289, 48.703722365935668 ], [ 6.143469837488569, 48.705518667649478 ], [ 6.146183191080232, 48.705612714883763 ], [ 6.146322122353602, 48.703816409265713 ], [ 6.143608866121289, 48.703722365935668 ] ] ] } },
{ "type": "Feature", "properties": { "population": 224.0, "couverture_min": 5 }, "geometry": { "type": "Polygon", "coordinates": [ [ [ 6.146183191080232, 48.705612714883763 ], [ 6.146044247141122, 48.707409018941568 ], [ 6.148757707440048, 48.707503003951118 ], [ 6.148896554009686, 48.705706695991424 ], [ 6.146183191080232, 48.705612714883763 ] ] ] } },
{ "type": "Feature", "properties": { "population": 10.0, "couverture_min": 5 }, "geometry": { "type": "Polygon", "coordinates": [ [ [ 6.151054853569961, 48.71298584905454 ], [ 6.150916053762272, 48.714782154679511 ], [ 6.153629922296414, 48.714876023018569 ], [ 6.153768624696727, 48.713079713495716 ], [ 6.151054853569961, 48.71298584905454 ] ] ] } },
{ "type": "Feature", "properties": { "population": 162.0, "couverture_min": 5 }, "geometry": { "type": "Polygon", "coordinates": [ [ [ 6.17156991347092, 48.693881747098999 ], [ 6.171431933973585, 48.695678097082656 ], [ 6.174144796549167, 48.695771459778207 ], [ 6.174282678727124, 48.693975105919783 ], [ 6.17156991347092, 48.693881747098999 ] ] ] } },
{ "type": "Feature", "properties": { "population": 104.5, "couverture_min": 5 }, "geometry": { "type": "Polygon", "coordinates": [ [ [ 6.174282678727124, 48.693975105919783 ], [ 6.174144796549167, 48.695771459778207 ], [ 6.176857668389791, 48.695864756359853 ], [ 6.176995453247085, 48.694068398629412 ], [ 6.174282678727124, 48.693975105919783 ] ] ] } },
{ "type": "Feature", "properties": { "population": 563.0, "couverture_min": 5 }, "geometry": { "type": "Polygon", "coordinates": [ [ [ 6.176995453247085, 48.694068398629412 ], [ 6.176857668389791, 48.695864756359853 ], [ 6.179570549488964, 48.69595798682726 ], [ 6.179708237024302, 48.694161625227487 ], [ 6.176995453247085, 48.694068398629412 ] ] ] } },
{ "type": "Feature", "properties": { "population": 380.0, "couverture_min": 5 }, "geometry": { "type": "Polygon", "coordinates": [ [ [ 6.179708237024302, 48.694161625227487 ], [ 6.179570549488964, 48.69595798682726 ], [ 6.182283439840183, 48.696051151180029 ], [ 6.18242103005228, 48.69425478571371 ], [ 6.179708237024302, 48.694161625227487 ] ] ] } },
{ "type": "Feature", "properties": { "population": 156.0, "couverture_min": 5 }, "geometry": { "type": "Polygon", "coordinates": [ [ [ 6.171431933973585, 48.695678097082656 ], [ 6.171293941899751, 48.697474445506884 ], [ 6.174006901803528, 48.697567812077565 ], [ 6.174144796549167, 48.695771459778207 ], [ 6.171431933973585, 48.695678097082656 ] ] ] } },
{ "type": "Feature", "properties": { "population": 83.0, "couverture_min": 5 }, "geometry": { "type": "Polygon", "coordinates": [ [ [ 6.174144796549167, 48.695771459778207 ], [ 6.174006901803528, 48.697567812077565 ], [ 6.176719870973638, 48.697661112531634 ], [ 6.176857668389791, 48.695864756359853 ], [ 6.174144796549167, 48.695771459778207 ] ] ] } },
{ "type": "Feature", "properties": { "population": 420.5, "couverture_min": 5 }, "geometry": { "type": "Polygon", "coordinates": [ [ [ 6.176857668389791, 48.695864756359853 ], [ 6.176719870973638, 48.697661112531634 ], [ 6.179432849403583, 48.697754346868699 ], [ 6.179570549488964, 48.69595798682726 ], [ 6.176857668389791, 48.695864756359853 ] ] ] } },
{ "type": "Feature", "properties": { "population": 111.0, "couverture_min": 5 }, "geometry": { "type": "Polygon", "coordinates": [ [ [ 6.179570549488964, 48.69595798682726 ], [ 6.179432849403583, 48.697754346868699 ], [ 6.182145837086865, 48.697847515088419 ], [ 6.182283439840183, 48.696051151180029 ], [ 6.179570549488964, 48.69595798682726 ] ] ] } },
{ "type": "Feature", "properties": { "population": 258.5, "couverture_min": 5 }, "geometry": { "type": "Polygon", "coordinates": [ [ [ 6.171293941899751, 48.697474445506884 ], [ 6.171155937247783, 48.699270792372097 ], [ 6.173868994488577, 48.699364162818256 ], [ 6.174006901803528, 48.697567812077565 ], [ 6.171293941899751, 48.697474445506884 ] ] ] } },
{ "type": "Feature", "properties": { "population": 352.5, "couverture_min": 5 }, "geometry": { "type": "Polygon", "coordinates": [ [ [ 6.174006901803528, 48.697567812077565 ], [ 6.173868994488577, 48.699364162818256 ], [ 6.176582060996991, 48.699457467145095 ], [ 6.176719870973638, 48.697661112531634 ], [ 6.174006901803528, 48.697567812077565 ] ] ] } },
{ "type": "Feature", "properties": { "population": 329.0, "couverture_min": 5 }, "geometry": { "type": "Polygon", "coordinates": [ [ [ 6.176719870973638, 48.697661112531634 ], [ 6.176582060996991, 48.699457467145095 ], [ 6.179295136766529, 48.699550705352202 ], [ 6.179432849403583, 48.697754346868699 ], [ 6.176719870973638, 48.697661112531634 ] ] ] } },
{ "type": "Feature", "properties": { "population": 49.0, "couverture_min": 5 }, "geometry": { "type": "Polygon", "coordinates": [ [ [ 6.179432849403583, 48.697754346868699 ], [ 6.179295136766529, 48.699550705352202 ], [ 6.182008221790693, 48.699643877439236 ], [ 6.182145837086865, 48.697847515088419 ], [ 6.179432849403583, 48.697754346868699 ] ] ] } },
{ "type": "Feature", "properties": { "population": 337.0, "couverture_min": 5 }, "geometry": { "type": "Polygon", "coordinates": [ [ [ 6.171155937247783, 48.699270792372097 ], [ 6.171017920016047, 48.701067137678713 ], [ 6.173731074602676, 48.701160512000733 ], [ 6.173868994488577, 48.699364162818256 ], [ 6.171155937247783, 48.699270792372097 ] ] ] } },
{ "type": "Feature", "properties": { "population": 386.5, "couverture_min": 5 }, "geometry": { "type": "Polygon", "coordinates": [ [ [ 6.173868994488577, 48.699364162818256 ], [ 6.173731074602676, 48.701160512000733 ], [ 6.176444238458216, 48.701253820200684 ], [ 6.176582060996991, 48.699457467145095 ], [ 6.173868994488577, 48.699364162818256 ] ] ] } },
{ "type": "Feature", "properties": { "population": 252.5, "couverture_min": 5 }, "geometry": { "type": "Polygon", "coordinates": [ [ [ 6.176582060996991, 48.699457467145095 ], [ 6.176444238458216, 48.701253820200684 ], [ 6.17915741157617, 48.701347062278188 ], [ 6.179295136766529, 48.699550705352202 ], [ 6.176582060996991, 48.699457467145095 ] ] ] } },
{ "type": "Feature", "properties": { "population": 527.5, "couverture_min": 5 }, "geometry": { "type": "Polygon", "coordinates": [ [ [ 6.179295136766529, 48.699550705352202 ], [ 6.17915741157617, 48.701347062278188 ], [ 6.181870593950035, 48.701440238232898 ], [ 6.182008221790693, 48.699643877439236 ], [ 6.179295136766529, 48.699550705352202 ] ] ] } },
{ "type": "Feature", "properties": { "population": 243.5, "couverture_min": 5 }, "geometry": { "type": "Polygon", "coordinates": [ [ [ 6.171017920016047, 48.701067137678713 ], [ 6.170879890202905, 48.702863481427158 ], [ 6.173593142144191, 48.702956859625374 ], [ 6.173731074602676, 48.701160512000733 ], [ 6.171017920016047, 48.701067137678713 ] ] ] } },
{ "type": "Feature", "properties": { "population": 354.0, "couverture_min": 5 }, "geometry": { "type": "Polygon", "coordinates": [ [ [ 6.173731074602676, 48.701160512000733 ], [ 6.173593142144191, 48.702956859625374 ], [ 6.17630640335568, 48.703050171698841 ], [ 6.176444238458216, 48.701253820200684 ], [ 6.173731074602676, 48.701160512000733 ] ] ] } },
{ "type": "Feature", "properties": { "population": 431.5, "couverture_min": 5 }, "geometry": { "type": "Polygon", "coordinates": [ [ [ 6.176444238458216, 48.701253820200684 ], [ 6.17630640335568, 48.703050171698841 ], [ 6.179019673830869, 48.703143417647091 ], [ 6.17915741157617, 48.701347062278188 ], [ 6.176444238458216, 48.701253820200684 ] ] ] } },
{ "type": "Feature", "properties": { "population": 475.0, "couverture_min": 5 }, "geometry": { "type": "Polygon", "coordinates": [ [ [ 6.17915741157617, 48.701347062278188 ], [ 6.179019673830869, 48.703143417647091 ], [ 6.181732953563262, 48.703236597469861 ], [ 6.181870593950035, 48.701440238232898 ], [ 6.17915741157617, 48.701347062278188 ] ] ] } },
{ "type": "Feature", "properties": { "population": 70.0, "couverture_min": 5 }, "geometry": { "type": "Polygon", "coordinates": [ [ [ 6.181870593950035, 48.701440238232898 ], [ 6.181732953563262, 48.703236597469861 ], [ 6.184446242546356, 48.703329711166703 ], [ 6.184583785573317, 48.701533348064466 ], [ 6.181870593950035, 48.701440238232898 ] ] ] } },
{ "type": "Feature", "properties": { "population": 3.0, "couverture_min": 5 }, "geometry": { "type": "Polygon", "coordinates": [ [ [ 6.209686072152364, 48.693386348804495 ], [ 6.20954946769471, 48.695182754341495 ], [ 6.212262362052285, 48.695275187572896 ], [ 6.21239886918141, 48.693478778199662 ], [ 6.209686072152364, 48.693386348804495 ] ] ] } },
{ "type": "Feature", "properties": { "population": 96.0, "couverture_min": 5 }, "geometry": { "type": "Polygon", "coordinates": [ [ [ 6.21239886918141, 48.693478778199662 ], [ 6.212262362052285, 48.695275187572896 ], [ 6.214975265582657, 48.695367554688076 ], [ 6.215111675381978, 48.693571141481328 ], [ 6.21239886918141, 48.693478778199662 ] ] ] } },
{ "type": "Feature", "properties": { "population": 118.5, "couverture_min": 5 }, "geometry": { "type": "Polygon", "coordinates": [ [ [ 6.206836582516432, 48.695090254994206 ], [ 6.206699868271312, 48.696886655137121 ], [ 6.209412850785663, 48.696979158323714 ], [ 6.20954946769471, 48.695182754341495 ], [ 6.206836582516432, 48.695090254994206 ] ] ] } },
{ "type": "Feature", "properties": { "population": 10.0, "couverture_min": 5 }, "geometry": { "type": "Polygon", "coordinates": [ [ [ 6.20954946769471, 48.695182754341495 ], [ 6.209412850785663, 48.696979158323714 ], [ 6.212125842480584, 48.697071595391733 ], [ 6.212262362052285, 48.695275187572896 ], [ 6.20954946769471, 48.695182754341495 ] ] ] } },
{ "type": "Feature", "properties": { "population": 1.0, "couverture_min": 5 }, "geometry": { "type": "Polygon", "coordinates": [ [ [ 6.212262362052285, 48.695275187572896 ], [ 6.212125842480584, 48.697071595391733 ], [ 6.214838843349582, 48.69716396634076 ], [ 6.214975265582657, 48.695367554688076 ], [ 6.212262362052285, 48.695275187572896 ] ] ] } },
{ "type": "Feature", "properties": { "population": 35.5, "couverture_min": 5 }, "geometry": { "type": "Polygon", "coordinates": [ [ [ 6.214975265582657, 48.695367554688076 ], [ 6.214838843349582, 48.69716396634076 ], [ 6.217551853386153, 48.697256271170446 ], [ 6.217688178279326, 48.695459855686607 ], [ 6.214975265582657, 48.695367554688076 ] ] ] } },
{ "type": "Feature", "properties": { "population": 332.0, "couverture_min": 10 }, "geometry": { "type": "Polygon", "coordinates": [ [ [ 6.209412850785663, 48.696979158323714 ], [ 6.209276221423598, 48.698775560751606 ], [ 6.21198931046469, 48.698868001656535 ], [ 6.212125842480584, 48.697071595391733 ], [ 6.209412850785663, 48.696979158323714 ] ] ] } },
{ "type": "Feature", "properties": { "population": 23.0, "couverture_min": 5 }, "geometry": { "type": "Polygon", "coordinates": [ [ [ 6.212125842480584, 48.697071595391733 ], [ 6.21198931046469, 48.698868001656535 ], [ 6.214702408681132, 48.698960376439807 ], [ 6.214838843349582, 48.69716396634076 ], [ 6.212125842480584, 48.697071595391733 ] ] ] } },
{ "type": "Feature", "properties": { "population": 76.5, "couverture_min": 5 }, "geometry": { "type": "Polygon", "coordinates": [ [ [ 6.214838843349582, 48.69716396634076 ], [ 6.214702408681132, 48.698960376439807 ], [ 6.217415516066427, 48.699052685101009 ], [ 6.217551853386153, 48.697256271170446 ], [ 6.214838843349582, 48.69716396634076 ] ] ] } },
{ "type": "Feature", "properties": { "population": 188.5, "couverture_min": 5 }, "geometry": { "type": "Polygon", "coordinates": [ [ [ 6.2202648725838, 48.69734850988047 ], [ 6.220128632614074, 48.6991449276398 ], [ 6.22284175831757, 48.699237104055818 ], [ 6.222977900936022, 48.69744068247045 ], [ 6.2202648725838, 48.69734850988047 ] ] ] } },
{ "type": "Feature", "properties": { "population": 447.0, "couverture_min": 5 }, "geometry": { "type": "Polygon", "coordinates": [ [ [ 6.209276221423598, 48.698775560751606 ], [ 6.209139579606896, 48.700571961625535 ], [ 6.211852766002979, 48.700664406367785 ], [ 6.21198931046469, 48.698868001656535 ], [ 6.209276221423598, 48.698775560751606 ] ] ] } },
{ "type": "Feature", "properties": { "population": 491.0, "couverture_min": 5 }, "geometry": { "type": "Polygon", "coordinates": [ [ [ 6.21198931046469, 48.698868001656535 ], [ 6.211852766002979, 48.700664406367785 ], [ 6.214565961575695, 48.700756784985643 ], [ 6.214702408681132, 48.698960376439807 ], [ 6.21198931046469, 48.698868001656535 ] ] ] } },
{ "type": "Feature", "properties": { "population": 183.0, "couverture_min": 5 }, "geometry": { "type": "Polygon", "coordinates": [ [ [ 6.214702408681132, 48.698960376439807 ], [ 6.214565961575695, 48.700756784985643 ], [ 6.217279166318535, 48.700849097478709 ], [ 6.217415516066427, 48.699052685101009 ], [ 6.214702408681132, 48.698960376439807 ] ] ] } },
{ "type": "Feature", "properties": { "population": 141.5, "couverture_min": 5 }, "geometry": { "type": "Polygon", "coordinates": [ [ [ 6.217415516066427, 48.699052685101009 ], [ 6.217279166318535, 48.700849097478709 ], [ 6.219992380225002, 48.700941343846637 ], [ 6.220128632614074, 48.6991449276398 ], [ 6.217415516066427, 48.699052685101009 ] ] ] } },
{ "type": "Feature", "properties": { "population": 30.5, "couverture_min": 5 }, "geometry": { "type": "Polygon", "coordinates": [ [ [ 6.220128632614074, 48.6991449276398 ], [ 6.219992380225002, 48.700941343846637 ], [ 6.222705603288597, 48.701033524089048 ], [ 6.22284175831757, 48.699237104055818 ], [ 6.220128632614074, 48.6991449276398 ] ] ] } },
{ "type": "Feature", "properties": { "population": 104.5, "couverture_min": 5 }, "geometry": { "type": "Polygon", "coordinates": [ [ [ 6.209139579606896, 48.700571961625535 ], [ 6.209002925333937, 48.702368360945968 ], [ 6.211716209093839, 48.702460809525903 ], [ 6.211852766002979, 48.700664406367785 ], [ 6.209139579606896, 48.700571961625535 ] ] ] } },
{ "type": "Feature", "properties": { "population": 177.0, "couverture_min": 5 }, "geometry": { "type": "Polygon", "coordinates": [ [ [ 6.211852766002979, 48.700664406367785 ], [ 6.211716209093839, 48.702460809525903 ], [ 6.214429502031646, 48.70255319197868 ], [ 6.214565961575695, 48.700756784985643 ], [ 6.211852766002979, 48.700664406367785 ] ] ] } },
{ "type": "Feature", "properties": { "population": 271.5, "couverture_min": 5 }, "geometry": { "type": "Polygon", "coordinates": [ [ [ 6.214565961575695, 48.700756784985643 ], [ 6.214429502031646, 48.70255319197868 ], [ 6.217142804140858, 48.702645508303974 ], [ 6.217279166318535, 48.700849097478709 ], [ 6.214565961575695, 48.700756784985643 ] ] ] } },
{ "type": "Feature", "properties": { "population": 103.0, "couverture_min": 5 }, "geometry": { "type": "Polygon", "coordinates": [ [ [ 6.217279166318535, 48.700849097478709 ], [ 6.217142804140858, 48.702645508303974 ], [ 6.219856115414974, 48.702737758501378 ], [ 6.219992380225002, 48.700941343846637 ], [ 6.217279166318535, 48.700849097478709 ] ] ] } },
{ "type": "Feature", "properties": { "population": 412.5, "couverture_min": 5 }, "geometry": { "type": "Polygon", "coordinates": [ [ [ 6.209002925333937, 48.702368360945968 ], [ 6.208866258603103, 48.704164758713262 ], [ 6.211579639735644, 48.70425721113125 ], [ 6.211716209093839, 48.702460809525903 ], [ 6.209002925333937, 48.702368360945968 ] ] ] } },
{ "type": "Feature", "properties": { "population": 289.5, "couverture_min": 5 }, "geometry": { "type": "Polygon", "coordinates": [ [ [ 6.211716209093839, 48.702460809525903 ], [ 6.211579639735644, 48.70425721113125 ], [ 6.214293030047371, 48.704349597419359 ], [ 6.214429502031646, 48.70255319197868 ], [ 6.211716209093839, 48.702460809525903 ] ] ] } },
{ "type": "Feature", "properties": { "population": 160.0, "couverture_min": 5 }, "geometry": { "type": "Polygon", "coordinates": [ [ [ 6.214429502031646, 48.70255319197868 ], [ 6.214293030047371, 48.704349597419359 ], [ 6.21700642953178, 48.704441917577213 ], [ 6.217142804140858, 48.702645508303974 ], [ 6.214429502031646, 48.70255319197868 ] ] ] } },
{ "type": "Feature", "properties": { "population": 175.0, "couverture_min": 5 }, "geometry": { "type": "Polygon", "coordinates": [ [ [ 6.217142804140858, 48.702645508303974 ], [ 6.21700642953178, 48.704441917577213 ], [ 6.219719838182366, 48.704534171604479 ], [ 6.219856115414974, 48.702737758501378 ], [ 6.217142804140858, 48.702645508303974 ] ] ] } },
{ "type": "Feature", "properties": { "population": 293.0, "couverture_min": 5 }, "geometry": { "type": "Polygon", "coordinates": [ [ [ 6.219856115414974, 48.702737758501378 ], [ 6.219719838182366, 48.704534171604479 ], [ 6.222433255992629, 48.704626359500807 ], [ 6.222569435847488, 48.702829942570581 ], [ 6.219856115414974, 48.702737758501378 ] ] ] } },
{ "type": "Feature", "properties": { "population": 92.0, "couverture_min": 5 }, "geometry": { "type": "Polygon", "coordinates": [ [ [ 6.195573785503422, 48.700108746060536 ], [ 6.195436644430576, 48.701905126151665 ], [ 6.198149882203428, 48.701997905361942 ], [ 6.198286925918857, 48.700201521419487 ], [ 6.195573785503422, 48.700108746060536 ] ] ] } },
{ "type": "Feature", "properties": { "population": 121.5, "couverture_min": 5 }, "geometry": { "type": "Polygon", "coordinates": [ [ [ 6.198286925918857, 48.700201521419487 ], [ 6.198149882203428, 48.701997905361942 ], [ 6.200863129186689, 48.702090618446874 ], [ 6.201000075543422, 48.700294230655821 ], [ 6.198286925918857, 48.700201521419487 ] ] ] } },
{ "type": "Feature", "properties": { "population": 315.0, "couverture_min": 5 }, "geometry": { "type": "Polygon", "coordinates": [ [ [ 6.201000075543422, 48.700294230655821 ], [ 6.200863129186689, 48.702090618446874 ], [ 6.203576385373863, 48.702183265406077 ], [ 6.203713234370616, 48.700386873769183 ], [ 6.201000075543422, 48.700294230655821 ] ] ] } },
{ "type": "Feature", "properties": { "population": 520.5, "couverture_min": 5 }, "geometry": { "type": "Polygon", "coordinates": [ [ [ 6.203713234370616, 48.700386873769183 ], [ 6.203576385373863, 48.702183265406077 ], [ 6.206289650758445, 48.702275846239253 ], [ 6.206426402393942, 48.70047945075919 ], [ 6.203713234370616, 48.700386873769183 ] ] ] } },
{ "type": "Feature", "properties": { "population": 265.5, "couverture_min": 5 }, "geometry": { "type": "Polygon", "coordinates": [ [ [ 6.206426402393942, 48.70047945075919 ], [ 6.206289650758445, 48.702275846239253 ], [ 6.209002925333937, 48.702368360945968 ], [ 6.209139579606896, 48.700571961625535 ], [ 6.206426402393942, 48.70047945075919 ] ] ] } },
{ "type": "Feature", "properties": { "population": 110.0, "couverture_min": 5 }, "geometry": { "type": "Polygon", "coordinates": [ [ [ 6.192723415874643, 48.701812280816441 ], [ 6.192586164934842, 48.70360865549825 ], [ 6.195299490855734, 48.703701504687906 ], [ 6.195436644430576, 48.701905126151665 ], [ 6.192723415874643, 48.701812280816441 ] ] ] } },
{ "type": "Feature", "properties": { "population": 286.0, "couverture_min": 5 }, "geometry": { "type": "Polygon", "coordinates": [ [ [ 6.195436644430576, 48.701905126151665 ], [ 6.195299490855734, 48.703701504687906 ], [ 6.198012825994821, 48.703794287749837 ], [ 6.198149882203428, 48.701997905361942 ], [ 6.195436644430576, 48.701905126151665 ] ] ] } },
{ "type": "Feature", "properties": { "population": 196.5, "couverture_min": 5 }, "geometry": { "type": "Polygon", "coordinates": [ [ [ 6.198149882203428, 48.701997905361942 ], [ 6.198012825994821, 48.703794287749837 ], [ 6.200726170345606, 48.703887004683708 ], [ 6.200863129186689, 48.702090618446874 ], [ 6.198149882203428, 48.701997905361942 ] ] ] } },
{ "type": "Feature", "properties": { "population": 212.0, "couverture_min": 5 }, "geometry": { "type": "Polygon", "coordinates": [ [ [ 6.200863129186689, 48.702090618446874 ], [ 6.200726170345606, 48.703887004683708 ], [ 6.20343952390158, 48.703979655489135 ], [ 6.203576385373863, 48.702183265406077 ], [ 6.200863129186689, 48.702090618446874 ] ] ] } },
{ "type": "Feature", "properties": { "population": 269.0, "couverture_min": 5 }, "geometry": { "type": "Polygon", "coordinates": [ [ [ 6.203576385373863, 48.702183265406077 ], [ 6.20343952390158, 48.703979655489135 ], [ 6.206152886656247, 48.704072240165786 ], [ 6.206289650758445, 48.702275846239253 ], [ 6.203576385373863, 48.702183265406077 ] ] ] } },
{ "type": "Feature", "properties": { "population": 272.0, "couverture_min": 5 }, "geometry": { "type": "Polygon", "coordinates": [ [ [ 6.206289650758445, 48.702275846239253 ], [ 6.206152886656247, 48.704072240165786 ], [ 6.208866258603103, 48.704164758713262 ], [ 6.209002925333937, 48.702368360945968 ], [ 6.206289650758445, 48.702275846239253 ] ] ] } },
{ "type": "Feature", "properties": { "population": 333.5, "couverture_min": 5 }, "geometry": { "type": "Polygon", "coordinates": [ [ [ 6.192586164934842, 48.70360865549825 ], [ 6.192448901482589, 48.705405028625222 ], [ 6.195162324777263, 48.705497881669629 ], [ 6.195299490855734, 48.703701504687906 ], [ 6.192586164934842, 48.70360865549825 ] ] ] } },
{ "type": "Feature", "properties": { "population": 138.5, "couverture_min": 5 }, "geometry": { "type": "Polygon", "coordinates": [ [ [ 6.195299490855734, 48.703701504687906 ], [ 6.195162324777263, 48.705497881669629 ], [ 6.197875757291413, 48.705590668583604 ], [ 6.198012825994821, 48.703794287749837 ], [ 6.195299490855734, 48.703701504687906 ] ] ] } },
{ "type": "Feature", "properties": { "population": 187.5, "couverture_min": 5 }, "geometry": { "type": "Polygon", "coordinates": [ [ [ 6.198012825994821, 48.703794287749837 ], [ 6.197875757291413, 48.705590668583604 ], [ 6.200589199018543, 48.705683389366783 ], [ 6.200726170345606, 48.703887004683708 ], [ 6.198012825994821, 48.703794287749837 ] ] ] } },
{ "type": "Feature", "properties": { "population": 173.5, "couverture_min": 5 }, "geometry": { "type": "Polygon", "coordinates": [ [ [ 6.200726170345606, 48.703887004683708 ], [ 6.200589199018543, 48.705683389366783 ], [ 6.203302649952147, 48.705776044018798 ], [ 6.20343952390158, 48.703979655489135 ], [ 6.200726170345606, 48.703887004683708 ] ] ] } },
{ "type": "Feature", "properties": { "population": 100.5, "couverture_min": 5 }, "geometry": { "type": "Polygon", "coordinates": [ [ [ 6.20343952390158, 48.703979655489135 ], [ 6.203302649952147, 48.705776044018798 ], [ 6.206016110085725, 48.7058686325393 ], [ 6.206152886656247, 48.704072240165786 ], [ 6.20343952390158, 48.703979655489135 ] ] ] } },
{ "type": "Feature", "properties": { "population": 52.0, "couverture_min": 5 }, "geometry": { "type": "Polygon", "coordinates": [ [ [ 6.206152886656247, 48.704072240165786 ], [ 6.206016110085725, 48.7058686325393 ], [ 6.208729579412767, 48.705961154927927 ], [ 6.208866258603103, 48.704164758713262 ], [ 6.206152886656247, 48.704072240165786 ] ] ] } },
{ "type": "Feature", "properties": { "population": 165.5, "couverture_min": 5 }, "geometry": { "type": "Polygon", "coordinates": [ [ [ 6.192448901482589, 48.705405028625222 ], [ 6.192311625516258, 48.707201400197761 ], [ 6.195025146193537, 48.707294257097296 ], [ 6.195162324777263, 48.705497881669629 ], [ 6.192448901482589, 48.705405028625222 ] ] ] } },
{ "type": "Feature", "properties": { "population": 102.0, "couverture_min": 5 }, "geometry": { "type": "Polygon", "coordinates": [ [ [ 6.195162324777263, 48.705497881669629 ], [ 6.195025146193537, 48.707294257097296 ], [ 6.197738676091581, 48.707387047863662 ], [ 6.197875757291413, 48.705590668583604 ], [ 6.195162324777263, 48.705497881669629 ] ] ] } },
{ "type": "Feature", "properties": { "population": 144.5, "couverture_min": 5 }, "geometry": { "type": "Polygon", "coordinates": [ [ [ 6.197875757291413, 48.705590668583604 ], [ 6.197738676091581, 48.707387047863662 ], [ 6.200452215203884, 48.707479772496512 ], [ 6.200589199018543, 48.705683389366783 ], [ 6.197875757291413, 48.705590668583604 ] ] ] } },
{ "type": "Feature", "properties": { "population": 185.0, "couverture_min": 5 }, "geometry": { "type": "Polygon", "coordinates": [ [ [ 6.200589199018543, 48.705683389366783 ], [ 6.200452215203884, 48.707479772496512 ], [ 6.203165763523944, 48.707572430995448 ], [ 6.203302649952147, 48.705776044018798 ], [ 6.200589199018543, 48.705683389366783 ] ] ] } },
{ "type": "Feature", "properties": { "population": 121.0, "couverture_min": 5 }, "geometry": { "type": "Polygon", "coordinates": [ [ [ 6.203302649952147, 48.705776044018798 ], [ 6.203165763523944, 48.707572430995448 ], [ 6.205879321045253, 48.707665023360178 ], [ 6.206016110085725, 48.7058686325393 ], [ 6.203302649952147, 48.705776044018798 ] ] ] } },
{ "type": "Feature", "properties": { "population": 286.5, "couverture_min": 5 }, "geometry": { "type": "Polygon", "coordinates": [ [ [ 6.206016110085725, 48.7058686325393 ], [ 6.205879321045253, 48.707665023360178 ], [ 6.208592887761315, 48.707757549590276 ], [ 6.208729579412767, 48.705961154927927 ], [ 6.206016110085725, 48.7058686325393 ] ] ] } },
{ "type": "Feature", "properties": { "population": 42.0, "couverture_min": 5 }, "geometry": { "type": "Polygon", "coordinates": [ [ [ 6.192311625516258, 48.707201400197761 ], [ 6.192174337034217, 48.708997770216243 ], [ 6.194887955102931, 48.709090630971289 ], [ 6.195025146193537, 48.707294257097296 ], [ 6.192311625516258, 48.707201400197761 ] ] ] } },
{ "type": "Feature", "properties": { "population": 63.0, "couverture_min": 5 }, "geometry": { "type": "Polygon", "coordinates": [ [ [ 6.195025146193537, 48.707294257097296 ], [ 6.194887955102931, 48.709090630971289 ], [ 6.197601582393691, 48.70918342559041 ], [ 6.197738676091581, 48.707387047863662 ], [ 6.195025146193537, 48.707294257097296 ] ] ] } },
{ "type": "Feature", "properties": { "population": 83.5, "couverture_min": 5 }, "geometry": { "type": "Polygon", "coordinates": [ [ [ 6.197738676091581, 48.707387047863662 ], [ 6.197601582393691, 48.70918342559041 ], [ 6.200315218899995, 48.709276154073287 ], [ 6.200452215203884, 48.707479772496512 ], [ 6.197738676091581, 48.707387047863662 ] ] ] } },
{ "type": "Feature", "properties": { "population": 278.5, "couverture_min": 5 }, "geometry": { "type": "Polygon", "coordinates": [ [ [ 6.200452215203884, 48.707479772496512 ], [ 6.200315218899995, 48.709276154073287 ], [ 6.203028864615337, 48.709368816419563 ], [ 6.203165763523944, 48.707572430995448 ], [ 6.200452215203884, 48.707479772496512 ] ] ] } },
{ "type": "Feature", "properties": { "population": 77.0, "couverture_min": 5 }, "geometry": { "type": "Polygon", "coordinates": [ [ [ 6.203165763523944, 48.707572430995448 ], [ 6.203028864615337, 48.709368816419563 ], [ 6.205742519533214, 48.709461412628848 ], [ 6.205879321045253, 48.707665023360178 ], [ 6.203165763523944, 48.707572430995448 ] ] ] } },
{ "type": "Feature", "properties": { "population": 49.5, "couverture_min": 5 }, "geometry": { "type": "Polygon", "coordinates": [ [ [ 6.205879321045253, 48.707665023360178 ], [ 6.205742519533214, 48.709461412628848 ], [ 6.208456183647119, 48.709553942700801 ], [ 6.208592887761315, 48.707757549590276 ], [ 6.205879321045253, 48.707665023360178 ] ] ] } },
{ "type": "Feature", "properties": { "population": 11.0, "couverture_min": 5 }, "geometry": { "type": "Polygon", "coordinates": [ [ [ 6.192174337034217, 48.708997770216243 ], [ 6.192037036034839, 48.710794138681138 ], [ 6.194750751503817, 48.710887003292008 ], [ 6.194887955102931, 48.709090630971289 ], [ 6.192174337034217, 48.708997770216243 ] ] ] } },
{ "type": "Feature", "properties": { "population": 37.0, "couverture_min": 5 }, "geometry": { "type": "Polygon", "coordinates": [ [ [ 6.194887955102931, 48.709090630971289 ], [ 6.194750751503817, 48.710887003292008 ], [ 6.197464476196123, 48.710979801764267 ], [ 6.197601582393691, 48.70918342559041 ], [ 6.194887955102931, 48.709090630971289 ] ] ] } },
{ "type": "Feature", "properties": { "population": 232.5, "couverture_min": 5 }, "geometry": { "type": "Polygon", "coordinates": [ [ [ 6.197601582393691, 48.70918342559041 ], [ 6.197464476196123, 48.710979801764267 ], [ 6.200178210105259, 48.711072534097561 ], [ 6.200315218899995, 48.709276154073287 ], [ 6.197601582393691, 48.70918342559041 ] ] ] } },
{ "type": "Feature", "properties": { "population": 39.0, "couverture_min": 5 }, "geometry": { "type": "Polygon", "coordinates": [ [ [ 6.200315218899995, 48.709276154073287 ], [ 6.200178210105259, 48.711072534097561 ], [ 6.202891953224713, 48.711165200291482 ], [ 6.203028864615337, 48.709368816419563 ], [ 6.200315218899995, 48.709276154073287 ] ] ] } },
{ "type": "Feature", "properties": { "population": 255.5, "couverture_min": 5 }, "geometry": { "type": "Polygon", "coordinates": [ [ [ 6.203028864615337, 48.709368816419563 ], [ 6.202891953224713, 48.711165200291482 ], [ 6.205605705547982, 48.711257800345706 ], [ 6.205742519533214, 48.709461412628848 ], [ 6.203028864615337, 48.709368816419563 ] ] ] } },
{ "type": "Feature", "properties": { "population": 284.0, "couverture_min": 5 }, "geometry": { "type": "Polygon", "coordinates": [ [ [ 6.205742519533214, 48.709461412628848 ], [ 6.205605705547982, 48.711257800345706 ], [ 6.208319467068561, 48.711350334259841 ], [ 6.208456183647119, 48.709553942700801 ], [ 6.205742519533214, 48.709461412628848 ] ] ] } },
{ "type": "Feature", "properties": { "population": 6.0, "couverture_min": 5 }, "geometry": { "type": "Polygon", "coordinates": [ [ [ 6.194750751503817, 48.710887003292008 ], [ 6.194613535394567, 48.712683374059942 ], [ 6.197327357497253, 48.712776176385681 ], [ 6.197464476196123, 48.710979801764267 ], [ 6.194750751503817, 48.710887003292008 ] ] ] } },
{ "type": "Feature", "properties": { "population": 9.0, "couverture_min": 5 }, "geometry": { "type": "Polygon", "coordinates": [ [ [ 6.197464476196123, 48.710979801764267 ], [ 6.197327357497253, 48.712776176385681 ], [ 6.200041188818044, 48.712868912569718 ], [ 6.200178210105259, 48.711072534097561 ], [ 6.197464476196123, 48.710979801764267 ] ] ] } },
{ "type": "Feature", "properties": { "population": 57.0, "couverture_min": 5 }, "geometry": { "type": "Polygon", "coordinates": [ [ [ 6.200178210105259, 48.711072534097561 ], [ 6.200041188818044, 48.712868912569718 ], [ 6.202755029350441, 48.712961582611676 ], [ 6.202891953224713, 48.711165200291482 ], [ 6.200178210105259, 48.711072534097561 ] ] ] } },
{ "type": "Feature", "properties": { "population": 102.0, "couverture_min": 5 }, "geometry": { "type": "Polygon", "coordinates": [ [ [ 6.202891953224713, 48.711165200291482 ], [ 6.202755029350441, 48.712961582611676 ], [ 6.205468879087936, 48.713054186511208 ], [ 6.205605705547982, 48.711257800345706 ], [ 6.202891953224713, 48.711165200291482 ] ] ] } },
{ "type": "Feature", "properties": { "population": 54.0, "couverture_min": 5 }, "geometry": { "type": "Polygon", "coordinates": [ [ [ 6.205605705547982, 48.711257800345706 ], [ 6.205468879087936, 48.713054186511208 ], [ 6.20818273802402, 48.713146724267929 ], [ 6.208319467068561, 48.711350334259841 ], [ 6.205605705547982, 48.711257800345706 ] ] ] } },
{ "type": "Feature", "properties": { "population": 15.0, "couverture_min": 10 }, "geometry": { "type": "Polygon", "coordinates": [ [ [ 6.200041188818044, 48.712868912569718 ], [ 6.199904155036727, 48.714665289490185 ], [ 6.202618092990898, 48.714757963380521 ], [ 6.202755029350441, 48.712961582611676 ], [ 6.200041188818044, 48.712868912569718 ] ] ] } },
{ "type": "Feature", "properties": { "population": 54.5, "couverture_min": 5 }, "geometry": { "type": "Polygon", "coordinates": [ [ [ 6.202755029350441, 48.712961582611676 ], [ 6.202618092990898, 48.714757963380521 ], [ 6.20533204015145, 48.714850571125716 ], [ 6.205468879087936, 48.713054186511208 ], [ 6.202755029350441, 48.712961582611676 ] ] ] } },
{ "type": "Feature", "properties": { "population": 16.0, "couverture_min": 5 }, "geometry": { "type": "Polygon", "coordinates": [ [ [ 6.205468879087936, 48.713054186511208 ], [ 6.20533204015145, 48.714850571125716 ], [ 6.20804599651187, 48.714943112725379 ], [ 6.20818273802402, 48.713146724267929 ], [ 6.205468879087936, 48.713054186511208 ] ] ] } },
{ "type": "Feature", "properties": { "population": 4.0, "couverture_min": 10 }, "geometry": { "type": "Polygon", "coordinates": [ [ [ 6.20818273802402, 48.713146724267929 ], [ 6.20804599651187, 48.714943112725379 ], [ 6.210759962065655, 48.715035588179177 ], [ 6.210896606152188, 48.713239195881492 ], [ 6.20818273802402, 48.713146724267929 ] ] ] } },
{ "type": "Feature", "properties": { "population": 53.5, "couverture_min": 10 }, "geometry": { "type": "Polygon", "coordinates": [ [ [ 6.19447630677355, 48.71447974327544 ], [ 6.194339065639145, 48.716276110938935 ], [ 6.197053082589075, 48.716368920972762 ], [ 6.197190226295441, 48.714572549455035 ], [ 6.19447630677355, 48.71447974327544 ] ] ] } },
{ "type": "Feature", "properties": { "population": 5.0, "couverture_min": 10 }, "geometry": { "type": "Polygon", "coordinates": [ [ [ 6.20533204015145, 48.714850571125716 ], [ 6.2051951887369, 48.716646954189706 ], [ 6.207909242530488, 48.716739499632659 ], [ 6.20804599651187, 48.714943112725379 ], [ 6.20533204015145, 48.714850571125716 ] ] ] } },
{ "type": "Feature", "properties": { "population": 106.5, "couverture_min": 5 }, "geometry": { "type": "Polygon", "coordinates": [ [ [ 6.18729698643951, 48.701626391772443 ], [ 6.187159540773653, 48.70342275873729 ], [ 6.189872848238648, 48.703515740181246 ], [ 6.190010196542119, 48.701719369356567 ], [ 6.18729698643951, 48.701626391772443 ] ] ] } },
{ "type": "Feature", "properties": { "population": 77.0, "couverture_min": 10 }, "geometry": { "type": "Polygon", "coordinates": [ [ [ 6.190010196542119, 48.701719369356567 ], [ 6.189872848238648, 48.703515740181246 ], [ 6.192586164934842, 48.70360865549825 ], [ 6.192723415874643, 48.701812280816441 ], [ 6.190010196542119, 48.701719369356567 ] ] ] } },
{ "type": "Feature", "properties": { "population": 86.5, "couverture_min": 5 }, "geometry": { "type": "Polygon", "coordinates": [ [ [ 6.184446242546356, 48.703329711166703 ], [ 6.18430868698047, 48.705126072713014 ], [ 6.187022082577693, 48.705219124146559 ], [ 6.187159540773653, 48.70342275873729 ], [ 6.184446242546356, 48.703329711166703 ] ] ] } },
{ "type": "Feature", "properties": { "population": 175.0, "couverture_min": 5 }, "geometry": { "type": "Polygon", "coordinates": [ [ [ 6.187159540773653, 48.70342275873729 ], [ 6.187022082577693, 48.705219124146559 ], [ 6.189735487413898, 48.70531210945073 ], [ 6.189872848238648, 48.703515740181246 ], [ 6.187159540773653, 48.70342275873729 ] ] ] } },
{ "type": "Feature", "properties": { "population": 423.5, "couverture_min": 5 }, "geometry": { "type": "Polygon", "coordinates": [ [ [ 6.189872848238648, 48.703515740181246 ], [ 6.189735487413898, 48.70531210945073 ], [ 6.192448901482589, 48.705405028625222 ], [ 6.192586164934842, 48.70360865549825 ], [ 6.189872848238648, 48.703515740181246 ] ] ] } },
{ "type": "Feature", "properties": { "population": 141.0, "couverture_min": 5 }, "geometry": { "type": "Polygon", "coordinates": [ [ [ 6.18430868698047, 48.705126072713014 ], [ 6.18417111887403, 48.706922432703777 ], [ 6.186884611850001, 48.707015488000636 ], [ 6.187022082577693, 48.705219124146559 ], [ 6.18430868698047, 48.705126072713014 ] ] ] } },
{ "type": "Feature", "properties": { "population": 123.5, "couverture_min": 5 }, "geometry": { "type": "Polygon", "coordinates": [ [ [ 6.187022082577693, 48.705219124146559 ], [ 6.186884611850001, 48.707015488000636 ], [ 6.189598114066245, 48.70710847716542 ], [ 6.189735487413898, 48.70531210945073 ], [ 6.187022082577693, 48.705219124146559 ] ] ] } },
{ "type": "Feature", "properties": { "population": 110.5, "couverture_min": 5 }, "geometry": { "type": "Polygon", "coordinates": [ [ [ 6.189735487413898, 48.70531210945073 ], [ 6.189598114066245, 48.70710847716542 ], [ 6.192311625516258, 48.707201400197761 ], [ 6.192448901482589, 48.705405028625222 ], [ 6.189735487413898, 48.70531210945073 ] ] ] } },
{ "type": "Feature", "properties": { "population": 219.0, "couverture_min": 5 }, "geometry": { "type": "Polygon", "coordinates": [ [ [ 6.18417111887403, 48.706922432703777 ], [ 6.184033538225401, 48.708718791139454 ], [ 6.186747128588948, 48.708811850299973 ], [ 6.186884611850001, 48.707015488000636 ], [ 6.18417111887403, 48.706922432703777 ] ] ] } },
{ "type": "Feature", "properties": { "population": 117.0, "couverture_min": 5 }, "geometry": { "type": "Polygon", "coordinates": [ [ [ 6.186884611850001, 48.707015488000636 ], [ 6.186747128588948, 48.708811850299973 ], [ 6.189460728194056, 48.708904843325705 ], [ 6.189598114066245, 48.70710847716542 ], [ 6.186884611850001, 48.707015488000636 ] ] ] } },
{ "type": "Feature", "properties": { "population": 88.5, "couverture_min": 5 }, "geometry": { "type": "Polygon", "coordinates": [ [ [ 6.189598114066245, 48.70710847716542 ], [ 6.189460728194056, 48.708904843325705 ], [ 6.192174337034217, 48.708997770216243 ], [ 6.192311625516258, 48.707201400197761 ], [ 6.189598114066245, 48.70710847716542 ] ] ] } },
{ "type": "Feature", "properties": { "population": 337.0, "couverture_min": 5 }, "geometry": { "type": "Polygon", "coordinates": [ [ [ 6.184033538225401, 48.708718791139454 ], [ 6.183895945032951, 48.710515148020434 ], [ 6.186609632792901, 48.710608211044978 ], [ 6.186747128588948, 48.708811850299973 ], [ 6.184033538225401, 48.708718791139454 ] ] ] } },
{ "type": "Feature", "properties": { "population": 147.5, "couverture_min": 5 }, "geometry": { "type": "Polygon", "coordinates": [ [ [ 6.186747128588948, 48.708811850299973 ], [ 6.186609632792901, 48.710608211044978 ], [ 6.189323329795701, 48.710701207931997 ], [ 6.189460728194056, 48.708904843325705 ], [ 6.186747128588948, 48.708811850299973 ] ] ] } },
{ "type": "Feature", "properties": { "population": 7.0, "couverture_min": 5 }, "geometry": { "type": "Polygon", "coordinates": [ [ [ 6.189460728194056, 48.708904843325705 ], [ 6.189323329795701, 48.710701207931997 ], [ 6.192037036034839, 48.710794138681138 ], [ 6.192174337034217, 48.708997770216243 ], [ 6.189460728194056, 48.708904843325705 ] ] ] } },
{ "type": "Feature", "properties": { "population": 344.5, "couverture_min": 5 }, "geometry": { "type": "Polygon", "coordinates": [ [ [ 6.183895945032951, 48.710515148020434 ], [ 6.183758339295048, 48.712311503347095 ], [ 6.186472124460233, 48.71240457023606 ], [ 6.186609632792901, 48.710608211044978 ], [ 6.183895945032951, 48.710515148020434 ] ] ] } },
{ "type": "Feature", "properties": { "population": 137.5, "couverture_min": 5 }, "geometry": { "type": "Polygon", "coordinates": [ [ [ 6.186609632792901, 48.710608211044978 ], [ 6.186472124460233, 48.71240457023606 ], [ 6.18918591886955, 48.712497570984738 ], [ 6.189323329795701, 48.710701207931997 ], [ 6.186609632792901, 48.710608211044978 ] ] ] } },
{ "type": "Feature", "properties": { "population": 26.0, "couverture_min": 10 }, "geometry": { "type": "Polygon", "coordinates": [ [ [ 6.189323329795701, 48.710701207931997 ], [ 6.18918591886955, 48.712497570984738 ], [ 6.191899722516499, 48.712590505592843 ], [ 6.192037036034839, 48.710794138681138 ], [ 6.189323329795701, 48.710701207931997 ] ] ] } },
{ "type": "Feature", "properties": { "population": 5.0, "couverture_min": 5 }, "geometry": { "type": "Polygon", "coordinates": [ [ [ 6.192037036034839, 48.710794138681138 ], [ 6.191899722516499, 48.712590505592843 ], [ 6.194613535394567, 48.712683374059942 ], [ 6.194750751503817, 48.710887003292008 ], [ 6.192037036034839, 48.710794138681138 ] ] ] } },
{ "type": "Feature", "properties": { "population": 173.5, "couverture_min": 5 }, "geometry": { "type": "Polygon", "coordinates": [ [ [ 6.183758339295048, 48.712311503347095 ], [ 6.183620721010059, 48.714107857119927 ], [ 6.186334603589309, 48.714200927873634 ], [ 6.186472124460233, 48.71240457023606 ], [ 6.183758339295048, 48.712311503347095 ] ] ] } },
{ "type": "Feature", "properties": { "population": 12.5, "couverture_min": 5 }, "geometry": { "type": "Polygon", "coordinates": [ [ [ 6.186472124460233, 48.71240457023606 ], [ 6.186334603589309, 48.714200927873634 ], [ 6.189048495413979, 48.714293932484374 ], [ 6.18918591886955, 48.712497570984738 ], [ 6.186472124460233, 48.71240457023606 ] ] ] } },
{ "type": "Feature", "properties": { "population": 18.5, "couverture_min": 5 }, "geometry": { "type": "Polygon", "coordinates": [ [ [ 6.18918591886955, 48.712497570984738 ], [ 6.189048495413979, 48.714293932484374 ], [ 6.191762396477562, 48.71438687095177 ], [ 6.191899722516499, 48.712590505592843 ], [ 6.18918591886955, 48.712497570984738 ] ] ] } },
{ "type": "Feature", "properties": { "population": 20.0, "couverture_min": 10 }, "geometry": { "type": "Polygon", "coordinates": [ [ [ 6.191899722516499, 48.712590505592843 ], [ 6.191762396477562, 48.71438687095177 ], [ 6.19447630677355, 48.71447974327544 ], [ 6.194613535394567, 48.712683374059942 ], [ 6.191899722516499, 48.712590505592843 ] ] ] } },
{ "type": "Feature", "properties": { "population": 161.0, "couverture_min": 5 }, "geometry": { "type": "Polygon", "coordinates": [ [ [ 6.183620721010059, 48.714107857119927 ], [ 6.183483090176352, 48.715904209339293 ], [ 6.186197070178499, 48.715997283958153 ], [ 6.186334603589309, 48.714200927873634 ], [ 6.183620721010059, 48.714107857119927 ] ] ] } },
{ "type": "Feature", "properties": { "population": 95.0, "couverture_min": 5 }, "geometry": { "type": "Polygon", "coordinates": [ [ [ 6.186334603589309, 48.714200927873634 ], [ 6.186197070178499, 48.715997283958153 ], [ 6.188911059427348, 48.716090292431275 ], [ 6.189048495413979, 48.714293932484374 ], [ 6.186334603589309, 48.714200927873634 ] ] ] } },
{ "type": "Feature", "properties": { "population": 76.0, "couverture_min": 5 }, "geometry": { "type": "Polygon", "coordinates": [ [ [ 6.189048495413979, 48.714293932484374 ], [ 6.188911059427348, 48.716090292431275 ], [ 6.191625057916399, 48.716183234758326 ], [ 6.191762396477562, 48.71438687095177 ], [ 6.189048495413979, 48.714293932484374 ] ] ] } },
{ "type": "Feature", "properties": { "population": 7.0, "couverture_min": 10 }, "geometry": { "type": "Polygon", "coordinates": [ [ [ 6.191762396477562, 48.71438687095177 ], [ 6.191625057916399, 48.716183234758326 ], [ 6.194339065639145, 48.716276110938935 ], [ 6.19447630677355, 48.71447974327544 ], [ 6.191762396477562, 48.71438687095177 ] ] ] } },
{ "type": "Feature", "properties": { "population": 197.0, "couverture_min": 5 }, "geometry": { "type": "Polygon", "coordinates": [ [ [ 6.183483090176352, 48.715904209339293 ], [ 6.183345446792297, 48.717700560005639 ], [ 6.186059524226166, 48.717793638489979 ], [ 6.186197070178499, 48.715997283958153 ], [ 6.183483090176352, 48.715904209339293 ] ] ] } },
{ "type": "Feature", "properties": { "population": 345.5, "couverture_min": 5 }, "geometry": { "type": "Polygon", "coordinates": [ [ [ 6.186197070178499, 48.715997283958153 ], [ 6.186059524226166, 48.717793638489979 ], [ 6.18877361090803, 48.717886650825868 ], [ 6.188911059427348, 48.716090292431275 ], [ 6.186197070178499, 48.715997283958153 ] ] ] } },
{ "type": "Feature", "properties": { "population": 28.5, "couverture_min": 10 }, "geometry": { "type": "Polygon", "coordinates": [ [ [ 6.188911059427348, 48.716090292431275 ], [ 6.18877361090803, 48.717886650825868 ], [ 6.191487706831384, 48.717979597012963 ], [ 6.191625057916399, 48.716183234758326 ], [ 6.188911059427348, 48.716090292431275 ] ] ] } },
{ "type": "Feature", "properties": { "population": 15.5, "couverture_min": 15 }, "geometry": { "type": "Polygon", "coordinates": [ [ [ 6.191625057916399, 48.716183234758326 ], [ 6.191487706831384, 48.717979597012963 ], [ 6.194201811989716, 48.718072477050882 ], [ 6.194339065639145, 48.716276110938935 ], [ 6.191625057916399, 48.716183234758326 ] ] ] } },
{ "type": "Feature", "properties": { "population": 57.0, "couverture_min": 5 }, "geometry": { "type": "Polygon", "coordinates": [ [ [ 6.186059524226166, 48.717793638489979 ], [ 6.185921965730683, 48.719589991469547 ], [ 6.188636149854396, 48.719683007668579 ], [ 6.18877361090803, 48.717886650825868 ], [ 6.186059524226166, 48.717793638489979 ] ] ] } },
{ "type": "Feature", "properties": { "population": 67.0, "couverture_min": 10 }, "geometry": { "type": "Polygon", "coordinates": [ [ [ 6.18877361090803, 48.717886650825868 ], [ 6.188636149854396, 48.719683007668579 ], [ 6.191350343220885, 48.71977595771606 ], [ 6.191487706831384, 48.717979597012963 ], [ 6.18877361090803, 48.717886650825868 ] ] ] } },
{ "type": "Feature", "properties": { "population": 27.0, "couverture_min": 15 }, "geometry": { "type": "Polygon", "coordinates": [ [ [ 6.191487706831384, 48.717979597012963 ], [ 6.191350343220885, 48.71977595771606 ], [ 6.19406454582364, 48.719868841611643 ], [ 6.194201811989716, 48.718072477050882 ], [ 6.191487706831384, 48.717979597012963 ] ] ] } },
{ "type": "Feature", "properties": { "population": 4.0, "couverture_min": 10 }, "geometry": { "type": "Polygon", "coordinates": [ [ [ 6.185921965730683, 48.719589991469547 ], [ 6.185784394690416, 48.72138634289729 ], [ 6.188498676264812, 48.721479362959798 ], [ 6.188636149854396, 48.719683007668579 ], [ 6.185921965730683, 48.719589991469547 ] ] ] } },
{ "type": "Feature", "properties": { "population": 4.0, "couverture_min": 15 }, "geometry": { "type": "Polygon", "coordinates": [ [ [ 6.188636149854396, 48.719683007668579 ], [ 6.188498676264812, 48.721479362959798 ], [ 6.191212967083271, 48.721572316868055 ], [ 6.191350343220885, 48.71977595771606 ], [ 6.188636149854396, 48.719683007668579 ] ] ] } },
{ "type": "Feature", "properties": { "population": 2.0, "couverture_min": 15 }, "geometry": { "type": "Polygon", "coordinates": [ [ [ 6.188361190137646, 48.723275716699966 ], [ 6.188223691471267, 48.725072068889489 ], [ 6.190938177220178, 48.725165030520323 ], [ 6.191075578416911, 48.723368674469327 ], [ 6.188361190137646, 48.723275716699966 ] ] ] } },
{ "type": "Feature", "properties": { "population": 3.0, "couverture_min": 10 }, "geometry": { "type": "Polygon", "coordinates": [ [ [ 6.18564681110373, 48.723182692773591 ], [ 6.185509214968998, 48.724979041098884 ], [ 6.188223691471267, 48.725072068889489 ], [ 6.188361190137646, 48.723275716699966 ], [ 6.18564681110373, 48.723182692773591 ] ] ] } },
{ "type": "Feature", "properties": { "population": 206.0, "couverture_min": 5 }, "geometry": { "type": "Polygon", "coordinates": [ [ [ 6.173593142144191, 48.702956859625374 ], [ 6.173455197111488, 48.704753205692647 ], [ 6.176168555687746, 48.704846521639951 ], [ 6.17630640335568, 48.703050171698841 ], [ 6.173593142144191, 48.702956859625374 ] ] ] } },
{ "type": "Feature", "properties": { "population": 173.0, "couverture_min": 5 }, "geometry": { "type": "Polygon", "coordinates": [ [ [ 6.17630640335568, 48.703050171698841 ], [ 6.176168555687746, 48.704846521639951 ], [ 6.178881923528999, 48.704939771459351 ], [ 6.179019673830869, 48.703143417647091 ], [ 6.17630640335568, 48.703050171698841 ] ] ] } },
{ "type": "Feature", "properties": { "population": 267.0, "couverture_min": 5 }, "geometry": { "type": "Polygon", "coordinates": [ [ [ 6.179019673830869, 48.703143417647091 ], [ 6.178881923528999, 48.704939771459351 ], [ 6.181595300628739, 48.705032955150472 ], [ 6.181732953563262, 48.703236597469861 ], [ 6.179019673830869, 48.703143417647091 ] ] ] } },
{ "type": "Feature", "properties": { "population": 73.5, "couverture_min": 5 }, "geometry": { "type": "Polygon", "coordinates": [ [ [ 6.181732953563262, 48.703236597469861 ], [ 6.181595300628739, 48.705032955150472 ], [ 6.18430868698047, 48.705126072713014 ], [ 6.184446242546356, 48.703329711166703 ], [ 6.181732953563262, 48.703236597469861 ] ] ] } },
{ "type": "Feature", "properties": { "population": 276.5, "couverture_min": 5 }, "geometry": { "type": "Polygon", "coordinates": [ [ [ 6.173455197111488, 48.704753205692647 ], [ 6.173317239502926, 48.706549550202894 ], [ 6.17603069545278, 48.706642870024417 ], [ 6.176168555687746, 48.704846521639951 ], [ 6.173455197111488, 48.704753205692647 ] ] ] } },
{ "type": "Feature", "properties": { "population": 200.5, "couverture_min": 5 }, "geometry": { "type": "Polygon", "coordinates": [ [ [ 6.176168555687746, 48.704846521639951 ], [ 6.17603069545278, 48.706642870024417 ], [ 6.178744160668916, 48.706736123715316 ], [ 6.178881923528999, 48.704939771459351 ], [ 6.176168555687746, 48.704846521639951 ] ] ] } },
{ "type": "Feature", "properties": { "population": 121.5, "couverture_min": 5 }, "geometry": { "type": "Polygon", "coordinates": [ [ [ 6.178881923528999, 48.704939771459351 ], [ 6.178744160668916, 48.706736123715316 ], [ 6.181457635144835, 48.706829311275229 ], [ 6.181595300628739, 48.705032955150472 ], [ 6.178881923528999, 48.704939771459351 ] ] ] } },
{ "type": "Feature", "properties": { "population": 9.0, "couverture_min": 5 }, "geometry": { "type": "Polygon", "coordinates": [ [ [ 6.181595300628739, 48.705032955150472 ], [ 6.181457635144835, 48.706829311275229 ], [ 6.18417111887403, 48.706922432703777 ], [ 6.18430868698047, 48.705126072713014 ], [ 6.181595300628739, 48.705032955150472 ] ] ] } },
{ "type": "Feature", "properties": { "population": 471.0, "couverture_min": 5 }, "geometry": { "type": "Polygon", "coordinates": [ [ [ 6.173317239502926, 48.706549550202894 ], [ 6.17317926931687, 48.708345893156583 ], [ 6.175892822649151, 48.70843921685271 ], [ 6.17603069545278, 48.706642870024417 ], [ 6.173317239502926, 48.706549550202894 ] ] ] } },
{ "type": "Feature", "properties": { "population": 158.5, "couverture_min": 5 }, "geometry": { "type": "Polygon", "coordinates": [ [ [ 6.17603069545278, 48.706642870024417 ], [ 6.175892822649151, 48.70843921685271 ], [ 6.178606385248997, 48.708532474415449 ], [ 6.178744160668916, 48.706736123715316 ], [ 6.17603069545278, 48.706642870024417 ] ] ] } },
{ "type": "Feature", "properties": { "population": 128.0, "couverture_min": 5 }, "geometry": { "type": "Polygon", "coordinates": [ [ [ 6.178744160668916, 48.706736123715316 ], [ 6.178606385248997, 48.708532474415449 ], [ 6.181319957109917, 48.708625665844494 ], [ 6.181457635144835, 48.706829311275229 ], [ 6.178744160668916, 48.706736123715316 ] ] ] } },
{ "type": "Feature", "properties": { "population": 216.0, "couverture_min": 5 }, "geometry": { "type": "Polygon", "coordinates": [ [ [ 6.181457635144835, 48.706829311275229 ], [ 6.181319957109917, 48.708625665844494 ], [ 6.184033538225401, 48.708718791139454 ], [ 6.18417111887403, 48.706922432703777 ], [ 6.181457635144835, 48.706829311275229 ] ] ] } },
{ "type": "Feature", "properties": { "population": 79.5, "couverture_min": 5 }, "geometry": { "type": "Polygon", "coordinates": [ [ [ 6.17317926931687, 48.708345893156583 ], [ 6.17304128655169, 48.710142234554127 ], [ 6.175754937275215, 48.710235562125177 ], [ 6.175892822649151, 48.70843921685271 ], [ 6.17317926931687, 48.708345893156583 ] ] ] } },
{ "type": "Feature", "properties": { "population": 120.5, "couverture_min": 5 }, "geometry": { "type": "Polygon", "coordinates": [ [ [ 6.175892822649151, 48.70843921685271 ], [ 6.175754937275215, 48.710235562125177 ], [ 6.178468597267603, 48.710328823560161 ], [ 6.178606385248997, 48.708532474415449 ], [ 6.175892822649151, 48.70843921685271 ] ] ] } },
{ "type": "Feature", "properties": { "population": 47.0, "couverture_min": 5 }, "geometry": { "type": "Polygon", "coordinates": [ [ [ 6.178606385248997, 48.708532474415449 ], [ 6.178468597267603, 48.710328823560161 ], [ 6.18118226652235, 48.710422018858694 ], [ 6.181319957109917, 48.708625665844494 ], [ 6.178606385248997, 48.708532474415449 ] ] ] } },
{ "type": "Feature", "properties": { "population": 176.0, "couverture_min": 5 }, "geometry": { "type": "Polygon", "coordinates": [ [ [ 6.181319957109917, 48.708625665844494 ], [ 6.18118226652235, 48.710422018858694 ], [ 6.183895945032951, 48.710515148020434 ], [ 6.184033538225401, 48.708718791139454 ], [ 6.181319957109917, 48.708625665844494 ] ] ] } },
{ "type": "Feature", "properties": { "population": 185.0, "couverture_min": 10 }, "geometry": { "type": "Polygon", "coordinates": [ [ [ 6.175754937275215, 48.710235562125177 ], [ 6.175617039329344, 48.712031905842281 ], [ 6.178330796723097, 48.712125171149864 ], [ 6.178468597267603, 48.710328823560161 ], [ 6.175754937275215, 48.710235562125177 ] ] ] } },
{ "type": "Feature", "properties": { "population": 65.0, "couverture_min": 5 }, "geometry": { "type": "Polygon", "coordinates": [ [ [ 6.178468597267603, 48.710328823560161 ], [ 6.178330796723097, 48.712125171149864 ], [ 6.181044563380501, 48.71221837031824 ], [ 6.18118226652235, 48.710422018858694 ], [ 6.178468597267603, 48.710328823560161 ] ] ] } },
{ "type": "Feature", "properties": { "population": 100.0, "couverture_min": 5 }, "geometry": { "type": "Polygon", "coordinates": [ [ [ 6.18118226652235, 48.710422018858694 ], [ 6.181044563380501, 48.71221837031824 ], [ 6.183758339295048, 48.712311503347095 ], [ 6.183895945032951, 48.710515148020434 ], [ 6.18118226652235, 48.710422018858694 ] ] ] } },
{ "type": "Feature", "properties": { "population": 10.0, "couverture_min": 5 }, "geometry": { "type": "Polygon", "coordinates": [ [ [ 6.172903291205742, 48.711938574395923 ], [ 6.172765283277392, 48.713734912682391 ], [ 6.175479128809899, 48.713828248004432 ], [ 6.175617039329344, 48.712031905842281 ], [ 6.172903291205742, 48.711938574395923 ] ] ] } },
{ "type": "Feature", "properties": { "population": 38.5, "couverture_min": 5 }, "geometry": { "type": "Polygon", "coordinates": [ [ [ 6.175617039329344, 48.712031905842281 ], [ 6.175479128809899, 48.713828248004432 ], [ 6.178192983613848, 48.713921517184971 ], [ 6.178330796723097, 48.712125171149864 ], [ 6.175617039329344, 48.712031905842281 ] ] ] } },
{ "type": "Feature", "properties": { "population": 46.5, "couverture_min": 5 }, "geometry": { "type": "Polygon", "coordinates": [ [ [ 6.178330796723097, 48.712125171149864 ], [ 6.178192983613848, 48.713921517184971 ], [ 6.180906847682738, 48.714014720223567 ], [ 6.181044563380501, 48.71221837031824 ], [ 6.178330796723097, 48.712125171149864 ] ] ] } },
{ "type": "Feature", "properties": { "population": 73.5, "couverture_min": 5 }, "geometry": { "type": "Polygon", "coordinates": [ [ [ 6.181044563380501, 48.71221837031824 ], [ 6.180906847682738, 48.714014720223567 ], [ 6.183620721010059, 48.714107857119927 ], [ 6.183758339295048, 48.712311503347095 ], [ 6.181044563380501, 48.71221837031824 ] ] ] } },
{ "type": "Feature", "properties": { "population": 18.0, "couverture_min": 5 }, "geometry": { "type": "Polygon", "coordinates": [ [ [ 6.175479128809899, 48.713828248004432 ], [ 6.175341205715243, 48.715624588612037 ], [ 6.178055157938218, 48.71571786166588 ], [ 6.178192983613848, 48.713921517184971 ], [ 6.175479128809899, 48.713828248004432 ] ] ] } },
{ "type": "Feature", "properties": { "population": 101.0, "couverture_min": 5 }, "geometry": { "type": "Polygon", "coordinates": [ [ [ 6.178192983613848, 48.713921517184971 ], [ 6.178055157938218, 48.71571786166588 ], [ 6.180769119427425, 48.715811068575093 ], [ 6.180906847682738, 48.714014720223567 ], [ 6.178192983613848, 48.713921517184971 ] ] ] } },
{ "type": "Feature", "properties": { "population": 365.5, "couverture_min": 5 }, "geometry": { "type": "Polygon", "coordinates": [ [ [ 6.180906847682738, 48.714014720223567 ], [ 6.180769119427425, 48.715811068575093 ], [ 6.183483090176352, 48.715904209339293 ], [ 6.183620721010059, 48.714107857119927 ], [ 6.180906847682738, 48.714014720223567 ] ] ] } },
{ "type": "Feature", "properties": { "population": 64.0, "couverture_min": 10 }, "geometry": { "type": "Polygon", "coordinates": [ [ [ 6.178055157938218, 48.71571786166588 ], [ 6.177917319694572, 48.717514204593051 ], [ 6.180631378612928, 48.717607415373188 ], [ 6.180769119427425, 48.715811068575093 ], [ 6.178055157938218, 48.71571786166588 ] ] ] } },
{ "type": "Feature", "properties": { "population": 142.5, "couverture_min": 5 }, "geometry": { "type": "Polygon", "coordinates": [ [ [ 6.180769119427425, 48.715811068575093 ], [ 6.180631378612928, 48.717607415373188 ], [ 6.183345446792297, 48.717700560005639 ], [ 6.183483090176352, 48.715904209339293 ], [ 6.180769119427425, 48.715811068575093 ] ] ] } },
{ "type": "Feature", "properties": { "population": 86.5, "couverture_min": 5 }, "geometry": { "type": "Polygon", "coordinates": [ [ [ 6.162601855586389, 48.704379280631791 ], [ 6.162463508496361, 48.706175609617887 ], [ 6.16517692731607, 48.706269193958263 ], [ 6.165315177037669, 48.704472861087012 ], [ 6.162601855586389, 48.704379280631791 ] ] ] } },
{ "type": "Feature", "properties": { "population": 86.5, "couverture_min": 5 }, "geometry": { "type": "Polygon", "coordinates": [ [ [ 6.165315177037669, 48.704472861087012 ], [ 6.16517692731607, 48.706269193958263 ], [ 6.167890355428068, 48.706362712169465 ], [ 6.168028507779946, 48.704566375415816 ], [ 6.165315177037669, 48.704472861087012 ] ] ] } },
{ "type": "Feature", "properties": { "population": 212.0, "couverture_min": 5 }, "geometry": { "type": "Polygon", "coordinates": [ [ [ 6.168028507779946, 48.704566375415816 ], [ 6.167890355428068, 48.706362712169465 ], [ 6.170603792825854, 48.706456164251136 ], [ 6.17074184780672, 48.704659823617817 ], [ 6.168028507779946, 48.704566375415816 ] ] ] } },
{ "type": "Feature", "properties": { "population": 98.0, "couverture_min": 5 }, "geometry": { "type": "Polygon", "coordinates": [ [ [ 6.17074184780672, 48.704659823617817 ], [ 6.170603792825854, 48.706456164251136 ], [ 6.173317239502926, 48.706549550202894 ], [ 6.173455197111488, 48.704753205692647 ], [ 6.17074184780672, 48.704659823617817 ] ] ] } },
{ "type": "Feature", "properties": { "population": 9.0, "couverture_min": 5 }, "geometry": { "type": "Polygon", "coordinates": [ [ [ 6.162463508496361, 48.706175609617887 ], [ 6.16232514879354, 48.707971937045954 ], [ 6.165038664990504, 48.708065525271827 ], [ 6.16517692731607, 48.706269193958263 ], [ 6.162463508496361, 48.706175609617887 ] ] ] } },
{ "type": "Feature", "properties": { "population": 32.0, "couverture_min": 5 }, "geometry": { "type": "Polygon", "coordinates": [ [ [ 6.16517692731607, 48.706269193958263 ], [ 6.165038664990504, 48.708065525271827 ], [ 6.167752190481046, 48.708159047365804 ], [ 6.167890355428068, 48.706362712169465 ], [ 6.16517692731607, 48.706269193958263 ] ] ] } },
{ "type": "Feature", "properties": { "population": 144.0, "couverture_min": 5 }, "geometry": { "type": "Polygon", "coordinates": [ [ [ 6.167890355428068, 48.706362712169465 ], [ 6.167752190481046, 48.708159047365804 ], [ 6.17046572525867, 48.708252503327486 ], [ 6.170603792825854, 48.706456164251136 ], [ 6.167890355428068, 48.706362712169465 ] ] ] } },
{ "type": "Feature", "properties": { "population": 136.0, "couverture_min": 5 }, "geometry": { "type": "Polygon", "coordinates": [ [ [ 6.170603792825854, 48.706456164251136 ], [ 6.17046572525867, 48.708252503327486 ], [ 6.17317926931687, 48.708345893156583 ], [ 6.173317239502926, 48.706549550202894 ], [ 6.170603792825854, 48.706456164251136 ] ] ] } },
{ "type": "Feature", "properties": { "population": 60.0, "couverture_min": 5 }, "geometry": { "type": "Polygon", "coordinates": [ [ [ 6.16232514879354, 48.707971937045954 ], [ 6.162186776476288, 48.709768262916405 ], [ 6.164900390059327, 48.709861855028151 ], [ 6.165038664990504, 48.708065525271827 ], [ 6.16232514879354, 48.707971937045954 ] ] ] } },
{ "type": "Feature", "properties": { "population": 68.0, "couverture_min": 5 }, "geometry": { "type": "Polygon", "coordinates": [ [ [ 6.165038664990504, 48.708065525271827 ], [ 6.164900390059327, 48.709861855028151 ], [ 6.167614012937242, 48.709955381005244 ], [ 6.167752190481046, 48.708159047365804 ], [ 6.165038664990504, 48.708065525271827 ] ] ] } },
{ "type": "Feature", "properties": { "population": 55.5, "couverture_min": 5 }, "geometry": { "type": "Polygon", "coordinates": [ [ [ 6.17046572525867, 48.708252503327486 ], [ 6.170327645103531, 48.710048840847357 ], [ 6.17304128655169, 48.710142234554127 ], [ 6.17317926931687, 48.708345893156583 ], [ 6.17046572525867, 48.708252503327486 ] ] ] } },
{ "type": "Feature", "properties": { "population": 198.5, "couverture_min": 5 }, "geometry": { "type": "Polygon", "coordinates": [ [ [ 6.162186776476288, 48.709768262916405 ], [ 6.162048391542962, 48.711564587229667 ], [ 6.164762102520903, 48.711658183227613 ], [ 6.164900390059327, 48.709861855028151 ], [ 6.162186776476288, 48.709768262916405 ] ] ] } },
{ "type": "Feature", "properties": { "population": 161.5, "couverture_min": 5 }, "geometry": { "type": "Polygon", "coordinates": [ [ [ 6.164900390059327, 48.709861855028151 ], [ 6.164762102520903, 48.711658183227613 ], [ 6.167475822795016, 48.711751713088212 ], [ 6.167614012937242, 48.709955381005244 ], [ 6.164900390059327, 48.709861855028151 ] ] ] } },
{ "type": "Feature", "properties": { "population": 55.0, "couverture_min": 5 }, "geometry": { "type": "Polygon", "coordinates": [ [ [ 6.167614012937242, 48.709955381005244 ], [ 6.167475822795016, 48.711751713088212 ], [ 6.170189552358798, 48.71184517681111 ], [ 6.170327645103531, 48.710048840847357 ], [ 6.167614012937242, 48.709955381005244 ] ] ] } },
{ "type": "Feature", "properties": { "population": 53.0, "couverture_min": 5 }, "geometry": { "type": "Polygon", "coordinates": [ [ [ 6.170327645103531, 48.710048840847357 ], [ 6.170189552358798, 48.71184517681111 ], [ 6.172903291205742, 48.711938574395923 ], [ 6.17304128655169, 48.710142234554127 ], [ 6.170327645103531, 48.710048840847357 ] ] ] } },
{ "type": "Feature", "properties": { "population": 135.5, "couverture_min": 5 }, "geometry": { "type": "Polygon", "coordinates": [ [ [ 6.162048391542962, 48.711564587229667 ], [ 6.161909993991916, 48.71336090998615 ], [ 6.16462380237359, 48.713454509870687 ], [ 6.164762102520903, 48.711658183227613 ], [ 6.162048391542962, 48.711564587229667 ] ] ] } },
{ "type": "Feature", "properties": { "population": 118.5, "couverture_min": 5 }, "geometry": { "type": "Polygon", "coordinates": [ [ [ 6.164762102520903, 48.711658183227613 ], [ 6.16462380237359, 48.713454509870687 ], [ 6.167337620052733, 48.713548043615148 ], [ 6.167475822795016, 48.711751713088212 ], [ 6.164762102520903, 48.711658183227613 ] ] ] } },
{ "type": "Feature", "properties": { "population": 99.0, "couverture_min": 5 }, "geometry": { "type": "Polygon", "coordinates": [ [ [ 6.167475822795016, 48.711751713088212 ], [ 6.167337620052733, 48.713548043615148 ], [ 6.170051447022834, 48.713641511219159 ], [ 6.170189552358798, 48.71184517681111 ], [ 6.167475822795016, 48.711751713088212 ] ] ] } },
{ "type": "Feature", "properties": { "population": 32.0, "couverture_min": 5 }, "geometry": { "type": "Polygon", "coordinates": [ [ [ 6.170189552358798, 48.71184517681111 ], [ 6.170051447022834, 48.713641511219159 ], [ 6.172765283277392, 48.713734912682391 ], [ 6.172903291205742, 48.711938574395923 ], [ 6.170189552358798, 48.71184517681111 ] ] ] } },
{ "type": "Feature", "properties": { "population": 72.0, "couverture_min": 5 }, "geometry": { "type": "Polygon", "coordinates": [ [ [ 6.161909993991916, 48.71336090998615 ], [ 6.161771583821511, 48.715157231186247 ], [ 6.164485489615748, 48.715250834957743 ], [ 6.16462380237359, 48.713454509870687 ], [ 6.161909993991916, 48.71336090998615 ] ] ] } },
{ "type": "Feature", "properties": { "population": 92.5, "couverture_min": 5 }, "geometry": { "type": "Polygon", "coordinates": [ [ [ 6.16462380237359, 48.713454509870687 ], [ 6.164485489615748, 48.715250834957743 ], [ 6.167199404708746, 48.715344372586436 ], [ 6.167337620052733, 48.713548043615148 ], [ 6.16462380237359, 48.713454509870687 ] ] ] } },
{ "type": "Feature", "properties": { "population": 139.5, "couverture_min": 5 }, "geometry": { "type": "Polygon", "coordinates": [ [ [ 6.167337620052733, 48.713548043615148 ], [ 6.167199404708746, 48.715344372586436 ], [ 6.169913329093998, 48.715437844071978 ], [ 6.170051447022834, 48.713641511219159 ], [ 6.167337620052733, 48.713548043615148 ] ] ] } },
{ "type": "Feature", "properties": { "population": 19.0, "couverture_min": 5 }, "geometry": { "type": "Polygon", "coordinates": [ [ [ 6.161771583821511, 48.715157231186247 ], [ 6.161633161030105, 48.716953550830382 ], [ 6.164347164245734, 48.717047158489216 ], [ 6.164485489615748, 48.715250834957743 ], [ 6.161771583821511, 48.715157231186247 ] ] ] } },
{ "type": "Feature", "properties": { "population": 331.0, "couverture_min": 5 }, "geometry": { "type": "Polygon", "coordinates": [ [ [ 6.164485489615748, 48.715250834957743 ], [ 6.164347164245734, 48.717047158489216 ], [ 6.167061176761421, 48.717140700002517 ], [ 6.167199404708746, 48.715344372586436 ], [ 6.164485489615748, 48.715250834957743 ] ] ] } },
{ "type": "Feature", "properties": { "population": 249.5, "couverture_min": 5 }, "geometry": { "type": "Polygon", "coordinates": [ [ [ 6.167199404708746, 48.715344372586436 ], [ 6.167061176761421, 48.717140700002517 ], [ 6.169775198570653, 48.717234175369882 ], [ 6.169913329093998, 48.715437844071978 ], [ 6.167199404708746, 48.715344372586436 ] ] ] } },
{ "type": "Feature", "properties": { "population": 82.0, "couverture_min": 5 }, "geometry": { "type": "Polygon", "coordinates": [ [ [ 6.164347164245734, 48.717047158489216 ], [ 6.164208826261908, 48.718843480465509 ], [ 6.166922936209114, 48.718937025863781 ], [ 6.167061176761421, 48.717140700002517 ], [ 6.164347164245734, 48.717047158489216 ] ] ] } },
{ "type": "Feature", "properties": { "population": 146.0, "couverture_min": 5 }, "geometry": { "type": "Polygon", "coordinates": [ [ [ 6.167061176761421, 48.717140700002517 ], [ 6.166922936209114, 48.718937025863781 ], [ 6.169637055451162, 48.719030505113381 ], [ 6.169775198570653, 48.717234175369882 ], [ 6.167061176761421, 48.717140700002517 ] ] ] } },
{ "type": "Feature", "properties": { "population": 21.5, "couverture_min": 5 }, "geometry": { "type": "Polygon", "coordinates": [ [ [ 6.169775198570653, 48.717234175369882 ], [ 6.169637055451162, 48.719030505113381 ], [ 6.172351183981544, 48.719123918214017 ], [ 6.172489229666928, 48.717327584591025 ], [ 6.169775198570653, 48.717234175369882 ] ] ] } },
{ "type": "Feature", "properties": { "population": 49.5, "couverture_min": null }, "geometry": { "type": "Polygon", "coordinates": [ [ [ 6.161494725616055, 48.718749868919005 ], [ 6.161356277577718, 48.720546185452491 ], [ 6.164070475662629, 48.720639800887071 ], [ 6.164208826261908, 48.718843480465509 ], [ 6.161494725616055, 48.718749868919005 ] ] ] } },
{ "type": "Feature", "properties": { "population": 5.0, "couverture_min": 10 }, "geometry": { "type": "Polygon", "coordinates": [ [ [ 6.164208826261908, 48.718843480465509 ], [ 6.164070475662629, 48.720639800887071 ], [ 6.166784683050187, 48.720733350170654 ], [ 6.166922936209114, 48.718937025863781 ], [ 6.164208826261908, 48.718843480465509 ] ] ] } },
{ "type": "Feature", "properties": { "population": 112.5, "couverture_min": 5 }, "geometry": { "type": "Polygon", "coordinates": [ [ [ 6.166922936209114, 48.718937025863781 ], [ 6.166784683050187, 48.720733350170654 ], [ 6.169498899733878, 48.720826833302873 ], [ 6.169637055451162, 48.719030505113381 ], [ 6.166922936209114, 48.718937025863781 ] ] ] } },
{ "type": "Feature", "properties": { "population": 129.0, "couverture_min": 5 }, "geometry": { "type": "Polygon", "coordinates": [ [ [ 6.169637055451162, 48.719030505113381 ], [ 6.169498899733878, 48.720826833302873 ], [ 6.172213125707202, 48.720920250283378 ], [ 6.172351183981544, 48.719123918214017 ], [ 6.169637055451162, 48.719030505113381 ] ] ] } },
{ "type": "Feature", "properties": { "population": 17.0, "couverture_min": 15 }, "geometry": { "type": "Polygon", "coordinates": [ [ [ 6.166784683050187, 48.720733350170654 ], [ 6.166646417282996, 48.722529672923535 ], [ 6.169360731417169, 48.722623159938735 ], [ 6.169498899733878, 48.720826833302873 ], [ 6.166784683050187, 48.720733350170654 ] ] ] } },
{ "type": "Feature", "properties": { "population": 24.0, "couverture_min": 10 }, "geometry": { "type": "Polygon", "coordinates": [ [ [ 6.169498899733878, 48.720826833302873 ], [ 6.169360731417169, 48.722623159938735 ], [ 6.172075054842267, 48.722716580799457 ], [ 6.172213125707202, 48.720920250283378 ], [ 6.169498899733878, 48.720826833302873 ] ] ] } },
{ "type": "Feature", "properties": { "population": 144.5, "couverture_min": 10 }, "geometry": { "type": "Polygon", "coordinates": [ [ [ 6.208866258603103, 48.704164758713262 ], [ 6.208729579412767, 48.705961154927927 ], [ 6.211443057926781, 48.706053611184281 ], [ 6.211579639735644, 48.70425721113125 ], [ 6.208866258603103, 48.704164758713262 ] ] ] } },
{ "type": "Feature", "properties": { "population": 363.5, "couverture_min": 5 }, "geometry": { "type": "Polygon", "coordinates": [ [ [ 6.211579639735644, 48.70425721113125 ], [ 6.211443057926781, 48.706053611184281 ], [ 6.214156545621252, 48.706146001308049 ], [ 6.214293030047371, 48.704349597419359 ], [ 6.211579639735644, 48.70425721113125 ] ] ] } },
{ "type": "Feature", "properties": { "population": 312.0, "couverture_min": 5 }, "geometry": { "type": "Polygon", "coordinates": [ [ [ 6.214293030047371, 48.704349597419359 ], [ 6.214156545621252, 48.706146001308049 ], [ 6.216870042489683, 48.706238325298855 ], [ 6.21700642953178, 48.704441917577213 ], [ 6.214293030047371, 48.704349597419359 ] ] ] } },
{ "type": "Feature", "properties": { "population": 148.5, "couverture_min": 5 }, "geometry": { "type": "Polygon", "coordinates": [ [ [ 6.21700642953178, 48.704441917577213 ], [ 6.216870042489683, 48.706238325298855 ], [ 6.21958354852557, 48.706330583156344 ], [ 6.219719838182366, 48.704534171604479 ], [ 6.21700642953178, 48.704441917577213 ] ] ] } },
{ "type": "Feature", "properties": { "population": 49.0, "couverture_min": 10 }, "geometry": { "type": "Polygon", "coordinates": [ [ [ 6.208729579412767, 48.705961154927927 ], [ 6.208592887761315, 48.707757549590276 ], [ 6.211306463665622, 48.707850009685409 ], [ 6.211443057926781, 48.706053611184281 ], [ 6.208729579412767, 48.705961154927927 ] ] ] } },
{ "type": "Feature", "properties": { "population": 186.5, "couverture_min": 10 }, "geometry": { "type": "Polygon", "coordinates": [ [ [ 6.211443057926781, 48.706053611184281 ], [ 6.211306463665622, 48.707850009685409 ], [ 6.214020048751669, 48.707942403645205 ], [ 6.214156545621252, 48.706146001308049 ], [ 6.211443057926781, 48.706053611184281 ] ] ] } },
{ "type": "Feature", "properties": { "population": 233.5, "couverture_min": 5 }, "geometry": { "type": "Polygon", "coordinates": [ [ [ 6.214156545621252, 48.706146001308049 ], [ 6.214020048751669, 48.707942403645205 ], [ 6.216733643012951, 48.708034731469304 ], [ 6.216870042489683, 48.706238325298855 ], [ 6.214156545621252, 48.706146001308049 ] ] ] } },
{ "type": "Feature", "properties": { "population": 188.0, "couverture_min": 5 }, "geometry": { "type": "Polygon", "coordinates": [ [ [ 6.216870042489683, 48.706238325298855 ], [ 6.216733643012951, 48.708034731469304 ], [ 6.219447246442965, 48.708126993157343 ], [ 6.21958354852557, 48.706330583156344 ], [ 6.216870042489683, 48.706238325298855 ] ] ] } },
{ "type": "Feature", "properties": { "population": 109.5, "couverture_min": 5 }, "geometry": { "type": "Polygon", "coordinates": [ [ [ 6.21958354852557, 48.706330583156344 ], [ 6.219447246442965, 48.708126993157343 ], [ 6.222160859035206, 48.708219188708995 ], [ 6.222297063722406, 48.706422774880131 ], [ 6.21958354852557, 48.706330583156344 ] ] ] } },
{ "type": "Feature", "properties": { "population": 3.0, "couverture_min": 10 }, "geometry": { "type": "Polygon", "coordinates": [ [ [ 6.208592887761315, 48.707757549590276 ], [ 6.208456183647119, 48.709553942700801 ], [ 6.21116985695055, 48.709646406635038 ], [ 6.211306463665622, 48.707850009685409 ], [ 6.208592887761315, 48.707757549590276 ] ] ] } },
{ "type": "Feature", "properties": { "population": 54.0, "couverture_min": 5 }, "geometry": { "type": "Polygon", "coordinates": [ [ [ 6.211306463665622, 48.707850009685409 ], [ 6.21116985695055, 48.709646406635038 ], [ 6.213883539436999, 48.709738804431247 ], [ 6.214020048751669, 48.707942403645205 ], [ 6.211306463665622, 48.707850009685409 ] ] ] } },
{ "type": "Feature", "properties": { "population": 27.0, "couverture_min": 10 }, "geometry": { "type": "Polygon", "coordinates": [ [ [ 6.214020048751669, 48.707942403645205 ], [ 6.213883539436999, 48.709738804431247 ], [ 6.216597231099963, 48.709831136089008 ], [ 6.216733643012951, 48.708034731469304 ], [ 6.214020048751669, 48.707942403645205 ] ] ] } },
{ "type": "Feature", "properties": { "population": 97.0, "couverture_min": 5 }, "geometry": { "type": "Polygon", "coordinates": [ [ [ 6.216733643012951, 48.708034731469304 ], [ 6.216597231099963, 48.709831136089008 ], [ 6.219310931932934, 48.709923401607981 ], [ 6.219447246442965, 48.708126993157343 ], [ 6.216733643012951, 48.708034731469304 ] ] ] } },
{ "type": "Feature", "properties": { "population": 34.5, "couverture_min": 5 }, "geometry": { "type": "Polygon", "coordinates": [ [ [ 6.219447246442965, 48.708126993157343 ], [ 6.219310931932934, 48.709923401607981 ], [ 6.222024641929407, 48.71001560098783 ], [ 6.222160859035206, 48.708219188708995 ], [ 6.219447246442965, 48.708126993157343 ] ] ] } },
{ "type": "Feature", "properties": { "population": 25.0, "couverture_min": 5 }, "geometry": { "type": "Polygon", "coordinates": [ [ [ 6.208456183647119, 48.709553942700801 ], [ 6.208319467068561, 48.711350334259841 ], [ 6.211033237779946, 48.711442802033595 ], [ 6.21116985695055, 48.709646406635038 ], [ 6.208456183647119, 48.709553942700801 ] ] ] } },
{ "type": "Feature", "properties": { "population": 47.5, "couverture_min": 5 }, "geometry": { "type": "Polygon", "coordinates": [ [ [ 6.21116985695055, 48.709646406635038 ], [ 6.211033237779946, 48.711442802033595 ], [ 6.213747017675627, 48.711535203666536 ], [ 6.213883539436999, 48.709738804431247 ], [ 6.21116985695055, 48.709646406635038 ] ] ] } },
{ "type": "Feature", "properties": { "population": 42.0, "couverture_min": 10 }, "geometry": { "type": "Polygon", "coordinates": [ [ [ 6.213883539436999, 48.709738804431247 ], [ 6.213747017675627, 48.711535203666536 ], [ 6.216460806749103, 48.711627539158336 ], [ 6.216597231099963, 48.709831136089008 ], [ 6.213883539436999, 48.709738804431247 ] ] ] } },
{ "type": "Feature", "properties": { "population": 133.0, "couverture_min": 5 }, "geometry": { "type": "Polygon", "coordinates": [ [ [ 6.216597231099963, 48.709831136089008 ], [ 6.216460806749103, 48.711627539158336 ], [ 6.21917460499386, 48.711719808508633 ], [ 6.219310931932934, 48.709923401607981 ], [ 6.216597231099963, 48.709831136089008 ] ] ] } },
{ "type": "Feature", "properties": { "population": 128.0, "couverture_min": 5 }, "geometry": { "type": "Polygon", "coordinates": [ [ [ 6.219310931932934, 48.709923401607981 ], [ 6.21917460499386, 48.711719808508633 ], [ 6.221888412403396, 48.711812011717029 ], [ 6.222024641929407, 48.71001560098783 ], [ 6.219310931932934, 48.709923401607981 ] ] ] } },
{ "type": "Feature", "properties": { "population": 15.0, "couverture_min": 5 }, "geometry": { "type": "Polygon", "coordinates": [ [ [ 6.208319467068561, 48.711350334259841 ], [ 6.20818273802402, 48.713146724267929 ], [ 6.210896606152188, 48.713239195881492 ], [ 6.211033237779946, 48.711442802033595 ], [ 6.208319467068561, 48.711350334259841 ] ] ] } },
{ "type": "Feature", "properties": { "population": 35.0, "couverture_min": 5 }, "geometry": { "type": "Polygon", "coordinates": [ [ [ 6.211033237779946, 48.711442802033595 ], [ 6.210896606152188, 48.713239195881492 ], [ 6.213610483465934, 48.713331601351541 ], [ 6.213747017675627, 48.711535203666536 ], [ 6.211033237779946, 48.711442802033595 ] ] ] } },
{ "type": "Feature", "properties": { "population": 77.0, "couverture_min": 10 }, "geometry": { "type": "Polygon", "coordinates": [ [ [ 6.213747017675627, 48.711535203666536 ], [ 6.213610483465934, 48.713331601351541 ], [ 6.216324369958747, 48.713423940677728 ], [ 6.216460806749103, 48.711627539158336 ], [ 6.213747017675627, 48.711535203666536 ] ] ] } },
{ "type": "Feature", "properties": { "population": 69.0, "couverture_min": 5 }, "geometry": { "type": "Polygon", "coordinates": [ [ [ 6.216460806749103, 48.711627539158336 ], [ 6.216324369958747, 48.713423940677728 ], [ 6.219038265624126, 48.713516213859663 ], [ 6.21917460499386, 48.711719808508633 ], [ 6.216460806749103, 48.711627539158336 ] ] ] } },
{ "type": "Feature", "properties": { "population": 47.0, "couverture_min": 10 }, "geometry": { "type": "Polygon", "coordinates": [ [ [ 6.210896606152188, 48.713239195881492 ], [ 6.210759962065655, 48.715035588179177 ], [ 6.213473936806296, 48.715127997486697 ], [ 6.213610483465934, 48.713331601351541 ], [ 6.210896606152188, 48.713239195881492 ] ] ] } },
{ "type": "Feature", "properties": { "population": 39.0, "couverture_min": 10 }, "geometry": { "type": "Polygon", "coordinates": [ [ [ 6.213610483465934, 48.713331601351541 ], [ 6.213473936806296, 48.715127997486697 ], [ 6.216187920727283, 48.715220340647619 ], [ 6.216324369958747, 48.713423940677728 ], [ 6.213610483465934, 48.713331601351541 ] ] ] } },
{ "type": "Feature", "properties": { "population": 57.0, "couverture_min": 10 }, "geometry": { "type": "Polygon", "coordinates": [ [ [ 6.216324369958747, 48.713423940677728 ], [ 6.216187920727283, 48.715220340647619 ], [ 6.218901913822114, 48.71531261766156 ], [ 6.219038265624126, 48.713516213859663 ], [ 6.216324369958747, 48.713423940677728 ] ] ] } },
{ "type": "Feature", "properties": { "population": 4.0, "couverture_min": 10 }, "geometry": { "type": "Polygon", "coordinates": [ [ [ 6.210759962065655, 48.715035588179177 ], [ 6.210623305518723, 48.716831978926997 ], [ 6.213337377695094, 48.716924392072372 ], [ 6.213473936806296, 48.715127997486697 ], [ 6.210759962065655, 48.715035588179177 ] ] ] } },
{ "type": "Feature", "properties": { "population": 54.0, "couverture_min": 10 }, "geometry": { "type": "Polygon", "coordinates": [ [ [ 6.213473936806296, 48.715127997486697 ], [ 6.213337377695094, 48.716924392072372 ], [ 6.21605145905309, 48.717016739068377 ], [ 6.216187920727283, 48.715220340647619 ], [ 6.213473936806296, 48.715127997486697 ] ] ] } },
{ "type": "Feature", "properties": { "population": 31.0, "couverture_min": 5 }, "geometry": { "type": "Polygon", "coordinates": [ [ [ 6.216187920727283, 48.715220340647619 ], [ 6.21605145905309, 48.717016739068377 ], [ 6.218765549586204, 48.717109019914709 ], [ 6.218901913822114, 48.71531261766156 ], [ 6.216187920727283, 48.715220340647619 ] ] ] } },
{ "type": "Feature", "properties": { "population": 144.0, "couverture_min": 5 }, "geometry": { "type": "Polygon", "coordinates": [ [ [ 6.21917460499386, 48.711719808508633 ], [ 6.219038265624126, 48.713516213859663 ], [ 6.221752170455558, 48.713608420896996 ], [ 6.221888412403396, 48.711812011717029 ], [ 6.21917460499386, 48.711719808508633 ] ] ] } },
{ "type": "Feature", "properties": { "population": 28.0, "couverture_min": 10 }, "geometry": { "type": "Polygon", "coordinates": [ [ [ 6.21605145905309, 48.717016739068377 ], [ 6.215914984934547, 48.718813135940493 ], [ 6.218629172914781, 48.718905420619549 ], [ 6.218765549586204, 48.717109019914709 ], [ 6.21605145905309, 48.717016739068377 ] ] ] } },
{ "type": "Feature", "properties": { "population": 21.0, "couverture_min": 10 }, "geometry": { "type": "Polygon", "coordinates": [ [ [ 6.218765549586204, 48.717109019914709 ], [ 6.218629172914781, 48.718905420619549 ], [ 6.221343370064903, 48.718997639145805 ], [ 6.221479649287927, 48.717201234610975 ], [ 6.218765549586204, 48.717109019914709 ] ] ] } },
{ "type": "Feature", "properties": { "population": 5.0, "couverture_min": 15 }, "geometry": { "type": "Polygon", "coordinates": [ [ [ 6.215914984934547, 48.718813135940493 ], [ 6.215778498370033, 48.720609531264301 ], [ 6.218492783806226, 48.720701819776451 ], [ 6.218629172914781, 48.718905420619549 ], [ 6.215914984934547, 48.718813135940493 ] ] ] } },
{ "type": "Feature", "properties": { "population": 4.0, "couverture_min": 10 }, "geometry": { "type": "Polygon", "coordinates": [ [ [ 6.218629172914781, 48.718905420619549 ], [ 6.218492783806226, 48.720701819776451 ], [ 6.221207078413579, 48.7207940421331 ], [ 6.221343370064903, 48.718997639145805 ], [ 6.218629172914781, 48.718905420619549 ] ] ] } },
{ "type": "Feature", "properties": { "population": 93.0, "couverture_min": 5 }, "geometry": { "type": "Polygon", "coordinates": [ [ [ 6.219038265624126, 48.713516213859663 ], [ 6.218901913822114, 48.71531261766156 ], [ 6.221615916084273, 48.715404828528186 ], [ 6.221752170455558, 48.713608420896996 ], [ 6.219038265624126, 48.713516213859663 ] ] ] } },
{ "type": "Feature", "properties": { "population": 79.0, "couverture_min": 5 }, "geometry": { "type": "Polygon", "coordinates": [ [ [ 6.218901913822114, 48.71531261766156 ], [ 6.218765549586204, 48.717109019914709 ], [ 6.221479649287927, 48.717201234610975 ], [ 6.221615916084273, 48.715404828528186 ], [ 6.218901913822114, 48.71531261766156 ] ] ] } },
{ "type": "Feature", "properties": { "population": 2.0, "couverture_min": 5 }, "geometry": { "type": "Polygon", "coordinates": [ [ [ 6.221479649287927, 48.717201234610975 ], [ 6.221343370064903, 48.718997639145805 ], [ 6.224057576378395, 48.71908979151894 ], [ 6.224193758151748, 48.717293383156829 ], [ 6.221479649287927, 48.717201234610975 ] ] ] } },
{ "type": "Feature", "properties": { "population": 285.0, "couverture_min": 5 }, "geometry": { "type": "Polygon", "coordinates": [ [ [ 6.219719838182366, 48.704534171604479 ], [ 6.21958354852557, 48.706330583156344 ], [ 6.222297063722406, 48.706422774880131 ], [ 6.222433255992629, 48.704626359500807 ], [ 6.219719838182366, 48.704534171604479 ] ] ] } },
{ "type": "Feature", "properties": { "population": 62.0, "couverture_min": 5 }, "geometry": { "type": "Polygon", "coordinates": [ [ [ 6.177917319694572, 48.717514204593051 ], [ 6.177779468881277, 48.719310545966856 ], [ 6.180493625237616, 48.719403760618349 ], [ 6.180631378612928, 48.717607415373188 ], [ 6.177917319694572, 48.717514204593051 ] ] ] } },
{ "type": "Feature", "properties": { "population": 101.5, "couverture_min": 5 }, "geometry": { "type": "Polygon", "coordinates": [ [ [ 6.180631378612928, 48.717607415373188 ], [ 6.180493625237616, 48.719403760618349 ], [ 6.183207790856252, 48.719496909119336 ], [ 6.183345446792297, 48.717700560005639 ], [ 6.180631378612928, 48.717607415373188 ] ] ] } },
{ "type": "Feature", "properties": { "population": 50.0, "couverture_min": 5 }, "geometry": { "type": "Polygon", "coordinates": [ [ [ 6.183345446792297, 48.717700560005639 ], [ 6.183207790856252, 48.719496909119336 ], [ 6.185921965730683, 48.719589991469547 ], [ 6.186059524226166, 48.717793638489979 ], [ 6.183345446792297, 48.717700560005639 ] ] ] } },
{ "type": "Feature", "properties": { "population": 155.0, "couverture_min": 10 }, "geometry": { "type": "Polygon", "coordinates": [ [ [ 6.177779468881277, 48.719310545966856 ], [ 6.177641605496697, 48.721106885787755 ], [ 6.180355859299846, 48.721200104310896 ], [ 6.180493625237616, 48.719403760618349 ], [ 6.177779468881277, 48.719310545966856 ] ] ] } },
{ "type": "Feature", "properties": { "population": 111.0, "couverture_min": 5 }, "geometry": { "type": "Polygon", "coordinates": [ [ [ 6.180493625237616, 48.719403760618349 ], [ 6.180355859299846, 48.721200104310896 ], [ 6.18307012236659, 48.721293256680859 ], [ 6.183207790856252, 48.719496909119336 ], [ 6.180493625237616, 48.719403760618349 ] ] ] } },
{ "type": "Feature", "properties": { "population": 69.0, "couverture_min": 5 }, "geometry": { "type": "Polygon", "coordinates": [ [ [ 6.183207790856252, 48.719496909119336 ], [ 6.18307012236659, 48.721293256680859 ], [ 6.185784394690416, 48.72138634289729 ], [ 6.185921965730683, 48.719589991469547 ], [ 6.183207790856252, 48.719496909119336 ] ] ] } },
{ "type": "Feature", "properties": { "population": 11.5, "couverture_min": 5 }, "geometry": { "type": "Polygon", "coordinates": [ [ [ 6.174927360963642, 48.721013601111785 ], [ 6.174789387551778, 48.722809935505381 ], [ 6.177503729539189, 48.722903224056118 ], [ 6.177641605496697, 48.721106885787755 ], [ 6.174927360963642, 48.721013601111785 ] ] ] } },
{ "type": "Feature", "properties": { "population": 121.0, "couverture_min": 5 }, "geometry": { "type": "Polygon", "coordinates": [ [ [ 6.177641605496697, 48.721106885787755 ], [ 6.177503729539189, 48.722903224056118 ], [ 6.180218080797991, 48.722996446451297 ], [ 6.180355859299846, 48.721200104310896 ], [ 6.177641605496697, 48.721106885787755 ] ] ] } },
{ "type": "Feature", "properties": { "population": 68.0, "couverture_min": 5 }, "geometry": { "type": "Polygon", "coordinates": [ [ [ 6.180355859299846, 48.721200104310896 ], [ 6.180218080797991, 48.722996446451297 ], [ 6.182932441321675, 48.723089602690592 ], [ 6.18307012236659, 48.721293256680859 ], [ 6.180355859299846, 48.721200104310896 ] ] ] } },
{ "type": "Feature", "properties": { "population": 15.0, "couverture_min": 5 }, "geometry": { "type": "Polygon", "coordinates": [ [ [ 6.174789387551778, 48.722809935505381 ], [ 6.174651401556514, 48.724606268346513 ], [ 6.177365841007121, 48.724699560772414 ], [ 6.177503729539189, 48.722903224056118 ], [ 6.174789387551778, 48.722809935505381 ] ] ] } },
{ "type": "Feature", "properties": { "population": 65.0, "couverture_min": 5 }, "geometry": { "type": "Polygon", "coordinates": [ [ [ 6.177503729539189, 48.722903224056118 ], [ 6.177365841007121, 48.724699560772414 ], [ 6.180080289730411, 48.724792787040002 ], [ 6.180218080797991, 48.722996446451297 ], [ 6.177503729539189, 48.722903224056118 ] ] ] } },
{ "type": "Feature", "properties": { "population": 69.0, "couverture_min": 5 }, "geometry": { "type": "Polygon", "coordinates": [ [ [ 6.180218080797991, 48.722996446451297 ], [ 6.180080289730411, 48.724792787040002 ], [ 6.182794747719874, 48.724885947148955 ], [ 6.182932441321675, 48.723089602690592 ], [ 6.180218080797991, 48.722996446451297 ] ] ] } },
{ "type": "Feature", "properties": { "population": 4.0, "couverture_min": 10 }, "geometry": { "type": "Polygon", "coordinates": [ [ [ 6.182932441321675, 48.723089602690592 ], [ 6.182794747719874, 48.724885947148955 ], [ 6.185509214968998, 48.724979041098884 ], [ 6.18564681110373, 48.723182692773591 ], [ 6.182932441321675, 48.723089602690592 ] ] ] } },
{ "type": "Feature", "properties": { "population": 10.0, "couverture_min": 5 }, "geometry": { "type": "Polygon", "coordinates": [ [ [ 6.177365841007121, 48.724699560772414 ], [ 6.177227939898857, 48.726495895936999 ], [ 6.179942486095473, 48.726589126077364 ], [ 6.180080289730411, 48.724792787040002 ], [ 6.177365841007121, 48.724699560772414 ] ] ] } },
{ "type": "Feature", "properties": { "population": 38.5, "couverture_min": 5 }, "geometry": { "type": "Polygon", "coordinates": [ [ [ 6.180080289730411, 48.724792787040002 ], [ 6.179942486095473, 48.726589126077364 ], [ 6.182657041559549, 48.72668229005636 ], [ 6.182794747719874, 48.724885947148955 ], [ 6.180080289730411, 48.724792787040002 ] ] ] } },
{ "type": "Feature", "properties": { "population": 29.0, "couverture_min": 5 }, "geometry": { "type": "Polygon", "coordinates": [ [ [ 6.179528999770134, 48.731978133885733 ], [ 6.179391145849392, 48.733774466721989 ], [ 6.182106091300332, 48.733867646184798 ], [ 6.182243847711094, 48.732071309477028 ], [ 6.179528999770134, 48.731978133885733 ] ] ] } },
{ "type": "Feature", "properties": { "population": 5.0, "couverture_min": 15 }, "geometry": { "type": "Polygon", "coordinates": [ [ [ 6.181692746661299, 48.739256647016489 ], [ 6.181554939973916, 48.741052977531282 ], [ 6.184270284824489, 48.741146106300135 ], [ 6.184407993965221, 48.739349771915165 ], [ 6.181692746661299, 48.739256647016489 ] ] ] } },
{ "type": "Feature", "properties": { "population": 4.0, "couverture_min": null }, "geometry": { "type": "Polygon", "coordinates": [ [ [ 6.171522645443814, 48.729901887339729 ], [ 6.171384511601325, 48.731698210095857 ], [ 6.174099331708731, 48.73179158419476 ], [ 6.174237368053966, 48.729995257559324 ], [ 6.171522645443814, 48.729901887339729 ] ] ] } },
{ "type": "Feature", "properties": { "population": 149.0, "couverture_min": null }, "geometry": { "type": "Polygon", "coordinates": [ [ [ 6.168669700784795, 48.731604769828479 ], [ 6.168531456837065, 48.733401087151421 ], [ 6.171246365158403, 48.733494531301218 ], [ 6.171384511601325, 48.731698210095857 ], [ 6.168669700784795, 48.731604769828479 ] ] ] } },
{ "type": "Feature", "properties": { "population": 90.0, "couverture_min": null }, "geometry": { "type": "Polygon", "coordinates": [ [ [ 6.168531456837065, 48.733401087151421 ], [ 6.168393200278427, 48.735197402923674 ], [ 6.171108206113411, 48.735290850956261 ], [ 6.171246365158403, 48.733494531301218 ], [ 6.168531456837065, 48.733401087151421 ] ] ] } },
{ "type": "Feature", "properties": { "population": 3.0, "couverture_min": 10 }, "geometry": { "type": "Polygon", "coordinates": [ [ [ 6.184821046017383, 48.73396075947494 ], [ 6.184683374560032, 48.735757098502972 ], [ 6.18739843605808, 48.735850149486495 ], [ 6.18753600999403, 48.73405380659208 ], [ 6.184821046017383, 48.73396075947494 ] ] ] } },
{ "type": "Feature", "properties": { "population": 10.0, "couverture_min": 10 }, "geometry": { "type": "Polygon", "coordinates": [ [ [ 6.185096351260153, 48.730368076772962 ], [ 6.184958704916879, 48.732164418898414 ], [ 6.187673571380967, 48.732257462149498 ], [ 6.187811120220526, 48.730461116158388 ], [ 6.185096351260153, 48.730368076772962 ] ] ] } },
{ "type": "Feature", "properties": { "population": 15.0, "couverture_min": 10 }, "geometry": { "type": "Polygon", "coordinates": [ [ [ 6.185233985048841, 48.728571733098178 ], [ 6.185096351260153, 48.730368076772962 ], [ 6.187811120220526, 48.730461116158388 ], [ 6.187948656514341, 48.72866476861828 ], [ 6.185233985048841, 48.728571733098178 ] ] ] } },
{ "type": "Feature", "properties": { "population": 7.0, "couverture_min": 10 }, "geometry": { "type": "Polygon", "coordinates": [ [ [ 6.185371606284579, 48.726775387873623 ], [ 6.185233985048841, 48.728571733098178 ], [ 6.187948656514341, 48.72866476861828 ], [ 6.188086180264043, 48.726868419528799 ], [ 6.185371606284579, 48.726775387873623 ] ] ] } }
]
}
