{
"type": "FeatureCollection",
"name": "isochrones_15",
"crs": { "type": "name", "properties": { "name": "urn:ogc:def:crs:OGC:1.3:CRS84" } },
"features": [
{ "type": "Feature", "properties": { "threshold_min": 15 }, "geometry": { "type": "MultiPolygon", "coordinates": [ [ [ [ 6.107817543654835, 48.648551836511423 ], [ 6.107728975457023, 48.648582474990491 ], [ 6.107645365785151, 48.648618718207388 ], [ 6.107567519831223, 48.64866021713086 ], [ 6.107535859390367, 48.648680791475336 ], [ 6.107501855564763, 48.648661930346201 ], [ 6.107419326251358, 48.648624615698132 ], [ 6.10733167471739, 48.648592840776772 ], [ 6.107239745075066, 48.648566911582094 ], [ 6.107144422631405, 48.648547077817931 ], [ 6.10704662536325, 48.648533530487576 ], [ 6.106947295077801, 48.648526400054514 ], [ 6.106847388343812, 48.648525755186213 ], [ 6.106747867280702, 48.648531602092866 ], [ 6.106649690294233, 48.648543884467642 ], [ 6.106553802847956, 48.64856248402883 ], [ 6.106461128359185, 48.648587221658836 ], [ 6.106372559307205, 48.648617859128876 ], [ 6.10628894863922, 48.648654101392992 ], [ 6.106211101556823, 48.648695599429161 ], [ 6.106139767762039, 48.648741953600044 ], [ 6.10607563423758, 48.648792717501394 ], [ 6.106019318630866, 48.648847402260635 ], [ 6.105971363305487, 48.648905481244583 ], [ 6.105932230117421, 48.648966395130749 ], [ 6.105902295966345, 48.649029557293595 ], [ 6.105881849164902, 48.649094359453649 ], [ 6.10587108666092, 48.6491601775354 ], [ 6.105870112139384, 48.649226377677245 ], [ 6.105878935022526, 48.649292322335889 ], [ 6.105897470377627, 48.649357376426117 ], [ 6.105925539733597, 48.649420913437218 ], [ 6.105962872798397, 48.649482321466728 ], [ 6.106009110060911, 48.649541009113584 ], [ 6.106063806252211, 48.649596411174031 ], [ 6.106126434632925, 48.649647994085207 ], [ 6.106157484739672, 48.64966897321198 ], [ 6.106129019037261, 48.649691504409645 ], [ 6.106072702518935, 48.649746189153092 ], [ 6.106024746429018, 48.649804268114941 ], [ 6.105985612630858, 48.649865181972928 ], [ 6.105955678030004, 48.649928344101774 ], [ 6.105935230943433, 48.64999314622235 ], [ 6.10592446832172, 48.650058964259522 ], [ 6.105923493850988, 48.650125164352133 ], [ 6.105932316952974, 48.650191108957323 ], [ 6.10595085269286, 48.650256162990431 ], [ 6.105978922595848, 48.650319699941271 ], [ 6.106016256364632, 48.650381107907975 ], [ 6.106062494481318, 48.650439795490051 ], [ 6.106117191668753, 48.650495197484425 ], [ 6.106179821177969, 48.650546780328817 ], [ 6.106210871839522, 48.650567759425932 ], [ 6.1061824056711, 48.650590290619441 ], [ 6.106126088241129, 48.650644975347056 ], [ 6.106078131386654, 48.65070305428678 ], [ 6.106038996978379, 48.650763968116586 ], [ 6.106009061927734, 48.650827130211418 ], [ 6.105988614556028, 48.650891932292524 ], [ 6.105977851816583, 48.650957750285102 ], [ 6.105976877396656, 48.651023950328458 ], [ 6.1059857007175, 48.65108989488018 ], [ 6.106004236842185, 48.651154948856139 ], [ 6.106032307292212, 48.65121848574671 ], [ 6.106069641765007, 48.651279893650553 ], [ 6.106096116639013, 48.651313496160725 ], [ 6.106043478405872, 48.651298649468664 ], [ 6.105948151438663, 48.651278814792853 ], [ 6.105850349374007, 48.651265266511651 ], [ 6.105751014065298, 48.651258135097727 ], [ 6.105651102129662, 48.651257489227959 ], [ 6.105551575736606, 48.651263335122209 ], [ 6.105453393343224, 48.651275616483396 ], [ 6.105357500465127, 48.651294215039556 ], [ 6.105264820571944, 48.651318951682761 ], [ 6.105176246194998, 48.651349588193774 ], [ 6.105092630332775, 48.651385829535855 ], [ 6.105014778236891, 48.651427326695831 ], [ 6.104983115117738, 48.65144790031453 ], [ 6.104949110413953, 48.651429038500545 ], [ 6.104866578556345, 48.65139172217085 ], [ 6.104778923936983, 48.6513599454453 ], [ 6.104686990697785, 48.651334014341259 ], [ 6.104591664180411, 48.651314178580982 ], [ 6.104493862400934, 48.651300629186963 ], [ 6.104394527209996, 48.651293496642545 ], [ 6.104294615223592, 48.651292849635581 ], [ 6.10419508861172, 48.6512986943968 ], [ 6.104096905833576, 48.651310974640062 ], [ 6.104001012408481, 48.651329572104174 ], [ 6.103908331811328, 48.65135430769174 ], [ 6.103857616612116, 48.651371848562626 ], [ 6.103880025389744, 48.651336971772857 ], [ 6.103909963302355, 48.651273810239729 ], [ 6.103930413397892, 48.651209008535993 ], [ 6.103941178764707, 48.651143190742147 ], [ 6.103942155762632, 48.651076990722068 ], [ 6.103933335019694, 48.65101104601834 ], [ 6.10391480152095, 48.65094599171249 ], [ 6.103886733788628, 48.650882454308714 ], [ 6.103849402161546, 48.650821045700631 ], [ 6.10380316619039, 48.65076235727858 ], [ 6.103748471174025, 48.650706954234515 ], [ 6.103685843870202, 48.650655370119274 ], [ 6.103615887422035, 48.65060810170462 ], [ 6.103539275549085, 48.650565604199464 ], [ 6.103456746059052, 48.650528286866503 ], [ 6.103369093742532, 48.65049650908108 ], [ 6.103277162719268, 48.650470576870781 ], [ 6.103181838309582, 48.650450739968484 ], [ 6.103084038509247, 48.650437189407675 ], [ 6.102984705149852, 48.650430055683003 ], [ 6.102884794829753, 48.650429407493604 ], [ 6.102785269702898, 48.650435251081639 ], [ 6.102687088214187, 48.650447530172251 ], [ 6.102591195870522, 48.650466126515369 ], [ 6.102498516136381, 48.650490861024352 ], [ 6.102409941541558, 48.65052149550052 ], [ 6.102326325086632, 48.650557734926728 ], [ 6.102248472028926, 48.650599230308259 ], [ 6.102177132128004, 48.650645582033377 ], [ 6.102112992425382, 48.650696343721364 ], [ 6.102056670627974, 48.650751026520958 ], [ 6.102008709158985, 48.65080910381787 ], [ 6.101969569933563, 48.650870016305845 ], [ 6.101939629909525, 48.650933177372799 ], [ 6.101919177456071, 48.650997978749857 ], [ 6.101908409575464, 48.651063796368994 ], [ 6.101907430004474, 48.651129996373108 ], [ 6.101916248213958, 48.651195941220216 ], [ 6.101934779316216, 48.651260995823279 ], [ 6.101962844881116, 48.651324533666667 ], [ 6.102000174653135, 48.651385942839873 ], [ 6.102026646967092, 48.651419546251041 ], [ 6.101974009782142, 48.651404697762864 ], [ 6.101878684164613, 48.651384859833669 ], [ 6.101780882955665, 48.651371308214003 ], [ 6.101681548000447, 48.651364173408652 ], [ 6.101581635912688, 48.651363524127227 ], [ 6.101482108863354, 48.65136936662239 ], [ 6.101383925315861, 48.651381644629787 ], [ 6.101288030796934, 48.651400239909798 ], [ 6.101195348792001, 48.651424973386 ], [ 6.101106771852722, 48.651455606869661 ], [ 6.101023153002252, 48.651491845353242 ], [ 6.100945297520981, 48.651533339851028 ], [ 6.100873955191816, 48.65157969075986 ], [ 6.100809813079654, 48.651630451706836 ], [ 6.100753488914616, 48.651685133847856 ], [ 6.100705525142706, 48.651743210574942 ], [ 6.100666383701247, 48.6518041225874 ], [ 6.100636441569402, 48.651867283277639 ], [ 6.100615987136671, 48.651932084380448 ], [ 6.100605217424378, 48.651997901830455 ], [ 6.100604236186932, 48.65206410177219 ], [ 6.100613052911243, 48.652130046664219 ], [ 6.100631582723916, 48.652195101419139 ], [ 6.100659647207237, 48.652258639519836 ], [ 6.100696976116103, 48.652320049053301 ], [ 6.100723448065688, 48.652353652727733 ], [ 6.10067081031079, 48.652338803675548 ], [ 6.100575483485446, 48.652318964719427 ], [ 6.100477680867897, 48.652305412040853 ], [ 6.100378344316861, 48.652298276154838 ], [ 6.100278430461432, 48.652297625781344 ], [ 6.100178901489602, 48.652303467183586 ], [ 6.100080715883295, 48.652315744107717 ], [ 6.099984819189065, 48.652334338324543 ], [ 6.099892134913286, 48.65235907076795 ], [ 6.099841417393622, 48.652376609914967 ], [ 6.099863829278907, 48.652341733909701 ], [ 6.099893772615012, 48.652278573438615 ], [ 6.099914228077737, 48.652213772478532 ], [ 6.099924998703746, 48.652147955102834 ], [ 6.099925980802221, 48.652081755171345 ], [ 6.09991716495207, 48.652015810225826 ], [ 6.099898636091233, 48.651950755350065 ], [ 6.099870572697273, 48.651887217053826 ], [ 6.099833245067232, 48.651825807239305 ], [ 6.099787012713304, 48.651767117308431 ], [ 6.099732320899525, 48.651711712467694 ], [ 6.099669696352805, 48.651660126285272 ], [ 6.099638647665965, 48.651639145503047 ], [ 6.099667117223038, 48.651616615892429 ], [ 6.099723442449752, 48.651561934261736 ], [ 6.099771407145632, 48.651503857921099 ], [ 6.099810549404421, 48.651442946187323 ], [ 6.099840492290451, 48.651379785682174 ], [ 6.099860947467764, 48.651314984682571 ], [ 6.099871717975772, 48.651249167262264 ], [ 6.099872700124792, 48.651182967281486 ], [ 6.099863884493245, 48.651117022282492 ], [ 6.09984535601696, 48.651051967349602 ], [ 6.099817293169803, 48.650988428993102 ], [ 6.099779966243541, 48.650927019115763 ], [ 6.099733734743597, 48.650868329120144 ], [ 6.099679043925774, 48.650812924213362 ], [ 6.099616420507398, 48.650761337964191 ], [ 6.099546467594163, 48.650714067164941 ], [ 6.099469858871593, 48.650671567047524 ], [ 6.09938733211705, 48.650634246899742 ], [ 6.099299682094789, 48.65060246612407 ], [ 6.099207752902462, 48.650576530776881 ], [ 6.099112429842764, 48.650556690621279 ], [ 6.099014630898465, 48.650543136722092 ], [ 6.09891529789291, 48.650535999606063 ], [ 6.098815387421052, 48.650535348005029 ], [ 6.0987158616383, 48.650541188194019 ], [ 6.098617678995867, 48.650553463930883 ], [ 6.098521785011766, 48.650572056997845 ], [ 6.098429103166272, 48.650596788339847 ], [ 6.098340526009508, 48.650627419788648 ], [ 6.098256906566724, 48.650663656356315 ], [ 6.098179050124013, 48.650705149075641 ], [ 6.098147384754009, 48.650725720890513 ], [ 6.098113382984097, 48.650706857114741 ], [ 6.098030857141485, 48.650669536028687 ], [ 6.097943207884086, 48.650637754256302 ], [ 6.097851279302184, 48.650611817863492 ], [ 6.097755956692596, 48.65059197662346 ], [ 6.097658158033759, 48.650578421611478 ], [ 6.097558825146271, 48.650571283365018 ], [ 6.097458914623944, 48.650570630626774 ], [ 6.097359388622674, 48.65057646968274 ], [ 6.097261205595782, 48.650588744301672 ], [ 6.097165311064979, 48.650607336276586 ], [ 6.097072628515807, 48.650632066562878 ], [ 6.096984050505163, 48.650662697002552 ], [ 6.09690043006652, 48.650698932617352 ], [ 6.09682257249556, 48.650740424449239 ], [ 6.096751227595308, 48.650786772920682 ], [ 6.096687082455422, 48.650837531682271 ], [ 6.096630754835173, 48.650892211910964 ], [ 6.096582787213843, 48.65095028701721 ], [ 6.09654364156582, 48.651011197715846 ], [ 6.096513694910772, 48.651074357412035 ], [ 6.096493235681761, 48.651139157850075 ], [ 6.096482460946296, 48.651204974971051 ], [ 6.096481474507163, 48.651271174922591 ], [ 6.096490285901367, 48.651337120163255 ], [ 6.096508810306838, 48.651402175602222 ], [ 6.096536869357941, 48.651465714715783 ], [ 6.09657419286189, 48.651527125581218 ], [ 6.096600661762221, 48.65156073019363 ], [ 6.096548025975287, 48.651545879310675 ], [ 6.096452702158139, 48.651526037043681 ], [ 6.096354902090952, 48.651512480972769 ], [ 6.096255567607884, 48.651505341645574 ], [ 6.096155655318117, 48.651504687815233 ], [ 6.096056127394562, 48.651510525778221 ], [ 6.095957942309053, 48.651522799313852 ], [ 6.095862045603127, 48.651541390225546 ], [ 6.095769360783268, 48.651566119478971 ], [ 6.095680780428243, 48.651596748926046 ], [ 6.095597157594097, 48.651632983598077 ], [ 6.095519297599584, 48.651674474546127 ], [ 6.095447950271065, 48.651720822201163 ], [ 6.095383802721584, 48.651771580221641 ], [ 6.095327472733617, 48.651826259791655 ], [ 6.095279502809246, 48.651884334327974 ], [ 6.095240354945038, 48.65194524455098 ], [ 6.095210406182008, 48.652008403870369 ], [ 6.095189944973514, 48.652073204034082 ], [ 6.095179168406133, 48.652139020985835 ], [ 6.095178180300294, 48.652205220874926 ], [ 6.095186990209051, 48.652271166160453 ], [ 6.095205513324646, 48.652336221751199 ], [ 6.095233571293869, 48.65239976112202 ], [ 6.095270893934346, 48.652461172347671 ], [ 6.09531712183537, 48.652519863996389 ], [ 6.095371809818175, 48.652575270825821 ], [ 6.095434431222453, 48.652626859227198 ], [ 6.095465478809424, 48.652647841087408 ], [ 6.095437006881884, 48.65267036967483 ], [ 6.095380675981804, 48.652725049228913 ], [ 6.095332705292394, 48.652783123743021 ], [ 6.095293556817587, 48.65284403393774 ], [ 6.095263607604279, 48.652907193223037 ], [ 6.095243146110166, 48.652971993347215 ], [ 6.095232369424577, 48.653037810254325 ], [ 6.095231381369081, 48.653104010094111 ], [ 6.095240191496248, 48.653169955326156 ], [ 6.095258714996218, 48.653235010859753 ], [ 6.095286773512078, 48.653298550170305 ], [ 6.095324096856197, 48.653359961333159 ], [ 6.095370325611085, 48.653418652917125 ], [ 6.09542501458976, 48.653474059680526 ], [ 6.095487637122319, 48.653525648015183 ], [ 6.095557590127486, 48.653572921085761 ], [ 6.095634199920315, 48.653615423615037 ], [ 6.095716728700111, 48.653652746268826 ], [ 6.095804381656107, 48.653684529598664 ], [ 6.095896314622443, 48.653710467503814 ], [ 6.095991642208714, 48.653730310179597 ], [ 6.096089446327751, 48.653743866523484 ], [ 6.09618878503847, 48.653751005975785 ], [ 6.096288701618579, 48.653751659777129 ], [ 6.09638823377974, 48.653745821630842 ], [ 6.096486422936344, 48.653733547763501 ], [ 6.096582323438624, 48.653714956383467 ], [ 6.096675011681103, 48.653690226542203 ], [ 6.096725731535729, 48.653672688761972 ], [ 6.096703316988335, 48.653707564138273 ], [ 6.096673368982627, 48.653770723732229 ], [ 6.096652908896934, 48.653835524051637 ], [ 6.096642133807023, 48.653901341038697 ], [ 6.096641147519096, 48.653967540842352 ], [ 6.096649959568701, 48.654033485922561 ], [ 6.096668485127469, 48.654098541190059 ], [ 6.096696545818656, 48.654162080122795 ], [ 6.096733871433683, 48.654223490799801 ], [ 6.096760341800775, 48.65425709530097 ], [ 6.096707703255685, 48.654242244522024 ], [ 6.096612374465008, 48.6542224024275 ], [ 6.096514569315856, 48.654208846518173 ], [ 6.096415229691326, 48.65420170734015 ], [ 6.096315312250107, 48.654201053645124 ], [ 6.096215779214724, 48.6542068917283 ], [ 6.096117589106234, 48.654219165367778 ], [ 6.096021687514543, 48.65423775636603 ], [ 6.095928997993185, 48.654262485687866 ], [ 6.095840413166204, 48.654293115184551 ], [ 6.09575678613271, 48.654329349886908 ], [ 6.095678922251897, 48.654370840845722 ], [ 6.095607571387552, 48.65441718849182 ], [ 6.095543420686771, 48.654467946483791 ], [ 6.095487087962382, 48.654522626005978 ], [ 6.095439115742818, 48.65458070047562 ], [ 6.095399966046755, 48.654641610613716 ], [ 6.095370015932851, 48.654704769830815 ], [ 6.095349553867478, 48.654769569875832 ], [ 6.095338776945468, 48.65483538669362 ], [ 6.09533778899067, 48.654901586434747 ], [ 6.095346599554685, 48.654967531559784 ], [ 6.095365123823451, 48.655032586979047 ], [ 6.095393183432654, 48.655096126169006 ], [ 6.095430508184132, 48.655157537206193 ], [ 6.095476738646846, 48.655216228660628 ], [ 6.095531429617365, 48.655271635291882 ], [ 6.095594054406607, 48.655323223493049 ], [ 6.095625103657818, 48.655344205264349 ], [ 6.095596630331548, 48.655366733839102 ], [ 6.095540296694957, 48.655421413345309 ], [ 6.095492323710283, 48.655479487792704 ], [ 6.095453173403564, 48.655540397902456 ], [ 6.095423222839342, 48.655603557085428 ], [ 6.095402760488327, 48.655668357090853 ], [ 6.095391983448105, 48.655734173863941 ], [ 6.095390995543662, 48.655800373555728 ], [ 6.095399806326117, 48.65586631862724 ], [ 6.095418330979303, 48.655931373989297 ], [ 6.095446391135208, 48.655994913118938 ], [ 6.095483716590403, 48.656056324093271 ], [ 6.095529947907077, 48.656115015482932 ], [ 6.095584639873573, 48.656170422048085 ], [ 6.095647265791219, 48.656222010182482 ], [ 6.095678315597226, 48.656242991924138 ], [ 6.095649841804672, 48.656265520494664 ], [ 6.095593507255854, 48.656320199984904 ], [ 6.095545533506042, 48.65637827441001 ], [ 6.095506382588647, 48.65643918449144 ], [ 6.095476431574096, 48.656502343640277 ], [ 6.095455968937432, 48.656567143606075 ], [ 6.095445191778995, 48.656632960334463 ], [ 6.09544420392491, 48.656699159976881 ], [ 6.095453014925813, 48.656765104994854 ], [ 6.095471539963437, 48.656830160299684 ], [ 6.095499600666064, 48.656893699368979 ], [ 6.095536926825005, 48.65695511028045 ], [ 6.095583158995671, 48.657013801605302 ], [ 6.09563785195818, 48.657069208104339 ], [ 6.095700479004267, 48.657120796171967 ], [ 6.095770437009191, 48.657168068975388 ], [ 6.095847052239853, 48.657210571239979 ], [ 6.095929586843191, 48.657247893634093 ], [ 6.096017245952348, 48.657279676711752 ], [ 6.096109185342204, 48.65730561437465 ], [ 6.096204519560492, 48.657325456820466 ], [ 6.096302330456163, 48.657339012948874 ], [ 6.096401676022868, 48.657346152202237 ], [ 6.096501599472285, 48.657346805823138 ], [ 6.096601138449913, 48.65734096751661 ], [ 6.096699334304493, 48.657328693510792 ], [ 6.096795241321747, 48.657310102015373 ], [ 6.096887935833452, 48.65728537208291 ], [ 6.09693865910234, 48.657267834264829 ], [ 6.096916243156498, 48.657302709576221 ], [ 6.096886293349723, 48.657365869033676 ], [ 6.096865832121684, 48.65743066919466 ], [ 6.096855056559154, 48.657496486002948 ], [ 6.096854070472889, 48.657562685609165 ], [ 6.096862883396506, 48.657628630475202 ], [ 6.096881410493216, 48.657693685513856 ], [ 6.096909473371475, 48.657757224205263 ], [ 6.096946801801641, 48.657818634630779 ], [ 6.096993036317251, 48.657877325366286 ], [ 6.097047731675842, 48.657932731178292 ], [ 6.097110361146071, 48.657984318467776 ], [ 6.097141412584902, 48.658005299797289 ], [ 6.097112938463222, 48.658027828684105 ], [ 6.097056603545902, 48.658082508785185 ], [ 6.097008629804201, 48.658140583713489 ], [ 6.096969479271452, 48.658201494185633 ], [ 6.096939529014379, 48.658264653608896 ], [ 6.096919067500734, 48.658329453730246 ], [ 6.096908291820044, 48.658395270493784 ], [ 6.096907305784206, 48.658461470050618 ], [ 6.096916118926349, 48.65852741486308 ], [ 6.096934646407584, 48.658592469844464 ], [ 6.096962709832663, 48.658656008475496 ], [ 6.097000038966681, 48.658717418838108 ], [ 6.097046274336394, 48.658776109508771 ], [ 6.097100970691116, 48.658831515254612 ], [ 6.097163601289913, 48.658883102477283 ], [ 6.097233562973825, 48.658930374352146 ], [ 6.097310181974325, 48.658972875613451 ], [ 6.097392720402039, 48.659010196939278 ], [ 6.097480383353282, 48.659041978893924 ], [ 6.097572326565928, 48.659067915389898 ], [ 6.097667664550889, 48.659087756636097 ], [ 6.097765479120842, 48.659101311543765 ], [ 6.097864828234049, 48.659108449567043 ], [ 6.09796475506803, 48.659109101960304 ], [ 6.098064297235686, 48.659103262440468 ], [ 6.098162496055035, 48.659090987247303 ], [ 6.098258405783244, 48.659072394601949 ], [ 6.098351102725979, 48.659047663568089 ], [ 6.098401827213099, 48.659030125153222 ], [ 6.098379411487593, 48.659065000688301 ], [ 6.098349462438455, 48.659128160420146 ], [ 6.098329002333603, 48.659192960736647 ], [ 6.098318228248996, 48.659258777580014 ], [ 6.09831724398116, 48.65932497710061 ], [ 6.0983260590462, 48.65939092176108 ], [ 6.098344588586708, 48.659455976476224 ], [ 6.098372654187606, 48.659519514729297 ], [ 6.098409985593034, 48.659580924605883 ], [ 6.098456223307872, 48.659639614687137 ], [ 6.098510922058853, 48.659695019745868 ], [ 6.098573555081962, 48.659746606190318 ], [ 6.098604608153765, 48.659767587107659 ], [ 6.098576133702982, 48.659790116310766 ], [ 6.098519798417279, 48.659844797022657 ], [ 6.09847182468383, 48.659902872454133 ], [ 6.098432674535895, 48.659963783316918 ], [ 6.098402725036489, 48.660026943014586 ], [ 6.098382264646075, 48.660091743291403 ], [ 6.098371490443364, 48.66015756009002 ], [ 6.098370506226021, 48.66022375956117 ], [ 6.098379321509666, 48.660289704168015 ], [ 6.098397851434785, 48.660354758825868 ], [ 6.098425917582601, 48.660418297018552 ], [ 6.098463249691986, 48.66047970683217 ], [ 6.098509488261041, 48.660538396848551 ], [ 6.098564188008273, 48.660593801841095 ], [ 6.098626822160072, 48.660645388218668 ], [ 6.098657875786794, 48.660666369106337 ], [ 6.098629400869704, 48.660688898305168 ], [ 6.098573064671729, 48.66074357900105 ], [ 6.09852509017313, 48.660801654410207 ], [ 6.098485939414537, 48.660862565244592 ], [ 6.098455989464849, 48.66092572490804 ], [ 6.098435528788866, 48.660990525145181 ], [ 6.09842475446805, 48.661056341898998 ], [ 6.098423770301205, 48.661122541320701 ], [ 6.098432585803463, 48.661188485873915 ], [ 6.098451116113211, 48.661253540474455 ], [ 6.098479182807965, 48.6613170786067 ], [ 6.098516515621332, 48.661378488357357 ], [ 6.098562755044636, 48.661437178308837 ], [ 6.098617455788154, 48.661492583235173 ], [ 6.098680091068685, 48.661544169545884 ], [ 6.09871114525031, 48.661565150403838 ], [ 6.098682669866932, 48.661587679598398 ], [ 6.098626332756653, 48.661642360278222 ], [ 6.09857835749288, 48.661700435665047 ], [ 6.098539206123611, 48.661761346471003 ], [ 6.098509255723629, 48.661824506100238 ], [ 6.098488794762069, 48.661889306297674 ], [ 6.098478020323145, 48.661955123006692 ], [ 6.098477036206801, 48.662021322378919 ], [ 6.098485851927684, 48.662087266878473 ], [ 6.098504382622076, 48.662152321421701 ], [ 6.098532449863789, 48.662215859493493 ], [ 6.098569783381166, 48.662277269181189 ], [ 6.098616023658748, 48.66233595906774 ], [ 6.098670725398589, 48.662391363927846 ], [ 6.098733361807892, 48.66244295017168 ], [ 6.09880332967174, 48.662490220984026 ], [ 6.098879955162086, 48.662532721109386 ], [ 6.098962500327054, 48.662570041236748 ], [ 6.099050170198073, 48.662601821941983 ], [ 6.099142120446372, 48.662627757149615 ], [ 6.099237465515101, 48.662647597080962 ], [ 6.099335287148709, 48.662661150659922 ], [ 6.09943464323743, 48.662668287353412 ], [ 6.099534576891597, 48.662668938428652 ], [ 6.099634125658427, 48.662663097615216 ], [ 6.099732330792376, 48.662650821165379 ], [ 6.099828246489797, 48.662632227312351 ], [ 6.099920948998867, 48.662607495131425 ], [ 6.09997167641176, 48.662589956100831 ], [ 6.099949260207373, 48.662624831827081 ], [ 6.099919311015577, 48.662687991764827 ], [ 6.099898851463081, 48.662752792157342 ], [ 6.099888078620529, 48.662818608946132 ], [ 6.099887096272494, 48.662884808282037 ], [ 6.099895913916594, 48.662950752629513 ], [ 6.09991444667059, 48.663015806906387 ], [ 6.099942516088462, 48.663079344600121 ], [ 6.099979851877591, 48.663140753801656 ], [ 6.100026094500645, 48.663199443098684 ], [ 6.100080798637086, 48.663254847271546 ], [ 6.100143437471037, 48.663306432737038 ], [ 6.100213407764228, 48.663353702687431 ], [ 6.100290035665216, 48.663396201875557 ], [ 6.10037258319891, 48.663433520999398 ], [ 6.10046025537392, 48.663465300644511 ], [ 6.100552207839287, 48.663491234745607 ], [ 6.100647555016808, 48.663511073534686 ], [ 6.100745378630624, 48.663524625946643 ], [ 6.100844736551889, 48.663531761459609 ], [ 6.100944671873294, 48.663532411352207 ], [ 6.101044222125996, 48.663526569365395 ], [ 6.10114242855014, 48.663514291762723 ], [ 6.101238345329652, 48.66349569678853 ], [ 6.101331048702288, 48.663470963528894 ], [ 6.101419645857165, 48.663440330186774 ], [ 6.101503283534054, 48.663404091787633 ], [ 6.101581156241545, 48.663362597337823 ], [ 6.101612827911117, 48.663342024828268 ], [ 6.101646839156436, 48.663360887406014 ], [ 6.101729387602423, 48.663398205591385 ], [ 6.101817060542573, 48.663429984239492 ], [ 6.10190901361856, 48.663455917294741 ], [ 6.102004361246296, 48.663475754999119 ], [ 6.102102185145586, 48.663489306298004 ], [ 6.102201543184838, 48.663496440680269 ], [ 6.102301478455603, 48.663497089435388 ], [ 6.102401028489524, 48.663491246315274 ], [ 6.102499234528858, 48.663478967594436 ], [ 6.102595150761235, 48.663460371527925 ], [ 6.10268785342968, 48.663435637212388 ], [ 6.102776449730094, 48.663405002860934 ], [ 6.102860086410479, 48.663368763508714 ], [ 6.10293795798902, 48.663327268171308 ], [ 6.102969629103551, 48.663306695300655 ], [ 6.103003640815184, 48.663325557491817 ], [ 6.103086190173411, 48.663362874738695 ], [ 6.103173863878649, 48.663394652389833 ], [ 6.103265817565198, 48.663420584399191 ], [ 6.103361165643092, 48.66344042101889 ], [ 6.103458989827798, 48.66345397120471 ], [ 6.103558347984977, 48.66346110445626 ], [ 6.10365828320504, 48.663461752073886 ], [ 6.103757833020125, 48.663455907820513 ], [ 6.103856038674591, 48.663443627981486 ], [ 6.103951954359777, 48.663425030822665 ], [ 6.10404465632398, 48.663400295451225 ], [ 6.104133251769882, 48.663369660090439 ], [ 6.104216887453714, 48.663333419785175 ], [ 6.104294757903264, 48.66329192356018 ], [ 6.104326428462757, 48.663271350328422 ], [ 6.10436044064066, 48.663290212132999 ], [ 6.104442990911077, 48.663327528441386 ], [ 6.104530665381348, 48.663359305095533 ], [ 6.104622619678403, 48.663385236059007 ], [ 6.104717968206396, 48.663405071593992 ], [ 6.104815792676462, 48.663418620666739 ], [ 6.104915150951507, 48.663425752787582 ], [ 6.105015086120813, 48.663426399267749 ], [ 6.105114635717001, 48.663420553881075 ], [ 6.105212840986542, 48.663408272923867 ], [ 6.105308756124482, 48.663389674672779 ], [ 6.105401457384389, 48.663364938245437 ], [ 6.105452183694032, 48.663347396893748 ], [ 6.105429770819274, 48.663382273628336 ], [ 6.105399827811553, 48.663445434902769 ], [ 6.105379374752423, 48.663510236194604 ], [ 6.105368608649999, 48.663576053436699 ], [ 6.105367633223942, 48.663642252775524 ], [ 6.105376457905211, 48.663708196675529 ], [ 6.105394997743796, 48.663773250058775 ], [ 6.105423074225445, 48.663836786421413 ], [ 6.105460416989511, 48.663898193867169 ], [ 6.105486897858878, 48.663931796157527 ], [ 6.105434247100312, 48.663916949353279 ], [ 6.105338897367593, 48.663897114399767 ], [ 6.105241071867135, 48.663883565761751 ], [ 6.105141712678008, 48.66387643391532 ], [ 6.105041776647308, 48.663875787541542 ], [ 6.104942226176571, 48.663881632865149 ], [ 6.104844019954754, 48.663893913594514 ], [ 6.104748103726934, 48.663912511463792 ], [ 6.104655401187592, 48.663937247371649 ], [ 6.104566805086137, 48.663967883105947 ], [ 6.104483168630259, 48.664004123637405 ], [ 6.104405297269895, 48.664045619960682 ], [ 6.104373626272613, 48.664066193200021 ], [ 6.10433961358537, 48.664047331411489 ], [ 6.104257062252698, 48.66401001505406 ], [ 6.104169386857935, 48.663978238216039 ], [ 6.104077431743073, 48.663952306915832 ], [ 6.103982082460433, 48.663932470877604 ], [ 6.103884257245315, 48.663918921126495 ], [ 6.103784898174044, 48.663911788149349 ], [ 6.103684962092579, 48.663911140638099 ], [ 6.103585411402946, 48.663916984828404 ], [ 6.103487204796208, 48.663929264439602 ], [ 6.103391288021151, 48.66394786121657 ], [ 6.103298584777524, 48.663972596068511 ], [ 6.103209987821518, 48.664003230793455 ], [ 6.103126350369052, 48.664039470371868 ], [ 6.103048477879657, 48.664080965807543 ], [ 6.10301680632732, 48.66410153868577 ], [ 6.102982794106362, 48.66408267651066 ], [ 6.102900243685908, 48.664045359214711 ], [ 6.102812569056208, 48.664013581379685 ], [ 6.102720614551884, 48.663987649033587 ], [ 6.102625265719382, 48.663967811910659 ], [ 6.102527440789663, 48.663954261046477 ], [ 6.102428081836305, 48.663947126938602 ], [ 6.102328145704136, 48.663946478289859 ], [ 6.102228594795664, 48.663952321346883 ], [ 6.102130387804063, 48.663964599839872 ], [ 6.102034470481823, 48.663983195524537 ], [ 6.101941766533964, 48.664007929320569 ], [ 6.101853168723458, 48.664038563036151 ], [ 6.10176953027445, 48.664074801661485 ], [ 6.10169165665607, 48.664116296209563 ], [ 6.101620297825889, 48.664162647076665 ], [ 6.101556141007722, 48.664213407890315 ], [ 6.101499804073317, 48.66426808980772 ], [ 6.101451829591664, 48.664326166223049 ], [ 6.101412679603236, 48.664387077838562 ], [ 6.101382731169521, 48.664450238050549 ], [ 6.101362272740722, 48.664515038598367 ], [ 6.101351501376667, 48.664580855422038 ], [ 6.10135052084769, 48.664647054672066 ], [ 6.101359340633895, 48.664712998813734 ], [ 6.101377875832415, 48.664778052766813 ], [ 6.101405947973686, 48.664841590021936 ], [ 6.101443286738868, 48.664902998674229 ], [ 6.101489532561969, 48.664961687316698 ], [ 6.101544240091628, 48.665017090735972 ], [ 6.101606882479293, 48.665068675356125 ], [ 6.101637939927482, 48.665089655389515 ], [ 6.10160946388597, 48.665112185216607 ], [ 6.101553126039247, 48.665166867117932 ], [ 6.101505150792431, 48.665224943510879 ], [ 6.101466000193364, 48.665285855097927 ], [ 6.101436051309416, 48.665349015275638 ], [ 6.101415592595129, 48.665413815783708 ], [ 6.101404821113077, 48.665479632562509 ], [ 6.101403840634735, 48.665545831763012 ], [ 6.101412660639721, 48.665611775850948 ], [ 6.10143119622306, 48.66567682974663 ], [ 6.101459268911485, 48.665740366941215 ], [ 6.101496608380888, 48.665801775530461 ], [ 6.101542855058493, 48.665860464107929 ], [ 6.101597563584713, 48.665915867460917 ], [ 6.101660207101398, 48.665967452014094 ], [ 6.101730182325179, 48.666014720968519 ], [ 6.101806815357128, 48.666057219086618 ], [ 6.101889368172738, 48.66609453707671 ], [ 6.101977045729748, 48.666126315535202 ], [ 6.102069003625366, 48.666152248408309 ], [ 6.102164356229085, 48.666172085939792 ], [ 6.102262185212789, 48.666185637076694 ], [ 6.102361548395912, 48.666192771309426 ], [ 6.102461488820466, 48.666193419928945 ], [ 6.102561043968455, 48.666187576688422 ], [ 6.102659255032881, 48.666175297863553 ], [ 6.102755176152978, 48.666156701710399 ], [ 6.102847883524695, 48.666131967326415 ], [ 6.102936484298636, 48.666101332925372 ], [ 6.103020125179714, 48.666065093542954 ], [ 6.103098000645666, 48.666023598194926 ], [ 6.103129673329931, 48.666003025328344 ], [ 6.103163686852624, 48.666021887431128 ], [ 6.103246240580563, 48.666059204482679 ], [ 6.103333918902734, 48.666090981944151 ], [ 6.103425877408968, 48.666116913771319 ], [ 6.103521230462887, 48.666136750218058 ], [ 6.103619059732028, 48.666150300241839 ], [ 6.103718423033085, 48.666157433343812 ], [ 6.103818363406925, 48.666158080825774 ], [ 6.103917918336048, 48.666152236451929 ], [ 6.10401612901556, 48.666139956508822 ], [ 6.104112049588402, 48.666121359263315 ], [ 6.104204756255798, 48.666096623823371 ], [ 6.104293356175132, 48.66606598841296 ], [ 6.104376996059551, 48.666029748077413 ], [ 6.104454870396388, 48.665988251841775 ], [ 6.104526229205265, 48.665941899348944 ], [ 6.104590385261123, 48.665891137010476 ], [ 6.104646720712593, 48.665836453707037 ], [ 6.104694693031997, 48.665778376079622 ], [ 6.104733840239669, 48.665717463457447 ], [ 6.104763785352304, 48.665654302470813 ], [ 6.104784240012517, 48.665589501401271 ], [ 6.10479500726472, 48.665523684323247 ], [ 6.104795983450608, 48.665457485093683 ], [ 6.104787159206047, 48.665391541247587 ], [ 6.104768619549838, 48.665326487858188 ], [ 6.104740543063527, 48.665262951420893 ], [ 6.104703200170255, 48.66520154381999 ], [ 6.104676719161495, 48.66516794139136 ], [ 6.104729370964319, 48.665182788514599 ], [ 6.10482472280963, 48.665202623934249 ], [ 6.104922550669274, 48.665216172898944 ], [ 6.105021912373516, 48.665223304920033 ], [ 6.105121850978606, 48.665223951309713 ], [ 6.105221403984076, 48.665218105842683 ], [ 6.105319612603559, 48.665205824816077 ], [ 6.105415530999839, 48.665187226507136 ], [ 6.105508235395103, 48.665162490034092 ], [ 6.105558963412233, 48.665144948663439 ], [ 6.105536549838422, 48.665179825365463 ], [ 6.105506605930593, 48.665242986571371 ], [ 6.105486152300843, 48.665307787783739 ], [ 6.105475385962782, 48.665373604936121 ], [ 6.105474410638347, 48.66543980417589 ], [ 6.105483235757517, 48.665505747968446 ], [ 6.105501776366068, 48.66557080123691 ], [ 6.105529853942334, 48.665634337478465 ], [ 6.105567198115131, 48.665695744798079 ], [ 6.105613449266387, 48.665754431801524 ], [ 6.105668161993425, 48.665809833291249 ], [ 6.105730809397636, 48.665861415709863 ], [ 6.10580078815821, 48.665908682279003 ], [ 6.105877424342153, 48.665951177784045 ], [ 6.105959979894598, 48.66598849295849 ], [ 6.106047659746926, 48.666020268425875 ], [ 6.106139619474233, 48.666046198161162 ], [ 6.106234973428371, 48.666066032438394 ], [ 6.106332803268216, 48.666079580235923 ], [ 6.106432166804957, 48.66608671107636 ], [ 6.106532107077197, 48.666087356283263 ], [ 6.106631661568411, 48.666081509642744 ], [ 6.106729871477922, 48.666069227463176 ], [ 6.106825790956092, 48.666050628032984 ], [ 6.106918496214684, 48.666025890481166 ], [ 6.107007094424654, 48.665995253052003 ], [ 6.107090732315614, 48.665959010810298 ], [ 6.107168604394094, 48.665917512799446 ], [ 6.107239960701471, 48.665871158679415 ], [ 6.107304114036777, 48.665820394877507 ], [ 6.107360446574848, 48.66576571028839 ], [ 6.107408415816065, 48.665707631565489 ], [ 6.107447559810409, 48.665646718048542 ], [ 6.107477501605522, 48.665583556376511 ], [ 6.107497952875971, 48.665518754837514 ], [ 6.107508716698814, 48.665452937510501 ], [ 6.107509689448773, 48.665386738254824 ], [ 6.107500861794803, 48.665320794605734 ], [ 6.107482318788539, 48.665255741634553 ], [ 6.107454239043792, 48.665192205832675 ], [ 6.107416893015076, 48.665130799078256 ], [ 6.107390410298778, 48.665097197250475 ], [ 6.107443062800657, 48.665112043175988 ], [ 6.107538415546049, 48.665131876426166 ], [ 6.107636243976264, 48.665145423164638 ], [ 6.10773560591607, 48.665152552924219 ], [ 6.107835544419449, 48.665153197038883 ], [ 6.107935096986911, 48.665147349305229 ], [ 6.108033304836313, 48.665135066042204 ], [ 6.108129222137852, 48.665116465548628 ], [ 6.108221925124258, 48.665091726963759 ], [ 6.108272652162628, 48.665074184437259 ], [ 6.10825024042865, 48.665109061651556 ], [ 6.108220299838301, 48.665172223542861 ], [ 6.108199849598281, 48.665237025224641 ], [ 6.108189086689556, 48.665302842625991 ], [ 6.108188114801038, 48.665369041891871 ], [ 6.108196943329616, 48.665434985487408 ], [ 6.10821548728823, 48.665500038337626 ], [ 6.108243568122951, 48.66556357394375 ], [ 6.108280915431213, 48.665624980416844 ], [ 6.108327169564744, 48.665683666370853 ], [ 6.108381885092149, 48.665739066618322 ], [ 6.108444535087842, 48.665790647613832 ], [ 6.108514516206056, 48.665837912592721 ], [ 6.108591154491086, 48.66588040635569 ], [ 6.108673711867831, 48.665917719652974 ], [ 6.108761393250101, 48.665949493126227 ], [ 6.108853354198253, 48.665975420769634 ], [ 6.108948709052383, 48.665995252877352 ], [ 6.109046539462696, 48.666008798448622 ], [ 6.109145903234887, 48.666015927027502 ], [ 6.10924584340529, 48.666016569959346 ], [ 6.10934539745836, 48.666010721052167 ], [ 6.109443606597646, 48.66599843663618 ], [ 6.109539524980921, 48.665979835021332 ], [ 6.109632228830498, 48.665955095357646 ], [ 6.109682956233214, 48.665937552243719 ], [ 6.109660545069683, 48.665972429697923 ], [ 6.109630605688191, 48.666035591897625 ], [ 6.109610156857902, 48.666100393774336 ], [ 6.109599395546205, 48.66616621125528 ], [ 6.109598425426633, 48.666232410484632 ], [ 6.109607255879038, 48.666298353927864 ], [ 6.109625801897838, 48.666363406511501 ], [ 6.109653884909264, 48.666426941739331 ], [ 6.109691234489781, 48.666488347726016 ], [ 6.109737490969241, 48.666547033090225 ], [ 6.10979220889365, 48.666602432650166 ], [ 6.109854861314344, 48.666654012867049 ], [ 6.109924844862194, 48.666701276983709 ], [ 6.110001485558101, 48.666743769809152 ], [ 6.110084045303739, 48.666781082102645 ], [ 6.110171728990103, 48.666812854515499 ], [ 6.110263692155363, 48.6668387810521 ], [ 6.110359049118258, 48.6668586120173 ], [ 6.110456881508684, 48.666872156421334 ], [ 6.110556247113262, 48.666879283819476 ], [ 6.110656188950682, 48.666879925568487 ], [ 6.110755744489342, 48.666874075487733 ], [ 6.11085395491848, 48.666861789918762 ], [ 6.110949874383449, 48.666843187182593 ], [ 6.111042579096144, 48.666818446440089 ], [ 6.11113117623278, 48.66678780596628 ], [ 6.111214812533306, 48.666751560855282 ], [ 6.111292682519575, 48.666710060178097 ], [ 6.111324352396077, 48.666689485146236 ], [ 6.11135836932025, 48.666708344899881 ], [ 6.11144092997794, 48.666745656254754 ], [ 6.111528614429165, 48.666777427670517 ], [ 6.111620578204727, 48.666803353161157 ], [ 6.111715935617487, 48.666823183041544 ], [ 6.111813768293007, 48.666836726332427 ], [ 6.111913134015164, 48.666843852599783 ], [ 6.112013075801515, 48.666844493211244 ], [ 6.112112631120946, 48.666838641997145 ], [ 6.112210841164813, 48.666826355309958 ], [ 6.112306760082176, 48.666807751481471 ], [ 6.112399464090204, 48.666783009683058 ], [ 6.112488060371901, 48.666752368199887 ], [ 6.112571695675451, 48.666716122135853 ], [ 6.112649564532308, 48.666674620571101 ], [ 6.11272091701488, 48.666628263199861 ], [ 6.112785065959035, 48.666577496480699 ], [ 6.112841393581909, 48.666522809336442 ], [ 6.112889357431219, 48.666464728445114 ], [ 6.112928495608884, 48.666403813167307 ], [ 6.112958431218563, 48.666340650158936 ], [ 6.112978875994398, 48.66627584772101 ], [ 6.112989633075995, 48.666210029941126 ], [ 6.112990598903004, 48.666143830682984 ], [ 6.112981764211049, 48.666077887481862 ], [ 6.112963214119547, 48.666012835404793 ], [ 6.112935127310541, 48.665949300934514 ], [ 6.112897774306578, 48.665887895936415 ], [ 6.112871287685895, 48.665854295347678 ], [ 6.112923942505495, 48.665869138842858 ], [ 6.11301929870918, 48.665888967696233 ], [ 6.113117129974754, 48.665902509928117 ], [ 6.113216494099675, 48.66590963511468 ], [ 6.11331643411688, 48.665910274633944 ], [ 6.113415987512302, 48.665904422326797 ], [ 6.113514195495818, 48.665892134556209 ], [ 6.113610112236337, 48.665873529664417 ], [ 6.113702813971995, 48.665848786833031 ], [ 6.113753539906231, 48.665831241985394 ], [ 6.113731131502644, 48.665866120207902 ], [ 6.113701197097683, 48.665929283435496 ], [ 6.113680753352243, 48.665994086016177 ], [ 6.113669997184746, 48.666059903870355 ], [ 6.113669032219182, 48.666126103138666 ], [ 6.113677867785772, 48.666192046286184 ], [ 6.113696418829675, 48.666257098242248 ], [ 6.113724506728727, 48.666320632516722 ], [ 6.113761861012325, 48.666382037233454 ], [ 6.11380812196502, 48.666440721023314 ], [ 6.113862844089738, 48.666496118719699 ], [ 6.113925500397356, 48.666547696801736 ], [ 6.113995487481314, 48.666594958532848 ], [ 6.114072131328451, 48.666637448745 ], [ 6.114154693810089, 48.666674758222641 ], [ 6.114242379790872, 48.66670652764418 ], [ 6.114334344786868, 48.666732451042826 ], [ 6.114429703099185, 48.666752278753634 ], [ 6.114527536344719, 48.666765819818202 ], [ 6.114626902301856, 48.666772943823965 ], [ 6.114726843985888, 48.666773582160339 ], [ 6.114826398866693, 48.666767728679581 ], [ 6.114924608139845, 48.666755439755967 ], [ 6.115020525961829, 48.666736833742824 ], [ 6.115113228560366, 48.666712089832593 ], [ 6.115201823132036, 48.666681446330763 ], [ 6.115285456441492, 48.666645198360676 ], [ 6.115363323039396, 48.666603695020839 ], [ 6.115394991250143, 48.666583118905741 ], [ 6.115429009572904, 48.666601977499468 ], [ 6.11551157296644, 48.66663928603846 ], [ 6.115599259711922, 48.666671054462896 ], [ 6.11569122531805, 48.666696976815544 ], [ 6.11578658408006, 48.666716803441552 ], [ 6.115884417610511, 48.666730343392956 ], [ 6.115983783685051, 48.666737466267925 ], [ 6.116083725317838, 48.666738103466763 ], [ 6.11618327997924, 48.666732248852668 ], [ 6.116281488866948, 48.666719958810852 ], [ 6.116377406141162, 48.666701351705392 ], [ 6.116470108034874, 48.66667660673928 ], [ 6.116558701751454, 48.666645962228124 ], [ 6.116642334063791, 48.666609713305029 ], [ 6.116720199532156, 48.66656820907766 ], [ 6.116791548261585, 48.666521849265884 ], [ 6.116855693124103, 48.666471080351783 ], [ 6.116912016376149, 48.666416391279306 ], [ 6.116959975607546, 48.666358308745046 ], [ 6.116999108964684, 48.666297392125436 ], [ 6.117029039597649, 48.666234228089301 ], [ 6.117049479288517, 48.666169424947547 ], [ 6.117060231225862, 48.666103606794543 ], [ 6.117061191898879, 48.666037407497591 ], [ 6.117052352092827, 48.665971464592332 ], [ 6.117033796976376, 48.665906413142963 ], [ 6.117005705279957, 48.665842879626162 ], [ 6.116968347573184, 48.665781475898129 ], [ 6.116941858391458, 48.665747876210851 ], [ 6.116994514259048, 48.665762717909359 ], [ 6.117089871811769, 48.665782543508385 ], [ 6.117187703932077, 48.665796082400853 ], [ 6.117287068409198, 48.665803204195065 ], [ 6.117387008272675, 48.66580384030177 ], [ 6.117486561009921, 48.665797984594683 ], [ 6.117584767837154, 48.665785693469545 ], [ 6.11768068293442, 48.665767085300871 ], [ 6.117773382555684, 48.665742339301858 ], [ 6.117824107021183, 48.665724792720546 ], [ 6.117801701377634, 48.665759671711292 ], [ 6.117771771949323, 48.665822835966608 ], [ 6.117751333288799, 48.665887639251082 ], [ 6.117740582265517, 48.665953457478352 ], [ 6.117739622453926, 48.666019656785451 ], [ 6.11774846313461, 48.666085599637071 ], [ 6.117767019203478, 48.66615065096542 ], [ 6.117795111989968, 48.666214184286368 ], [ 6.117832470976408, 48.666275587732976 ], [ 6.117878736402054, 48.666334269948344 ], [ 6.117933462726756, 48.666389665781033 ], [ 6.117996122920935, 48.66644124172813 ], [ 6.118066113540599, 48.66648850107358 ], [ 6.118142760538531, 48.666530988672335 ], [ 6.118225325755708, 48.666568295334038 ], [ 6.118313014030424, 48.666600061764186 ], [ 6.118404980856652, 48.666625982024826 ], [ 6.118500340517871, 48.666645806481213 ], [ 6.118598174617985, 48.666659344206288 ], [ 6.11869754092715, 48.666666464819677 ], [ 6.118797482457265, 48.666667099743435 ], [ 6.118897036679691, 48.666661242862688 ], [ 6.118995244796341, 48.666648950584459 ], [ 6.119091160974844, 48.666630341294415 ], [ 6.119183861458748, 48.666605594216527 ], [ 6.119272453465, 48.66657494768679 ], [ 6.119356083782965, 48.6665386968577 ], [ 6.119433946992116, 48.66649719085531 ], [ 6.119465613536947, 48.666476613657039 ], [ 6.119499633258111, 48.666495471090833 ], [ 6.11958219938703, 48.66653277681386 ], [ 6.119669888426284, 48.666564542246867 ], [ 6.119761855862476, 48.666590461461489 ], [ 6.119857215973215, 48.666610284833069 ], [ 6.119955050358072, 48.666623821444972 ], [ 6.120054416784461, 48.666630940927554 ], [ 6.120154358263152, 48.666631574713783 ], [ 6.120253912266001, 48.66662571669972 ], [ 6.120352119997038, 48.666613423303311 ], [ 6.120448035627605, 48.66659481292097 ], [ 6.120540735406524, 48.666570064787201 ], [ 6.120629326557537, 48.666539417248181 ], [ 6.120712955878242, 48.666503165466111 ], [ 6.120790817957725, 48.666461658576253 ], [ 6.120862162933665, 48.666415296324054 ], [ 6.120926303714234, 48.666364525215151 ], [ 6.120982622595192, 48.666309834214594 ], [ 6.121030577208456, 48.666251750037567 ], [ 6.121069705744898, 48.666190832076317 ], [ 6.121099631401031, 48.666127667012574 ], [ 6.121120066006863, 48.666062863167163 ], [ 6.121130812799942, 48.665997044641195 ], [ 6.121131768319003, 48.665930845305617 ], [ 6.121122923398945, 48.665864902696399 ], [ 6.121104363257682, 48.665799851874873 ], [ 6.12107626667404, 48.665736319311719 ], [ 6.121038904264696, 48.665674916853909 ], [ 6.121012412522097, 48.665641318068197 ], [ 6.121065069437382, 48.665656157969984 ], [ 6.121160428338619, 48.665675980314617 ], [ 6.121258261313135, 48.665689515867633 ], [ 6.121357626141923, 48.66569663426953 ], [ 6.121457565851141, 48.665697266963683 ], [ 6.121557117929687, 48.665691407856684 ], [ 6.121655323600123, 48.665679113377024 ], [ 6.12175123705364, 48.665660501931526 ], [ 6.121843934560031, 48.665635752764928 ], [ 6.121894657556551, 48.665618204450013 ], [ 6.121872254673123, 48.665653084208934 ], [ 6.121842330221581, 48.665716249491815 ], [ 6.121821896646041, 48.665781053479904 ], [ 6.12181115076699, 48.665846872080103 ], [ 6.121810196109333, 48.665913071425813 ], [ 6.121819041904023, 48.66597901398135 ], [ 6.121837602997714, 48.666044064681813 ], [ 6.121865700671454, 48.666107597049105 ], [ 6.1219030643605, 48.666168999225448 ], [ 6.121949334258816, 48.666227679866196 ], [ 6.122004064783175, 48.666283073835054 ], [ 6.122066728863549, 48.666334647647055 ], [ 6.122136723018517, 48.666381904606737 ], [ 6.122213373166811, 48.666424389592009 ], [ 6.122295941119065, 48.666461693437675 ], [ 6.122383631687228, 48.666493456876367 ], [ 6.122475600343184, 48.666519373998952 ], [ 6.122570961352787, 48.666539195200876 ], [ 6.122668796306954, 48.666552729586449 ], [ 6.122768162967614, 48.666559846807431 ], [ 6.122868104343281, 48.666560478318587 ], [ 6.122967657906801, 48.666554618037885 ], [ 6.123065864866439, 48.666542322405114 ], [ 6.123161779400963, 48.666523709838224 ], [ 6.123254477769758, 48.666498959592722 ], [ 6.123343067210142, 48.666468310035171 ], [ 6.123426694536193, 48.66643205634719 ], [ 6.123504554356206, 48.666390547682376 ], [ 6.123536219235006, 48.666369969400954 ], [ 6.123570240354336, 48.666388825674737 ], [ 6.123652809218179, 48.666426128581705 ], [ 6.123740500550718, 48.666457891023249 ], [ 6.123832469816469, 48.666483807099787 ], [ 6.123927831275419, 48.66650362721689 ], [ 6.124025666514153, 48.666517160489292 ], [ 6.124125033291859, 48.66652427657948 ], [ 6.124224974615927, 48.666524906953093 ], [ 6.124324527959696, 48.666519045539083 ], [ 6.124422734533548, 48.66650674878813 ], [ 6.124518648519969, 48.666488135128965 ], [ 6.124611346183621, 48.666463383827626 ], [ 6.124699934768615, 48.666432733260827 ], [ 6.124783561097269, 48.666396478619902 ], [ 6.124861419787483, 48.66635496906764 ], [ 6.124932761009583, 48.666308604375182 ], [ 6.124996897707897, 48.66625783107159 ], [ 6.125053212217501, 48.666203138143118 ], [ 6.125101162212417, 48.666145052323479 ], [ 6.125140285927992, 48.666084133020746 ], [ 6.125170206607175, 48.666020966929565 ], [ 6.125190636127902, 48.665956162380631 ], [ 6.125201377776701, 48.665890343481905 ], [ 6.125202328141844, 48.665824144107845 ], [ 6.125193478107867, 48.665758201794837 ], [ 6.125174912941933, 48.665693151601324 ], [ 6.125146811471256, 48.665629619991954 ], [ 6.125109444359579, 48.665568218804523 ], [ 6.125082950056284, 48.665534620920475 ], [ 6.125135608018961, 48.665549459025513 ], [ 6.125230968268197, 48.665569278115733 ], [ 6.125328802096392, 48.665582810329269 ], [ 6.125428167276314, 48.665589925338828 ], [ 6.125528106830743, 48.665590554620437 ], [ 6.125627658250064, 48.665584692113569 ], [ 6.125725862763193, 48.665572394279422 ], [ 6.125821774572462, 48.665553779557172 ], [ 6.125914469963504, 48.665529027223101 ], [ 6.126003056202318, 48.665498375663852 ], [ 6.126086680133817, 48.665462120080321 ], [ 6.126164536398989, 48.665420609644364 ], [ 6.126196199644031, 48.665400030639653 ], [ 6.12623022109142, 48.665418886169682 ], [ 6.126312790321117, 48.665456187264624 ], [ 6.126400481642746, 48.665487947775333 ], [ 6.126492450520931, 48.665513861820806 ], [ 6.126587811219385, 48.665533679826211 ], [ 6.126685645332021, 48.66554721092659 ], [ 6.126785010628872, 48.66555432480537 ], [ 6.126884950131585, 48.665554952949464 ], [ 6.126984501331049, 48.665549089309316 ], [ 6.127082705458294, 48.665536790357017 ], [ 6.12717861671937, 48.665518174542534 ], [ 6.12727131140519, 48.66549342115264 ], [ 6.127322032442647, 48.665475870526308 ], [ 6.127299633239551, 48.665510751309263 ], [ 6.127269715423883, 48.665573917961972 ], [ 6.127249288628427, 48.665638722887984 ], [ 6.127238549608372, 48.66570454198515 ], [ 6.127237601822574, 48.665770741382076 ], [ 6.1272464544358, 48.665836683542615 ], [ 6.127265022229039, 48.66590173340564 ], [ 6.127293126418817, 48.665965264501118 ], [ 6.127330496377633, 48.666026664983555 ], [ 6.127376772239069, 48.66608534352455 ], [ 6.127431508362464, 48.666140735008099 ], [ 6.127494177623866, 48.666192305973155 ], [ 6.127525246121499, 48.666213279241056 ], [ 6.127496780620731, 48.666235815229641 ], [ 6.127440468631168, 48.666290509310926 ], [ 6.127392521100848, 48.666348596064402 ], [ 6.127353399810707, 48.666409516092749 ], [ 6.127323481545876, 48.666472682711245 ], [ 6.127303054466029, 48.666537487597552 ], [ 6.127292315329097, 48.66660330664984 ], [ 6.127291367595062, 48.666669505997199 ], [ 6.127300220428196, 48.666735448103935 ], [ 6.127318788607369, 48.666800497909477 ], [ 6.127346893345393, 48.666864028944296 ], [ 6.127384264009487, 48.666925429363495 ], [ 6.127410760495598, 48.666959026696787 ], [ 6.127358100468348, 48.666944189614348 ], [ 6.127262736906333, 48.666924372248637 ], [ 6.127164900068383, 48.666910841637531 ], [ 6.127065532142749, 48.666903728083525 ], [ 6.126965590060652, 48.666903100091531 ], [ 6.126866036281902, 48.666908963709211 ], [ 6.126767829527313, 48.666921262468826 ], [ 6.126671915547095, 48.666939877930865 ], [ 6.126579218014094, 48.666964630824594 ], [ 6.126490629629514, 48.666995282774231 ], [ 6.126407003526744, 48.667031538594429 ], [ 6.12632914505603, 48.667073049132519 ], [ 6.126257804029082, 48.667119414630868 ], [ 6.126193667498287, 48.667170188576065 ], [ 6.126137353140035, 48.667224881998841 ], [ 6.126089403305922, 48.667282968182562 ], [ 6.126050279799071, 48.667343887735413 ], [ 6.126020359425957, 48.66740705397725 ], [ 6.125999930366563, 48.667471858589344 ], [ 6.125989189397883, 48.667537677472559 ], [ 6.12598823999754, 48.667603876757553 ], [ 6.125997091345855, 48.667669818909275 ], [ 6.126015658236001, 48.667734868866674 ], [ 6.126043761893202, 48.667798400158809 ], [ 6.126081131695092, 48.667859800938288 ], [ 6.126127407776766, 48.667918479873883 ], [ 6.126182144495442, 48.667973871845717 ], [ 6.126244814721439, 48.668025443388096 ], [ 6.126314814914144, 48.668072697827384 ], [ 6.126391470934139, 48.668115180065755 ], [ 6.126474044535504, 48.668152480964473 ], [ 6.126561740475785, 48.668184241284592 ], [ 6.126653714175121, 48.668210155146951 ], [ 6.126749079850791, 48.668229972978423 ], [ 6.126846919048772, 48.668243503915789 ], [ 6.126946289490117, 48.668250617644006 ], [ 6.127046234146931, 48.668251245651469 ], [ 6.127145790460456, 48.668245381889918 ], [ 6.127243999612467, 48.668233082832614 ], [ 6.127339915760625, 48.668214466930536 ], [ 6.12743261514877, 48.668189713471321 ], [ 6.127483338746899, 48.668172162816127 ], [ 6.127460938496647, 48.668207043550332 ], [ 6.127431019333446, 48.668270210100395 ], [ 6.127410591684795, 48.668335014907171 ], [ 6.127399852314107, 48.668400833869711 ], [ 6.127398904683613, 48.668467033117892 ], [ 6.127407757956589, 48.668532975117003 ], [ 6.127426326907679, 48.668598024807466 ], [ 6.127454432742256, 48.668661555720931 ], [ 6.127491804816987, 48.668722956013639 ], [ 6.127538083245075, 48.668781634359028 ], [ 6.127592822361144, 48.668837025642951 ], [ 6.127655495012423, 48.668888596406291 ], [ 6.127686565176426, 48.668909569584606 ], [ 6.127658098277681, 48.668932105560636 ], [ 6.127601783553736, 48.668986799594144 ], [ 6.12755383373071, 48.669044886280822 ], [ 6.127514710611623, 48.669105806224024 ], [ 6.127484790999217, 48.669168972739818 ], [ 6.127464363066155, 48.669233777506832 ], [ 6.127453623578583, 48.669299596424445 ], [ 6.127452675999864, 48.669365795623015 ], [ 6.127461529492779, 48.669431737568289 ], [ 6.127480098829849, 48.669496787201197 ], [ 6.127508205212736, 48.669560318053968 ], [ 6.127545577992823, 48.669621718283388 ], [ 6.127591857276526, 48.66968039656355 ], [ 6.127646597390225, 48.669735787780894 ], [ 6.127709271171543, 48.669787358476974 ], [ 6.127779275045627, 48.66983461198631 ], [ 6.127855934837604, 48.669877093220052 ], [ 6.127938512265226, 48.669914393049133 ], [ 6.128026212049187, 48.669946152244883 ], [ 6.128118189572606, 48.669972064938982 ], [ 6.128213559015935, 48.669991881569572 ], [ 6.12831140188886, 48.670005411284968 ], [ 6.128410775877041, 48.670012523781928 ], [ 6.128510723918422, 48.670013150560678 ], [ 6.128610283421646, 48.670007285584816 ], [ 6.128708495537771, 48.669994985339294 ], [ 6.128804414395905, 48.669976368286527 ], [ 6.128897116213791, 48.66995161372521 ], [ 6.128985708195531, 48.669920960063465 ], [ 6.129069337130733, 48.669884702522445 ], [ 6.129147197612192, 48.669843190292866 ], [ 6.129178862361097, 48.669822610572439 ], [ 6.129212887760707, 48.669841465181101 ], [ 6.129295466099832, 48.66987876407137 ], [ 6.129383166648047, 48.669910522269852 ], [ 6.129475144781115, 48.66993643391784 ], [ 6.129570514673612, 48.669956249463517 ], [ 6.1296683578309, 48.669969778065656 ], [ 6.129767731935898, 48.669976889431744 ], [ 6.129867679925425, 48.669977515072894 ], [ 6.129967239208625, 48.669971648963653 ], [ 6.130065450938674, 48.669959347599914 ], [ 6.130161369248398, 48.669940729454801 ], [ 6.130254070360825, 48.669915973837625 ], [ 6.130304794686347, 48.669898422007428 ], [ 6.130282395578472, 48.669933303221143 ], [ 6.130252478835443, 48.669996470387531 ], [ 6.130232054008632, 48.670061275583649 ], [ 6.130221317834278, 48.670127094704718 ], [ 6.130220373743833, 48.670193293879159 ], [ 6.130229230866487, 48.670259235572942 ], [ 6.130247803939803, 48.670324284729418 ], [ 6.130275914129466, 48.670387814885395 ], [ 6.130313290750194, 48.670449214204389 ], [ 6.130359573871412, 48.670507891369255 ], [ 6.130414317782547, 48.670563281277161 ], [ 6.130476995284645, 48.670614850482281 ], [ 6.130547002767018, 48.670662102333495 ], [ 6.130623666020041, 48.670704581757924 ], [ 6.130706246728133, 48.670741879643906 ], [ 6.130793949580389, 48.67077363678149 ], [ 6.13088592993038, 48.670799547322204 ], [ 6.130981301931329, 48.670819361724909 ], [ 6.131079147068291, 48.670832889159385 ], [ 6.131178523005123, 48.670839999344345 ], [ 6.131278472660994, 48.670840623802299 ], [ 6.131378033429002, 48.670834756519156 ], [ 6.131476246448022, 48.670822454002142 ], [ 6.131572165838468, 48.670803834735501 ], [ 6.131664867812955, 48.670779078039303 ], [ 6.131715592502123, 48.670761525621593 ], [ 6.13169319396553, 48.670796407075038 ], [ 6.13166327843276, 48.670859574549546 ], [ 6.131642855017044, 48.670924379940281 ], [ 6.131632120441035, 48.670990199140597 ], [ 6.131631178120792, 48.671056398278104 ], [ 6.131640037168458, 48.671122339819156 ], [ 6.131658612303061, 48.671187388708574 ], [ 6.13168672467043, 48.671250918485747 ], [ 6.131724103564316, 48.671312317317835 ], [ 6.13177038903225, 48.671370993892346 ], [ 6.131825135341058, 48.67142638311217 ], [ 6.131887815268695, 48.671477951538108 ], [ 6.131918888668277, 48.671498923567668 ], [ 6.131890422183893, 48.671521460505183 ], [ 6.131834109098018, 48.671576156418688 ], [ 6.131786161601769, 48.671634244680988 ], [ 6.131747041475762, 48.671695165880266 ], [ 6.131717125493922, 48.671758333320504 ], [ 6.131696701793947, 48.671823138671414 ], [ 6.131685967101228, 48.671888957826773 ], [ 6.131685024832952, 48.671955156914628 ], [ 6.131693884100757, 48.672021098401771 ], [ 6.131712459621561, 48.672086147233586 ], [ 6.131740572537468, 48.672149676949978 ], [ 6.131777952136948, 48.6722110757187 ], [ 6.131804454123616, 48.672244671925988 ], [ 6.131751787527638, 48.672229836850398 ], [ 6.131656412662563, 48.67221002308758 ], [ 6.131558564799756, 48.672196496142547 ], [ 6.131459186233633, 48.67218938628249 ], [ 6.131359233997879, 48.672188761976763 ], [ 6.131259670650085, 48.672194629237516 ], [ 6.131161455003213, 48.672206931561909 ], [ 6.131065532893105, 48.672225550476114 ], [ 6.130972828070897, 48.672250306676133 ], [ 6.130884233307991, 48.67228096175441 ], [ 6.1308006017992, 48.672317220495387 ], [ 6.130722738946833, 48.672358733718347 ], [ 6.130651394604807, 48.672405101639704 ], [ 6.13058725585743, 48.672455877722797 ], [ 6.13053094040245, 48.672510572977728 ], [ 6.130482990602028, 48.67256866067023 ], [ 6.130443868258972, 48.672629581393949 ], [ 6.130413950168557, 48.672692748457472 ], [ 6.130393524488792, 48.67275755353414 ], [ 6.130382787964132, 48.672823372520341 ], [ 6.130381844029407, 48.672889571545774 ], [ 6.130390701812311, 48.672955513077866 ], [ 6.130409276044053, 48.673020562061524 ], [ 6.130437387879163, 48.673084092035204 ], [ 6.130474766616518, 48.673145491164178 ], [ 6.130501268239512, 48.673179087634693 ], [ 6.130448601072196, 48.673164251995097 ], [ 6.130353224996752, 48.673144437205373 ], [ 6.130255375722728, 48.673130909201461 ], [ 6.130155995558133, 48.673123798260725 ], [ 6.130056041552046, 48.673123172862937 ], [ 6.129956476279102, 48.673129039030769 ], [ 6.129858258570803, 48.673141340271926 ], [ 6.129762334282844, 48.673159958122973 ], [ 6.12966962718733, 48.673184713290176 ], [ 6.129581030077558, 48.673215367375903 ], [ 6.129497396170938, 48.673251625174181 ], [ 6.129419530892871, 48.673293137513355 ], [ 6.129348184120632, 48.67333950461839 ], [ 6.129284042961934, 48.673390279960422 ], [ 6.129227725137744, 48.673444974556702 ], [ 6.129179773033043, 48.673503061679341 ], [ 6.129140648472827, 48.673563981927465 ], [ 6.129110728273725, 48.673627148614223 ], [ 6.129090300614052, 48.673691953416601 ], [ 6.129079562257331, 48.673757772233628 ], [ 6.129078616656042, 48.673823971196619 ], [ 6.129087472953923, 48.673889912773618 ], [ 6.129106045896493, 48.673954961909082 ], [ 6.129134156650694, 48.674018492140036 ], [ 6.129171534525818, 48.674079891629226 ], [ 6.129217819579211, 48.674138569057909 ], [ 6.129272566081695, 48.674193959320732 ], [ 6.129335246809366, 48.674245528968413 ], [ 6.12940525812047, 48.674292781345592 ], [ 6.129481925768514, 48.674335261374289 ], [ 6.129564511395591, 48.674372559937062 ], [ 6.129652219643419, 48.674404317817441 ], [ 6.129744205813607, 48.674430229159775 ], [ 6.129839584003325, 48.674450044415217 ], [ 6.129937435638022, 48.674463572745346 ], [ 6.13003681831897, 48.674470683860221 ], [ 6.130136774900389, 48.674471309273422 ], [ 6.130236342708675, 48.674465442961647 ], [ 6.130334562814894, 48.674453141422774 ], [ 6.1304304892712, 48.674434523131609 ], [ 6.130523198222159, 48.674409767398842 ], [ 6.130611796803171, 48.67437911264382 ], [ 6.13069543174029, 48.674342854098278 ], [ 6.130773297568507, 48.674301340962565 ], [ 6.130804964376879, 48.674280760887491 ], [ 6.130838993263422, 48.674299614961271 ], [ 6.130921579802095, 48.674336912585183 ], [ 6.131009288814247, 48.674368669468194 ], [ 6.13110127559412, 48.674394579764318 ], [ 6.131196654233014, 48.674414393934768 ], [ 6.131294506152051, 48.67442792115154 ], [ 6.131393888949767, 48.674435031135438 ], [ 6.131493845479254, 48.674435655410939 ], [ 6.131593413067407, 48.674429787965707 ], [ 6.131691632787415, 48.674417485308517 ], [ 6.131787558695152, 48.67439886592495 ], [ 6.131880266940466, 48.674374109136217 ], [ 6.131930995044388, 48.674356556680038 ], [ 6.131908595111698, 48.674391438068298 ], [ 6.131878677782566, 48.674454605405607 ], [ 6.131858253229768, 48.674519410636996 ], [ 6.131847518186911, 48.674585229657374 ], [ 6.131846576074555, 48.674651428596128 ], [ 6.131855436002847, 48.674717369921495 ], [ 6.131874012682338, 48.674782418580364 ], [ 6.131902127243985, 48.674845948114331 ], [ 6.131939508960409, 48.674907346692926 ], [ 6.131966012417292, 48.674940942787984 ], [ 6.131913343060032, 48.674926107817448 ], [ 6.131817963216291, 48.674906294228883 ], [ 6.131720110266734, 48.674892767447183 ], [ 6.131620726554766, 48.674885657737939 ], [ 6.131520769163624, 48.674885033569041 ], [ 6.131421200700544, 48.674890900951361 ], [ 6.131322980027746, 48.674903203380872 ], [ 6.131227053029472, 48.674921822382721 ], [ 6.131134343503933, 48.674946578652104 ], [ 6.13104574426782, 48.674977233780751 ], [ 6.130962108559026, 48.675013492552651 ], [ 6.130884241820307, 48.675055005786767 ], [ 6.130812893943003, 48.675101373699427 ], [ 6.130748752045474, 48.675152149754034 ], [ 6.130692433855804, 48.675206844960975 ], [ 6.130644481762494, 48.675264932586444 ], [ 6.130605357590433, 48.675325853224734 ], [ 6.130575438152515, 48.675389020185257 ], [ 6.130555011619728, 48.675453825142334 ], [ 6.130544274744748, 48.675519643993525 ], [ 6.130543330965779, 48.675585842869808 ], [ 6.130552189409022, 48.675651784240067 ], [ 6.13057076479933, 48.675716833050728 ], [ 6.130598878280076, 48.675780362841955 ], [ 6.130636259134295, 48.675841761780774 ], [ 6.130682547390647, 48.675900438553683 ], [ 6.130737297289103, 48.675955828061653 ], [ 6.130799981573055, 48.67600739686268 ], [ 6.130869996566501, 48.67605464830956 ], [ 6.130946667987483, 48.676097127333286 ], [ 6.131029257441752, 48.676134424826074 ], [ 6.131116969534176, 48.676166181581749 ], [ 6.131208959529328, 48.676192091755524 ], [ 6.131304341487541, 48.676211905809794 ], [ 6.131402196797968, 48.676225432917683 ], [ 6.131501583026481, 48.676232542801053 ], [ 6.131601542993128, 48.676233166985313 ], [ 6.131701113991704, 48.676227299459029 ], [ 6.131799337062548, 48.676214996731758 ], [ 6.131895266229263, 48.676196377289756 ], [ 6.131987977610306, 48.676171620454802 ], [ 6.13207657831768, 48.676140964656874 ], [ 6.132160215056953, 48.676104705137668 ], [ 6.132238082345769, 48.676063191107005 ], [ 6.132269749644595, 48.67604261067347 ], [ 6.132303780205719, 48.676061464301164 ], [ 6.132386370571595, 48.676098760855034 ], [ 6.132474083428334, 48.67613051661332 ], [ 6.132566074033153, 48.676156425740835 ], [ 6.13266145644051, 48.676176238710049 ], [ 6.132759312035234, 48.676189764704539 ], [ 6.132858698380458, 48.676196873456924 ], [ 6.132958658295106, 48.676197496503455 ], [ 6.133058229073473, 48.676191627843679 ], [ 6.133156451758018, 48.676179323998049 ], [ 6.133252380376065, 48.676160703463623 ], [ 6.13334509105136, 48.676135945572682 ], [ 6.133395820372706, 48.676118392519335 ], [ 6.133373420662414, 48.676153274131003 ], [ 6.133343504094755, 48.676216441742007 ], [ 6.133323080669137, 48.676281247128067 ], [ 6.133312347108314, 48.676347066182537 ], [ 6.133311406818575, 48.676413265034512 ], [ 6.133320268892519, 48.676479206153047 ], [ 6.133338848020035, 48.676544254487041 ], [ 6.133366965308503, 48.676607783581211 ], [ 6.133404350004288, 48.676669181609306 ], [ 6.133450642099053, 48.676727857266599 ], [ 6.1335053957958, 48.676783245464812 ], [ 6.133568083801341, 48.676834812774544 ], [ 6.133599161057938, 48.676855784271488 ], [ 6.133570692381621, 48.676878321508418 ], [ 6.133514375284526, 48.676933017968651 ], [ 6.133466424743022, 48.676991106644437 ], [ 6.133427302567058, 48.677052028119967 ], [ 6.133397385550308, 48.677115195696608 ], [ 6.133376961840444, 48.677180001042757 ], [ 6.133366228162959, 48.677245820052192 ], [ 6.133365287925271, 48.677312018854394 ], [ 6.133374150219474, 48.677377959918921 ], [ 6.133392729733338, 48.677443008195205 ], [ 6.133420847570527, 48.67750653722851 ], [ 6.133458232972118, 48.677567935193146 ], [ 6.133504525922979, 48.677626610785033 ], [ 6.13355928061787, 48.677681998916491 ], [ 6.13362196975399, 48.677733566158786 ], [ 6.133653047566348, 48.677754537625795 ], [ 6.133624578423937, 48.677777074858511 ], [ 6.133568260415264, 48.677831771302699 ], [ 6.133520309109476, 48.67788985995611 ], [ 6.13348118632388, 48.677950781403148 ], [ 6.133451268858025, 48.678013948945384 ], [ 6.133430844863907, 48.678078754251622 ], [ 6.133420111069761, 48.678144573215981 ], [ 6.133419170884126, 48.678210771968402 ], [ 6.133428033398598, 48.678276712978906 ], [ 6.133446613298828, 48.678341761197466 ], [ 6.133474731684756, 48.678405290169849 ], [ 6.133512117792181, 48.678466688071033 ], [ 6.13355841159917, 48.678525363597494 ], [ 6.133613167292241, 48.678580751662196 ], [ 6.133675857558979, 48.678632318837046 ], [ 6.13370693592708, 48.678653290274077 ], [ 6.133678466318599, 48.678675827502552 ], [ 6.13362214739832, 48.678730523930696 ], [ 6.133574195328221, 48.678788612561711 ], [ 6.133535071932976, 48.678849533980191 ], [ 6.133505154018001, 48.678912701488052 ], [ 6.133484729739625, 48.678977506754336 ], [ 6.133473995828815, 48.679043325673632 ], [ 6.133473055695237, 48.67910952437623 ], [ 6.13348191842999, 48.679175465332712 ], [ 6.133500498716599, 48.679240513493518 ], [ 6.133528617651289, 48.679304042404993 ], [ 6.133566004464574, 48.679365440242698 ], [ 6.133592511226099, 48.679399035849848 ], [ 6.133539836916943, 48.679384201653626 ], [ 6.133444448325106, 48.679364389440721 ], [ 6.13334658661216, 48.679350864044743 ], [ 6.133247194205897, 48.67934375571798 ], [ 6.13314722827328, 48.679343132914994 ], [ 6.133047651503796, 48.679349001633476 ], [ 6.132949422839656, 48.679361305356565 ], [ 6.132853488242057, 48.679379925596947 ], [ 6.132760771582391, 48.679404683037866 ], [ 6.132710038859644, 48.67942223577235 ], [ 6.132732440412817, 48.679387354381511 ], [ 6.132762359532822, 48.679324187092867 ], [ 6.132782784841873, 48.679259381969267 ], [ 6.13279351966708, 48.679193563124223 ], [ 6.132794460662452, 48.679127364431658 ], [ 6.132785598802776, 48.679061423421416 ], [ 6.132767019469126, 48.678996375139391 ], [ 6.132738901625171, 48.678932846031806 ], [ 6.132701516092346, 48.678871447912364 ], [ 6.132655222940493, 48.678812772070351 ], [ 6.132600468019159, 48.678757383576603 ], [ 6.132537778663, 48.678705815841816 ], [ 6.132467758612713, 48.678658565479999 ], [ 6.132391082200356, 48.678616087526201 ], [ 6.132308487855142, 48.678578791054825 ], [ 6.132220770992222, 48.678547035240307 ], [ 6.132128776352909, 48.678521125898662 ], [ 6.132033389870138, 48.678501312542515 ], [ 6.131935530137429, 48.678487785978604 ], [ 6.131836139563505, 48.678480676470492 ], [ 6.131736175297686, 48.67848005248409 ], [ 6.131636600013408, 48.678485920028486 ], [ 6.131538372638579, 48.678498222598115 ], [ 6.131442439121979, 48.678516841716814 ], [ 6.131349723324588, 48.678541598078596 ], [ 6.131261118123499, 48.678572253274311 ], [ 6.131177476814045, 48.67860851208733 ], [ 6.13109960489292, 48.678650025336189 ], [ 6.131028252301372, 48.678696393237111 ], [ 6.130964106203161, 48.678747169253569 ], [ 6.130907784366825, 48.678801864396334 ], [ 6.130859829215991, 48.678859951932232 ], [ 6.130820702604996, 48.678920872456416 ], [ 6.130790781370222, 48.678984039279378 ], [ 6.130770353699968, 48.679048844076782 ], [ 6.13075961635787, 48.679114662747715 ], [ 6.130758672786635, 48.679180861424896 ], [ 6.130767532110469, 48.679246802579115 ], [ 6.130786109045747, 48.679311851158921 ], [ 6.130814224720973, 48.679375380706645 ], [ 6.130851608398048, 48.679436779391672 ], [ 6.130878113451735, 48.679470375600168 ], [ 6.130825439840814, 48.679455540205772 ], [ 6.130730052147362, 48.679435725822636 ], [ 6.13063219100308, 48.679422198199752 ], [ 6.130532798830282, 48.679415087610849 ], [ 6.130432832793687, 48.679414462532279 ], [ 6.130333255583781, 48.679420328983632 ], [ 6.130235026147017, 48.679432630469876 ], [ 6.130139090452031, 48.679451248525268 ], [ 6.130046372380781, 48.679476003854063 ], [ 6.129957764832253, 48.6795066580571 ], [ 6.129874121124391, 48.679542915927243 ], [ 6.12979624677698, 48.679584428292152 ], [ 6.129724891754634, 48.679630795376553 ], [ 6.129660743244525, 48.679681570651795 ], [ 6.129604419038418, 48.679736265135773 ], [ 6.129556461582755, 48.679794352101631 ], [ 6.129517332754075, 48.679855272150043 ], [ 6.129487409410116, 48.679918438596104 ], [ 6.129466979759492, 48.679983243119082 ], [ 6.129456240584908, 48.680049061620707 ], [ 6.129455295346726, 48.680115260235333 ], [ 6.129464153185198, 48.680181201434344 ], [ 6.129482728831014, 48.680246250165865 ], [ 6.12951084342509, 48.680309779970777 ], [ 6.129548226239748, 48.680371179015957 ], [ 6.129574730929613, 48.680404775487645 ], [ 6.129522056747243, 48.680389939529185 ], [ 6.129426667843138, 48.680370124119044 ], [ 6.129328805287297, 48.680356595437161 ], [ 6.129229411515629, 48.680349483767429 ], [ 6.129129443708249, 48.680348857596634 ], [ 6.129029864572695, 48.680354722954917 ], [ 6.128931633073964, 48.680367023357732 ], [ 6.12883569520055, 48.680385640349769 ], [ 6.128742974855387, 48.680410394645556 ], [ 6.128654364959361, 48.68044104785583 ], [ 6.128570718853014, 48.680477304783061 ], [ 6.128492842079236, 48.680518816263969 ], [ 6.128461170583002, 48.68053939561662 ], [ 6.128427138493104, 48.680520540963464 ], [ 6.128344543967153, 48.680483241806371 ], [ 6.128256826316905, 48.680451483126923 ], [ 6.128164830291261, 48.680425570768719 ], [ 6.128069441836505, 48.680405754273444 ], [ 6.12797157956515, 48.680392224478105 ], [ 6.127872185910364, 48.680385111677282 ], [ 6.127772218051137, 48.680384484368673 ], [ 6.12767263869551, 48.680390348593349 ], [ 6.127574406810595, 48.680402647877735 ], [ 6.127478468388603, 48.680421263777248 ], [ 6.127385747337755, 48.680446017016934 ], [ 6.127297136585727, 48.680476669217711 ], [ 6.127213489481311, 48.680512925191785 ], [ 6.127135611577002, 48.680554435785048 ], [ 6.12710393952503, 48.680575014776579 ], [ 6.127069907901356, 48.680556159736639 ], [ 6.126987314287311, 48.680518859640571 ], [ 6.126899597401668, 48.680487099963685 ], [ 6.126807601985965, 48.680461186559157 ], [ 6.126712213980617, 48.680441368978791 ], [ 6.126614351993807, 48.680427838069967 ], [ 6.126514958455963, 48.68042072413806 ], [ 6.12641499054495, 48.680420095691638 ], [ 6.126315410969305, 48.680425958782727 ], [ 6.126217178698261, 48.680438256948641 ], [ 6.126121239727749, 48.680456871755624 ], [ 6.126028517971267, 48.680481623939194 ], [ 6.125939906363291, 48.680512275130496 ], [ 6.125856258260851, 48.680548530151391 ], [ 6.125778379226054, 48.680590039856995 ], [ 6.125746706618345, 48.680610618487414 ], [ 6.125712675460928, 48.680591763060711 ], [ 6.12563008275884, 48.68055446202569 ], [ 6.125542366637856, 48.680522701351364 ], [ 6.125450371832153, 48.680496786900527 ], [ 6.12535498427627, 48.68047696823502 ], [ 6.125257122574061, 48.680463436212733 ], [ 6.125157729153219, 48.680456321149762 ], [ 6.125057761190478, 48.680455691565506 ], [ 6.124958181394875, 48.680461553523003 ], [ 6.124859948737759, 48.680473850570472 ], [ 6.124764009218781, 48.680492464284889 ], [ 6.12467128675672, 48.680517215412365 ], [ 6.124582674292845, 48.680547865594143 ], [ 6.124499025192428, 48.680584119661866 ], [ 6.124421145027185, 48.680625628479795 ], [ 6.124349783817756, 48.680671992306785 ], [ 6.124285628810888, 48.680722764645594 ], [ 6.124229297860911, 48.680777456542366 ], [ 6.124181333479211, 48.680835541295217 ], [ 6.124142197609023, 48.680896459526068 ], [ 6.1241122671759, 48.680959624567549 ], [ 6.124091830456721, 48.681024428112451 ], [ 6.124081084302269, 48.681090246071946 ], [ 6.124080132240122, 48.681156444585568 ], [ 6.124088983476257, 48.681222386125725 ], [ 6.124107552804948, 48.681287435637209 ], [ 6.124135661427952, 48.681350966653433 ], [ 6.124173038675098, 48.681412367329614 ], [ 6.124199540438968, 48.681445964966429 ], [ 6.124146866732968, 48.681431126646622 ], [ 6.124051477966668, 48.681411306954061 ], [ 6.123953614853114, 48.681397773872682 ], [ 6.123854219833588, 48.681390657728791 ], [ 6.123754250100218, 48.681390027052238 ], [ 6.123654668379094, 48.681395887916544 ], [ 6.123556433660107, 48.681408183880457 ], [ 6.12346049196276, 48.681426796531419 ], [ 6.123367767226812, 48.681451546625738 ], [ 6.123279152415429, 48.681482195814652 ], [ 6.12319550091649, 48.681518448939315 ], [ 6.123117618324806, 48.681559956873116 ], [ 6.123046254684384, 48.681606319883407 ], [ 6.122982097265382, 48.681657091480801 ], [ 6.122925763945361, 48.681711782718608 ], [ 6.122877797258529, 48.681769866901256 ], [ 6.122838659170319, 48.681830784656192 ], [ 6.122808726627647, 48.681893949320582 ], [ 6.12278828792771, 48.681958752590909 ], [ 6.122777539940364, 48.682024570380946 ], [ 6.122776586210843, 48.682090768831891 ], [ 6.12278543596118, 48.682156710416713 ], [ 6.12280400399996, 48.682221760079841 ], [ 6.122832111541365, 48.682285291353139 ], [ 6.122869487925644, 48.682346692389423 ], [ 6.122895989325462, 48.682380290289402 ], [ 6.122843315048164, 48.682365451405524 ], [ 6.122747925071475, 48.682345630685845 ], [ 6.122650060546592, 48.682332096545359 ], [ 6.122550663928384, 48.682324979320519 ], [ 6.122450692424378, 48.682324347551628 ], [ 6.122351108777712, 48.6823302073227 ], [ 6.122252871996821, 48.682342502203035 ], [ 6.122156928121065, 48.682361113790471 ], [ 6.122064201111179, 48.682385862851611 ], [ 6.121975583952225, 48.682416511047578 ], [ 6.12189193005469, 48.682452763229143 ], [ 6.121814045036484, 48.682494270278767 ], [ 6.12174267896498, 48.682540632472303 ], [ 6.121678519133749, 48.682591403328232 ], [ 6.12162218344358, 48.68264609390701 ], [ 6.121574214451507, 48.682704177519412 ], [ 6.121535074145164, 48.682765094798377 ], [ 6.121505139492829, 48.682828259085653 ], [ 6.121484698812015, 48.682893062081362 ], [ 6.121473948991657, 48.6829588797019 ], [ 6.121472993594641, 48.683025078090125 ], [ 6.121481841859064, 48.683091019719612 ], [ 6.121500408607821, 48.683156069534306 ], [ 6.121528515067518, 48.683219601064692 ], [ 6.121565890588823, 48.683281002461058 ], [ 6.121612175251764, 48.683339682386226 ], [ 6.121666923330936, 48.683395075710827 ], [ 6.121729607587263, 48.683446648956092 ], [ 6.1217606840251, 48.683467623421244 ], [ 6.121732206646215, 48.683490157705506 ], [ 6.121675870043829, 48.683544848268099 ], [ 6.12162790028684, 48.683602931857934 ], [ 6.121588759370249, 48.683663849108228 ], [ 6.12155882426821, 48.683727013360993 ], [ 6.12153838330257, 48.683791816316635 ], [ 6.121527633365006, 48.683857633891996 ], [ 6.121526678019539, 48.683923832230342 ], [ 6.121535526503767, 48.683989773805699 ], [ 6.121554093638466, 48.684054823562604 ], [ 6.121582200646533, 48.684118355032041 ], [ 6.121619576873353, 48.684179756364898 ], [ 6.12164607839911, 48.684213354490588 ], [ 6.121593402629827, 48.684198515077583 ], [ 6.121498009782693, 48.684178693388795 ], [ 6.121400142150325, 48.684165158243495 ], [ 6.12130074221752, 48.684158039987871 ], [ 6.121200767223724, 48.684157407172066 ], [ 6.121101179945681, 48.684163265890248 ], [ 6.121002939426795, 48.684175559721815 ], [ 6.120906991742422, 48.684194170274743 ], [ 6.120814260889973, 48.684218918325548 ], [ 6.120725639891516, 48.684249565545144 ], [ 6.120641982194505, 48.684285816793661 ], [ 6.120564093453449, 48.684327322962538 ], [ 6.120532416529612, 48.684347900142917 ], [ 6.120498384820157, 48.684329043287704 ], [ 6.120415789934558, 48.684291738758994 ], [ 6.120328070711339, 48.684259974349423 ], [ 6.120236071914547, 48.684234055957745 ], [ 6.120140679517162, 48.684214233183781 ], [ 6.120042812169661, 48.684200696924961 ], [ 6.1199434123541, 48.684193577538153 ], [ 6.119843437308797, 48.68419294358447 ], [ 6.119743849810989, 48.684198801168961 ], [ 6.119645608906199, 48.684211093881977 ], [ 6.119549660673496, 48.684229703342254 ], [ 6.119456929115573, 48.684254450336859 ], [ 6.119368307261291, 48.684285096546844 ], [ 6.119284648566347, 48.684321346842061 ], [ 6.119206758694854, 48.684362852123165 ], [ 6.119135387760919, 48.684409212683029 ], [ 6.119071223104939, 48.684459982055877 ], [ 6.119014882674165, 48.68451467131645 ], [ 6.118966909071287, 48.684572753788217 ], [ 6.118927764328342, 48.684633670115083 ], [ 6.118897825456332, 48.684696833648005 ], [ 6.118877380813414, 48.684761636094329 ], [ 6.118866627326676, 48.68482745337576 ], [ 6.118865668594319, 48.684893651638447 ], [ 6.118874513886563, 48.684959593357121 ], [ 6.118893078054929, 48.685024643474918 ], [ 6.118921182350878, 48.685088175519375 ], [ 6.118958556145918, 48.685149577635848 ], [ 6.118985056453234, 48.685183176325296 ], [ 6.11893238046216, 48.685168335749076 ], [ 6.118836986854466, 48.685148511947922 ], [ 6.118739118095679, 48.685134974629889 ], [ 6.118639716681448, 48.685127854162062 ], [ 6.118539739865482, 48.68512721911592 ], [ 6.118440150442073, 48.685133075607048 ], [ 6.118341907475287, 48.685145367236359 ], [ 6.118245957064049, 48.685163975632996 ], [ 6.118153223232029, 48.685188721594251 ], [ 6.118064599029986, 48.685219366811147 ], [ 6.11798093793623, 48.685255616163133 ], [ 6.117903045637971, 48.685297120559895 ], [ 6.117831672272686, 48.685343480302848 ], [ 6.117767505204187, 48.685394248934074 ], [ 6.117711162402957, 48.685448937535476 ], [ 6.117663186494514, 48.685507019436855 ], [ 6.117624039533101, 48.685567935287601 ], [ 6.117594098551081, 48.685631098443274 ], [ 6.117573651926932, 48.685695900614839 ], [ 6.117562896606827, 48.68576171772667 ], [ 6.117561936206624, 48.685827915926509 ], [ 6.117570780012603, 48.685893857689742 ], [ 6.117589342890601, 48.685958907959055 ], [ 6.11761744610451, 48.686022440260523 ], [ 6.117654819036259, 48.686083842737006 ], [ 6.117681318979301, 48.686117441689596 ], [ 6.117628642417008, 48.686102600549241 ], [ 6.117533247599028, 48.686082775720884 ], [ 6.117435377428973, 48.686069237343631 ], [ 6.117335974416074, 48.686062115794726 ], [ 6.117235995829439, 48.68606147965609 ], [ 6.11713640448041, 48.686067335053835 ], [ 6.117038159451596, 48.686079625599369 ], [ 6.116942206861779, 48.686098232932302 ], [ 6.116849470755608, 48.68612297786018 ], [ 6.116760844205744, 48.686153622083957 ], [ 6.116677180713103, 48.686189870492655 ], [ 6.116599285987997, 48.686231374005004 ], [ 6.116527910191274, 48.686277732931003 ], [ 6.116463740710159, 48.686328500820565 ], [ 6.11640739553837, 48.686383188762747 ], [ 6.116359417324254, 48.686441270093667 ], [ 6.116320268144257, 48.68650218546825 ], [ 6.116290325052113, 48.686565348246639 ], [ 6.116269876446618, 48.686630150143394 ], [ 6.116259119293028, 48.686695967085591 ], [ 6.11625815722486, 48.686762165222575 ], [ 6.116266999544457, 48.686828107030323 ], [ 6.116285561131974, 48.686893157451102 ], [ 6.116313663263733, 48.686956690009552 ], [ 6.116351035332085, 48.687018092846039 ], [ 6.116397317450322, 48.687076774609572 ], [ 6.116452063917551, 48.687132170153006 ], [ 6.116514747510227, 48.687183745976249 ], [ 6.116545824077229, 48.687204721733998 ], [ 6.116517342415167, 48.687227254701632 ], [ 6.116460996330839, 48.6872819426275 ], [ 6.116413017351494, 48.687340023935782 ], [ 6.11637386756095, 48.687400939281616 ], [ 6.116343924018818, 48.687464102025395 ], [ 6.116323475128231, 48.687528903882018 ], [ 6.116312717857193, 48.687594720778939 ], [ 6.116311755840353, 48.687660918865973 ], [ 6.116320598379559, 48.687726860619541 ], [ 6.116339160352855, 48.687791910982483 ], [ 6.116367263032847, 48.687855443479933 ], [ 6.116404635806607, 48.68791684625289 ], [ 6.116450918780634, 48.687975527950947 ], [ 6.116505666245798, 48.688030923427611 ], [ 6.116568350968939, 48.688082499183409 ], [ 6.116599428091666, 48.688103474911209 ], [ 6.116570945963097, 48.688126007874473 ], [ 6.116514598966201, 48.688180695784048 ], [ 6.116466619221602, 48.688238777069678 ], [ 6.11642746882049, 48.688299692386735 ], [ 6.116397524828359, 48.688362855095853 ], [ 6.116377075652674, 48.688427656912353 ], [ 6.116366318264187, 48.688493473764005 ], [ 6.116365356298677, 48.688559671801052 ], [ 6.116374199057502, 48.688625613500449 ], [ 6.116392761416592, 48.688690663805509 ], [ 6.116420864644838, 48.688754196241959 ], [ 6.116458238124032, 48.688815598951372 ], [ 6.116504521953884, 48.688874280583924 ], [ 6.116559270417016, 48.688929675993791 ], [ 6.116621956270665, 48.688981251682158 ], [ 6.116653033949168, 48.68900222738003 ], [ 6.116624551354047, 48.689024760338938 ], [ 6.116568203444551, 48.689079448232185 ], [ 6.116520222934676, 48.689137529495149 ], [ 6.116481071922978, 48.689198444783422 ], [ 6.116451127480833, 48.689261607457894 ], [ 6.116430678020042, 48.689326409234233 ], [ 6.116419920514105, 48.689392226040582 ], [ 6.11641895859993, 48.689458424027663 ], [ 6.116427801578385, 48.689524365672852 ], [ 6.116446364323284, 48.689589415920025 ], [ 6.116474468099804, 48.689652948295432 ], [ 6.11651184228446, 48.689714350941287 ], [ 6.116558126970165, 48.689773032508334 ], [ 6.116612876431303, 48.689828427851403 ], [ 6.116675563415498, 48.68988000347229 ], [ 6.116706641649775, 48.689900979140219 ], [ 6.116678158588107, 48.689923512094758 ], [ 6.116621809765984, 48.689978199971669 ], [ 6.116573828490807, 48.69003628121196 ], [ 6.116534676868504, 48.690097196471413 ], [ 6.116504731976333, 48.690160359111225 ], [ 6.116484282230429, 48.69022516084739 ], [ 6.116473524607038, 48.690290977608427 ], [ 6.116472562744203, 48.690357175545486 ], [ 6.116481405942298, 48.690423117136476 ], [ 6.116499969073022, 48.690488167325739 ], [ 6.116528073397837, 48.690551699640125 ], [ 6.116565448287981, 48.690613102222365 ], [ 6.116611733829571, 48.690671783723907 ], [ 6.116666484288753, 48.690727179000156 ], [ 6.116729172403534, 48.690778754553577 ], [ 6.116799194461039, 48.690826013671909 ], [ 6.11687587611129, 48.690868501212279 ], [ 6.116958478861539, 48.690905807984898 ], [ 6.117046207188602, 48.690937574694217 ], [ 6.117138216200712, 48.690963495399565 ], [ 6.117233619775051, 48.69098332046191 ], [ 6.117331499092585, 48.690996858948374 ], [ 6.117430911487974, 48.691003980471237 ], [ 6.117530899529244, 48.691004616443784 ], [ 6.117630500239798, 48.690998760741088 ], [ 6.117728754373807, 48.690986469758798 ], [ 6.117824715655694, 48.690967861870078 ], [ 6.117917459894608, 48.690943116285439 ], [ 6.117968208763459, 48.690925570016041 ], [ 6.117945792415412, 48.690960448291946 ], [ 6.117915848733698, 48.691023611239828 ], [ 6.11789540039929, 48.691088413170483 ], [ 6.117884644374838, 48.691154230010632 ], [ 6.11788368428299, 48.691220427910601 ], [ 6.117892529407065, 48.691286369348667 ], [ 6.117911094600215, 48.691351419270667 ], [ 6.117939201104042, 48.691414951206006 ], [ 6.117976578268796, 48.69147635330107 ], [ 6.118003081152165, 48.69150995202866 ], [ 6.117950399064827, 48.691495111098227 ], [ 6.117854994284674, 48.691475286617838 ], [ 6.117757113935805, 48.691461748566489 ], [ 6.117657700625472, 48.691454627318294 ], [ 6.117557711721944, 48.691453991452263 ], [ 6.117458110135916, 48.69145984709192 ], [ 6.117359855048572, 48.691472137846311 ], [ 6.117263892675562, 48.691490745353057 ], [ 6.117171147155744, 48.691515490418006 ], [ 6.117082511652429, 48.691546134740811 ], [ 6.116998839752759, 48.6915823832095 ], [ 6.116920937248008, 48.691623886742299 ], [ 6.116849554373942, 48.691670245648936 ], [ 6.116785378585947, 48.691721013479579 ], [ 6.11672902793848, 48.691775701323778 ], [ 6.116681045132626, 48.691833782518671 ], [ 6.116641892289057, 48.691894697720443 ], [ 6.116611946496793, 48.691957860290906 ], [ 6.11659149618064, 48.692022661946652 ], [ 6.116580738322337, 48.692088478617016 ], [ 6.116579776562195, 48.692154676454024 ], [ 6.116588620199597, 48.692220617936535 ], [ 6.116607184102017, 48.692285668009909 ], [ 6.116635289523488, 48.692349200202166 ], [ 6.116672665824685, 48.692410602657205 ], [ 6.116718953078142, 48.692469284027666 ], [ 6.116773705533516, 48.692524679170226 ], [ 6.116836395909594, 48.69257625458863 ], [ 6.116906420471722, 48.692623513571966 ], [ 6.116983104845802, 48.692666000978612 ], [ 6.117065710512852, 48.692703307620071 ], [ 6.117153441921599, 48.692735074202069 ], [ 6.117245454150594, 48.692760994785154 ], [ 6.117340861046037, 48.692780819731496 ], [ 6.117438743756909, 48.692794358109303 ], [ 6.117538159585187, 48.692801479531902 ], [ 6.117638151065836, 48.692802115413585 ], [ 6.117737755189129, 48.692796259630242 ], [ 6.117836012676372, 48.69278396857834 ], [ 6.117931977219691, 48.692765360631697 ], [ 6.118024724596822, 48.692740615001362 ], [ 6.118075475174659, 48.692723068713107 ], [ 6.118053058127397, 48.692757946955979 ], [ 6.11802311354568, 48.692821109834476 ], [ 6.118002664641126, 48.692885911684705 ], [ 6.117991908381877, 48.692951728434139 ], [ 6.117990948392847, 48.693017926234027 ], [ 6.117999793956367, 48.693083867563551 ], [ 6.118018359921359, 48.693148917369655 ], [ 6.118046467521992, 48.693212449182816 ], [ 6.11808384609796, 48.693273851150636 ], [ 6.118130135699884, 48.693332531930423 ], [ 6.118184890554807, 48.693387926384588 ], [ 6.118247583358405, 48.69343950102347 ], [ 6.118278664339609, 48.693460476218412 ], [ 6.118250180016111, 48.693483009480339 ], [ 6.118193829001696, 48.693537697934822 ], [ 6.118145846206023, 48.693595779632147 ], [ 6.118106693749669, 48.69365669522368 ], [ 6.11807674871793, 48.693719858067453 ], [ 6.11805629952829, 48.693784659877437 ], [ 6.118045543151641, 48.693850476581503 ], [ 6.118044583214027, 48.693916674331327 ], [ 6.118053428997285, 48.693982615606572 ], [ 6.118071995348219, 48.694047665354674 ], [ 6.118100103497289, 48.694111197106736 ], [ 6.118137482778902, 48.694172599010891 ], [ 6.118183773236889, 48.694231279725095 ], [ 6.118238529090046, 48.694286674112369 ], [ 6.118301223024437, 48.694338248683714 ], [ 6.118371251271139, 48.694385506736339 ], [ 6.118447939420568, 48.694427993137644 ], [ 6.118530548917382, 48.694465298708771 ], [ 6.118618284173424, 48.69449706416578 ], [ 6.118710300230188, 48.694522983580043 ], [ 6.11880571089701, 48.694542807324986 ], [ 6.118903597286548, 48.694556344480389 ], [ 6.119003016665346, 48.694563464671361 ], [ 6.119103011534177, 48.694564099324033 ], [ 6.119202618850678, 48.694558242326153 ], [ 6.119300879305401, 48.69454595008586 ], [ 6.119396846561892, 48.694527340988451 ], [ 6.119489596371758, 48.694502594256043 ], [ 6.119540348168518, 48.694485047370726 ], [ 6.119517931343045, 48.694519925836758 ], [ 6.11948798752201, 48.69458308898853 ], [ 6.119467539744136, 48.694647890992961 ], [ 6.119456784966718, 48.694713707776039 ], [ 6.119455826800397, 48.694779905488666 ], [ 6.119464674509956, 48.694845846610924 ], [ 6.119483242923652, 48.69491089609167 ], [ 6.119511353252071, 48.694974427464565 ], [ 6.11954873480864, 48.69503582888143 ], [ 6.119575240507141, 48.695069427158103 ], [ 6.119522554386203, 48.695054586966968 ], [ 6.119427142513424, 48.695034763804045 ], [ 6.119329255092429, 48.695021227083799 ], [ 6.119229834798573, 48.69501410716753 ], [ 6.119129839067377, 48.695013472621412 ], [ 6.119030230875281, 48.695019329556246 ], [ 6.118931969467086, 48.695031621568646 ], [ 6.118836001119311, 48.695050230284046 ], [ 6.118743250028351, 48.695074976496713 ], [ 6.11865460941117, 48.695105621895209 ], [ 6.118570932904153, 48.695141871357279 ], [ 6.118493026342946, 48.69518337579148 ], [ 6.118421640002384, 48.695229735498941 ], [ 6.118357461371236, 48.695280504022058 ], [ 6.118301108531345, 48.695335192443764 ], [ 6.118253124204911, 48.695393274095586 ], [ 6.118213970527252, 48.695454189629338 ], [ 6.11818402459543, 48.69551735240362 ], [ 6.118163574835599, 48.695582154133099 ], [ 6.118152818224143, 48.695647970746357 ], [ 6.118151858389371, 48.69571416839598 ], [ 6.118160704612133, 48.695780109562605 ], [ 6.118179271735004, 48.695845159194711 ], [ 6.118207380981007, 48.695908690824496 ], [ 6.11824476167399, 48.695970092601279 ], [ 6.118291053844196, 48.696028773184267 ], [ 6.11834581169393, 48.696084167437704 ], [ 6.118408507890027, 48.69613574187391 ], [ 6.118439590538991, 48.696156716978898 ], [ 6.118411104815613, 48.696179250227672 ], [ 6.11835475106294, 48.696233938632943 ], [ 6.11830676597109, 48.696292020262 ], [ 6.11826761168275, 48.696352935766853 ], [ 6.118237665300866, 48.696416098506369 ], [ 6.118217215255927, 48.696480900195546 ], [ 6.118206458527067, 48.696546716763372 ], [ 6.118205498743722, 48.696612914362873 ], [ 6.11821434518625, 48.69667885547517 ], [ 6.118232912695111, 48.69674390504926 ], [ 6.118261022489613, 48.696807436617867 ], [ 6.118298403888323, 48.696868838330943 ], [ 6.118324909712649, 48.69690243683317 ], [ 6.118272222099128, 48.696887596112838 ], [ 6.118176807354724, 48.696867771980649 ], [ 6.118078916824927, 48.696854234255376 ], [ 6.117979493215029, 48.696847113308017 ], [ 6.117879493992485, 48.696846477714672 ], [ 6.117779882167354, 48.696852333596226 ], [ 6.117681617019426, 48.696864624559431 ], [ 6.11758564486123, 48.696883232239841 ], [ 6.117492889925855, 48.696907977441683 ], [ 6.117404245467286, 48.696938621863261 ], [ 6.1173205651589, 48.696974870391692 ], [ 6.117242654872952, 48.697016373944578 ], [ 6.117171264920145, 48.69706273283149 ], [ 6.117107082824035, 48.697113500602754 ], [ 6.117050726699834, 48.697168188348542 ], [ 6.117002739301371, 48.697226269406855 ], [ 6.116963582793551, 48.697287184435282 ], [ 6.11693363430069, 48.697350346797258 ], [ 6.116913182273611, 48.697415148211391 ], [ 6.116902423710533, 48.697480964609362 ], [ 6.116901462258564, 48.697547162145788 ], [ 6.116910307214129, 48.69761310330243 ], [ 6.11692887343201, 48.697678153027816 ], [ 6.11695698214395, 48.697741684853284 ], [ 6.116994362678944, 48.697803086926264 ], [ 6.117020868138794, 48.697836685691549 ], [ 6.11696817995383, 48.697821844407009 ], [ 6.116872763998636, 48.697802019247462 ], [ 6.116774872056969, 48.697788480462769 ], [ 6.116675446847717, 48.697781358434092 ], [ 6.116575445853736, 48.697780721748032 ], [ 6.116475832102147, 48.69778657653594 ], [ 6.116377564891288, 48.697798866415098 ], [ 6.116281590553555, 48.697817473031527 ], [ 6.116188833343025, 48.697842217199643 ], [ 6.116138077161629, 48.697859762608843 ], [ 6.116160497674652, 48.697824884877043 ], [ 6.116190447373632, 48.697761722734676 ], [ 6.116210900432309, 48.697696921463546 ], [ 6.11622165991056, 48.69763110514004 ], [ 6.116222622224997, 48.69756490761381 ], [ 6.116213778145121, 48.697498966403479 ], [ 6.1161952128808, 48.697433916556882 ], [ 6.11616710526024, 48.697370384535304 ], [ 6.116129726006451, 48.697308982180488 ], [ 6.116083435128836, 48.697250300822574 ], [ 6.11602867845506, 48.697194905585455 ], [ 6.115965983336689, 48.697143329944829 ], [ 6.115895953569929, 48.697096070590788 ], [ 6.11581926358043, 48.697053582645033 ], [ 6.115736651928173, 48.697016275278152 ], [ 6.115648914194987, 48.69698450776955 ], [ 6.115556895323179, 48.696958586047792 ], [ 6.115461481479048, 48.696938759744789 ], [ 6.115363591519606, 48.696925219791979 ], [ 6.11526416814466, 48.696918096581776 ], [ 6.115164168819397, 48.696917458712107 ], [ 6.115064556554869, 48.696923312325758 ], [ 6.114966290635096, 48.696935601051301 ], [ 6.114870317380039, 48.696954206545882 ], [ 6.114777561033349, 48.696978949634747 ], [ 6.114688914862601, 48.697009592036572 ], [ 6.114605232557659, 48.697045838657893 ], [ 6.114527320010004, 48.697087340434713 ], [ 6.114495632977195, 48.697107915788848 ], [ 6.114461595138121, 48.697089057414999 ], [ 6.114378984398813, 48.697051749108972 ], [ 6.114291247431208, 48.69701998060269 ], [ 6.114199229170242, 48.696994057834374 ], [ 6.114103815776334, 48.696974230445974 ], [ 6.114005926102158, 48.696960689379381 ], [ 6.113906502844776, 48.696953565037774 ], [ 6.113806503468242, 48.696952926029937 ], [ 6.113706890984103, 48.696958778509632 ], [ 6.113608624678492, 48.696971066116355 ], [ 6.113512650875089, 48.696989670518001 ], [ 6.11341989382282, 48.697014412550359 ], [ 6.113331246796057, 48.69704505394229 ], [ 6.113247563492909, 48.697081299610062 ], [ 6.113169649814465, 48.697122800498818 ], [ 6.113098256104095, 48.697169156943815 ], [ 6.113034069921542, 48.697219922518855 ], [ 6.112977709421367, 48.697274608335285 ], [ 6.112929717399538, 48.6973326877497 ], [ 6.112890556065485, 48.697393601435508 ], [ 6.11286060259, 48.697456762769065 ], [ 6.112840145471885, 48.697521563478908 ], [ 6.112829381758393, 48.697587379503467 ], [ 6.112828415146229, 48.697653577000985 ], [ 6.112837254981514, 48.697719518453596 ], [ 6.112855816168343, 48.697784568806973 ], [ 6.112883919986913, 48.697848101586388 ], [ 6.112921295813345, 48.697909504930124 ], [ 6.112947798709018, 48.697943104597393 ], [ 6.112895111573324, 48.697928261515138 ], [ 6.112799696968836, 48.697908433099336 ], [ 6.11270180588299, 48.697894890973281 ], [ 6.112602381026436, 48.69788776555032 ], [ 6.112502379878634, 48.697887125449682 ], [ 6.112402765468181, 48.697892976835668 ], [ 6.112304497099765, 48.697905263358244 ], [ 6.112208521116925, 48.697923866695838 ], [ 6.112115761789583, 48.697948607694435 ], [ 6.112027112414011, 48.697979248092828 ], [ 6.11194342671094, 48.698015492816886 ], [ 6.111865510604569, 48.698056992820831 ], [ 6.111794114461653, 48.698103348448441 ], [ 6.111729925865355, 48.698154113281412 ], [ 6.111673562993483, 48.698208798438166 ], [ 6.111625568664845, 48.69826687728176 ], [ 6.111586405111086, 48.698327790491021 ], [ 6.111556449524374, 48.698390951446918 ], [ 6.11153599042385, 48.698455751881603 ], [ 6.111525224875851, 48.698521567736186 ], [ 6.111524256594753, 48.698587765170544 ], [ 6.111533094942753, 48.698653706667407 ], [ 6.111551654838271, 48.698718757172038 ], [ 6.111579757573938, 48.69878229020825 ], [ 6.111617132536309, 48.698843693911819 ], [ 6.111663419810819, 48.6989023769234 ], [ 6.11171817364693, 48.698957774083851 ], [ 6.111780866750142, 48.699009351877507 ], [ 6.111850895359543, 48.699056613570505 ], [ 6.111927585062062, 48.699099103995216 ], [ 6.112010197287406, 48.699136413934028 ], [ 6.112097936421143, 48.699168184060909 ], [ 6.112189957467425, 48.699194108402295 ], [ 6.112285374187534, 48.699213937284135 ], [ 6.112383267635832, 48.699227479736741 ], [ 6.11248269501088, 48.699234605334212 ], [ 6.112582698736435, 48.699235245450616 ], [ 6.112682315684832, 48.699229393921065 ], [ 6.11278058645386, 48.699217107101042 ], [ 6.11287656460772, 48.699198503323643 ], [ 6.112969325793062, 48.699173761759738 ], [ 6.113020084314032, 48.699156217718482 ], [ 6.112997661134471, 48.69919109482047 ], [ 6.112967706758333, 48.69925425608438 ], [ 6.112947249069498, 48.69931905671352 ], [ 6.112936485120714, 48.699384872647137 ], [ 6.112935518610952, 48.699451070044326 ], [ 6.112944358885352, 48.699517011388188 ], [ 6.112962920843783, 48.699582061625463 ], [ 6.112991025759013, 48.699645594282508 ], [ 6.113028402996602, 48.699706997498808 ], [ 6.113054906872558, 48.699740597090923 ], [ 6.113002217894554, 48.699725754078663 ], [ 6.112906799968179, 48.699705925778851 ], [ 6.112808905488163, 48.699692383761381 ], [ 6.112709477197842, 48.699685258438599 ], [ 6.112609472609742, 48.699684618428705 ], [ 6.112509854785594, 48.699690469895174 ], [ 6.112411583062954, 48.699702756487206 ], [ 6.112315603817663, 48.699721359882517 ], [ 6.112222841351059, 48.699746100926539 ], [ 6.11213418898965, 48.699776741357667 ], [ 6.112050500482916, 48.699812986101428 ], [ 6.111972581782058, 48.699854486111867 ], [ 6.111940892066064, 48.699875060738904 ], [ 6.111906853346757, 48.69985620168044 ], [ 6.111824240057533, 48.699818891692914 ], [ 6.111736499997864, 48.6997871213823 ], [ 6.111644478132469, 48.699761196704195 ], [ 6.11154906065647, 48.699741367318943 ], [ 6.11145116646186, 48.699727824187654 ], [ 6.111351738289228, 48.699720697733383 ], [ 6.111251733649963, 48.699720056585292 ], [ 6.11115211560629, 48.69972590691772 ], [ 6.111053843497881, 48.699738192390861 ], [ 6.110957863704291, 48.69975679469318 ], [ 6.110865100532137, 48.699781534680632 ], [ 6.110814340680596, 48.699799077795575 ], [ 6.110836765577843, 48.699764201122036 ], [ 6.110866722821232, 48.699701040420656 ], [ 6.110887183238916, 48.69963624016939 ], [ 6.110897949819907, 48.699570424434803 ], [ 6.110898918912412, 48.699504227060856 ], [ 6.110890081220657, 48.699438285564717 ], [ 6.110871521892998, 48.699373234996962 ], [ 6.110843419700466, 48.699309701825847 ], [ 6.110806045313806, 48.699248297904198 ], [ 6.110759758695547, 48.699189614577207 ], [ 6.110705005632348, 48.699134216987751 ], [ 6.110642313441004, 48.699082638634145 ], [ 6.110572285889537, 48.699035376232693 ], [ 6.110495597382269, 48.698992884934384 ], [ 6.110412986464913, 48.698955573942087 ], [ 6.110325248712219, 48.698923802570128 ], [ 6.110233229066688, 48.698897876784315 ], [ 6.110137813702072, 48.698878046255672 ], [ 6.110039921490026, 48.698864501956301 ], [ 6.10994049515205, 48.698857374320504 ], [ 6.109840492181866, 48.698856731988847 ], [ 6.109740875625626, 48.698862581147047 ], [ 6.109642604808676, 48.698874865466621 ], [ 6.109546626098137, 48.698893466647107 ], [ 6.109453863790193, 48.698918205555302 ], [ 6.109365211209823, 48.698948843950163 ], [ 6.109281522108619, 48.69898508677683 ], [ 6.109203602443499, 48.699026585007793 ], [ 6.109132202615493, 48.699072939003898 ], [ 6.109068010243245, 48.699123702362563 ], [ 6.10901164354093, 48.699178386216438 ], [ 6.108963645364244, 48.699236463941077 ], [ 6.108924477981885, 48.699297376226106 ], [ 6.108894518622896, 48.699360536461406 ], [ 6.108874055842741, 48.699425336386057 ], [ 6.108863286743201, 48.699491151946098 ], [ 6.108862315072852, 48.699557349304214 ], [ 6.108871150226535, 48.699623290943883 ], [ 6.108889707153432, 48.699688341808987 ], [ 6.108917807174769, 48.699751875419892 ], [ 6.10895517970324, 48.699813279906827 ], [ 6.108981681014667, 48.699846880400834 ], [ 6.108928993086308, 48.699832035590838 ], [ 6.108833576511237, 48.699812204034728 ], [ 6.108735682887616, 48.69979865867581 ], [ 6.108636254950537, 48.699791529958588 ], [ 6.108536250209121, 48.699790886534039 ], [ 6.108436631726575, 48.699796734598401 ], [ 6.1083383588468, 48.699809017833758 ], [ 6.108242377956776, 48.699827617950056 ], [ 6.108149613373677, 48.699852355824355 ], [ 6.108060958444392, 48.699882993225565 ], [ 6.107977266943132, 48.699919235108375 ], [ 6.107899344849928, 48.699960732454407 ], [ 6.107827942589187, 48.700007085633011 ], [ 6.107763747802989, 48.700057848249443 ], [ 6.107707378728749, 48.70011253144358 ], [ 6.107659378245008, 48.700170608597233 ], [ 6.107620208642682, 48.700231520405588 ], [ 6.107590247172191, 48.700294680263099 ], [ 6.107569782409339, 48.700359479912507 ], [ 6.107559011474997, 48.700425295302466 ], [ 6.107558038135417, 48.700491492597337 ], [ 6.107566871801512, 48.70055743428118 ], [ 6.107585427436796, 48.700622485297458 ], [ 6.107613526374933, 48.700686019165083 ], [ 6.107650898039052, 48.700747424011823 ], [ 6.107697182546358, 48.700806108467297 ], [ 6.10775193417297, 48.700861507358482 ], [ 6.107814625645667, 48.700913087153026 ], [ 6.107884653219246, 48.70096035109782 ], [ 6.107961342490616, 48.701002844003511 ], [ 6.108043954893637, 48.701040156628657 ], [ 6.10813169481217, 48.701071929621307 ], [ 6.10822371724281, 48.70109785698029 ], [ 6.108319135933509, 48.701117689002523 ], [ 6.10841703191965, 48.701131234688056 ], [ 6.108516462375351, 48.701138363579858 ], [ 6.108616469694701, 48.701139007020281 ], [ 6.108716090715422, 48.701133158812389 ], [ 6.108814365996079, 48.701120875279713 ], [ 6.108910349057421, 48.701102274723652 ], [ 6.109003115498833, 48.701077536284089 ], [ 6.109053877199877, 48.701059993958964 ], [ 6.109031450557, 48.701094870258878 ], [ 6.10900149029696, 48.701158030424416 ], [ 6.108981026945702, 48.7012228302683 ], [ 6.108970257610506, 48.701288645737293 ], [ 6.108969286042222, 48.701354842995023 ], [ 6.10897812163471, 48.701420784525894 ], [ 6.108996679332928, 48.701485835274831 ], [ 6.109024780450677, 48.701549368763345 ], [ 6.109062154390094, 48.701610773122823 ], [ 6.109108441246471, 48.701669456987588 ], [ 6.109163195273305, 48.701724855190321 ], [ 6.109225889174259, 48.701776434205271 ], [ 6.109295919180743, 48.701823697286862 ], [ 6.109372610866233, 48.701866189254069 ], [ 6.109455225641341, 48.701903500874437 ], [ 6.10954296786708, 48.701935272805734 ], [ 6.109634992517824, 48.701961199056996 ], [ 6.109730413320142, 48.701981029935794 ], [ 6.109828311289079, 48.701994574453231 ], [ 6.10992774357966, 48.702001702163493 ], [ 6.110027752568294, 48.702002344420286 ], [ 6.110127375076633, 48.701996495038152 ], [ 6.110225651648909, 48.70198421035186 ], [ 6.110321635793435, 48.701965608673952 ], [ 6.110414403099161, 48.701940869155102 ], [ 6.110465165164993, 48.701923326242323 ], [ 6.110442739093409, 48.70195820278191 ], [ 6.110412780043935, 48.702021363255447 ], [ 6.110392318104387, 48.702086163293792 ], [ 6.110381550368456, 48.702151978841819 ], [ 6.110380580571587, 48.702218176062352 ], [ 6.110389418090583, 48.702284117440207 ], [ 6.110407977851851, 48.702349167921781 ], [ 6.110436081149321, 48.702412701031108 ], [ 6.110473457364142, 48.702474104903281 ], [ 6.110519746569692, 48.702532788177301 ], [ 6.110574502996842, 48.702588185691525 ], [ 6.110637199326139, 48.702639763926854 ], [ 6.110668282724165, 48.702660740940743 ], [ 6.110639790105704, 48.702683272208816 ], [ 6.110583421209023, 48.702737956639716 ], [ 6.110535421509971, 48.702796034820786 ], [ 6.11049625329191, 48.702856947437304 ], [ 6.110466293791935, 48.702920107875947 ], [ 6.110445831566877, 48.702984907873869 ], [ 6.110435063713171, 48.703050723376336 ], [ 6.110434093967405, 48.703116920546634 ], [ 6.110442931705886, 48.703182861870033 ], [ 6.110461491852909, 48.703247912293484 ], [ 6.110489595698694, 48.703311445341555 ], [ 6.110526972619108, 48.703372849149957 ], [ 6.110573262680734, 48.70343153235828 ], [ 6.110628020106198, 48.703486929805528 ], [ 6.110690717566436, 48.703538507973242 ], [ 6.11072180152047, 48.703559484957132 ], [ 6.110693308435106, 48.703582016220757 ], [ 6.110636938625098, 48.703636700635066 ], [ 6.11058893816011, 48.703694778793192 ], [ 6.110549769330881, 48.70375569138065 ], [ 6.110519809380394, 48.703818851784384 ], [ 6.110499346869815, 48.703883651741855 ], [ 6.110488578898336, 48.703949467198747 ], [ 6.110487609203675, 48.704015664318788 ], [ 6.110496447161651, 48.704081605587724 ], [ 6.110515007694448, 48.704146655953032 ], [ 6.110543112088567, 48.704210188939847 ], [ 6.110580489714599, 48.704271592684464 ], [ 6.110626780632331, 48.704330275827076 ], [ 6.110681539056147, 48.704385673207327 ], [ 6.110744237647365, 48.704437251307382 ], [ 6.110775322157392, 48.704458228261259 ], [ 6.110746828605143, 48.704480759520408 ], [ 6.11069045788178, 48.704535443918111 ], [ 6.110642456650832, 48.704593522053301 ], [ 6.110603287210417, 48.704654434611676 ], [ 6.110573326809402, 48.704717594980458 ], [ 6.110552864013297, 48.704782394897464 ], [ 6.11054209592404, 48.704848210308789 ], [ 6.110541126280489, 48.704914407378546 ], [ 6.11054996445797, 48.704980348593004 ], [ 6.110568525376554, 48.705045398900147 ], [ 6.11059663031903, 48.705108931825691 ], [ 6.110634008650707, 48.705170335506494 ], [ 6.110680300424577, 48.705229018583374 ], [ 6.110735059846781, 48.705284415896628 ], [ 6.110797759569023, 48.70533599392904 ], [ 6.11086779576665, 48.705383255944554 ], [ 6.110944493953513, 48.705425746772327 ], [ 6.111027115477608, 48.705463057190947 ], [ 6.111114864634951, 48.705494827869714 ], [ 6.111206896333156, 48.70552075282977 ], [ 6.111302324230917, 48.705540582391087 ], [ 6.11140022927494, 48.70555412557745 ], [ 6.111499668552106, 48.705561251955899 ], [ 6.111599684371539, 48.705561892892938 ], [ 6.111699313489098, 48.705556042215832 ], [ 6.11179759638536, 48.705543756271815 ], [ 6.111893586507731, 48.705525153385551 ], [ 6.111986359387589, 48.705500412719338 ], [ 6.112075021544625, 48.705469772547453 ], [ 6.112158719092573, 48.705433527961127 ], [ 6.112236645963423, 48.70539202802631 ], [ 6.112268338908206, 48.705371453417385 ], [ 6.112302381350036, 48.705390312284109 ], [ 6.112385003787498, 48.705427621763441 ], [ 6.112472753710797, 48.705459391444442 ], [ 6.11256478602017, 48.705485315357762 ], [ 6.112660214368422, 48.705505143833541 ], [ 6.112758119697922, 48.705518685905972 ], [ 6.112857559092799, 48.705525811152832 ], [ 6.112957574861046, 48.705526450951531 ], [ 6.113057203759011, 48.705520599140264 ], [ 6.113155486269391, 48.705508312077235 ], [ 6.113251475843306, 48.705489708097865 ], [ 6.113344248017417, 48.705464966374976 ], [ 6.113432909318212, 48.705434325193032 ], [ 6.113516605867675, 48.705398079652973 ], [ 6.113594531607407, 48.705356578829971 ], [ 6.113626223996117, 48.705336003859699 ], [ 6.113660266904846, 48.705354862339519 ], [ 6.113742890255625, 48.705392170879591 ], [ 6.113830640944825, 48.705423939562756 ], [ 6.113922673865307, 48.705449862429383 ], [ 6.114018102663993, 48.705469689819594 ], [ 6.11411600827891, 48.705483230778093 ], [ 6.11421544779144, 48.705490354893342 ], [ 6.114315463508442, 48.705490993553703 ], [ 6.114415092186757, 48.705485140608296 ], [ 6.114513374311197, 48.705472852426261 ], [ 6.1146093633366, 48.705454247353792 ], [ 6.114702134804912, 48.705429504574241 ], [ 6.114790795249415, 48.705398862382239 ], [ 6.114874490800344, 48.705362615888475 ], [ 6.114952415408919, 48.705321114177266 ], [ 6.114984107241561, 48.705300538845655 ], [ 6.11501815061714, 48.705319396938563 ], [ 6.115100774881184, 48.705356704539334 ], [ 6.115188526336231, 48.705388472224705 ], [ 6.115280559867768, 48.70541439404461 ], [ 6.11537598911683, 48.705434220349261 ], [ 6.115473895017105, 48.705447760193806 ], [ 6.115573334647229, 48.705454883177481 ], [ 6.115673350312925, 48.705455520699473 ], [ 6.115772978771532, 48.705449666619948 ], [ 6.115871260509976, 48.705437377318908 ], [ 6.115967248986811, 48.705418771153333 ], [ 6.11606001974927, 48.705394027317134 ], [ 6.116148679337432, 48.705363384115081 ], [ 6.116232373889781, 48.70532713666762 ], [ 6.116310297367153, 48.705285634068225 ], [ 6.116341988643671, 48.705265058375296 ], [ 6.116376032486122, 48.705283916081321 ], [ 6.116458657663379, 48.705321222742803 ], [ 6.116546409884219, 48.705352989430345 ], [ 6.116638444026755, 48.7053789102035 ], [ 6.116733873726135, 48.705398735422598 ], [ 6.116831779911711, 48.705412274153204 ], [ 6.116931219659368, 48.705419396005276 ], [ 6.1170312352737, 48.705420032388936 ], [ 6.117130863512539, 48.705414177175264 ], [ 6.117229144864928, 48.705401886755233 ], [ 6.117325132793142, 48.70538327949658 ], [ 6.117417902849694, 48.705358534603718 ], [ 6.117468665884026, 48.705340988761975 ], [ 6.117446243019629, 48.705375866516476 ], [ 6.117416290474981, 48.705439028564662 ], [ 6.117395835881005, 48.705503829615296 ], [ 6.117385076260649, 48.705569645603532 ], [ 6.117384115271217, 48.705635842687947 ], [ 6.117392962204691, 48.705701783354655 ], [ 6.117411531896814, 48.705766832556904 ], [ 6.117439645545883, 48.705830363831055 ], [ 6.117477032433352, 48.705891765329866 ], [ 6.117523332529815, 48.705950445715203 ], [ 6.117578099961256, 48.706005839853212 ], [ 6.117640807302242, 48.706057414257337 ], [ 6.117710850654737, 48.706104672226395 ], [ 6.117787555463684, 48.706147158628546 ], [ 6.117870183013299, 48.706184464284995 ], [ 6.11795793754156, 48.706216229910908 ], [ 6.11804997390435, 48.706242149576077 ], [ 6.118145405715437, 48.706261973651493 ], [ 6.118243313883833, 48.706275511213747 ], [ 6.118342755466327, 48.706282631884051 ], [ 6.118442772749841, 48.706283267083911 ], [ 6.11854240247613, 48.70627741069579 ], [ 6.11864068511991, 48.70626511912198 ], [ 6.118736674131021, 48.706246510741323 ], [ 6.118829445051544, 48.706221764769069 ], [ 6.118880208450435, 48.70620421833965 ], [ 6.118857786157695, 48.706239096333753 ], [ 6.118827834824261, 48.70630225868981 ], [ 6.11880738164265, 48.706367059934728 ], [ 6.118796623622213, 48.706432876001813 ], [ 6.118795664404842, 48.706499073048853 ], [ 6.118804513265456, 48.706565013562333 ], [ 6.118823085021242, 48.70663006249697 ], [ 6.118851200850621, 48.706693593391712 ], [ 6.118888590014051, 48.706754994402949 ], [ 6.118934892460207, 48.706813674197271 ], [ 6.118989662292443, 48.706869067646501 ], [ 6.119052372062204, 48.706920641270713 ], [ 6.119122417848066, 48.706967898376227 ], [ 6.119199125071531, 48.707010383839553 ], [ 6.119281754993566, 48.707047688490896 ], [ 6.119369511829293, 48.707079453055144 ], [ 6.119461550412375, 48.707105371612258 ], [ 6.119556984335196, 48.707125194543941 ], [ 6.11965489448643, 48.707138730937814 ], [ 6.119754337903764, 48.707145850426308 ], [ 6.11985435685645, 48.707146484442312 ], [ 6.119953988070169, 48.707140626879713 ], [ 6.120052272005309, 48.707128334152088 ], [ 6.120148262099272, 48.707109724649428 ], [ 6.120241033883715, 48.707084977597752 ], [ 6.120291797647123, 48.707067430580629 ], [ 6.120269375926113, 48.707102308814321 ], [ 6.12023942580401, 48.707165471478241 ], [ 6.120218974034882, 48.707230272917442 ], [ 6.12020821761448, 48.707296089063327 ], [ 6.120207260169288, 48.707362286072957 ], [ 6.120216110957159, 48.707428226433144 ], [ 6.120234684776723, 48.707493275100148 ], [ 6.120262802786523, 48.707556805615411 ], [ 6.12030019422602, 48.707618206139067 ], [ 6.120346499021969, 48.707676885342295 ], [ 6.120401271255094, 48.707732278102696 ], [ 6.120463983453718, 48.707783850946932 ], [ 6.120534031673022, 48.707831107188866 ], [ 6.120610741311077, 48.707873591713309 ], [ 6.120693373605586, 48.707910895359483 ], [ 6.120781132748829, 48.707942658862009 ], [ 6.120873173552243, 48.707968576311046 ], [ 6.120968609586823, 48.707988398098969 ], [ 6.121066521720907, 48.708001933324397 ], [ 6.121165966973085, 48.708009051631038 ], [ 6.121265987594938, 48.708009684463157 ], [ 6.121365620296065, 48.708003825726038 ], [ 6.121463905522535, 48.707991531844591 ], [ 6.121559896699311, 48.707972921219891 ], [ 6.121652669347618, 48.707948173088766 ], [ 6.121703433475545, 48.707930625483918 ], [ 6.121681012326293, 48.70796550395724 ], [ 6.121651063415635, 48.708028666928989 ], [ 6.121630613059108, 48.708093468562424 ], [ 6.121619858238859, 48.708159284787101 ], [ 6.121618902565966, 48.708225481759285 ], [ 6.121627755281212, 48.70829142196618 ], [ 6.121646331164666, 48.708356470365459 ], [ 6.121674451354998, 48.708420000501242 ], [ 6.121711845070669, 48.70848140053721 ], [ 6.12175815221651, 48.708540079149344 ], [ 6.121812926850619, 48.708595471220853 ], [ 6.121875641478191, 48.708647043285076 ], [ 6.121945692131016, 48.708694298663374 ], [ 6.122022404183727, 48.70873678224887 ], [ 6.122105038850772, 48.70877408488986 ], [ 6.122192800301579, 48.708805847330588 ], [ 6.12228484332536, 48.708831763671498 ], [ 6.122380281471728, 48.708851584315603 ], [ 6.122478195588678, 48.708865118372557 ], [ 6.122577642675703, 48.708872235497289 ], [ 6.122677664966712, 48.708872867145494 ], [ 6.122777299155231, 48.708867007233827 ], [ 6.122875585672999, 48.708854712198509 ], [ 6.122971577932542, 48.708836100451734 ], [ 6.123064351444663, 48.70881135124116 ], [ 6.123115115937044, 48.708793803048607 ], [ 6.123092695359642, 48.708828681761482 ], [ 6.123062747660544, 48.708891845041059 ], [ 6.123042298716737, 48.708956646868707 ], [ 6.12303154549676, 48.709022463172118 ], [ 6.123030591596281, 48.709088660106822 ], [ 6.12303944623902, 48.709154600160367 ], [ 6.12305802418648, 48.709219648291921 ], [ 6.123086146557454, 48.709283178048139 ], [ 6.123123542549403, 48.709344577596411 ], [ 6.12316985204524, 48.709403255617367 ], [ 6.123224629080425, 48.709458646999948 ], [ 6.12328734613703, 48.709510218284102 ], [ 6.123357399223455, 48.7095574727987 ], [ 6.123434113690891, 48.709599955445213 ], [ 6.12351675073053, 48.709637257080949 ], [ 6.123604514488949, 48.709669018459849 ], [ 6.123696559733137, 48.709694933692582 ], [ 6.123791999991317, 48.709714753192813 ], [ 6.123889916091148, 48.709728286081258 ], [ 6.123989365013024, 48.709735402024059 ], [ 6.124089388973182, 48.709736032488287 ], [ 6.12418902464907, 48.709730171402036 ], [ 6.124287312458105, 48.709717875212831 ], [ 6.124383305800376, 48.70969926234396 ], [ 6.124476080176256, 48.709674512053887 ], [ 6.124526845033059, 48.709656963273602 ], [ 6.124504425027566, 48.709691842226064 ], [ 6.124474478540146, 48.709755005813435 ], [ 6.124454031009173, 48.709819807835267 ], [ 6.124443279389588, 48.709885624217407 ], [ 6.124442327261644, 48.709951821114579 ], [ 6.12445118383199, 48.71001776101474 ], [ 6.12446976384357, 48.710082808878511 ], [ 6.124497888395298, 48.710146338255136 ], [ 6.124535286663632, 48.710207737315663 ], [ 6.124581598509563, 48.710266414745398 ], [ 6.124636377945918, 48.710321805438994 ], [ 6.124699097431645, 48.710373375943028 ], [ 6.124769152951746, 48.710420629593891 ], [ 6.124845869833975, 48.710463111301351 ], [ 6.124928509246268, 48.710500411931797 ], [ 6.125016275312348, 48.710532172248804 ], [ 6.125108322776979, 48.710558086373304 ], [ 6.125203765146999, 48.710577904729647 ], [ 6.125301683229726, 48.710591436449505 ], [ 6.125401133986457, 48.710598551210325 ], [ 6.125501159615753, 48.710599180490554 ], [ 6.125600796778992, 48.710593318229698 ], [ 6.125699085879263, 48.710581020886558 ], [ 6.125795080304219, 48.710562406895583 ], [ 6.125887855543806, 48.710537655525989 ], [ 6.125938620765003, 48.710520106157979 ], [ 6.125916201331481, 48.710554985350008 ], [ 6.125886256055852, 48.710618149245128 ], [ 6.125865809937832, 48.710682951461138 ], [ 6.125855059918757, 48.710748767921935 ], [ 6.125854109563464, 48.710814964781576 ], [ 6.125862968061536, 48.71088090452831 ], [ 6.125881550137351, 48.71094595212427 ], [ 6.125909676869941, 48.711009481121245 ], [ 6.125947077414768, 48.711070879693963 ], [ 6.125993391610893, 48.711129556532427 ], [ 6.126048173448512, 48.711184946536989 ], [ 6.126110895363445, 48.711236516260847 ], [ 6.126180953317302, 48.711283769047917 ], [ 6.126257672614392, 48.711326249816288 ], [ 6.126340314399397, 48.711363549441373 ], [ 6.126428082773188, 48.711395308696467 ], [ 6.126520132458299, 48.711421221712683 ], [ 6.126615576940185, 48.711441038925059 ], [ 6.126713497005822, 48.711454569476317 ], [ 6.126812949597411, 48.71146168305512 ], [ 6.12691297689584, 48.71146231115133 ], [ 6.12701261554641, 48.711456447715797 ], [ 6.127110905937885, 48.711444149218707 ], [ 6.127206901445485, 48.71142553410558 ], [ 6.127299677548725, 48.711400781656479 ], [ 6.127388340736258, 48.711370130259134 ], [ 6.127472037111901, 48.711333875112921 ], [ 6.127549960618942, 48.711292365385489 ], [ 6.127581651112427, 48.711271786812596 ], [ 6.127615702923759, 48.711290641214397 ], [ 6.127698345621771, 48.711327939900009 ], [ 6.127786114761091, 48.711359698157104 ], [ 6.127878165056885, 48.711385610126435 ], [ 6.127973609988718, 48.71140542625308 ], [ 6.128071530339239, 48.711418955690235 ], [ 6.128170983047898, 48.711426068137328 ], [ 6.128271010294462, 48.711426695095064 ], [ 6.128370648724728, 48.711420830525313 ], [ 6.128468938729583, 48.711408530909118 ], [ 6.128564933687969, 48.711389914702828 ], [ 6.128657709084694, 48.711365161197023 ], [ 6.128708474179544, 48.711347610662919 ], [ 6.128686056239784, 48.711382490350729 ], [ 6.128656113837981, 48.71144565489633 ], [ 6.128635670831053, 48.71151045754111 ], [ 6.128624924130372, 48.711576274204901 ], [ 6.128623977268823, 48.71164247103976 ], [ 6.128632839402345, 48.711708410534172 ], [ 6.128651425220299, 48.711773457652718 ], [ 6.128679555765685, 48.711836985951791 ], [ 6.128716960157239, 48.711898383612798 ], [ 6.12876327819698, 48.711957059334573 ], [ 6.128818063838084, 48.712012448028176 ], [ 6.128880789479742, 48.712064016259468 ], [ 6.128950851047667, 48.712111267386732 ], [ 6.129027573811365, 48.712153746344015 ], [ 6.129110218882126, 48.712191044024195 ], [ 6.129197990329175, 48.712222801219283 ], [ 6.129290042845449, 48.712248712080246 ], [ 6.12938548988913, 48.712268527062875 ], [ 6.129483412222524, 48.712282055331357 ], [ 6.129582866765988, 48.712289166596364 ], [ 6.129682895681612, 48.712289792370015 ], [ 6.129782535599121, 48.71228392662556 ], [ 6.129880826895076, 48.712271625855358 ], [ 6.129976822935986, 48.712253008526901 ], [ 6.130069599196234, 48.712228253941532 ], [ 6.130158262162956, 48.712197600507601 ], [ 6.130241957942102, 48.712161343444052 ], [ 6.130319880482704, 48.712119831937009 ], [ 6.130351570387173, 48.712099252642979 ], [ 6.130385623737113, 48.712118106240951 ], [ 6.130468269720807, 48.712155402981615 ], [ 6.130556041933303, 48.712187159178676 ], [ 6.130648095060163, 48.71221306899271 ], [ 6.130743542553692, 48.712232882889595 ], [ 6.130841465171857, 48.712246410043974 ], [ 6.130940919832278, 48.712253520177228 ], [ 6.131040948695913, 48.712254144812384 ], [ 6.131140588392991, 48.712248277933689 ], [ 6.131238879302195, 48.71223597604439 ], [ 6.131334874793761, 48.712217357622762 ], [ 6.131427650347359, 48.712192601980689 ], [ 6.131516312456937, 48.7121619475367 ], [ 6.131600007236697, 48.712125689519453 ], [ 6.131677928645298, 48.712084177124247 ], [ 6.13170961799332, 48.712063597468912 ], [ 6.131743671809993, 48.712082450679873 ], [ 6.131826318706568, 48.712119746481015 ], [ 6.131914091684457, 48.712151501680047 ], [ 6.132006145421849, 48.712177410447147 ], [ 6.132101593365164, 48.712197223258265 ], [ 6.132199516268044, 48.712210749298521 ], [ 6.13229897104536, 48.712217858300029 ], [ 6.132398999856949, 48.712218481796711 ], [ 6.132498639333536, 48.71221261378377 ], [ 6.132596929855933, 48.712200310775387 ], [ 6.132692924798098, 48.712181691260596 ], [ 6.132785699644996, 48.71215693456184 ], [ 6.132874360897379, 48.712126279107785 ], [ 6.132958054677705, 48.712090020136849 ], [ 6.133035974954263, 48.712048506853513 ], [ 6.133067663745828, 48.712027926836853 ], [ 6.133101718029198, 48.712046779660788 ], [ 6.133184365838604, 48.712084074522402 ], [ 6.133272139581831, 48.712115828723391 ], [ 6.133364193929697, 48.712141736443542 ], [ 6.133459642322745, 48.712161548168922 ], [ 6.133557565510278, 48.712175073095061 ], [ 6.133657020404431, 48.712182180964824 ], [ 6.133757049163913, 48.712182803323024 ], [ 6.133856688419954, 48.712176934175822 ], [ 6.133954978555485, 48.712164630048363 ], [ 6.134050972948195, 48.712146009440424 ], [ 6.134143747088339, 48.712121251684955 ], [ 6.134232407483475, 48.712090595220872 ], [ 6.134316100264322, 48.712054335296259 ], [ 6.134394019408792, 48.712012821124816 ], [ 6.134465414504997, 48.711966452522134 ], [ 6.134529597978435, 48.711915676054986 ], [ 6.134585951713734, 48.71186098074007 ], [ 6.134633933007182, 48.711802893334074 ], [ 6.13467307979275, 48.711741973260345 ], [ 6.134703015091255, 48.711678807220984 ], [ 6.134723450639906, 48.711614003546174 ], [ 6.134734189667235, 48.711548186335413 ], [ 6.134735128786833, 48.711481989446924 ], [ 6.134726258991596, 48.711416050393197 ], [ 6.134707665739064, 48.711351004201227 ], [ 6.134679528126997, 48.711287477297169 ], [ 6.134642117167245, 48.711226081473441 ], [ 6.134595793174559, 48.711167407997287 ], [ 6.134541002295521, 48.711112021916712 ], [ 6.1344782722111, 48.711060456619165 ], [ 6.134447174260417, 48.711039485960363 ], [ 6.134475661168904, 48.711016949167828 ], [ 6.134532013991472, 48.710962253836364 ], [ 6.134579994519682, 48.710904166407438 ], [ 6.134619140694874, 48.710843246304641 ], [ 6.134649075543748, 48.710780080230293 ], [ 6.134669510807834, 48.710715276514946 ], [ 6.134680249718409, 48.710649459258505 ], [ 6.134681188890184, 48.710583262319631 ], [ 6.134672319315552, 48.710517323211235 ], [ 6.134653726449928, 48.710452276960929 ], [ 6.134625589387344, 48.710388749995346 ], [ 6.134588179134361, 48.710327354107584 ], [ 6.134541855998915, 48.71026868056542 ], [ 6.134487066119336, 48.710213294417557 ], [ 6.134424337166967, 48.710161729052068 ], [ 6.134393239772728, 48.710140758363089 ], [ 6.13442172621458, 48.710118221566105 ], [ 6.134478078124444, 48.710063526218121 ], [ 6.134526057887442, 48.710005438766309 ], [ 6.134565203452277, 48.709944518634408 ], [ 6.13459513785153, 48.709881352525109 ], [ 6.134615572831061, 48.709816548769254 ], [ 6.134626311624882, 48.709750731467139 ], [ 6.13462725084883, 48.709684534477873 ], [ 6.134618381494794, 48.709618595314851 ], [ 6.134599789016065, 48.709553549006202 ], [ 6.134571652502943, 48.709490021979157 ], [ 6.134534242956698, 48.709428626027346 ], [ 6.134507720358298, 48.709395031486252 ], [ 6.134560425191365, 48.709409864876889 ], [ 6.134655869048227, 48.709429675691574 ], [ 6.134753787426291, 48.70944319966754 ], [ 6.134853237284006, 48.709450306556811 ], [ 6.134953260828595, 48.709450927913664 ], [ 6.135052894741508, 48.709445057753832 ], [ 6.135151179457142, 48.709432752612265 ], [ 6.135247168405384, 48.70941413099851 ], [ 6.135339937128925, 48.709389372255188 ], [ 6.135428592187494, 48.709358714830699 ], [ 6.135512279763208, 48.709322453982431 ], [ 6.135590193884106, 48.709280938932942 ], [ 6.13562187999156, 48.709260358189304 ], [ 6.135655933392894, 48.709279210328802 ], [ 6.135738578648144, 48.709316503509349 ], [ 6.13582634929493, 48.709348255906448 ], [ 6.135918400033892, 48.709374161717271 ], [ 6.13601384434033, 48.709393971446239 ], [ 6.136111763002908, 48.709407494308159 ], [ 6.136211212977338, 48.709414600065742 ], [ 6.136311236469712, 48.70941522028415 ], [ 6.136410870161991, 48.70940934899015 ], [ 6.136509154490693, 48.709397042729563 ], [ 6.13660514288943, 48.709378420022702 ], [ 6.136697910906191, 48.709353660222767 ], [ 6.136748671346535, 48.709336106237785 ], [ 6.136726259636182, 48.709370987495973 ], [ 6.136696328105224, 48.709434154167468 ], [ 6.136675895855499, 48.709498958300834 ], [ 6.136665159694789, 48.709564775801567 ], [ 6.136664223054467, 48.709630972813613 ], [ 6.136673094992033, 48.709696911823841 ], [ 6.136691690102428, 48.709761957801405 ], [ 6.136719829339156, 48.70982548431374 ], [ 6.136757241737243, 48.709886879559441 ], [ 6.136803567021593, 48.709945552260585 ], [ 6.136858359075603, 48.71000093735735 ], [ 6.136921090236699, 48.7100525014502 ], [ 6.136952188592792, 48.710073471481891 ], [ 6.136923703266659, 48.710096008883873 ], [ 6.136867353881494, 48.710150705385381 ], [ 6.13681937658763, 48.710208793771486 ], [ 6.13678023345268, 48.710269714629163 ], [ 6.136750301472199, 48.710332881265707 ], [ 6.136729868938012, 48.710397685358579 ], [ 6.136719132660638, 48.710463502813624 ], [ 6.136718196072579, 48.710529699775307 ], [ 6.136727068230829, 48.710595638730879 ], [ 6.136745663728208, 48.710660684650115 ], [ 6.136773803514491, 48.710724211100946 ], [ 6.136811216619415, 48.710785606282592 ], [ 6.136857542761078, 48.71084427891774 ], [ 6.13691233581462, 48.710899663947188 ], [ 6.136975068107841, 48.710951227972089 ], [ 6.137006167020445, 48.710972197973604 ], [ 6.136977681227681, 48.710994735371187 ], [ 6.136921330929904, 48.711049431856182 ], [ 6.136873352870913, 48.7111075202194 ], [ 6.136834209125692, 48.711168441048009 ], [ 6.136804276695678, 48.711231607649594 ], [ 6.13678384387702, 48.711296411701944 ], [ 6.136773107482981, 48.711362229111323 ], [ 6.136772170947189, 48.711428426022593 ], [ 6.136781043326132, 48.711494364923524 ], [ 6.13679963921051, 48.711559410784389 ], [ 6.136827779546371, 48.711622937173715 ], [ 6.136865193358158, 48.711684332291284 ], [ 6.136891718634072, 48.711717926242606 ], [ 6.136839010811376, 48.711703093911048 ], [ 6.136743561974592, 48.711683284881261 ], [ 6.136645638884103, 48.711669762564156 ], [ 6.136546184558751, 48.711662657182359 ], [ 6.136446156761775, 48.7116620371621 ], [ 6.1363465187784, 48.711667908474269 ], [ 6.136248230140317, 48.711680214577008 ], [ 6.136152237386264, 48.711698836960103 ], [ 6.13605946494767, 48.711723596286149 ], [ 6.135970806247084, 48.711754254117466 ], [ 6.135887115095046, 48.711790515212016 ], [ 6.135809197468244, 48.711832030366409 ], [ 6.135737803748092, 48.711878399778456 ], [ 6.135673621494445, 48.711929176897129 ], [ 6.135617268824052, 48.711983872722563 ], [ 6.135569288457506, 48.712041960514995 ], [ 6.135530142492017, 48.712102880867135 ], [ 6.135500207950397, 48.712166047091117 ], [ 6.13547977314914, 48.712230850868394 ], [ 6.135469034920598, 48.712296668107847 ], [ 6.135468096716067, 48.712362864956006 ], [ 6.135476967608111, 48.712428803901233 ], [ 6.135495562201747, 48.712493849913379 ], [ 6.135523701455456, 48.712557376559516 ], [ 6.135561114404109, 48.712618772036961 ], [ 6.135607440767309, 48.712677445065538 ], [ 6.135662234418068, 48.71273283058229 ], [ 6.135724967678432, 48.712784395183654 ], [ 6.13575606718034, 48.71280536547814 ], [ 6.135727579849113, 48.712827902541939 ], [ 6.135671226265997, 48.712882598350831 ], [ 6.135623245134223, 48.712940686120348 ], [ 6.135584098558369, 48.713001606443385 ], [ 6.13555416356713, 48.713064772632357 ], [ 6.135533728481329, 48.713129576369077 ], [ 6.13552299013606, 48.71319539356282 ], [ 6.135522051983744, 48.713261590360538 ], [ 6.135530923096445, 48.713327529251082 ], [ 6.135549518077053, 48.713392575204843 ], [ 6.135577657880328, 48.713456101789426 ], [ 6.135615071535844, 48.713517497202773 ], [ 6.1356613987564, 48.713576170165318 ], [ 6.135716193406752, 48.713631555614732 ], [ 6.135778927799321, 48.71368312014809 ], [ 6.135848997775541, 48.7137303671593 ], [ 6.135925728523931, 48.713772841622045 ], [ 6.13600838107888, 48.713810134472496 ], [ 6.136096159437529, 48.71384188654919 ], [ 6.136188218226247, 48.713867792052362 ], [ 6.136283670842801, 48.713887601489418 ], [ 6.136381597995821, 48.713901124077935 ], [ 6.136481056559244, 48.713908229583311 ], [ 6.136581088656443, 48.71390884957313 ], [ 6.136680730886499, 48.71390297807632 ], [ 6.136779023603701, 48.713890671640698 ], [ 6.136875020160874, 48.713872048788254 ], [ 6.136967796027425, 48.713847288873559 ], [ 6.13705645769429, 48.713816630356298 ], [ 6.137140151279937, 48.713780368504359 ], [ 6.13721807075453, 48.713738852550001 ], [ 6.137249758924016, 48.71371827145245 ], [ 6.137283815817836, 48.713737123055523 ], [ 6.137366469285521, 48.71377441496638 ], [ 6.137454248409395, 48.713806166044961 ], [ 6.137546307808456, 48.713832070501148 ], [ 6.137641760874593, 48.713851878852395 ], [ 6.137739688312105, 48.713865400326753 ], [ 6.137839146992192, 48.71387250470034 ], [ 6.137939179037098, 48.713873123551643 ], [ 6.13803882104641, 48.713867250920579 ], [ 6.138137113376547, 48.713854943365845 ], [ 6.138233109384055, 48.713836319420224 ], [ 6.13832588454364, 48.713811558448839 ], [ 6.138414545353046, 48.71378089892152 ], [ 6.138498237938999, 48.713744636115926 ], [ 6.138576156281295, 48.713703119273447 ], [ 6.138607843894222, 48.713682537814584 ], [ 6.138641901254683, 48.713701389030597 ], [ 6.138724555635051, 48.71373868000186 ], [ 6.138812335524096, 48.713770430082349 ], [ 6.138904395533443, 48.71379633349153 ], [ 6.138999849049106, 48.713816140756954 ], [ 6.139097776771053, 48.713829661117146 ], [ 6.139197235567742, 48.713836764358952 ], [ 6.139297267560298, 48.713837382071738 ], [ 6.139396909348809, 48.713831508306399 ], [ 6.13949520129182, 48.71381919963256 ], [ 6.139591196749609, 48.713800574593776 ], [ 6.139683971202175, 48.713775812565714 ], [ 6.139734734935117, 48.713758257376675 ], [ 6.139712323321405, 48.713793139063945 ], [ 6.139682392867087, 48.713856306245773 ], [ 6.139661962591478, 48.713921110645536 ], [ 6.13965122928335, 48.713986928166157 ], [ 6.13965029634662, 48.714053124951427 ], [ 6.139659172803119, 48.71411906349033 ], [ 6.13967777320428, 48.714184108756612 ], [ 6.139705918452651, 48.714247634324536 ], [ 6.139743337525375, 48.714309028401807 ], [ 6.139789670083073, 48.714367699721713 ], [ 6.139844469939097, 48.714423083237797 ], [ 6.139907209355738, 48.714474645565708 ], [ 6.139977284126036, 48.714521890120594 ], [ 6.140054019392339, 48.714564361899832 ], [ 6.140136676145523, 48.714601651865379 ], [ 6.140224458342292, 48.714633400883585 ], [ 6.140316520572047, 48.714659303184163 ], [ 6.140411976199413, 48.714679109305315 ], [ 6.140509905904023, 48.714692628496614 ], [ 6.140609366535238, 48.714699730556106 ], [ 6.140709400196513, 48.714700347084609 ], [ 6.140809043471865, 48.714694472144373 ], [ 6.140907336705521, 48.714682162316379 ], [ 6.141003333245322, 48.7146635361553 ], [ 6.141096108560854, 48.714638773047554 ], [ 6.141146872657707, 48.714621217270711 ], [ 6.141124461616563, 48.714656099197441 ], [ 6.14109453237504, 48.714719266686835 ], [ 6.141074103513368, 48.71478407128054 ], [ 6.14106337180671, 48.714849888879591 ], [ 6.141062440643553, 48.714916085627003 ], [ 6.141071319028653, 48.714982024012166 ], [ 6.141089921494868, 48.715047069010296 ], [ 6.141118068924865, 48.715110594198222 ], [ 6.141155490274769, 48.715171987787301 ], [ 6.141201825183274, 48.715230658515566 ], [ 6.141256627441097, 48.715286041342203 ], [ 6.141319369287388, 48.715337602889541 ], [ 6.141350472554015, 48.715358571680063 ], [ 6.141321986243814, 48.715381110030208 ], [ 6.141265635763244, 48.71543580836169 ], [ 6.141217658506267, 48.715493898253804 ], [ 6.141178516540149, 48.715554820279024 ], [ 6.141148586849198, 48.715617987733403 ], [ 6.141128157703196, 48.715682792286522 ], [ 6.141117425880042, 48.715748609839807 ], [ 6.141116494769348, 48.715814806536741 ], [ 6.141125373375369, 48.715880744867178 ], [ 6.141143976228832, 48.715945789806824 ], [ 6.141172124208678, 48.716009314933146 ], [ 6.141209546265737, 48.716070708458048 ], [ 6.141255882031896, 48.716129379120204 ], [ 6.141310685289608, 48.716184761879397 ], [ 6.141373428268398, 48.716236323358658 ], [ 6.141443506727006, 48.71628356698124 ], [ 6.141520245772257, 48.716326037753532 ], [ 6.141602906358628, 48.71636332664719 ], [ 6.14169069240591, 48.71639507453888 ], [ 6.141782758466415, 48.716420975669152 ], [ 6.141878217867879, 48.716440780587511 ], [ 6.141976151253578, 48.716454298555057 ], [ 6.142075615437423, 48.7164613993817 ], [ 6.142175652488652, 48.716462014680062 ], [ 6.142275298958634, 48.716456138524293 ], [ 6.142373595160824, 48.716443827507042 ], [ 6.142469594414479, 48.716425200194429 ], [ 6.142562372163041, 48.716400435984013 ], [ 6.142651034879319, 48.716369773376812 ], [ 6.142734728671678, 48.716333507680133 ], [ 6.142812647508297, 48.716291988163228 ], [ 6.142844335022452, 48.716271405624958 ], [ 6.142878395598733, 48.716290255590003 ], [ 6.142961057097722, 48.716327543543976 ], [ 6.143048843910083, 48.716359290437495 ], [ 6.143140910580764, 48.71638519052069 ], [ 6.14323637043162, 48.716404994353177 ], [ 6.143334304101599, 48.716418511206506 ], [ 6.143433768401874, 48.716425610901275 ], [ 6.143533805400564, 48.716426225061099 ], [ 6.143633451649539, 48.716420347771006 ], [ 6.143731747464384, 48.716408035634601 ], [ 6.14382774616809, 48.71638940722881 ], [ 6.143920523209395, 48.716364641961675 ], [ 6.144009185067918, 48.716333978344409 ], [ 6.144092877860289, 48.716297711694054 ], [ 6.144170795564315, 48.716256191289041 ], [ 6.144202482521747, 48.716235608389489 ], [ 6.144236543564659, 48.716254457967459 ], [ 6.144319205976214, 48.71629174498176 ], [ 6.144406993553603, 48.71632349087708 ], [ 6.144499060834403, 48.716349389913219 ], [ 6.144594521134591, 48.716369192659805 ], [ 6.144692455088792, 48.716382708398918 ], [ 6.144791919505439, 48.716389806961857 ], [ 6.144891956451527, 48.716390419983099 ], [ 6.144991602479437, 48.716384541558696 ], [ 6.145089897906884, 48.716372228303179 ], [ 6.145185896060585, 48.716353598804176 ], [ 6.145278672394578, 48.716328832480343 ], [ 6.145329436728018, 48.716311274949526 ], [ 6.145307027754226, 48.716346157611298 ], [ 6.145277102601064, 48.716409326058304 ], [ 6.145256678266086, 48.716474131274261 ], [ 6.14524595148086, 48.716539949154175 ], [ 6.145245025586484, 48.716606145838384 ], [ 6.145253909536973, 48.716672083816867 ], [ 6.145272517811591, 48.716737128068765 ], [ 6.145300671237064, 48.716800652178051 ], [ 6.145338098711781, 48.71686204436655 ], [ 6.14538443981545, 48.716920713385726 ], [ 6.145439248279118, 48.716976094211219 ], [ 6.145501996282173, 48.717027653484671 ], [ 6.145572079534962, 48.717074894650587 ], [ 6.145648823098137, 48.717117362738982 ], [ 6.145731487882661, 48.71715464874741 ], [ 6.145819277767889, 48.717186393580292 ], [ 6.145911347269171, 48.71721229150765 ], [ 6.146006809681098, 48.717232093109793 ], [ 6.146104745617955, 48.717245607679828 ], [ 6.14620421186908, 48.717252705060346 ], [ 6.146304250483799, 48.717253316897171 ], [ 6.146403897998423, 48.717247437297779 ], [ 6.146502194716345, 48.717235122887971 ], [ 6.146598193951857, 48.71721649226658 ], [ 6.146690971148577, 48.717191724863007 ], [ 6.146779632784631, 48.717161059209026 ], [ 6.146863324978791, 48.717124790641279 ], [ 6.146941241714623, 48.717083268456676 ], [ 6.147012632603453, 48.717036892548037 ], [ 6.147076810111308, 48.716986109552444 ], [ 6.147133156180278, 48.716931408549442 ], [ 6.147181128180497, 48.716873316350558 ], [ 6.147220264135446, 48.716812392425268 ], [ 6.147250187170267, 48.716749223512771 ], [ 6.147270609140282, 48.716684417970896 ], [ 6.147281333404806, 48.716618599917147 ], [ 6.147282256719612, 48.716552403217854 ], [ 6.147273370229814, 48.716486465383653 ], [ 6.147254759553736, 48.71642142142985 ], [ 6.147226603956933, 48.71635789776095 ], [ 6.147189174624464, 48.71629650613832 ], [ 6.147142832048012, 48.716237837788661 ], [ 6.147088022553127, 48.716182457710623 ], [ 6.14702527400005, 48.716130899233868 ], [ 6.146994167996435, 48.716109931936451 ], [ 6.147022652257254, 48.716087392246287 ], [ 6.14707899741378, 48.716032691226779 ], [ 6.147126968649101, 48.71597459900498 ], [ 6.147166103994071, 48.715913675050572 ], [ 6.147196026579699, 48.715850506103038 ], [ 6.147216448265635, 48.715785700520584 ], [ 6.147227172413928, 48.715719882421062 ], [ 6.147228095781468, 48.715653685671256 ], [ 6.147219209512861, 48.715587747782308 ], [ 6.147200599224298, 48.715522703769999 ], [ 6.147172444177606, 48.715459180039467 ], [ 6.14713501555254, 48.715397788352611 ], [ 6.147108481823215, 48.715364196784414 ], [ 6.147161196253577, 48.71537902453295 ], [ 6.147256655789842, 48.715398825166332 ], [ 6.14735458861387, 48.715412338731817 ], [ 6.147454051544971, 48.715419435081685 ], [ 6.147554086664455, 48.715420045871674 ], [ 6.147653730542292, 48.715414165219364 ], [ 6.147752023516904, 48.715401849760724 ], [ 6.147848018938635, 48.715383218104627 ], [ 6.147940792287836, 48.71535844969047 ], [ 6.147991554784015, 48.715340891012559 ], [ 6.147969148003551, 48.71537577420326 ], [ 6.147939226624426, 48.715438943370316 ], [ 6.147918805970439, 48.715503749095717 ], [ 6.147908082737704, 48.715569567269554 ], [ 6.147907160233109, 48.715635764029379 ], [ 6.147916047378021, 48.715701701864397 ], [ 6.147934658620938, 48.715766745755154 ], [ 6.147962814759997, 48.715830269289114 ], [ 6.14800024466745, 48.7158916606936 ], [ 6.148046587899578, 48.715950328727644 ], [ 6.148101398166924, 48.716005708376393 ], [ 6.148164147631502, 48.716057266292779 ], [ 6.148234231989583, 48.716104505934425 ], [ 6.148310976291171, 48.71614697234601 ], [ 6.148393641440116, 48.716184256541212 ], [ 6.148481431312259, 48.716215999441943 ], [ 6.148573500423078, 48.716241895336815 ], [ 6.148668962070922, 48.716261694825732 ], [ 6.148766896877434, 48.716275207222139 ], [ 6.148866361642837, 48.716282302389537 ], [ 6.148966398430772, 48.716282911995108 ], [ 6.149066043795136, 48.716277030167788 ], [ 6.149164338060038, 48.716264713554878 ], [ 6.149260334563394, 48.716246080776372 ], [ 6.149353108775135, 48.716221311282453 ], [ 6.149403871634971, 48.716203752016717 ], [ 6.14938146542737, 48.716238635446821 ], [ 6.149351545261558, 48.716301804921365 ], [ 6.149331126022008, 48.716366610840566 ], [ 6.149320404391222, 48.716432429092698 ], [ 6.149319483660657, 48.716498625814552 ], [ 6.149328372734598, 48.716564563495673 ], [ 6.149346986042964, 48.716629607118087 ], [ 6.149375144364006, 48.716693130271878 ], [ 6.14941257654896, 48.716754521187973 ], [ 6.14945892213217, 48.716813188630169 ], [ 6.149513734801542, 48.71686856758928 ], [ 6.149576486695953, 48.716920124724886 ], [ 6.149646573488274, 48.716967363502121 ], [ 6.149723320205064, 48.717009828973993 ], [ 6.149805987726911, 48.71704711216325 ], [ 6.149893779906805, 48.717078854001443 ], [ 6.149985851237993, 48.717104748787449 ], [ 6.150081314997442, 48.717124547131895 ], [ 6.150179251786456, 48.717138058359161 ], [ 6.150278718386165, 48.717145152344074 ], [ 6.150378756842539, 48.71714576076517 ], [ 6.150478403693412, 48.717139877762804 ], [ 6.150576699248572, 48.717127559995589 ], [ 6.150672696833509, 48.717108926094653 ], [ 6.150765471907739, 48.717084155520979 ], [ 6.150854130969833, 48.717053486836882 ], [ 6.150937820163352, 48.717017215408205 ], [ 6.15101573350077, 48.716975690559408 ], [ 6.151047418198033, 48.716955105854971 ], [ 6.151081482179158, 48.716973953467424 ], [ 6.151164150613343, 48.717011235716932 ], [ 6.151251943558018, 48.71704297655689 ], [ 6.151344015499061, 48.717068870295783 ], [ 6.151439479707568, 48.717088667554286 ], [ 6.151537416780518, 48.717102177667293 ], [ 6.151636883496303, 48.717109270520361 ], [ 6.151736921899777, 48.717109877802869 ], [ 6.151836568529284, 48.717103993666186 ], [ 6.15193486369674, 48.717091674779837 ], [ 6.152030860731375, 48.717073039785717 ], [ 6.152123635098003, 48.717048268155374 ], [ 6.15221229330201, 48.717017598461268 ], [ 6.152295981495223, 48.716981326078972 ], [ 6.152373893699748, 48.716939800342118 ], [ 6.152445279570551, 48.716893421177737 ], [ 6.152509451621991, 48.716842635254274 ], [ 6.152565791848713, 48.71678793167947 ], [ 6.15261375767712, 48.716729837289606 ], [ 6.152652887190134, 48.716668911575269 ], [ 6.152682803574939, 48.716605741292867 ], [ 6.152703218750903, 48.716540934813452 ], [ 6.152713936142777, 48.716475116263538 ], [ 6.152714852572518, 48.716408919514244 ], [ 6.152705959251549, 48.716342982076654 ], [ 6.152687341863977, 48.716277938962278 ], [ 6.152659179739997, 48.716214416567553 ], [ 6.152621744127522, 48.716153026641528 ], [ 6.15257539557871, 48.7160943603946 ], [ 6.152520580476625, 48.716038982805166 ], [ 6.152457826735502, 48.715987427178916 ], [ 6.152426718637427, 48.715966461295103 ], [ 6.152455200476535, 48.71594392030547 ], [ 6.152511539791018, 48.715889216714189 ], [ 6.152559504854745, 48.715831122301424 ], [ 6.152598633758004, 48.715770196558005 ], [ 6.152628549693847, 48.715707026240608 ], [ 6.152648964585968, 48.715642219720614 ], [ 6.152659681861847, 48.715576401124949 ], [ 6.152660598344559, 48.715510204325128 ], [ 6.152651705245014, 48.715444266832776 ], [ 6.15263308824519, 48.715379223659916 ], [ 6.15260492667154, 48.715315701203529 ], [ 6.152567491766678, 48.715254311213258 ], [ 6.152540954617887, 48.71522072084899 ], [ 6.152593670444965, 48.715235546199423 ], [ 6.152689131777474, 48.715255342489272 ], [ 6.152787065737296, 48.71526885159787 ], [ 6.152886529132809, 48.715275943420416 ], [ 6.152986564040845, 48.715276549656274 ], [ 6.153086207033409, 48.71527066446685 ], [ 6.153184498457454, 48.715258344531819 ], [ 6.153280491678255, 48.715239708503169 ], [ 6.153373262197364, 48.715214935862392 ], [ 6.15346191655722, 48.715184265191745 ], [ 6.153545600946677, 48.715147991876151 ], [ 6.153623509424473, 48.715106465258231 ], [ 6.153694891681465, 48.715060085273521 ], [ 6.153759060266819, 48.715009298598353 ], [ 6.153815397208561, 48.714954594347738 ], [ 6.153863359964727, 48.7148964993644 ], [ 6.153902486647829, 48.714835573144711 ], [ 6.153932400472304, 48.71477240244991 ], [ 6.153952813382174, 48.714707595655028 ], [ 6.153963528824012, 48.714641776889636 ], [ 6.153964443638554, 48.714575580026874 ], [ 6.153955549052773, 48.714509642578975 ], [ 6.153936930762957, 48.714444599557503 ], [ 6.153908768107987, 48.714381077358048 ], [ 6.153871332340885, 48.71431968772773 ], [ 6.153844794828635, 48.714286097626619 ], [ 6.153897510082698, 48.714300922412882 ], [ 6.153992970201697, 48.714320717675484 ], [ 6.154090902746903, 48.714334225724805 ], [ 6.154190364540313, 48.714341316466196 ], [ 6.154290397674191, 48.714341921609481 ], [ 6.154390038737633, 48.714336035326589 ], [ 6.154488328096166, 48.714323714307724 ], [ 6.154584319134964, 48.714305077215286 ], [ 6.15467708737659, 48.714280303541059 ], [ 6.154765739385423, 48.714249631877173 ], [ 6.154849421372956, 48.714213357618199 ], [ 6.154927327421064, 48.714171830115824 ], [ 6.154959008877213, 48.714151244323375 ], [ 6.154993072441339, 48.714170090864428 ], [ 6.155075739230401, 48.714207370493497 ], [ 6.155163529840147, 48.714239108531778 ], [ 6.155255598778938, 48.7142649993147 ], [ 6.155351059346782, 48.71428479349143 ], [ 6.155448992175724, 48.71429830042652 ], [ 6.155548454085028, 48.71430539003611 ], [ 6.15564848716584, 48.714305994040892 ], [ 6.155748128007769, 48.714300106623746 ], [ 6.155846416978475, 48.714287784485812 ], [ 6.155942407466869, 48.714269146300275 ], [ 6.156035175000813, 48.714244371569443 ], [ 6.156123826151503, 48.714213698895634 ], [ 6.156207507138697, 48.714177423683111 ], [ 6.156285412053907, 48.714135895292777 ], [ 6.156317092953206, 48.714115309139132 ], [ 6.156351156983754, 48.714134155293074 ], [ 6.156433824684862, 48.714171433982415 ], [ 6.156521616059097, 48.714203171022476 ], [ 6.156613685607462, 48.714229060758306 ], [ 6.156709146624094, 48.714248853849142 ], [ 6.156807079736713, 48.714262359670023 ], [ 6.156906541761852, 48.714269448147817 ], [ 6.157006574789541, 48.714270051014068 ], [ 6.157106215409899, 48.71426416246269 ], [ 6.157204503992722, 48.714251839205687 ], [ 6.157300493930654, 48.714233199927065 ], [ 6.157393260756863, 48.714208424139635 ], [ 6.157481911049359, 48.71417775045591 ], [ 6.15756559103617, 48.714141474289846 ], [ 6.157643494818437, 48.714099945011554 ], [ 6.157675175160906, 48.714079358496718 ], [ 6.157709239657819, 48.714098204263514 ], [ 6.157791908270918, 48.71413548201312 ], [ 6.157879700409593, 48.714167218054939 ], [ 6.157971770567477, 48.714193106743679 ], [ 6.158067232032839, 48.714212898748627 ], [ 6.158165165429075, 48.714226403455299 ], [ 6.158264627569989, 48.71423349080127 ], [ 6.158364660544495, 48.714234092529033 ], [ 6.158464300943224, 48.714228202843387 ], [ 6.158562589138106, 48.714215878467343 ], [ 6.158658578525523, 48.714197238095629 ], [ 6.158751344643944, 48.714172461251628 ], [ 6.158802102354832, 48.714154897957144 ], [ 6.158779703300019, 48.714189783212881 ], [ 6.15874979566918, 48.714252955154222 ], [ 6.158729388886369, 48.714317762794813 ], [ 6.158718679514116, 48.714383582006313 ], [ 6.158717770725826, 48.714449778916268 ], [ 6.158726671310769, 48.714515716012457 ], [ 6.158745295588004, 48.714580758282494 ], [ 6.158773464230138, 48.714644279329484 ], [ 6.158810905989002, 48.714705667404672 ], [ 6.158837446906697, 48.714739256389194 ], [ 6.158784729808991, 48.714724433790899 ], [ 6.158689267137336, 48.714704642368631 ], [ 6.158591332709325, 48.714691138097642 ], [ 6.15849186965298, 48.714684051026765 ], [ 6.158391835815612, 48.714683449405896 ], [ 6.158292194540612, 48.714689339028716 ], [ 6.158193905391375, 48.714701663177053 ], [ 6.158097914911562, 48.714720303166899 ], [ 6.158005147510708, 48.714745079491308 ], [ 6.157916496562857, 48.714775753548892 ], [ 6.157832815803899, 48.714812029941342 ], [ 6.157754911110453, 48.71485355931793 ], [ 6.157683532739392, 48.714899941739546 ], [ 6.157619368102774, 48.714950730529836 ], [ 6.157563035147706, 48.715005436576554 ], [ 6.157515076404933, 48.715063533041466 ], [ 6.157475953763435, 48.715124460433778 ], [ 6.157446044021422, 48.715187631997829 ], [ 6.157425635256567, 48.715252439363617 ], [ 6.157414924050491, 48.715318258405468 ], [ 6.157414013594255, 48.715384455252554 ], [ 6.1574229126932, 48.71545039239323 ], [ 6.157441535680691, 48.715515434814726 ], [ 6.157469703241762, 48.715578956118677 ], [ 6.157507144138657, 48.71564034455384 ], [ 6.157553497821813, 48.715699008907897 ], [ 6.157608317901122, 48.715754384201375 ], [ 6.157671076444092, 48.715805937129218 ], [ 6.157702186550806, 48.715826901648676 ], [ 6.157673707039058, 48.715849443892907 ], [ 6.157617373171974, 48.71590414992319 ], [ 6.157569413664741, 48.715962246365272 ], [ 6.157530290413706, 48.716023173728544 ], [ 6.157500380222946, 48.716086345257608 ], [ 6.157479971174457, 48.716151152582846 ], [ 6.157469259852594, 48.716216971578937 ], [ 6.157468349449537, 48.716283168375512 ], [ 6.157477248770112, 48.716349105461418 ], [ 6.157495872145555, 48.716414147824409 ], [ 6.157524040257162, 48.716477669066656 ], [ 6.157561481861874, 48.716539057437558 ], [ 6.157607836403316, 48.716597721725364 ], [ 6.157662657483113, 48.716653096951276 ], [ 6.157725417159139, 48.716704649810872 ], [ 6.157756527822756, 48.716725614300032 ], [ 6.157728047844599, 48.716748156539907 ], [ 6.157671713065469, 48.716802862553749 ], [ 6.157623752793753, 48.716860958972973 ], [ 6.157584628933159, 48.716921886307176 ], [ 6.157554718293637, 48.716985057801253 ], [ 6.157534308961509, 48.717049865085905 ], [ 6.157523597523859, 48.717115684036251 ], [ 6.157522687173985, 48.717181880782299 ], [ 6.1575315867162, 48.717247817813409 ], [ 6.157550210479608, 48.717312860117858 ], [ 6.15757837914177, 48.717376381298401 ], [ 6.157615821454328, 48.717437769605006 ], [ 6.157662176854087, 48.717496433826568 ], [ 6.157716998934409, 48.717551808984901 ], [ 6.157779759743534, 48.717603361776227 ], [ 6.157810870964063, 48.717624326235104 ], [ 6.15778239051949, 48.717646868470574 ], [ 6.157726054828282, 48.717701574467966 ], [ 6.157678093792059, 48.717759670864325 ], [ 6.157638969321888, 48.717820598169432 ], [ 6.157609058233593, 48.717883769628529 ], [ 6.157588648617817, 48.717948576872594 ], [ 6.157577937064379, 48.718014395777132 ], [ 6.157577026767689, 48.718080592472646 ], [ 6.157585926531555, 48.718146529448958 ], [ 6.157604550682945, 48.718211571694852 ], [ 6.157632719895684, 48.71827509281367 ], [ 6.157670162916113, 48.718336481055964 ], [ 6.157716519174222, 48.718395145211261 ], [ 6.157771342255105, 48.718450520302 ], [ 6.157834104197367, 48.718502073025043 ], [ 6.157904200577102, 48.718549306888008 ], [ 6.15798095632853, 48.718591766991274 ], [ 6.158063632245225, 48.718629044409219 ], [ 6.158151432099321, 48.718660780129028 ], [ 6.158243510310148, 48.718686668508475 ], [ 6.158338980088414, 48.718706460219899 ], [ 6.158436921977452, 48.718719964651569 ], [ 6.158536392709269, 48.718727051743755 ], [ 6.158636434290037, 48.718727653241352 ], [ 6.158736083227501, 48.718721763351439 ], [ 6.158834379811349, 48.718709438798925 ], [ 6.158930377357168, 48.718690798280299 ], [ 6.159023151324852, 48.718666021320281 ], [ 6.159073913309688, 48.718648457977736 ], [ 6.159051512509967, 48.718683343150303 ], [ 6.159021602635614, 48.718746514916759 ], [ 6.159001194434895, 48.718811322354497 ], [ 6.158990484484003, 48.718877141337167 ], [ 6.15898957596192, 48.71894333799451 ], [ 6.158998477655358, 48.719009274816713 ], [ 6.159017103872708, 48.719074316794078 ], [ 6.159045275267896, 48.719137837532479 ], [ 6.159082720566251, 48.719199225286175 ], [ 6.159129079175819, 48.719257888849356 ], [ 6.15918390465905, 48.719313263250207 ], [ 6.159246669031413, 48.719364815192201 ], [ 6.159277781889382, 48.71938577923698 ], [ 6.159249301117548, 48.719408321788535 ], [ 6.159192965063007, 48.719463028395886 ], [ 6.159145004040974, 48.719521125294115 ], [ 6.159105879962381, 48.719582052988201 ], [ 6.159075969639288, 48.719645224719613 ], [ 6.159055561154965, 48.719710032116744 ], [ 6.15904485108834, 48.719775851053605 ], [ 6.15904394261951, 48.719842047660364 ], [ 6.159052844534677, 48.719907984427728 ], [ 6.159071471140098, 48.719973026346509 ], [ 6.159099643085961, 48.720036547023156 ], [ 6.159137089092292, 48.720097934712491 ], [ 6.159163632958889, 48.720131523469384 ], [ 6.159110910327893, 48.720116701083633 ], [ 6.159015437680337, 48.720096910013709 ], [ 6.15891749306058, 48.720083406072781 ], [ 6.158818019694786, 48.7200763193065 ], [ 6.158717975529546, 48.720075717961819 ], [ 6.158618324007711, 48.720081607829783 ], [ 6.158520024791343, 48.720093932189833 ], [ 6.158424024521054, 48.720112572355937 ], [ 6.158331247700657, 48.720137348819442 ], [ 6.158242587794907, 48.720168022977631 ], [ 6.158158898625963, 48.720204299431224 ], [ 6.158080986151427, 48.720245828828915 ], [ 6.158049302229791, 48.720266415342792 ], [ 6.158015233588639, 48.72024756977261 ], [ 6.157932555145328, 48.720210292372848 ], [ 6.157844752820278, 48.720178556534137 ], [ 6.157752672177803, 48.720152667880107 ], [ 6.157657199979033, 48.720132875724168 ], [ 6.15755925564292, 48.720119370668904 ], [ 6.1574597823929, 48.720112282770685 ], [ 6.157359738174446, 48.720111680287367 ], [ 6.15726008643092, 48.720117569020964 ], [ 6.157161786826522, 48.720129892261852 ], [ 6.157065786005597, 48.720148531334758 ], [ 6.156973008477266, 48.720173306741565 ], [ 6.156884347713095, 48.720203979889718 ], [ 6.156800657543511, 48.720240255389669 ], [ 6.156722743935751, 48.720281783899317 ], [ 6.156651357232542, 48.720328165487857 ], [ 6.156587184926182, 48.720378953486957 ], [ 6.156530845037641, 48.720433658792039 ], [ 6.15648288016444, 48.720491754571988 ], [ 6.156443752254603, 48.720552681342575 ], [ 6.156413838157078, 48.720615852354157 ], [ 6.156393425991491, 48.720680659242049 ], [ 6.156382712372221, 48.720746477885186 ], [ 6.15638180051358, 48.720812674416557 ], [ 6.156390699234418, 48.720878611327592 ], [ 6.156409322871752, 48.720943653607719 ], [ 6.156437492104365, 48.721007174859906 ], [ 6.156474935678408, 48.721068563333468 ], [ 6.156521293018543, 48.721127227815643 ], [ 6.156576117699448, 48.721182603325808 ], [ 6.15663888174432, 48.721234156556712 ], [ 6.156708980709006, 48.721281391011125 ], [ 6.156785739502834, 48.721323851783687 ], [ 6.156868418890077, 48.721361129942373 ], [ 6.156956222609445, 48.721392866467227 ], [ 6.157048305043044, 48.721418755708271 ], [ 6.157143779360911, 48.721438548329516 ], [ 6.157241726062657, 48.7214520537105 ], [ 6.15734120183394, 48.721459141782319 ], [ 6.157441248632393, 48.72145974428048 ], [ 6.157540902915507, 48.72145385540238 ], [ 6.157639204921487, 48.721441531863192 ], [ 6.157735207913698, 48.721422892349686 ], [ 6.157827987299576, 48.721398116376882 ], [ 6.15791664953617, 48.721367442559057 ], [ 6.15800034073647, 48.721331166311536 ], [ 6.158078254893627, 48.721289637005157 ], [ 6.158109939424373, 48.721269050501654 ], [ 6.158144008765771, 48.721287896028286 ], [ 6.158226689065241, 48.721325173247102 ], [ 6.15831449354924, 48.721356908773586 ], [ 6.158406576592507, 48.721382796967397 ], [ 6.15850205135921, 48.721402588502606 ], [ 6.158599998344634, 48.721416092769225 ], [ 6.158699474231704, 48.721423179709085 ], [ 6.158799520976942, 48.721423781068587 ], [ 6.158899175038346, 48.721417891056085 ], [ 6.158997476656261, 48.721405566397728 ], [ 6.159093479097786, 48.721386925790974 ], [ 6.159186257775664, 48.721362148761429 ], [ 6.159274919153761, 48.721331473933581 ], [ 6.159358609353339, 48.721295196732413 ], [ 6.159436522377185, 48.721253666537962 ], [ 6.159468206350915, 48.721233079673226 ], [ 6.159502276158788, 48.72125192481267 ], [ 6.159584957370434, 48.721289201091615 ], [ 6.159672762619008, 48.721320935619737 ], [ 6.15976484627189, 48.721346822766293 ], [ 6.159860321487368, 48.721366613215473 ], [ 6.159958268756412, 48.721380116367726 ], [ 6.160057744759211, 48.72138720217562 ], [ 6.160157791451173, 48.721387802396464 ], [ 6.160257445290809, 48.721381911249587 ], [ 6.1603557465206, 48.721369585472026 ], [ 6.160451748411384, 48.721350943772045 ], [ 6.16054452638121, 48.721326165685788 ], [ 6.16063318690076, 48.721295489847904 ], [ 6.160716876099568, 48.721259211693095 ], [ 6.160794787990061, 48.721217680610629 ], [ 6.160826471406764, 48.721197093384625 ], [ 6.160860541681084, 48.721215938136901 ], [ 6.160943223804852, 48.721253213475947 ], [ 6.16103102981795, 48.721284947005692 ], [ 6.161123114080388, 48.721310833105001 ], [ 6.161218589744585, 48.721330622468138 ], [ 6.161316537297189, 48.721344124506032 ], [ 6.161416013415658, 48.721351209181961 ], [ 6.161516060054284, 48.721351808264146 ], [ 6.161615713672095, 48.721345915982873 ], [ 6.161714014513706, 48.721333589086143 ], [ 6.161810015853693, 48.721314946292956 ], [ 6.161902793115412, 48.721290167149988 ], [ 6.161953556681777, 48.721272602622044 ], [ 6.161931156679714, 48.721307488256642 ], [ 6.161901248784939, 48.721370660602688 ], [ 6.161880843131186, 48.721435468387064 ], [ 6.161870136270127, 48.721501287480052 ], [ 6.161869231350988, 48.72156748401035 ], [ 6.16187813712579, 48.721633420469367 ], [ 6.161896767863618, 48.721698461850863 ], [ 6.161924944174868, 48.721761981766512 ], [ 6.161962394737524, 48.721823368478461 ], [ 6.162008758908939, 48.721882030790937 ], [ 6.162063590197996, 48.721937403744157 ], [ 6.16212636056425, 48.721988954055568 ], [ 6.162196465502665, 48.722036185256023 ], [ 6.162273229865031, 48.722078642471466 ], [ 6.16235591436199, 48.722115916804199 ], [ 6.162443722683038, 48.722147649271051 ], [ 6.162535809165957, 48.722173534261152 ], [ 6.162631286941783, 48.722193322479448 ], [ 6.162729236476823, 48.722206823347882 ], [ 6.162828714429444, 48.722213906841027 ], [ 6.16292876273627, 48.722214504738453 ], [ 6.163028417840264, 48.722208611281886 ], [ 6.163126719971727, 48.722196283230609 ], [ 6.163222722392812, 48.722177639314815 ], [ 6.163315500516461, 48.722152859091921 ], [ 6.163404160811882, 48.722122181217181 ], [ 6.163487849410762, 48.722085901144943 ], [ 6.163565760331309, 48.722044368282901 ], [ 6.163637143240861, 48.721997982626704 ], [ 6.163701310682309, 48.721947190907301 ], [ 6.163757644694704, 48.721892482288283 ], [ 6.163805602764309, 48.721834383654503 ], [ 6.163844723048781, 48.721773454537384 ], [ 6.163874628824193, 48.721710281726139 ], [ 6.163895032112099, 48.72164547361615 ], [ 6.163905736451747, 48.721579654349647 ], [ 6.163906638790806, 48.721513457804626 ], [ 6.163897730476406, 48.721447521490205 ], [ 6.163879097337057, 48.721382480407115 ], [ 6.163850918854652, 48.721318960932173 ], [ 6.163813466434646, 48.721257574786335 ], [ 6.16376710079106, 48.721198913143596 ], [ 6.163712268471587, 48.721143540937966 ], [ 6.163649497556269, 48.721091991423322 ], [ 6.163618381928116, 48.721071028549019 ], [ 6.16364686172119, 48.721048484986902 ], [ 6.163703194821582, 48.720993776351413 ], [ 6.163751152126795, 48.720935677694698 ], [ 6.163790271801849, 48.720874748548482 ], [ 6.163820177128684, 48.720811575702186 ], [ 6.163840580133171, 48.720746767551567 ], [ 6.163851284357289, 48.720680948239206 ], [ 6.163852186749819, 48.720614751643581 ], [ 6.163843278657372, 48.720548815274299 ], [ 6.163824645906319, 48.720483774132553 ], [ 6.163796467974814, 48.720420254595822 ], [ 6.163759016263006, 48.720358868385574 ], [ 6.163732469326678, 48.720325280657441 ], [ 6.16378519347917, 48.720340100998733 ], [ 6.163880668377711, 48.720359888248588 ], [ 6.163978614798374, 48.720373388112833 ], [ 6.164078089429521, 48.720380470575684 ], [ 6.164178134239768, 48.720381067426672 ], [ 6.164277785705751, 48.720375172917571 ], [ 6.164376084092813, 48.720362843817817 ], [ 6.164472082699169, 48.720344198867672 ], [ 6.164564856974505, 48.72031941763457 ], [ 6.164615618702703, 48.720301851959668 ], [ 6.164593220894329, 48.720336738122917 ], [ 6.164563316773987, 48.720399911188657 ], [ 6.164542914801447, 48.720464719482116 ], [ 6.164532211492928, 48.720530538868715 ], [ 6.164531309963444, 48.72059673547426 ], [ 6.16454021893237, 48.720662671789462 ], [ 6.164558852638027, 48.720727712809499 ], [ 6.164587031662228, 48.72079123214948 ], [ 6.164624484656827, 48.720852618077117 ], [ 6.164670850955752, 48.72091127940417 ], [ 6.164725684047396, 48.720966651180376 ], [ 6.164788455873952, 48.721018200134509 ], [ 6.164858561916314, 48.721065429810466 ], [ 6.164935327015643, 48.721107885348907 ], [ 6.165018011875475, 48.721145157868243 ], [ 6.165105820181814, 48.721176888402802 ], [ 6.165197906272582, 48.721202771360353 ], [ 6.165293383282591, 48.721222557465339 ], [ 6.165391331685522, 48.721236056160116 ], [ 6.165490808150644, 48.721243137440169 ], [ 6.16559085462891, 48.721243733106377 ], [ 6.165690507580893, 48.721237837421974 ], [ 6.165788807257617, 48.721225507167681 ], [ 6.165884806944884, 48.721206861094906 ], [ 6.165977582081966, 48.721182078781872 ], [ 6.166028344173335, 48.721164512519039 ], [ 6.166005946938459, 48.721199398921641 ], [ 6.165976044032549, 48.721262572294641 ], [ 6.165955643475551, 48.721327380781659 ], [ 6.165944941770057, 48.721393200246254 ], [ 6.165944042015642, 48.721459396813493 ], [ 6.165952952914587, 48.721525332974451 ], [ 6.165971588686631, 48.721590373725768 ], [ 6.165999769893685, 48.721653892685161 ], [ 6.166037225166579, 48.721715278124009 ], [ 6.166083593817302, 48.721773938858746 ], [ 6.166138429311596, 48.721829309944873 ], [ 6.166201203568515, 48.72188085811775 ], [ 6.166271312045548, 48.721928086928841 ], [ 6.166348079560406, 48.721970541527128 ], [ 6.16643076679336, 48.722007813040037 ], [ 6.16651857740756, 48.722039542511652 ], [ 6.166610665718697, 48.722065424359897 ], [ 6.166706144840202, 48.722085209319985 ], [ 6.166804095225414, 48.722098706845252 ], [ 6.166903573524514, 48.722105786942436 ], [ 6.167003621670791, 48.722106381423849 ], [ 6.16710327610875, 48.722100484564102 ], [ 6.167201577075109, 48.722088153155248 ], [ 6.167297577843245, 48.722069505959809 ], [ 6.167390353842018, 48.722044722566814 ], [ 6.167441116296533, 48.72202715571607 ], [ 6.167418719635205, 48.722062042357997 ], [ 6.16738881794384, 48.722125216038236 ], [ 6.167368418802503, 48.72219002471882 ], [ 6.167357718700152, 48.722255844261376 ], [ 6.167356820720924, 48.72232204079026 ], [ 6.167365733550008, 48.722387976796931 ], [ 6.167384371388552, 48.722453017279484 ], [ 6.167412554778567, 48.72251653585824 ], [ 6.167450012329862, 48.722577920808227 ], [ 6.167496383332482, 48.722636580950649 ], [ 6.167551221229522, 48.722691951346619 ], [ 6.167613997916892, 48.722743498738211 ], [ 6.1676451161443, 48.722764460540631 ], [ 6.167616637141095, 48.722787005023683 ], [ 6.167560306205223, 48.722841715422241 ], [ 6.167512351386416, 48.722899815514602 ], [ 6.16747323453588, 48.722960745775005 ], [ 6.167443332396065, 48.7230239194202 ], [ 6.16742293297145, 48.723088728060098 ], [ 6.167412232753715, 48.723154547556796 ], [ 6.167411334828113, 48.723220744035046 ], [ 6.167420247879316, 48.723286679986778 ], [ 6.167438886106336, 48.723351720410676 ], [ 6.167467070047444, 48.723415238927565 ], [ 6.167504528307139, 48.723476623813092 ], [ 6.16755090016865, 48.723535283889078 ], [ 6.167605739066797, 48.723590654217297 ], [ 6.16766851688785, 48.723642201540443 ], [ 6.167699635672444, 48.723663163312494 ], [ 6.167671156202855, 48.723685707791176 ], [ 6.167614824355062, 48.723740418173264 ], [ 6.167566868771957, 48.723798518242717 ], [ 6.167527751312106, 48.723859448473995 ], [ 6.167497848723831, 48.723922622084089 ], [ 6.167477449015927, 48.723987430683323 ], [ 6.167466748682807, 48.724053250134133 ], [ 6.167465850810835, 48.724119446561723 ], [ 6.167474764084168, 48.724185382458529 ], [ 6.167493402699679, 48.724250422823715 ], [ 6.167521587191899, 48.72431394127873 ], [ 6.167559046160024, 48.724375326099782 ], [ 6.167605418880457, 48.724433986109339 ], [ 6.167660258779748, 48.724489356369773 ], [ 6.167723037734525, 48.724540903624472 ], [ 6.167793151157039, 48.724588131433698 ], [ 6.167869923817366, 48.724630584956117 ], [ 6.167952616346228, 48.724667855329514 ], [ 6.168040432355763, 48.72469958360891 ], [ 6.168132526109704, 48.724725464223745 ], [ 6.168228010669057, 48.724745247921092 ], [ 6.168325966434791, 48.724758744166465 ], [ 6.168425450005265, 48.724765822978931 ], [ 6.168525503262996, 48.724766416183144 ], [ 6.168625162603261, 48.724760518066049 ], [ 6.168723468215561, 48.724748185431807 ], [ 6.168819473328525, 48.724729537054699 ], [ 6.168912253329174, 48.724704752535196 ], [ 6.168963017856591, 48.724687185077215 ], [ 6.168940621071203, 48.7247220719251 ], [ 6.16891071969768, 48.724785245842391 ], [ 6.168890321405657, 48.724850054635105 ], [ 6.168879622675913, 48.724915874163827 ], [ 6.168878726579375, 48.724982070552997 ], [ 6.168887641783098, 48.725048006295424 ], [ 6.168906282465371, 48.725113046391769 ], [ 6.168934469140817, 48.725176564466075 ], [ 6.168971930387608, 48.725237948798195 ], [ 6.169018305460203, 48.725296608215309 ], [ 6.169073147762498, 48.725351977785508 ], [ 6.16913592914798, 48.725403524258802 ], [ 6.169206045005486, 48.725450751203006 ], [ 6.169282820081645, 48.725493203785078 ], [ 6.169365514983908, 48.72553047315192 ], [ 6.169453333301557, 48.725562200368195 ], [ 6.169545429276092, 48.72558807987361 ], [ 6.169640915947133, 48.72560786242591 ], [ 6.169738873695313, 48.725621357501637 ], [ 6.169838359099893, 48.725628435131114 ], [ 6.169938414025727, 48.725629027150411 ], [ 6.170038074852027, 48.725623127857865 ], [ 6.17013638175398, 48.725610794068963 ], [ 6.170232387947797, 48.725592144569127 ], [ 6.170325168810086, 48.725567358969599 ], [ 6.170413830783677, 48.725536675977395 ], [ 6.170497519984105, 48.725500391096134 ], [ 6.170575430423785, 48.725458853779863 ], [ 6.170607112558105, 48.72543826403232 ], [ 6.17064118912619, 48.725457105923589 ], [ 6.170723884940363, 48.725494374350397 ], [ 6.170811704022276, 48.72552610056816 ], [ 6.170903800606068, 48.725551979026193 ], [ 6.17099928772549, 48.72557176049235 ], [ 6.171097245756854, 48.725585254453584 ], [ 6.171196731276696, 48.725592330951002 ], [ 6.171296786148759, 48.725592921831577 ], [ 6.171396446752774, 48.725587021404579 ], [ 6.171494753266067, 48.725574686496429 ], [ 6.171590758908596, 48.725556035903338 ], [ 6.171683539062274, 48.725531249247069 ], [ 6.17177220017676, 48.725500565244829 ], [ 6.171855888375861, 48.725464279409955 ], [ 6.171933797681638, 48.725422741205662 ], [ 6.171965479258702, 48.725402151096901 ], [ 6.171999556293129, 48.725420992600903 ], [ 6.172082253019162, 48.72545826008767 ], [ 6.172170072865283, 48.725489985306915 ], [ 6.172262170058276, 48.725515862717572 ], [ 6.172357657626019, 48.725535643097544 ], [ 6.17245561594051, 48.725549135944306 ], [ 6.172555101575556, 48.725556211309687 ], [ 6.172655156393789, 48.725556801051503 ], [ 6.17275481677546, 48.725550899490045 ], [ 6.172853122900039, 48.725538563462656 ], [ 6.172949127991219, 48.725519911776317 ], [ 6.173041907436235, 48.725495124063329 ], [ 6.173130567691565, 48.725464439051052 ], [ 6.173214254889294, 48.72542815226258 ], [ 6.173292163061125, 48.725386613170294 ], [ 6.17336354190088, 48.725340221829818 ], [ 6.173427703990648, 48.725289425026894 ], [ 6.173484031421035, 48.725234711974011 ], [ 6.173531981741697, 48.725176609598748 ], [ 6.173571093184933, 48.725115677468608 ], [ 6.173600989111971, 48.725052502401752 ], [ 6.173621381639216, 48.72498769281529 ], [ 6.173632074409559, 48.7249218728657 ], [ 6.173632964482091, 48.724855676437542 ], [ 6.173624043322082, 48.724789741038798 ], [ 6.173605396881755, 48.724724701661344 ], [ 6.1735772047711, 48.724661184665642 ], [ 6.173539738526818, 48.724599801748724 ], [ 6.173493358996064, 48.724541144053468 ], [ 6.173438512860264, 48.72448577647593 ], [ 6.173375728332516, 48.724434232225356 ], [ 6.17334460681127, 48.724413271947263 ], [ 6.173373084229112, 48.724390726128867 ], [ 6.17342941074774, 48.724336013059563 ], [ 6.173477360304295, 48.724277910661414 ], [ 6.17351647113843, 48.724216978502113 ], [ 6.173546366617242, 48.724153803400192 ], [ 6.173566758861452, 48.724088993773051 ], [ 6.173577451516672, 48.724023173777567 ], [ 6.173578341643106, 48.72395697729872 ], [ 6.173569420705499, 48.723891041845029 ], [ 6.173550774653933, 48.723826002408856 ], [ 6.17352258309465, 48.723762485351223 ], [ 6.173485117559043, 48.723701102369795 ], [ 6.17343873888744, 48.723642444608075 ], [ 6.173383893752993, 48.723587076962701 ], [ 6.173321110359155, 48.723535532643623 ], [ 6.173289989395165, 48.723514572335105 ], [ 6.173318466346721, 48.723492026512361 ], [ 6.173374791953617, 48.723437313426601 ], [ 6.173422740746089, 48.723379211005557 ], [ 6.173461850971143, 48.723318278817167 ], [ 6.173491746001742, 48.723255103680181 ], [ 6.173512137962924, 48.723190294012383 ], [ 6.173522830503025, 48.723124473971005 ], [ 6.173523720683353, 48.723058277441496 ], [ 6.173514799968139, 48.722992341932859 ], [ 6.173496154305316, 48.722927302437988 ], [ 6.173467963297385, 48.722863785318467 ], [ 6.173430498470427, 48.722802402272535 ], [ 6.173384120657945, 48.72274374444433 ], [ 6.173329276524814, 48.722688376731163 ], [ 6.173266494264846, 48.722636832343596 ], [ 6.173235373858101, 48.722615872004667 ], [ 6.173263850343375, 48.722593326177567 ], [ 6.173320175038569, 48.722538613075379 ], [ 6.173368123066979, 48.72248051063147 ], [ 6.173407232682973, 48.722419578413998 ], [ 6.173437127265371, 48.72235640324196 ], [ 6.173457518943533, 48.722291593533512 ], [ 6.173468211368515, 48.722225773446269 ], [ 6.173469101602737, 48.722159576866126 ], [ 6.173460181109903, 48.72209364130255 ], [ 6.17344153583581, 48.722028601748995 ], [ 6.173413345379211, 48.721965084567586 ], [ 6.173375881260874, 48.721903701457158 ], [ 6.173349327357278, 48.721870115913077 ], [ 6.173402055796347, 48.721884931985841 ], [ 6.173497537159489, 48.721904711515506 ], [ 6.17359548896048, 48.721918203468753 ], [ 6.173694967835861, 48.721925277906024 ], [ 6.17379501571337, 48.7219258666941 ], [ 6.173894669040103, 48.721919964162446 ], [ 6.173992968063479, 48.721907627157741 ], [ 6.174088966075589, 48.721888974496366 ], [ 6.174181738531843, 48.721864185820053 ], [ 6.17427039195603, 48.721833499865397 ], [ 6.174354072546028, 48.721797212164603 ], [ 6.174431974397179, 48.721755672198796 ], [ 6.174463652765972, 48.721735081362112 ], [ 6.174497728309486, 48.721753922212137 ], [ 6.174580421013045, 48.721791188085227 ], [ 6.174668236212086, 48.721822911566129 ], [ 6.174760328178142, 48.721848787130511 ], [ 6.174855809989438, 48.721868565574084 ], [ 6.174953762073407, 48.721882056412916 ], [ 6.175053241063867, 48.721889129718193 ], [ 6.175153288887445, 48.721889717367603 ], [ 6.175252941991758, 48.721883813701588 ], [ 6.175351240626366, 48.721871475577721 ], [ 6.175447238087105, 48.721852821823191 ], [ 6.175540009834695, 48.721828032090222 ], [ 6.175590769338185, 48.721810461769813 ], [ 6.175568378211755, 48.721845349947479 ], [ 6.175538486498896, 48.721908525681052 ], [ 6.175518097551669, 48.72197333576635 ], [ 6.175507407760856, 48.722039156051501 ], [ 6.175506520111292, 48.722105352653649 ], [ 6.175515443188687, 48.722171288063585 ], [ 6.175534091095486, 48.722236327285145 ], [ 6.175562284276738, 48.722299843950779 ], [ 6.17559975124795, 48.722361226353947 ], [ 6.175626306847811, 48.722394811383147 ], [ 6.175573577263404, 48.722379996299594 ], [ 6.175478094245708, 48.722360218438972 ], [ 6.175380141129858, 48.722346728036023 ], [ 6.175280661223836, 48.722339655006003 ], [ 6.175180612537206, 48.722339067463608 ], [ 6.175080958556361, 48.722344971066931 ], [ 6.174982658967046, 48.722357308963154 ], [ 6.174886660413464, 48.722375962335903 ], [ 6.174793887382908, 48.722400751549337 ], [ 6.174705233303636, 48.722431437877923 ], [ 6.174621551941706, 48.722467725805217 ], [ 6.174543649179551, 48.72250926586937 ], [ 6.174472275255462, 48.722555658028369 ], [ 6.174408117538682, 48.722606455512079 ], [ 6.174351793909698, 48.722661169124514 ], [ 6.174303846809452, 48.722719271954631 ], [ 6.174264738014824, 48.72278020445026 ], [ 6.174234844190691, 48.722843379806633 ], [ 6.174214453261439, 48.722908189617208 ], [ 6.174203761636946, 48.722974009732766 ], [ 6.174202872319705, 48.723040206272124 ], [ 6.174211793911481, 48.723106141726632 ], [ 6.17423044052904, 48.723171181099701 ], [ 6.174258632629842, 48.723234698022353 ], [ 6.174296098739802, 48.723296080785545 ], [ 6.174342478066539, 48.723354738231535 ], [ 6.174397323972973, 48.723410105447428 ], [ 6.174460108277879, 48.723461649205881 ], [ 6.174491229679805, 48.723482609210222 ], [ 6.174462753239481, 48.723505155313006 ], [ 6.17440642869883, 48.723559868909035 ], [ 6.174358480834559, 48.723617971716273 ], [ 6.1743193714309, 48.723678904182819 ], [ 6.174289477158592, 48.723742079504142 ], [ 6.174269085946348, 48.723806889274051 ], [ 6.174258394206766, 48.723872709343738 ], [ 6.17425750494345, 48.723938905832433 ], [ 6.174266426757651, 48.724004841231981 ], [ 6.174285073763986, 48.724069880546359 ], [ 6.174313266416178, 48.724133397407094 ], [ 6.174350733234831, 48.724194780105776 ], [ 6.174397113420739, 48.724253437485288 ], [ 6.174451960328553, 48.724308804633353 ], [ 6.174514745767398, 48.724360348323295 ], [ 6.1745458677266, 48.724381308297225 ], [ 6.174517390819998, 48.724403854395639 ], [ 6.174461065367657, 48.724458567975233 ], [ 6.174413116739334, 48.724516670759591 ], [ 6.174374006726623, 48.724577603197034 ], [ 6.174344112006131, 48.724640778483291 ], [ 6.174323720510888, 48.72470558821253 ], [ 6.174313028656215, 48.724771408236322 ], [ 6.174312139446829, 48.724837604674342 ], [ 6.17432106148346, 48.724903540018936 ], [ 6.174339708878589, 48.724968579274567 ], [ 6.174367902082192, 48.725032096073399 ], [ 6.174405369609565, 48.725093478707549 ], [ 6.174451750654678, 48.725152136020554 ], [ 6.174506598563906, 48.725207503100776 ], [ 6.174569385136732, 48.725259046722208 ], [ 6.174600507653217, 48.725280006665699 ], [ 6.174572030280336, 48.725302552759729 ], [ 6.174515703916273, 48.725357266322881 ], [ 6.174467754523874, 48.725415369084345 ], [ 6.174428643902093, 48.725476301492648 ], [ 6.174398748733404, 48.725539476743826 ], [ 6.174378356955151, 48.725604286432386 ], [ 6.174367664985385, 48.725670106410263 ], [ 6.174366775829934, 48.725736302797593 ], [ 6.174375698089007, 48.725802238087205 ], [ 6.174394345872946, 48.725867277284102 ], [ 6.17442253962798, 48.725930794020968 ], [ 6.1744600078641, 48.725992176590587 ], [ 6.17450638976845, 48.726050833837078 ], [ 6.174561238679129, 48.726106200849443 ], [ 6.174624026385977, 48.726157744402343 ], [ 6.174655149459804, 48.726178704315409 ], [ 6.174626671620591, 48.726201250405104 ], [ 6.174570344344778, 48.7262559639518 ], [ 6.174522394188278, 48.726314066690357 ], [ 6.174483282957409, 48.726374999069513 ], [ 6.174453387340508, 48.726438174285605 ], [ 6.17443299527924, 48.726502983933457 ], [ 6.174422303194381, 48.726568803865391 ], [ 6.174421414092867, 48.726635000202023 ], [ 6.174430336574393, 48.726700935436632 ], [ 6.174448984747157, 48.726765974574775 ], [ 6.174477179053645, 48.726829491249688 ], [ 6.174514647998537, 48.726890873754741 ], [ 6.174561030762153, 48.726949530934704 ], [ 6.17461588067432, 48.727004897879198 ], [ 6.174678669515231, 48.727056441363537 ], [ 6.174748792601918, 48.727103664984313 ], [ 6.174825574611386, 48.727146113940478 ], [ 6.17490827608431, 48.727183379413859 ], [ 6.174996100546683, 48.727215102506634 ], [ 6.175088202180827, 48.727240977698187 ], [ 6.175183693971849, 48.727260755787839 ], [ 6.175281656251067, 48.72727424629511 ], [ 6.175381145554105, 48.727281319294306 ], [ 6.175481203708266, 48.727281906666107 ], [ 6.175580867061672, 48.727276002753591 ], [ 6.17567917576517, 48.727263664416746 ], [ 6.175775183017622, 48.727245010484808 ], [ 6.175867964185438, 48.727220220611677 ], [ 6.175918728817967, 48.727202650233153 ], [ 6.175896335599386, 48.727237538310767 ], [ 6.175866441197726, 48.727300713833969 ], [ 6.175846050552825, 48.727365523675189 ], [ 6.175835360071821, 48.72743134368492 ], [ 6.175834472746204, 48.727497539982984 ], [ 6.17584339715857, 48.727563475063057 ], [ 6.175862047398518, 48.727628513932181 ], [ 6.175890243888635, 48.727692030226194 ], [ 6.175927715112564, 48.727753412242137 ], [ 6.175974100228681, 48.727812068829465 ], [ 6.176028952544153, 48.727867435083525 ], [ 6.176091743816031, 48.727918977786246 ], [ 6.176122868528043, 48.727939937284845 ], [ 6.176094390362178, 48.72796248369059 ], [ 6.176038062724547, 48.728017197847123 ], [ 6.175990112583888, 48.728075301087372 ], [ 6.17595100174636, 48.728136233855238 ], [ 6.175921106896521, 48.728199409343318 ], [ 6.175900715968647, 48.728264219143796 ], [ 6.175890025372607, 48.728330039107568 ], [ 6.175889138100996, 48.728396235354907 ], [ 6.175898062735892, 48.728462170379935 ], [ 6.175916713364754, 48.728527209190268 ], [ 6.175944910406421, 48.728590725422301 ], [ 6.17598238233923, 48.728652107373641 ], [ 6.176008941383109, 48.728685692136217 ], [ 6.175956205340139, 48.728670877301795 ], [ 6.175860710678942, 48.728651099854176 ], [ 6.175762745668185, 48.72863760983816 ], [ 6.175663253730396, 48.728630537165287 ], [ 6.175563192991006, 48.728629949946786 ], [ 6.175463527052469, 48.728635853837659 ], [ 6.175365215715683, 48.72864819198233 ], [ 6.17526920573798, 48.728666845561996 ], [ 6.175176421716658, 48.728691634938826 ], [ 6.175087757185824, 48.72872232138576 ], [ 6.175004066012183, 48.728758609385139 ], [ 6.174926154172654, 48.728800149474509 ], [ 6.174854771992951, 48.728846541611539 ], [ 6.17479060692182, 48.728897339026346 ], [ 6.174734276910575, 48.728952052523596 ], [ 6.174686324461633, 48.72901015519335 ], [ 6.174647211403385, 48.729071087484996 ], [ 6.174617314441774, 48.729134262595714 ], [ 6.174596921531413, 48.729199072121339 ], [ 6.174586229101265, 48.729264891915406 ], [ 6.174585340161592, 48.729331088099791 ], [ 6.174594263310533, 48.729397023169305 ], [ 6.174612912649864, 48.729462062131063 ], [ 6.174641108610841, 48.72952557862002 ], [ 6.174678579682213, 48.729586960931314 ], [ 6.174724965023819, 48.729645617911579 ], [ 6.174779817940666, 48.729700984652368 ], [ 6.17484261018401, 48.729752527930962 ], [ 6.174873735487303, 48.729773487722262 ], [ 6.174845255782707, 48.729796033794379 ], [ 6.174788924859595, 48.729850747275137 ], [ 6.174740971646457, 48.72990884992192 ], [ 6.174701857979044, 48.729969782184376 ], [ 6.174671960569168, 48.730032957259922 ], [ 6.174651567375764, 48.730097766744791 ], [ 6.174640874830516, 48.730163586492857 ], [ 6.174639985944798, 48.730229782626466 ], [ 6.174648909316232, 48.730295717640914 ], [ 6.174667559044449, 48.730360756543831 ], [ 6.174695755556965, 48.730424272970765 ], [ 6.174733227337216, 48.730485655217436 ], [ 6.174759786510208, 48.730519240205012 ], [ 6.17470704897044, 48.730504424842039 ], [ 6.174611551430258, 48.730484646426206 ], [ 6.174513583303455, 48.730471155406207 ], [ 6.174414088042565, 48.730464081703225 ], [ 6.17431402380502, 48.730463493438464 ], [ 6.174214354226964, 48.730469396276945 ], [ 6.174116039144339, 48.730481733373246 ], [ 6.174020025350545, 48.73050038591866 ], [ 6.173927237479638, 48.730525174285312 ], [ 6.173838569102788, 48.730555859755881 ], [ 6.173754874123741, 48.730592146822133 ], [ 6.173676958556061, 48.730633686030551 ], [ 6.17360557276136, 48.730680077347301 ], [ 6.173541404223205, 48.730730874010426 ], [ 6.173485070926295, 48.730785586831821 ], [ 6.173437115404687, 48.730843688908017 ], [ 6.173397999516367, 48.730904620694183 ], [ 6.173368099994533, 48.730967795392317 ], [ 6.173347704818458, 48.731032604602255 ], [ 6.173337010438924, 48.731098424180558 ], [ 6.173336119884969, 48.731164620251207 ], [ 6.173345041770284, 48.731230555310063 ], [ 6.173363690208813, 48.731295594364369 ], [ 6.173391885640493, 48.731359111048192 ], [ 6.173429356559172, 48.731420493654802 ], [ 6.173475742126167, 48.731479151027962 ], [ 6.173530595644309, 48.731534518255472 ], [ 6.173593388859069, 48.731586062109898 ], [ 6.173624514753648, 48.73160702219387 ], [ 6.173596033510176, 48.731629567932359 ], [ 6.173539699301287, 48.731684280737205 ], [ 6.173491743015381, 48.731742382790422 ], [ 6.173452626517802, 48.731803314547335 ], [ 6.173422726547621, 48.731866489210276 ], [ 6.173402331088427, 48.731931298379408 ], [ 6.17339163659373, 48.731997117911696 ], [ 6.173390746093681, 48.732063313931519 ], [ 6.17339966820145, 48.732129248935273 ], [ 6.173418317028839, 48.732194287930731 ], [ 6.173446513012045, 48.732257804552489 ], [ 6.173483984639604, 48.732319187094447 ], [ 6.173530371066006, 48.732377844401007 ], [ 6.173585225585806, 48.732433211560554 ], [ 6.173648019934831, 48.73248475534637 ], [ 6.173718149377069, 48.73253197935211 ], [ 6.173794938528316, 48.732574428773042 ], [ 6.17387764786047, 48.732611694786499 ], [ 6.173965480823834, 48.732643418489467 ], [ 6.174057591518853, 48.732669294355453 ], [ 6.174153092843373, 48.732689073177283 ], [ 6.17425106503689, 48.732702564467395 ], [ 6.174350564539543, 48.732709638292619 ], [ 6.174450633080401, 48.732710226525633 ], [ 6.174550306907546, 48.732704323501231 ], [ 6.17464862607095, 48.732691986070854 ], [ 6.174744643668732, 48.732673333054983 ], [ 6.17483743496767, 48.73264854409873 ], [ 6.174926106310076, 48.732617857941463 ], [ 6.175009803721254, 48.732581570117247 ], [ 6.175087721134549, 48.732540030108467 ], [ 6.175119405785169, 48.732519439288581 ], [ 6.175153488600439, 48.732538279776726 ], [ 6.175236198844582, 48.732575544849993 ], [ 6.175324032572241, 48.732607267554293 ], [ 6.175416143876497, 48.732633142372748 ], [ 6.175511645649328, 48.732652920108265 ], [ 6.175609618125913, 48.732666410283755 ], [ 6.175709117743662, 48.732673482976786 ], [ 6.17580918623054, 48.732674070070885 ], [ 6.175908859835142, 48.732668165911896 ], [ 6.17600717860959, 48.732655827362137 ], [ 6.176103195655748, 48.73263717325289 ], [ 6.176195986245702, 48.732612383239804 ], [ 6.176246756008352, 48.732594812803271 ], [ 6.176224360697186, 48.732629700780592 ], [ 6.176194463606254, 48.732692876092841 ], [ 6.176174071263413, 48.732757685689414 ], [ 6.176163380092162, 48.73282350542312 ], [ 6.176162493090645, 48.732889701416497 ], [ 6.176171418838343, 48.732955636166103 ], [ 6.176190071412007, 48.733020674682187 ], [ 6.176218271211749, 48.733084190603982 ], [ 6.176255746689354, 48.733145572232104 ], [ 6.176282308193739, 48.733179156803949 ], [ 6.176229567536592, 48.733164342147596 ], [ 6.176134064556872, 48.733144564995186 ], [ 6.176036091047989, 48.733131075255685 ], [ 6.175936590514302, 48.733124002838018 ], [ 6.175836521164021, 48.733123415850926 ], [ 6.175736846682522, 48.73312931994721 ], [ 6.175638526952969, 48.733141658269275 ], [ 6.175542508813515, 48.733160311996627 ], [ 6.175449716940057, 48.733185101490051 ], [ 6.175361044942316, 48.733215788021297 ], [ 6.175277346758903, 48.733252076071963 ], [ 6.175199428434246, 48.733293616179026 ], [ 6.175128040356509, 48.733340008300061 ], [ 6.175063870031242, 48.73339080566528 ], [ 6.17500753546036, 48.733445519079865 ], [ 6.174959579190196, 48.733503621634647 ], [ 6.174920463085943, 48.733564553780155 ], [ 6.174890563882882, 48.733627728714929 ], [ 6.174870169557223, 48.733692538036536 ], [ 6.17485947655156, 48.73375835760045 ], [ 6.174858587881705, 48.733824553530823 ], [ 6.174867512143209, 48.733890488324803 ], [ 6.174886163427131, 48.733955526992254 ], [ 6.174914362146015, 48.734019043170925 ], [ 6.174951836762046, 48.734080425158957 ], [ 6.174998226400941, 48.73413908180607 ], [ 6.175053084326316, 48.734194448207084 ], [ 6.175115882241198, 48.734245991142487 ], [ 6.175147010331806, 48.734266950781432 ], [ 6.175118528295106, 48.734289496831543 ], [ 6.17506219281221, 48.734344210229551 ], [ 6.175014235777728, 48.734402312761297 ], [ 6.174975119064217, 48.734463244877517 ], [ 6.174945219412828, 48.734526419777069 ], [ 6.174924824804086, 48.734591229057827 ], [ 6.174914131683315, 48.734657048575656 ], [ 6.174913243067438, 48.734723244455161 ], [ 6.174922167551482, 48.734789179194003 ], [ 6.174940819224372, 48.734854217802528 ], [ 6.174969018494899, 48.734917733919097 ], [ 6.175006493819944, 48.734979115842428 ], [ 6.175052884318391, 48.735037772422878 ], [ 6.17510774324558, 48.735093138755886 ], [ 6.175170542294893, 48.7351446816226 ], [ 6.175201670943013, 48.735165641231049 ], [ 6.175173188439856, 48.735188187276748 ], [ 6.175116852044916, 48.73524290065815 ], [ 6.175068894246092, 48.735301003166867 ], [ 6.175029776923306, 48.735361935253785 ], [ 6.174999876823573, 48.735425110118094 ], [ 6.174979481931743, 48.735489919357974 ], [ 6.174968788695863, 48.735555738829724 ], [ 6.174967900133965, 48.735621934658333 ], [ 6.174976824840562, 48.735687869342016 ], [ 6.174995476902434, 48.735752907891602 ], [ 6.175023676724627, 48.735816423946048 ], [ 6.17506115275871, 48.735877805804662 ], [ 6.175107544116741, 48.735936462318421 ], [ 6.175162404045782, 48.735991828583415 ], [ 6.175225204229565, 48.736043371381449 ], [ 6.175295339875886, 48.736090594315748 ], [ 6.175372135540793, 48.736133042591874 ], [ 6.17545485163345, 48.73617030739819 ], [ 6.175542691539047, 48.736202029843305 ], [ 6.175634809291171, 48.736227904412871 ], [ 6.175730317719699, 48.736247681912168 ], [ 6.175828296995707, 48.736261171866403 ], [ 6.175927803491119, 48.736268244355202 ], [ 6.176027878867655, 48.736268831264169 ], [ 6.17612755930756, 48.73626292694086 ], [ 6.17622588479712, 48.736250588249199 ], [ 6.176321908373522, 48.736231934021809 ], [ 6.176414705245962, 48.736207143915507 ], [ 6.176465478429259, 48.736189573440377 ], [ 6.176443081722831, 48.736224461350659 ], [ 6.176413182838788, 48.736287636521972 ], [ 6.17639278936384, 48.736352445955106 ], [ 6.17638209773239, 48.736418265504476 ], [ 6.176381210947026, 48.736484461294374 ], [ 6.176390137585146, 48.736550395823336 ], [ 6.176408791714934, 48.736615434103719 ], [ 6.176436993721521, 48.736678949777037 ], [ 6.176474472035438, 48.736740331146294 ], [ 6.176520865746786, 48.736798987067168 ], [ 6.176575728079967, 48.736854352641458 ], [ 6.176638530695556, 48.736905894657632 ], [ 6.176669660982428, 48.736926853851408 ], [ 6.176641178152531, 48.736949400213106 ], [ 6.176584841395703, 48.737004114204225 ], [ 6.176536883612776, 48.737062217214415 ], [ 6.176497766683519, 48.737123149689815 ], [ 6.176467867351166, 48.737186324825856 ], [ 6.176447473593172, 48.737251134218091 ], [ 6.176436781846671, 48.737316953721347 ], [ 6.176435895115354, 48.737383149460328 ], [ 6.176444821976106, 48.737449083934081 ], [ 6.176463476494964, 48.73751412215551 ], [ 6.176491679053314, 48.737577637766655 ], [ 6.176529158076376, 48.73763901907116 ], [ 6.176575552647423, 48.737697674925307 ], [ 6.176630415982573, 48.737753040431528 ], [ 6.176693219732758, 48.737804582378956 ], [ 6.176763359071425, 48.737851804378998 ], [ 6.17684015851906, 48.73789425164626 ], [ 6.176922878448397, 48.73793151537874 ], [ 6.177010722207674, 48.737963236695464 ], [ 6.177102843793365, 48.737989110092883 ], [ 6.177198355998421, 48.738008886387611 ], [ 6.177296338957546, 48.738022375116422 ], [ 6.177395849007192, 48.738029446370795 ], [ 6.177495927774847, 48.738030032048172 ], [ 6.177595611410093, 48.738024126507995 ], [ 6.177693939868445, 48.738011786625911 ], [ 6.177789966158493, 48.737993131246007 ], [ 6.177882765463298, 48.737968340036169 ], [ 6.177933539864831, 48.737950768963344 ], [ 6.177911143383806, 48.737985657096047 ], [ 6.177881245267299, 48.738048832539057 ], [ 6.177860852926357, 48.738113642124496 ], [ 6.177850162784464, 48.738179461705336 ], [ 6.177849277829861, 48.738245657405535 ], [ 6.177858206622322, 48.738311591724532 ], [ 6.177876863209283, 48.738376629676658 ], [ 6.177905067952215, 48.73844014490664 ], [ 6.177942549255297, 48.738501525721695 ], [ 6.177988946179845, 48.738560180982901 ], [ 6.178043811919312, 48.738615545798346 ], [ 6.178106618101472, 48.738667086963829 ], [ 6.178176759876351, 48.738714308098302 ], [ 6.178253561740974, 48.738756754424692 ], [ 6.178336284044792, 48.738794017150077 ], [ 6.178424130113179, 48.738825737403133 ], [ 6.178516253920365, 48.738851609690613 ], [ 6.178611768237904, 48.738871384839783 ], [ 6.17870975318016, 48.738884872398479 ], [ 6.17880926506448, 48.738891942469429 ], [ 6.17890934550068, 48.738892526961493 ], [ 6.17900903062228, 48.738886620245488 ], [ 6.179107360370468, 48.738874279208396 ], [ 6.179203387741421, 48.738855622705472 ], [ 6.179296187907787, 48.738830830415395 ], [ 6.17934696267226, 48.738813258754497 ], [ 6.179324566765569, 48.738848147126369 ], [ 6.179294669865028, 48.738911322876305 ], [ 6.179274278941252, 48.73897613265494 ], [ 6.179263590404085, 48.739041952313336 ], [ 6.179262707226315, 48.739108147974733 ], [ 6.179271637950603, 48.739174082138909 ], [ 6.179290296605783, 48.739239119821711 ], [ 6.179318503533406, 48.739302634670466 ], [ 6.179355987116614, 48.739364014996049 ], [ 6.179402386394764, 48.739422669664236 ], [ 6.17945725453864, 48.739478033788842 ], [ 6.179520063152862, 48.739529574172359 ], [ 6.179551196159962, 48.739550532567279 ], [ 6.179522713143169, 48.739573079565417 ], [ 6.179466376574988, 48.739627794792455 ], [ 6.179418419588612, 48.739685898828625 ], [ 6.179379304056144, 48.739746832110214 ], [ 6.179349406707368, 48.739810007824843 ], [ 6.179329015500643, 48.739874817562537 ], [ 6.179318326848539, 48.739940637174769 ], [ 6.179317443724948, 48.740006832785184 ], [ 6.179326374672014, 48.740072766894095 ], [ 6.179345033716425, 48.740137804517893 ], [ 6.179373241195986, 48.740201319304404 ], [ 6.179410725488526, 48.740262699565172 ], [ 6.179457125626567, 48.740321354166568 ], [ 6.179511994772618, 48.740376718223061 ], [ 6.179574804521644, 48.740428258537776 ], [ 6.17964494998932, 48.740475478737807 ], [ 6.179721755637106, 48.740517924055091 ], [ 6.179804481778016, 48.740555185706469 ], [ 6.17989233170047, 48.74058690483092 ], [ 6.179984459341577, 48.74061277594609 ], [ 6.180079977435969, 48.740632549890528 ], [ 6.180177966061629, 48.740646036223637 ], [ 6.180277481500431, 48.740653105059998 ], [ 6.180377565327959, 48.74065368832035 ], [ 6.180477253645063, 48.740647780387341 ], [ 6.180575586362162, 48.740635438159728 ], [ 6.180671616446833, 48.740616780504183 ], [ 6.180764419045593, 48.740591987110498 ], [ 6.180815195028301, 48.740574414851871 ], [ 6.180792799347181, 48.740609303446149 ], [ 6.180762903214529, 48.74067247946769 ], [ 6.180742513425143, 48.740737289398524 ], [ 6.180731826377941, 48.740803109088262 ], [ 6.180730945031364, 48.740869304659832 ], [ 6.180739877910443, 48.740935238613858 ], [ 6.18075853902326, 48.741000275968283 ], [ 6.180786748687701, 48.741063790373495 ], [ 6.180824235260551, 48.741125170144713 ], [ 6.180870637752377, 48.741183824153026 ], [ 6.180925509303015, 48.741239187518623 ], [ 6.180988321484273, 48.741290727051272 ], [ 6.181058469388402, 48.741337946385592 ], [ 6.181135277453393, 48.741380390761883 ], [ 6.181218005968984, 48.74141765140601 ], [ 6.18130585820072, 48.7414493694667 ], [ 6.181397988063473, 48.741475239471804 ], [ 6.181493508270473, 48.741495012270555 ], [ 6.18159149887936, 48.741508497433458 ], [ 6.181691016152902, 48.741515565086274 ], [ 6.181791101649016, 48.7415161471612 ], [ 6.181890791452478, 48.741510238052292 ], [ 6.181989125459394, 48.741497894669621 ], [ 6.182085156624919, 48.741479235890992 ], [ 6.182177960085158, 48.741454441416998 ], [ 6.182266642065303, 48.74142375004012 ], [ 6.182350348488209, 48.741387457344757 ], [ 6.182428273200429, 48.74134591286019 ], [ 6.182499665736496, 48.741299516693964 ], [ 6.182563838546606, 48.741248715678267 ], [ 6.182620173618132, 48.741193999066198 ], [ 6.18266812842716, 48.741135893819603 ], [ 6.182707241162782, 48.74107495953362 ], [ 6.182737135173799, 48.741011783047171 ], [ 6.182757522595098, 48.740946972791065 ], [ 6.182768207118762, 48.740881152928203 ], [ 6.182769085883328, 48.740814957342302 ], [ 6.182760150462994, 48.740749023533255 ], [ 6.182741486947334, 48.740683986477627 ], [ 6.1827132751108, 48.740620472513463 ], [ 6.182675786680083, 48.740559093308647 ], [ 6.182649217311064, 48.740525510373338 ], [ 6.182701967222743, 48.740540322099193 ], [ 6.182797486213472, 48.740560093870641 ], [ 6.182895475404871, 48.74057357797416 ], [ 6.182994991073361, 48.740580644545759 ], [ 6.183095074792317, 48.740581225527997 ], [ 6.183194762663632, 48.740575315325522 ], [ 6.183293094602019, 48.740562970858853 ], [ 6.183389123582558, 48.740544311016286 ], [ 6.183481924762398, 48.740519515508673 ], [ 6.183532699760249, 48.740501942093182 ], [ 6.183510305925618, 48.740536831199371 ], [ 6.18348041312175, 48.740600007905343 ], [ 6.183460026732976, 48.740664818304289 ], [ 6.183449343125467, 48.740730638241367 ], [ 6.183448465224538, 48.740796833837102 ], [ 6.183457401522036, 48.740862767591899 ], [ 6.183476065993121, 48.740927804525576 ], [ 6.183504278923338, 48.740991318292608 ], [ 6.183541768638017, 48.741052697214371 ], [ 6.183588174117466, 48.741111350170094 ], [ 6.183643048472748, 48.741166712290124 ], [ 6.183705863248655, 48.741218250396216 ], [ 6.183776013512452, 48.741265468136753 ], [ 6.183852823679401, 48.741307910767368 ], [ 6.183935554018993, 48.74134516953071 ], [ 6.184023407779205, 48.741376885593645 ], [ 6.184115538860187, 48.741402753503259 ], [ 6.184211059963437, 48.741422524129 ], [ 6.184309051137958, 48.741436007062241 ], [ 6.184408568641073, 48.741443072450281 ], [ 6.184508654028486, 48.741443652247057 ], [ 6.184608343386024, 48.741437740868633 ], [ 6.184706676614082, 48.741425395246885 ], [ 6.184802706675321, 48.741406734281206 ], [ 6.184895508716481, 48.741381937693269 ], [ 6.184946284077144, 48.741364363689669 ], [ 6.184923890817055, 48.74139925303502 ], [ 6.18489399922957, 48.741462430047847 ], [ 6.184873614258384, 48.74152724063989 ], [ 6.18486293225602, 48.741593060654424 ], [ 6.184862056132332, 48.741659256211207 ], [ 6.184870994362056, 48.741725189811064 ], [ 6.184889660901744, 48.741790226475274 ], [ 6.184917876017018, 48.741853739860915 ], [ 6.18495536801217, 48.741915118293029 ], [ 6.18500177584554, 48.741973770655576 ], [ 6.185056652605522, 48.742029132084603 ], [ 6.185119469813753, 48.742080669408523 ], [ 6.185189622514068, 48.742127886283257 ], [ 6.185266435098264, 48.742170327972744 ], [ 6.18534916781255, 48.742207585728771 ], [ 6.185437023882034, 48.742239300727839 ], [ 6.185529157184624, 48.742265167527293 ], [ 6.185624680400418, 48.742284937007277 ], [ 6.185722673558077, 48.742298418770197 ], [ 6.185822192895821, 48.742305482974622 ], [ 6.185922279951685, 48.742306061585921 ], [ 6.186021970795422, 48.742300149031514 ], [ 6.186120305313121, 48.742287802254644 ], [ 6.186216336455017, 48.742269140165838 ], [ 6.186309139357443, 48.742244342497543 ], [ 6.186397820250966, 48.742213648073019 ], [ 6.186481525068908, 48.742177352506012 ], [ 6.186559447673285, 48.742135805353435 ], [ 6.186630837618926, 48.742089406748526 ], [ 6.186695007380983, 48.74203860354703 ], [ 6.186751338976188, 48.741983885023039 ], [ 6.186799289914108, 48.741925778156812 ], [ 6.186838398421121, 48.741864842559096 ], [ 6.186868287886755, 48.741801665081425 ], [ 6.186888670489675, 48.741736854164181 ], [ 6.186899349968367, 48.741671033976601 ], [ 6.186900223509962, 48.741604838405564 ], [ 6.186891282738952, 48.741538904950801 ], [ 6.186872613796446, 48.74147386858543 ], [ 6.18684439650916, 48.741410355640937 ], [ 6.186806902656272, 48.741348977775274 ], [ 6.186780330228974, 48.741315395782323 ], [ 6.186833082110027, 48.741330205672767 ], [ 6.186928604109292, 48.741349974125455 ], [ 6.187026595849214, 48.741363454829028 ], [ 6.187126113581665, 48.741370517952262 ], [ 6.187226198860142, 48.741371095470925 ], [ 6.187325887771519, 48.741365181822992 ], [ 6.187424220220492, 48.741352833962189 ], [ 6.187520249177221, 48.741334170809502 ], [ 6.18761304979909, 48.741309372107636 ], [ 6.187701728338625, 48.741278676689795 ], [ 6.187785430751823, 48.741242380179294 ], [ 6.187863350923859, 48.741200832142134 ], [ 6.187934738432991, 48.741154432720094 ], [ 6.187998905777836, 48.74110362877672 ], [ 6.188055234998402, 48.741048909593303 ], [ 6.188103183627134, 48.74099080215646 ], [ 6.188142289912641, 48.740929866082389 ], [ 6.188172177265849, 48.740866688227271 ], [ 6.188192557885766, 48.740801877035075 ], [ 6.188203235529975, 48.74073605667769 ], [ 6.188204107403272, 48.740669861043656 ], [ 6.188195165146216, 48.740603927633281 ], [ 6.188176494914225, 48.740538891419291 ], [ 6.188148276546431, 48.740475378731652 ], [ 6.188110781832418, 48.740414001225936 ], [ 6.188064371893526, 48.740355349992882 ], [ 6.188009493704032, 48.740299989866315 ], [ 6.187946675785723, 48.740248453983732 ], [ 6.187915538993638, 48.740227497790954 ], [ 6.187944018743869, 48.740204948803282 ], [ 6.188000347052665, 48.740150229603287 ], [ 6.188048294917392, 48.740092122143352 ], [ 6.188087400594026, 48.740031186039978 ], [ 6.188117287499353, 48.73996800814956 ], [ 6.188137667836689, 48.739903196916416 ], [ 6.188148345366343, 48.739837376512867 ], [ 6.188149217294209, 48.739771180827844 ], [ 6.18814027526032, 48.739705247362188 ], [ 6.188121605417944, 48.739640211089132 ], [ 6.188093387602461, 48.739576698339235 ], [ 6.188055893598132, 48.739515320768632 ], [ 6.188029321300682, 48.739481739000489 ], [ 6.188082071683812, 48.73949654836251 ], [ 6.188177590802105, 48.73951631584719 ], [ 6.188275579423969, 48.739529795546986 ], [ 6.18837509383131, 48.739536857640296 ], [ 6.188475175609647, 48.739537434112826 ], [ 6.188574860879568, 48.739531519412623 ], [ 6.188673189580837, 48.73951917050357 ], [ 6.188769214719715, 48.73950050631673 ], [ 6.188862011490349, 48.739475706604779 ], [ 6.188950686182364, 48.739445010210623 ], [ 6.189034384788811, 48.739408712766995 ], [ 6.189112301231528, 48.739367163848897 ], [ 6.18918368512469, 48.739320763606578 ], [ 6.189247849001739, 48.739269958911486 ], [ 6.189304174936082, 48.739215239052157 ], [ 6.189352120491806, 48.739157131021678 ], [ 6.189391223947122, 48.73909619444202 ], [ 6.189421108740209, 48.739033016174204 ], [ 6.189441487094728, 48.738968204666186 ], [ 6.189452162790078, 48.738902384092896 ], [ 6.189453033049819, 48.738836188344926 ], [ 6.18944408953005, 48.738770254923708 ], [ 6.189425418398344, 48.73870521880206 ], [ 6.189397199502498, 48.738641706309075 ], [ 6.189359704637177, 48.738580329098404 ], [ 6.189313294925173, 48.73852167825801 ], [ 6.18925841733858, 48.738466318617903 ], [ 6.189195600393373, 48.738414783310894 ], [ 6.189164464193357, 48.738393827410668 ], [ 6.189192942404471, 48.73837127808936 ], [ 6.189249267427152, 48.738316558213505 ], [ 6.189297212218978, 48.738258450159996 ], [ 6.189336315065514, 48.738197513551057 ], [ 6.189366199410803, 48.738134335247985 ], [ 6.189386577482815, 48.73806952369906 ], [ 6.189397253063671, 48.738003703079613 ], [ 6.189398123378032, 48.737937507280698 ], [ 6.189389180081469, 48.737871573804235 ], [ 6.189370509339404, 48.737806537623563 ], [ 6.18934229099588, 48.737743025068326 ], [ 6.189304796840243, 48.737681647792819 ], [ 6.18925838798845, 48.737622996885584 ], [ 6.189203511404307, 48.737567637177321 ], [ 6.189140695594137, 48.737516101801447 ], [ 6.189109559951897, 48.737495145870653 ], [ 6.189138037696705, 48.737472596544961 ], [ 6.189194361807752, 48.73741787665255 ], [ 6.189242305835704, 48.737359768576042 ], [ 6.18928140807348, 48.737298831937821 ], [ 6.189311291970983, 48.737235653599491 ], [ 6.189331669760496, 48.737170842009689 ], [ 6.18934234522686, 48.737105021344142 ], [ 6.189343215595836, 48.737038825494281 ], [ 6.189334272522468, 48.736972891962587 ], [ 6.189315602170029, 48.736907855722883 ], [ 6.189287384378805, 48.736844343105439 ], [ 6.189249890932826, 48.736782965765087 ], [ 6.189223319257773, 48.736749384183518 ], [ 6.189276067219877, 48.736764193052878 ], [ 6.189371581793059, 48.736783959628866 ], [ 6.189469565596878, 48.736797438380414 ], [ 6.189569074959642, 48.736804499495122 ], [ 6.189669151515456, 48.736805074968075 ], [ 6.189768831435203, 48.736799159256961 ], [ 6.189867154710185, 48.736786809335399 ], [ 6.189963174398917, 48.736768144144172 ], [ 6.190055965748044, 48.736743343445696 ], [ 6.190144635099403, 48.736712646092322 ], [ 6.190228328497482, 48.736676347726053 ], [ 6.19030623991428, 48.736634797930748 ], [ 6.190377619012379, 48.736588396865116 ], [ 6.190441778371399, 48.736537591408549 ], [ 6.190498100108259, 48.736482870856904 ], [ 6.190546041827473, 48.736424762209928 ], [ 6.190585141844194, 48.736363825095552 ], [ 6.190615023629716, 48.73630064637991 ], [ 6.190635399436661, 48.736235834515298 ], [ 6.190646073068963, 48.736170013680074 ], [ 6.190646941770043, 48.736103817767351 ], [ 6.190637997211009, 48.736037884280144 ], [ 6.190619325569436, 48.735972848191913 ], [ 6.19059110669803, 48.735909335831415 ], [ 6.190553612391215, 48.73584795885106 ], [ 6.1905270403536, 48.73581437753257 ], [ 6.190579787741088, 48.735829185837808 ], [ 6.190675301097799, 48.735848951386615 ], [ 6.19077328348399, 48.735862429078956 ], [ 6.190872791241626, 48.735869489112623 ], [ 6.190972866020268, 48.735870063493103 ], [ 6.191072544007922, 48.73586414668862 ], [ 6.191170865214489, 48.73585179568331 ], [ 6.191266882718415, 48.735833129428435 ], [ 6.191359671787382, 48.735808327696574 ], [ 6.19144833878519, 48.735777629350117 ], [ 6.191532029778991, 48.73574133004059 ], [ 6.191609938763947, 48.735699779360914 ], [ 6.191681315426057, 48.735653377478357 ], [ 6.191745472368403, 48.735602571280147 ], [ 6.19180179173118, 48.73554785006931 ], [ 6.191849731141763, 48.735489740851939 ], [ 6.191888828937541, 48.735428803261414 ], [ 6.191918708611198, 48.735365624168516 ], [ 6.191939082435693, 48.735300812029138 ], [ 6.19194975423405, 48.735234991024299 ], [ 6.191950621267354, 48.735168795048729 ], [ 6.191941675222768, 48.735102861606059 ], [ 6.191923002292179, 48.735037825669316 ], [ 6.1918947823407, 48.7349743135658 ], [ 6.191857287173157, 48.734912936945449 ], [ 6.191830714773068, 48.734879355890094 ], [ 6.19188346158589, 48.734894163631225 ], [ 6.191978973726101, 48.734913928152878 ], [ 6.192076954694651, 48.734927404786042 ], [ 6.192176460847155, 48.734934463738675 ], [ 6.192276533848637, 48.734935037026723 ], [ 6.192376209904213, 48.734929119128914 ], [ 6.192474529042401, 48.734916767039913 ], [ 6.192570544361562, 48.734898099721413 ], [ 6.192663331150421, 48.734873296956245 ], [ 6.192751995794739, 48.734842597616741 ], [ 6.192835684384341, 48.734806297363981 ], [ 6.192913590937534, 48.7347647458 ], [ 6.192984965163745, 48.73471834310056 ], [ 6.193049119689514, 48.734667536160771 ], [ 6.193105436678309, 48.734612814290792 ], [ 6.193153373780371, 48.734554704503054 ], [ 6.19319246935532, 48.734493766436458 ], [ 6.193222346917227, 48.734430586966347 ], [ 6.193242718759389, 48.734365774552238 ], [ 6.193253388723922, 48.734299953377814 ], [ 6.193254254089565, 48.734233757339432 ], [ 6.193245306559548, 48.734167823941327 ], [ 6.193226632340055, 48.734102788156093 ], [ 6.193198411308614, 48.734039276309602 ], [ 6.193160915280449, 48.733977900049261 ], [ 6.193114505389548, 48.733919250453866 ], [ 6.193059628609713, 48.733863892341461 ], [ 6.192996813449148, 48.733812358830114 ], [ 6.192926664860075, 48.733765146204263 ], [ 6.192849858412393, 48.733722709135556 ], [ 6.19276713378756, 48.733685456304627 ], [ 6.192679287655307, 48.733653746465663 ], [ 6.192587166001792, 48.733627884991868 ], [ 6.192491655983071, 48.733608120934939 ], [ 6.192393677382285, 48.733594644626827 ], [ 6.192294173752829, 48.733587585847118 ], [ 6.192194103332719, 48.733587012573189 ], [ 6.192094429817635, 48.733592930325784 ], [ 6.191996113081436, 48.733605282115818 ], [ 6.191900099933449, 48.733623948993092 ], [ 6.191807315001512, 48.733648751191716 ], [ 6.191756549449763, 48.733666328230207 ], [ 6.191778934830595, 48.733631437370619 ], [ 6.191808813609004, 48.733568258207363 ], [ 6.191829186868788, 48.733503445986344 ], [ 6.191839858438409, 48.733437624889369 ], [ 6.191840725581151, 48.733371428812056 ], [ 6.19183177998312, 48.733305495259039 ], [ 6.191813107831901, 48.733240459204374 ], [ 6.191784888985095, 48.733176946976499 ], [ 6.191747395236894, 48.733115570226573 ], [ 6.191700987699322, 48.733056920038045 ], [ 6.191646113323525, 48.733001561234687 ], [ 6.191583300594551, 48.732950026941261 ], [ 6.191513154441203, 48.732902813449684 ], [ 6.19143635040993, 48.732860375439969 ], [ 6.191353628158916, 48.73282312160179 ], [ 6.191265784335032, 48.732791410699065 ], [ 6.191173664902212, 48.732765548115211 ], [ 6.19107815699512, 48.73274578291263 ], [ 6.190980180376568, 48.732732305434318 ], [ 6.190880678580862, 48.732725245471102 ], [ 6.190780609828358, 48.732724671011773 ], [ 6.190680937798678, 48.732730587588499 ], [ 6.190582622351377, 48.732742938223517 ], [ 6.190486610283369, 48.732761603977742 ], [ 6.190393826212092, 48.732786405096086 ], [ 6.190343061022822, 48.732803981546517 ], [ 6.190365446978239, 48.732769090926098 ], [ 6.190395326973034, 48.732705912069719 ], [ 6.190415701650323, 48.73264110004181 ], [ 6.190426374824914, 48.732575279022313 ], [ 6.190427243744633, 48.732509082906112 ], [ 6.190418300078472, 48.732443149198197 ], [ 6.190399629995412, 48.732378112874123 ], [ 6.190371413333133, 48.732314600264949 ], [ 6.190333921864789, 48.732253223025459 ], [ 6.190287516680449, 48.732194572243877 ], [ 6.190232644708593, 48.732139212749637 ], [ 6.190169834411122, 48.732087677674166 ], [ 6.190099690693424, 48.732040463316913 ], [ 6.190022889078491, 48.731998024366227 ], [ 6.189940169201237, 48.731960769520853 ], [ 6.189852327685675, 48.731929057554403 ], [ 6.189760210473509, 48.731903193860539 ], [ 6.189664704678023, 48.731883427512365 ], [ 6.189566730041693, 48.731869948863903 ], [ 6.189467230079731, 48.731862887717227 ], [ 6.189367162994841, 48.731862312072543 ], [ 6.189267492450585, 48.731868227473441 ], [ 6.189169178292214, 48.731880576953451 ], [ 6.189073167304227, 48.731899241584621 ], [ 6.188980384093663, 48.73192404162274 ], [ 6.188891722186824, 48.731954738238016 ], [ 6.188808035425151, 48.7319910358149 ], [ 6.188730129743086, 48.732032584798688 ], [ 6.188698450753565, 48.73205317923972 ], [ 6.18866436336981, 48.732034342611463 ], [ 6.188581644403978, 48.731997086825807 ], [ 6.188493803652121, 48.731965373860611 ], [ 6.188401687048587, 48.731939509119165 ], [ 6.188306181700799, 48.731919741684628 ], [ 6.188208207346921, 48.731906261921516 ], [ 6.188108707499451, 48.73189919964264 ], [ 6.188008640359985, 48.731898622859092 ], [ 6.187908969592613, 48.73190453712543 ], [ 6.187810655044732, 48.731916885486122 ], [ 6.187714643504595, 48.731935549024008 ], [ 6.187621859584557, 48.731960348005352 ], [ 6.187533196817751, 48.731991043610577 ], [ 6.187449509053897, 48.732027340233877 ], [ 6.187371602237091, 48.732068888329692 ], [ 6.187339922689941, 48.732089482409528 ], [ 6.187305835772397, 48.732070645393911 ], [ 6.187223117718041, 48.732033388667979 ], [ 6.187135277729941, 48.732001674704037 ], [ 6.187043161735093, 48.73197580891501 ], [ 6.186947656835062, 48.731956040394138 ], [ 6.186849682763698, 48.731942559516391 ], [ 6.186750183030776, 48.731935496105294 ], [ 6.186650115836795, 48.731934918182901 ], [ 6.186550444846364, 48.731940831314667 ], [ 6.186452129909032, 48.731953178556047 ], [ 6.186356117816801, 48.731971841000615 ], [ 6.186263333187341, 48.731996638925189 ], [ 6.186212567375809, 48.732014213630904 ], [ 6.186234955751731, 48.731979323761422 ], [ 6.186264840290596, 48.731916145896086 ], [ 6.186285219784814, 48.731851334529225 ], [ 6.186295898002804, 48.731785513834382 ], [ 6.186296772143816, 48.731719317703316 ], [ 6.18628783382656, 48.731653383641181 ], [ 6.186269169168499, 48.731588346626914 ], [ 6.186240957955074, 48.731524832998261 ], [ 6.18620347190696, 48.731463454419789 ], [ 6.186176904896429, 48.731429872006203 ], [ 6.186229646623114, 48.731444682289528 ], [ 6.18632515031647, 48.731464451393599 ], [ 6.186423123355709, 48.731477932707421 ], [ 6.186522622172823, 48.731484996393931 ], [ 6.186622688503481, 48.731485574423438 ], [ 6.186722358617053, 48.731479661229017 ], [ 6.186820672599279, 48.731467313760042 ], [ 6.186916683598182, 48.731448650933707 ], [ 6.187009466944094, 48.731423852489577 ], [ 6.187098129055933, 48.731393157258374 ], [ 6.187181816047907, 48.731356860861602 ], [ 6.187259721953717, 48.73131531286419 ], [ 6.18733109648901, 48.731268913407519 ], [ 6.187395252277348, 48.731218109355481 ], [ 6.187451571470035, 48.731163389990421 ], [ 6.187499511696077, 48.731105282300632 ], [ 6.187538611285006, 48.731044345904863 ], [ 6.187568493712226, 48.7309811676623 ], [ 6.187588871224171, 48.730916356020714 ], [ 6.187599547608348, 48.730850535156264 ], [ 6.187600420081666, 48.730784338962387 ], [ 6.187591480278897, 48.730718404944788 ], [ 6.187572814331807, 48.730653368082059 ], [ 6.187544602038251, 48.730589854710402 ], [ 6.187507115129301, 48.730528476491955 ], [ 6.187460714651123, 48.730469824524363 ], [ 6.187405847486871, 48.730414463648501 ], [ 6.18734304205215, 48.730362927009068 ], [ 6.187311911394752, 48.730341970480268 ], [ 6.187340386015868, 48.730319421444413 ], [ 6.187396704297106, 48.730264702062911 ], [ 6.187444643759413, 48.730206594350228 ], [ 6.187483742739674, 48.730145657925291 ], [ 6.187513624719156, 48.730082479647606 ], [ 6.187534001948601, 48.730017667965242 ], [ 6.187544678218238, 48.729951847054807 ], [ 6.187545550746079, 48.729885650810132 ], [ 6.187536611166367, 48.72981971673746 ], [ 6.187517945608718, 48.729754679815848 ], [ 6.187489733867237, 48.729691166382111 ], [ 6.18745224766768, 48.729629788098954 ], [ 6.187405848049376, 48.729571136064685 ], [ 6.1873509818872, 48.729515775120788 ], [ 6.187288177587106, 48.729464238412653 ], [ 6.187257047487287, 48.729443281853328 ], [ 6.18728552164221, 48.729420732813132 ], [ 6.187341839012027, 48.729366013415216 ], [ 6.187389777710623, 48.729307905679633 ], [ 6.187428876082234, 48.729246969225542 ], [ 6.187458757613991, 48.729183790912749 ], [ 6.187479134560944, 48.72911897918965 ], [ 6.187489810716044, 48.729053158233221 ], [ 6.187490683298403, 48.728986961937785 ], [ 6.187481743941736, 48.72892102781001 ], [ 6.187463078773515, 48.728855990829544 ], [ 6.187434867584089, 48.728792477333741 ], [ 6.187397382093896, 48.728731098985911 ], [ 6.187350983335436, 48.728672446884978 ], [ 6.1872961181753, 48.728617085873061 ], [ 6.187233315009791, 48.728565549096224 ], [ 6.187202185467536, 48.728544592506395 ], [ 6.187230659156281, 48.728522043461865 ], [ 6.187286975614707, 48.728467324047529 ], [ 6.187334913549616, 48.728409216289073 ], [ 6.187374011312597, 48.72834827980585 ], [ 6.187403892396641, 48.728285101457971 ], [ 6.187424269061111, 48.728220289694129 ], [ 6.187434945101674, 48.728154468691748 ], [ 6.187435817738547, 48.728088272345552 ], [ 6.187426878604917, 48.728022338162724 ], [ 6.187408213826106, 48.727957301123411 ], [ 6.187380003188713, 48.727893787565549 ], [ 6.187342518407858, 48.727832409153059 ], [ 6.187315952511712, 48.727798826888097 ], [ 6.187368690895341, 48.727813636714401 ], [ 6.187464188381462, 48.727833404968862 ], [ 6.187562154904723, 48.727846885389887 ], [ 6.187661646959866, 48.727853948148983 ], [ 6.187761706347692, 48.727854525225446 ], [ 6.187861369404436, 48.727848611061468 ], [ 6.187959676283806, 48.727836262615781 ], [ 6.188055680202234, 48.72781759881498 ], [ 6.188148456558245, 48.727792799408036 ], [ 6.188237111838078, 48.72776210323493 ], [ 6.188320792221745, 48.727725805926234 ], [ 6.188398691806585, 48.727684257055664 ], [ 6.188470060369125, 48.727637856773001 ], [ 6.188534210590451, 48.727587051950103 ], [ 6.188590524675476, 48.727532331876745 ], [ 6.188638460302399, 48.727474223548029 ], [ 6.188677555845039, 48.727413286588835 ], [ 6.188707434817765, 48.727350107863835 ], [ 6.188727809500279, 48.727285295825361 ], [ 6.18873848370733, 48.727219474653481 ], [ 6.188739354676792, 48.72715327824455 ], [ 6.188730414057911, 48.727087344106373 ], [ 6.18871174799031, 48.727022307218633 ], [ 6.188683536272998, 48.726958793917831 ], [ 6.188646050631495, 48.726897415865395 ], [ 6.188619484372837, 48.726863833863568 ], [ 6.188672222182116, 48.726878643125779 ], [ 6.188767718452284, 48.726898410353158 ], [ 6.188865683558499, 48.726911889715112 ], [ 6.188965174009152, 48.726918951393301 ], [ 6.189065231620497, 48.726919527377433 ], [ 6.189164892745879, 48.726913612120249 ], [ 6.189263197557608, 48.726901262591007 ], [ 6.189359199292028, 48.726882597726721 ], [ 6.189451973368701, 48.72685779728662 ], [ 6.189540626295821, 48.726827100120602 ], [ 6.189624304276055, 48.726790801868852 ], [ 6.189702201429892, 48.726749252114118 ], [ 6.189733876807357, 48.726728657312748 ], [ 6.189767961114732, 48.726747493721554 ], [ 6.189850672614211, 48.726784748853333 ], [ 6.189938505478656, 48.726816460961352 ], [ 6.190030613809457, 48.726842324630795 ], [ 6.190126110527221, 48.726862090771917 ], [ 6.19022407591581, 48.72687556901932 ], [ 6.190323566480901, 48.726882629565416 ], [ 6.190423624037638, 48.726883204410782 ], [ 6.190523284939895, 48.726877288019153 ], [ 6.190621589362133, 48.726864937370692 ], [ 6.190717590544446, 48.726846271413216 ], [ 6.190810363911713, 48.726821469916452 ], [ 6.190899015978962, 48.726790771740518 ], [ 6.190982692957141, 48.726754472535269 ], [ 6.191060588976392, 48.726712921892698 ], [ 6.191131953847584, 48.726666519979645 ], [ 6.191196100287352, 48.726615713683678 ], [ 6.191252410537035, 48.726560992308706 ], [ 6.191300342311765, 48.726502882862462 ], [ 6.191339434022464, 48.726441944980508 ], [ 6.191369309220407, 48.726378765536431 ], [ 6.191389680221643, 48.726313952989486 ], [ 6.191400350876379, 48.726248131524656 ], [ 6.191401218456699, 48.726181935041069 ], [ 6.191392274644484, 48.726116001047266 ], [ 6.191373605610111, 48.726050964521576 ], [ 6.191345391181158, 48.725987451796982 ], [ 6.191307903109255, 48.725926074529376 ], [ 6.19126150245176, 48.725867423807259 ], [ 6.191206636093549, 48.725812064459475 ], [ 6.191143832442457, 48.725760529616075 ], [ 6.19111270300299, 48.725739573995625 ], [ 6.191141173474946, 48.725717023963881 ], [ 6.191197482813479, 48.725662302572587 ], [ 6.191245413824757, 48.725604193103521 ], [ 6.191284504927051, 48.725543255192513 ], [ 6.191314379677494, 48.725480075713392 ], [ 6.191334750396444, 48.725415263125804 ], [ 6.191345420936828, 48.725349441615059 ], [ 6.191346288571824, 48.725283245080753 ], [ 6.191337344982792, 48.725217311031933 ], [ 6.191318676337954, 48.725152274447453 ], [ 6.191290462461136, 48.725088761660842 ], [ 6.191252975098651, 48.725027384328591 ], [ 6.191226408115197, 48.724993802853092 ], [ 6.191279144775662, 48.725008610987189 ], [ 6.191374638613844, 48.725028376160495 ], [ 6.191472600885922, 48.725041853404342 ], [ 6.191572088127589, 48.725048912920805 ], [ 6.191672142185998, 48.725049486720408 ], [ 6.191771799448716, 48.725043569276934 ], [ 6.191870100125256, 48.725031217580693 ], [ 6.19196609749179, 48.725012550589582 ], [ 6.192058867009948, 48.724987748083279 ], [ 6.192147515231828, 48.724957048931643 ], [ 6.192231188405415, 48.724920748793913 ], [ 6.192309080697495, 48.724879197271058 ], [ 6.19238044195483, 48.724832794538415 ], [ 6.192444584928861, 48.724781987491397 ], [ 6.192500891894305, 48.724727265441224 ], [ 6.192548820597923, 48.72466915540204 ], [ 6.192587909480211, 48.724608217015181 ], [ 6.192617782119685, 48.724545037159096 ], [ 6.192638150857032, 48.72448022429699 ], [ 6.192648819564259, 48.724414402616858 ], [ 6.1926496855322, 48.724348206019947 ], [ 6.192640740458269, 48.724282272015863 ], [ 6.192622070524982, 48.724217235583026 ], [ 6.192593855568579, 48.724153723053554 ], [ 6.192556367345763, 48.72409234608142 ], [ 6.192509966915343, 48.724033695752318 ], [ 6.192455101160005, 48.723978336891292 ], [ 6.192392298481778, 48.723926802623687 ], [ 6.192361169634156, 48.723905847295875 ], [ 6.192389638567933, 48.723883296930786 ], [ 6.192445944622338, 48.723828574864299 ], [ 6.192493872562606, 48.72377046480235 ], [ 6.192532960836584, 48.723709526386486 ], [ 6.19256283302864, 48.723646346495393 ], [ 6.192583201483777, 48.723581533592665 ], [ 6.192593870076712, 48.723515711866661 ], [ 6.192594736099382, 48.723449515219066 ], [ 6.19258579124867, 48.72338358116 ], [ 6.192567121704946, 48.723318544668402 ], [ 6.19253890730069, 48.723255032076921 ], [ 6.192501419787291, 48.723193655040198 ], [ 6.192455020216726, 48.723135004644476 ], [ 6.192400155463396, 48.72307964571548 ], [ 6.192337353919682, 48.723028111379193 ], [ 6.192267220406659, 48.722980897927989 ], [ 6.192190430349042, 48.722938460041433 ], [ 6.192107723270444, 48.722901206408054 ], [ 6.192019895671621, 48.722869495789766 ], [ 6.191927793360257, 48.722843633567294 ], [ 6.191832303306139, 48.722823868799502 ], [ 6.191734345100156, 48.722810391825249 ], [ 6.191634862099298, 48.722803332430466 ], [ 6.191534812342937, 48.722802758598505 ], [ 6.191435159327762, 48.722808675855475 ], [ 6.191336862730223, 48.722821027217066 ], [ 6.191240869165715, 48.722839693737171 ], [ 6.191148103073488, 48.72286449565339 ], [ 6.19109734777899, 48.722882072574542 ], [ 6.191119728979269, 48.722847181515036 ], [ 6.191149602387291, 48.722784001930904 ], [ 6.191169972259431, 48.722719189221415 ], [ 6.191180642456761, 48.722653367573038 ], [ 6.191181510255768, 48.722587170886712 ], [ 6.19117256733622, 48.722521236672932 ], [ 6.191153899859892, 48.722456199912152 ], [ 6.191125687639354, 48.722392686939585 ], [ 6.191088202404963, 48.722331309413534 ], [ 6.191041805186746, 48.722272658424984 ], [ 6.190986942836454, 48.722217298805354 ], [ 6.190924143723322, 48.722165763687286 ], [ 6.190893016513851, 48.722144807944879 ], [ 6.190921485121702, 48.72212225789594 ], [ 6.190977790815936, 48.722067536439411 ], [ 6.191025718773646, 48.722009426879254 ], [ 6.191064807442505, 48.721948488852149 ], [ 6.19109468040308, 48.721885309233059 ], [ 6.191115049992964, 48.721820496482955 ], [ 6.191125720075948, 48.721754674788741 ], [ 6.191126587929614, 48.721688478051767 ], [ 6.191117645233208, 48.721622543783049 ], [ 6.191098978146353, 48.721557506963535 ], [ 6.191070766477864, 48.721493993929002 ], [ 6.191033281952786, 48.721432616338383 ], [ 6.191006716938492, 48.721399034710387 ], [ 6.191059449908142, 48.721413842987261 ], [ 6.191154937092775, 48.721433608397319 ], [ 6.191252892567904, 48.721447085863076 ], [ 6.19135237293468, 48.721454145584481 ], [ 6.191452420106474, 48.72145471957004 ], [ 6.191552070537178, 48.721448802291796 ], [ 6.191650364502109, 48.721436450738416 ], [ 6.191746355342076, 48.721417783866457 ], [ 6.191839118581571, 48.72139298145445 ], [ 6.19192776083316, 48.721362282371317 ], [ 6.19201142840233, 48.721325982275673 ], [ 6.192089315509838, 48.72128443076803 ], [ 6.192160672052383, 48.72123802802362 ], [ 6.192224810826811, 48.721187220937985 ], [ 6.192281114148278, 48.721132498822669 ], [ 6.19232903979864, 48.7210743886925 ], [ 6.192368126247795, 48.721013450189638 ], [ 6.192397997097684, 48.720950270193647 ], [ 6.192418364706229, 48.720885457169132 ], [ 6.192429032956299, 48.720819635305602 ], [ 6.19242989914313, 48.720753438506094 ], [ 6.192420954962017, 48.720687504282168 ], [ 6.192402286586881, 48.720622467614348 ], [ 6.192374073838942, 48.720558954837003 ], [ 6.192336588453639, 48.720497577606544 ], [ 6.192310023077054, 48.720463996241719 ], [ 6.192362755472369, 48.720478803954578 ], [ 6.192458241441148, 48.720498568337675 ], [ 6.192556195499394, 48.720512044744481 ], [ 6.192655674261902, 48.720519103385129 ], [ 6.192755719657494, 48.720519676278549 ], [ 6.192855368157171, 48.720513757907284 ], [ 6.192953660054846, 48.720501405270568 ], [ 6.19304964871124, 48.720482737335345 ], [ 6.193142409671875, 48.720457933890401 ], [ 6.193231049571267, 48.720427233814604 ], [ 6.193314714737556, 48.720390932776134 ], [ 6.193392599414643, 48.720349380384619 ], [ 6.193463953522635, 48.720302976823753 ], [ 6.193528089881821, 48.720252168996936 ], [ 6.193584390830623, 48.720197446222876 ], [ 6.193632314173747, 48.720139335522731 ], [ 6.19367139840331, 48.720078396544181 ], [ 6.19370126714263, 48.720015216171326 ], [ 6.193721632769954, 48.719950402872421 ], [ 6.193732299187229, 48.719884580839626 ], [ 6.193733163707344, 48.719818383977604 ], [ 6.19372421804164, 48.719752449798492 ], [ 6.193705548378338, 48.719687413282436 ], [ 6.193677334551059, 48.719623900762286 ], [ 6.193639848305635, 48.719562523891994 ], [ 6.193593450681821, 48.719503873756224 ], [ 6.193538588535274, 48.719448515178193 ], [ 6.19347579023326, 48.719396981280489 ], [ 6.193444663649915, 48.719376026153881 ], [ 6.193473129647828, 48.719353475442738 ], [ 6.19352942968579, 48.719298752652449 ], [ 6.193577352265739, 48.719240641929609 ], [ 6.19361643588714, 48.719179702922112 ], [ 6.193646304179168, 48.719116522514355 ], [ 6.193666669524376, 48.719051709174906 ], [ 6.193677335827427, 48.718985887096338 ], [ 6.193678200402307, 48.718919690183711 ], [ 6.193669254959834, 48.718853755949702 ], [ 6.193650585686069, 48.718788719374935 ], [ 6.193622372410887, 48.718725206792875 ], [ 6.193584886874801, 48.718663829858059 ], [ 6.193558321628274, 48.718630248718341 ], [ 6.193611052526632, 48.718645055902876 ], [ 6.193706535616379, 48.718664819318256 ], [ 6.193804486558737, 48.718678294721613 ], [ 6.193903961998516, 48.718685352332805 ], [ 6.194004003896536, 48.718685924180647 ], [ 6.194103648757485, 48.718680004757758 ], [ 6.194201936910322, 48.718667651073496 ], [ 6.194297921751836, 48.718648982104888 ], [ 6.194390678864291, 48.718624177650682 ], [ 6.194441428914646, 48.718606599264767 ], [ 6.194419051749075, 48.718641491074052 ], [ 6.194389184663027, 48.718704671700927 ], [ 6.19436882034935, 48.71876948518296 ], [ 6.194358154961598, 48.718835307335546 ], [ 6.19435729124959, 48.718901504257872 ], [ 6.194366237568495, 48.718967438437602 ], [ 6.19438490779693, 48.719032474890433 ], [ 6.194413122164958, 48.71909598727548 ], [ 6.194450608984034, 48.719157363927415 ], [ 6.19449700726232, 48.719216013747342 ], [ 6.194551870180202, 48.719271371895786 ], [ 6.194614669392607, 48.719322905232751 ], [ 6.194684800116659, 48.719370117452577 ], [ 6.194761586955794, 48.719412553864011 ], [ 6.194844290404152, 48.719449805769671 ], [ 6.194932113968696, 48.719481514402418 ], [ 6.195024211840379, 48.719507374380903 ], [ 6.195119697040539, 48.719527136650953 ], [ 6.195217649963968, 48.719540610884422 ], [ 6.19531712723639, 48.719547667312398 ], [ 6.195417170800981, 48.719548237975118 ], [ 6.195516817146374, 48.7195423173766 ], [ 6.195615106587229, 48.719529962537521 ], [ 6.195711092507935, 48.719511292446043 ], [ 6.195803850480359, 48.719486486911734 ], [ 6.195892487167797, 48.719455784833592 ], [ 6.195976148929327, 48.719419481899052 ], [ 6.196054030041643, 48.719377927735991 ], [ 6.196085698446392, 48.719357331118651 ], [ 6.196119780234892, 48.719376165832628 ], [ 6.196202484594007, 48.719413416798183 ], [ 6.196290308921641, 48.719445124432369 ], [ 6.196382407401398, 48.719470983363458 ], [ 6.196477893048762, 48.7194907445474 ], [ 6.196575846254214, 48.719504217666454 ], [ 6.196675323640762, 48.719511272962471 ], [ 6.196775367150483, 48.71951184248659 ], [ 6.196875013272541, 48.719505920753782 ], [ 6.196973302323745, 48.719493564795663 ], [ 6.197069287692236, 48.719474893611171 ], [ 6.197162044955201, 48.719450087020384 ], [ 6.197250680782772, 48.719419383932483 ], [ 6.197334341542304, 48.719383080044636 ], [ 6.197412221520145, 48.719341524993908 ], [ 6.197483570681658, 48.719295118989614 ], [ 6.197547701894779, 48.719244308958686 ], [ 6.197603997547489, 48.719189584241057 ], [ 6.197651915495501, 48.719131471876601 ], [ 6.197690994282894, 48.71907053152902 ], [ 6.197720857585398, 48.719007350095616 ], [ 6.197741217833619, 48.718942536054833 ], [ 6.197751878981312, 48.718876713606008 ], [ 6.19775273839211, 48.718810516657754 ], [ 6.197743787826562, 48.718744582723104 ], [ 6.197725113520069, 48.718679546779782 ], [ 6.197696895350973, 48.718616035155179 ], [ 6.197659405106912, 48.718554659494593 ], [ 6.197632837297195, 48.718521079258842 ], [ 6.197685569239991, 48.718535884644304 ], [ 6.197781053671307, 48.718555644801349 ], [ 6.197879005459714, 48.718569116861545 ], [ 6.197978481241867, 48.718576171076904 ], [ 6.198078522975294, 48.718576739508997 ], [ 6.198178167166267, 48.718570816683311 ], [ 6.198276454150196, 48.718558459641976 ], [ 6.198372437335131, 48.718539787394363 ], [ 6.19846519231929, 48.718514979770802 ], [ 6.198553825794753, 48.7184842756904 ], [ 6.19863748415153, 48.718447970859891 ], [ 6.198715361699108, 48.718406414925418 ], [ 6.198786708426259, 48.71836000810481 ], [ 6.198850837224362, 48.718309197332879 ], [ 6.198907130504658, 48.718254471956655 ], [ 6.198955046145709, 48.718196359022379 ], [ 6.198994122713811, 48.718135418199253 ], [ 6.199023983906065, 48.718072236389133 ], [ 6.199044342173404, 48.718007422074102 ], [ 6.199055001488654, 48.717941599456125 ], [ 6.199055859233098, 48.717875402445458 ], [ 6.199046907183331, 48.717809468555735 ], [ 6.199028231589047, 48.717744432764235 ], [ 6.199000012340985, 48.717680921396905 ], [ 6.198962521237176, 48.717619546096557 ], [ 6.198935953065408, 48.717585966123977 ], [ 6.198988684433749, 48.717600770945459 ], [ 6.19908416764899, 48.717620530075656 ], [ 6.199182118020336, 48.717634001077023 ], [ 6.199281592198091, 48.717641054211775 ], [ 6.199381632155234, 48.717641621551863 ], [ 6.199481274415143, 48.717635697633341 ], [ 6.199579559331827, 48.717623339508826 ], [ 6.199675540333248, 48.717604666198149 ], [ 6.199768293038655, 48.717579857541843 ], [ 6.199819040265391, 48.717562276853258 ], [ 6.1997966671382, 48.717597169702096 ], [ 6.199766807151797, 48.717660351731261 ], [ 6.199746449915886, 48.717725166188821 ], [ 6.199735791515854, 48.717790988880765 ], [ 6.199734934634227, 48.717857185901096 ], [ 6.199743887560392, 48.717923119736504 ], [ 6.199762564109331, 48.71798815540604 ], [ 6.199790784450236, 48.718051666576329 ], [ 6.199828276837034, 48.718113041593746 ], [ 6.199874680224263, 48.718171689375147 ], [ 6.199929547743105, 48.718227045100683 ], [ 6.199992351004163, 48.718278575653699 ], [ 6.200062485185574, 48.718325784755322 ], [ 6.200139274857468, 48.718368217744356 ], [ 6.200221980486704, 48.718405465956344 ], [ 6.200309805559233, 48.718437170659776 ], [ 6.200401904251483, 48.718463026511088 ], [ 6.200497389576888, 48.718482784495883 ], [ 6.200595341929032, 48.718496254327299 ], [ 6.200694817939139, 48.718503306278777 ], [ 6.200794859562541, 48.718503872433708 ], [ 6.200894503306571, 48.718497947339507 ], [ 6.200992789510943, 48.718485588060155 ], [ 6.201088771591214, 48.718466913626557 ], [ 6.201181525156246, 48.718442103890126 ], [ 6.201270156911783, 48.718411397790305 ], [ 6.201353813264404, 48.718375091053289 ], [ 6.2014316885429, 48.718333533343561 ], [ 6.201463354194693, 48.718312935280743 ], [ 6.201497437240391, 48.718331768475714 ], [ 6.201580143780146, 48.718369015747577 ], [ 6.201667969615523, 48.718400719452418 ], [ 6.201760068915605, 48.718426574256362 ], [ 6.201855554687969, 48.718446331155022 ], [ 6.201953507321893, 48.718459799872029 ], [ 6.202052983445888, 48.71846685069157 ], [ 6.202153025014189, 48.718467415707913 ], [ 6.20225266853466, 48.718461489479466 ], [ 6.202350954349166, 48.718449129081094 ], [ 6.202446935877024, 48.718430453554546 ], [ 6.202539688732411, 48.718405642761695 ], [ 6.202590435828635, 48.718388060906967 ], [ 6.202568064198656, 48.718422954250691 ], [ 6.202538207091643, 48.718486136928625 ], [ 6.2025178529719, 48.718550951813071 ], [ 6.202507197894806, 48.718616774705936 ], [ 6.202506344510885, 48.718682971699288 ], [ 6.202515301075843, 48.718748905280101 ], [ 6.202533981369618, 48.718813940469815 ], [ 6.202562205525337, 48.718877450939736 ], [ 6.202599701760189, 48.718938825042969 ], [ 6.202646108991649, 48.718997471705137 ], [ 6.202700980313878, 48.719052826117206 ], [ 6.20276378730085, 48.719104355175169 ], [ 6.202833925094815, 48.719151562614535 ], [ 6.202910718231109, 48.719193993790128 ], [ 6.202993427143225, 48.719231240054967 ], [ 6.203081255285494, 48.71926294269624 ], [ 6.203173356804782, 48.719288796390323 ], [ 6.203268844687289, 48.719308552143531 ], [ 6.203366799301973, 48.719322019690509 ], [ 6.203466277258266, 48.71932906932674 ], [ 6.203566320492757, 48.719329633157841 ], [ 6.203665965497259, 48.719323705753673 ], [ 6.203764252599348, 48.719311344200428 ], [ 6.203860235205937, 48.719292667550938 ], [ 6.203952988920816, 48.719267855677906 ], [ 6.20404162044829, 48.719237147541421 ], [ 6.204125276197134, 48.719200838887218 ], [ 6.204203150501956, 48.719159279398298 ], [ 6.204234815561589, 48.71913868061467 ], [ 6.204268900144896, 48.719157513004724 ], [ 6.204351609967457, 48.719194758329387 ], [ 6.204439438872491, 48.719226459972056 ], [ 6.204531540999517, 48.719252312618707 ], [ 6.204627029328879, 48.719272067285765 ], [ 6.204724984225232, 48.719285533718327 ], [ 6.204824462295297, 48.719292582222593 ], [ 6.204924505474564, 48.719293144915113 ], [ 6.20502415025538, 48.719287216376671 ], [ 6.205122436967474, 48.719274853704398 ], [ 6.205218419021516, 48.719256175961931 ], [ 6.205311172026619, 48.719231363032499 ], [ 6.205399802693923, 48.719200653886304 ], [ 6.20548345744049, 48.719164344278873 ], [ 6.205561330610579, 48.719122783902371 ], [ 6.205592995112624, 48.719102184757695 ], [ 6.205627080161667, 48.719121016760418 ], [ 6.205709790894622, 48.719158261144905 ], [ 6.205797620562368, 48.71918996178897 ], [ 6.205889723297073, 48.719215813388189 ], [ 6.205985212073234, 48.71923556696909 ], [ 6.206083167251198, 48.719249032287223 ], [ 6.206182645434974, 48.719256079659523 ], [ 6.206282688558958, 48.719256641213448 ], [ 6.206382333116029, 48.719250711540752 ], [ 6.206480619438072, 48.719238347749474 ], [ 6.206576600939513, 48.719219668914043 ], [ 6.206669353234786, 48.719194854928176 ], [ 6.206757983041871, 48.7191641447723 ], [ 6.206841636786112, 48.719127834211662 ], [ 6.206919508821426, 48.719086272947564 ], [ 6.206990849189675, 48.719039861249165 ], [ 6.207054970843489, 48.718989046098272 ], [ 6.207111256262917, 48.718934316884081 ], [ 6.207159163402237, 48.718876200689785 ], [ 6.207198230909622, 48.718815257215972 ], [ 6.207228082569447, 48.71875207339005 ], [ 6.207248430924446, 48.718687257713498 ], [ 6.207259080042914, 48.718621434401385 ], [ 6.207259927404334, 48.718555237370666 ], [ 6.207250964885299, 48.71848930413514 ], [ 6.207232278836327, 48.718424269665817 ], [ 6.20720404924884, 48.718360760275885 ], [ 6.207166548020438, 48.71829938758912 ], [ 6.207139974230538, 48.718265809462864 ], [ 6.207192708609272, 48.718280610650396 ], [ 6.207288196168889, 48.71830036320452 ], [ 6.207386149929345, 48.718313827463902 ], [ 6.2074856265083, 48.718320873755665 ], [ 6.207585667855606, 48.718321434217721 ], [ 6.207685310481255, 48.718315503452281 ], [ 6.207783594735732, 48.718303138577959 ], [ 6.207879574053378, 48.718284458679555 ], [ 6.207972324069662, 48.718259643661106 ], [ 6.20802306919589, 48.718242059493988 ], [ 6.208000701256516, 48.71827695386046 ], [ 6.207970850802456, 48.718340137905372 ], [ 6.207950503478814, 48.718404953724395 ], [ 6.207939855275522, 48.718470777110412 ], [ 6.207939008776909, 48.718536974150744 ], [ 6.207947972172366, 48.718602907331892 ], [ 6.207966659176053, 48.718667941679186 ], [ 6.207994889856473, 48.718731450871992 ], [ 6.208032392367976, 48.718792823275741 ], [ 6.208078805567587, 48.718851467832437 ], [ 6.208133682491984, 48.718906819753308 ], [ 6.208196494661186, 48.718958345958306 ], [ 6.208227626911624, 48.718979297244317 ], [ 6.208199167486183, 48.719001851481792 ], [ 6.208142883133569, 48.719056581205926 ], [ 6.208094976923061, 48.719114697786161 ], [ 6.208055910237758, 48.719175641537895 ], [ 6.208026059337024, 48.719238825547983 ], [ 6.20800571173189, 48.719303641326491 ], [ 6.207995063414998, 48.719369464666748 ], [ 6.207994216971771, 48.719435661656483 ], [ 6.208003180591072, 48.719501594782713 ], [ 6.208021867984903, 48.719566629071281 ], [ 6.208050099218011, 48.719630138202113 ], [ 6.208087602439426, 48.719691510541239 ], [ 6.208134016499336, 48.719750155031299 ], [ 6.208188894426137, 48.719805506884136 ], [ 6.208251707730191, 48.719857033020396 ], [ 6.208321851492906, 48.719904237203735 ], [ 6.208398650192132, 48.719946664820334 ], [ 6.208481364207781, 48.719983907257472 ], [ 6.208569196945033, 48.72001560583923 ], [ 6.208661302506493, 48.720041455281049 ], [ 6.208756793839429, 48.720061206630234 ], [ 6.208854751279565, 48.720074669663809 ], [ 6.208954231409122, 48.72008171472072 ], [ 6.209054276143756, 48.72008227395073 ], [ 6.209153921960828, 48.720076341967967 ], [ 6.209252209180094, 48.72006397590274 ], [ 6.209348191207336, 48.720045294851339 ], [ 6.209440943651927, 48.720020478728863 ], [ 6.209529573230407, 48.719989766536294 ], [ 6.209613226370326, 48.719953454058498 ], [ 6.20969109743142, 48.719911891015236 ], [ 6.209722760783456, 48.71989129078873 ], [ 6.209756847835769, 48.719910121599135 ], [ 6.209839562761687, 48.719947363096054 ], [ 6.20992739626151, 48.719979060679144 ], [ 6.2100195024305, 48.720004909073516 ], [ 6.210114994210074, 48.720024659336495 ], [ 6.210212951931652, 48.72003812125562 ], [ 6.210312432174745, 48.720045165180558 ], [ 6.210412476853913, 48.720045723271959 ], [ 6.210512122447057, 48.720039790154921 ], [ 6.210610409276082, 48.720027422970688 ], [ 6.210706390750536, 48.720008740826316 ], [ 6.210799142485112, 48.719983923647447 ], [ 6.210887771203189, 48.719953210445205 ], [ 6.210971423340606, 48.719916897014194 ], [ 6.211049293266755, 48.71987533308338 ], [ 6.211080956061114, 48.719854732495868 ], [ 6.211115043579089, 48.719873562918906 ], [ 6.211197759415226, 48.719910803475599 ], [ 6.211285593677568, 48.71994250006005 ], [ 6.211377700454031, 48.719968347406926 ], [ 6.211473192680184, 48.719988096583734 ], [ 6.211571150683144, 48.720001557388393 ], [ 6.211670631039714, 48.720008600181337 ], [ 6.211770675663359, 48.72000915713415 ], [ 6.211870321032515, 48.720003222882831 ], [ 6.211968607471244, 48.719990854579592 ], [ 6.212064588392852, 48.719972171342263 ], [ 6.212157339417359, 48.719947353106996 ], [ 6.212245967274986, 48.7199166388951 ], [ 6.212329618409854, 48.719880324510903 ], [ 6.212407487201014, 48.719838759692536 ], [ 6.212439149437693, 48.719818158744012 ], [ 6.212473237421299, 48.71983698877969 ], [ 6.212555954167601, 48.719874228396158 ], [ 6.212643789192405, 48.719905923981905 ], [ 6.212735896576287, 48.71993177028132 ], [ 6.212831389248962, 48.719951518371929 ], [ 6.212929347533247, 48.719964978062151 ], [ 6.213028828003232, 48.719972019723102 ], [ 6.213128872571295, 48.719972575537298 ], [ 6.213228517716402, 48.719966640151725 ], [ 6.21332680376478, 48.719954270729495 ], [ 6.213422784133487, 48.719935586399195 ], [ 6.213515534447875, 48.719910767107535 ], [ 6.213566279312023, 48.719893180608167 ], [ 6.21354391436796, 48.719928075964184 ], [ 6.213514069674163, 48.719991261306141 ], [ 6.213493728584217, 48.720056077978441 ], [ 6.213483087028024, 48.720121901765779 ], [ 6.213482247525899, 48.720188098751592 ], [ 6.213491218199859, 48.720254031422904 ], [ 6.213509912693967, 48.720319064809971 ], [ 6.213538151004589, 48.720382572601395 ], [ 6.213575661212593, 48.720443943176072 ], [ 6.213622082100879, 48.720502585493662 ], [ 6.213676966632076, 48.720557934786939 ], [ 6.213739786252943, 48.720609458001171 ], [ 6.213770921710049, 48.720630407811342 ], [ 6.21374246377825, 48.72065296333885 ], [ 6.213686183453797, 48.720707695599884 ], [ 6.213638281895541, 48.720765814323023 ], [ 6.213599220441789, 48.72082675980306 ], [ 6.213569375301525, 48.720889945110152 ], [ 6.213549033930307, 48.720954761741936 ], [ 6.213538392260747, 48.72102058548348 ], [ 6.213537552814254, 48.721086782418666 ], [ 6.213546523712312, 48.721152715035039 ], [ 6.213565218596823, 48.721217748363316 ], [ 6.213593457460399, 48.721281256092695 ], [ 6.213630968378579, 48.72134262660272 ], [ 6.21367739012743, 48.721401268853597 ], [ 6.21373227566129, 48.721456618078783 ], [ 6.213795096417263, 48.721508141224191 ], [ 6.213865247404983, 48.721555342082304 ], [ 6.213942053032715, 48.721597766071305 ], [ 6.214024773613642, 48.721635004613432 ], [ 6.214112612489706, 48.721666699070262 ], [ 6.214204723704391, 48.721692544196969 ], [ 6.214300220150515, 48.721712291082405 ], [ 6.214398182114556, 48.7217257495466 ], [ 6.214497666135157, 48.721732789972499 ], [ 6.214597714090502, 48.721733344554465 ], [ 6.214697362426935, 48.721727407951398 ], [ 6.214795651439941, 48.721715037338107 ], [ 6.214891634518033, 48.721696351854661 ], [ 6.214984387260461, 48.721671531458867 ], [ 6.215035133340343, 48.721653944361456 ], [ 6.215012768623615, 48.721688839940057 ], [ 6.214982924700423, 48.72175202555394 ], [ 6.214962584747234, 48.721816842378722 ], [ 6.214951944683005, 48.721882666197637 ], [ 6.214951107013684, 48.721948863093822 ], [ 6.214960079843642, 48.722014795555154 ], [ 6.214978776796177, 48.7220798286139 ], [ 6.215007017843984, 48.722143335961832 ], [ 6.215044531041572, 48.722204705982136 ], [ 6.215090955143049, 48.722263347639782 ], [ 6.2151458430801, 48.722318696173915 ], [ 6.215208666266683, 48.722370218537115 ], [ 6.215239803362114, 48.7223911679324 ], [ 6.215211345105392, 48.7224137237761 ], [ 6.215155064423, 48.722468456647185 ], [ 6.215107162884394, 48.722526575872124 ], [ 6.215068101827695, 48.722587521740898 ], [ 6.215038257458068, 48.7226507073199 ], [ 6.215017917223651, 48.722715524104132 ], [ 6.215007277046112, 48.72278134787723 ], [ 6.21500643943249, 48.72284754472274 ], [ 6.215015412486625, 48.72291347712909 ], [ 6.215034109829652, 48.722978510128989 ], [ 6.215062351430511, 48.723042017414876 ], [ 6.215099865338382, 48.723103387370465 ], [ 6.215146290300535, 48.723162028961355 ], [ 6.21520117924037, 48.723217377427368 ], [ 6.215264003562184, 48.723268899721688 ], [ 6.21533415824127, 48.723316099645039 ], [ 6.215410967650342, 48.723358522624579 ], [ 6.215493692066167, 48.723395760092281 ], [ 6.215581534793753, 48.72342745342003 ], [ 6.215673649839482, 48.723453297373936 ], [ 6.215769150059282, 48.723473043054099 ], [ 6.215867115703282, 48.723486500292189 ], [ 6.215966603274684, 48.723493539482917 ], [ 6.216066654617471, 48.723494092832603 ], [ 6.216166306145364, 48.723488155011957 ], [ 6.216264598123109, 48.72347578320754 ], [ 6.216360583910665, 48.723457096570904 ], [ 6.216453339081188, 48.723432275070941 ], [ 6.216541970324966, 48.723401557760411 ], [ 6.216625624053516, 48.723365240473491 ], [ 6.216703494620909, 48.723323672976235 ], [ 6.216735157275542, 48.723303070949534 ], [ 6.216769249081306, 48.723321899701766 ], [ 6.216851974407257, 48.723359136229128 ], [ 6.216939817897241, 48.723390828558138 ], [ 6.217031933550295, 48.72341667146447 ], [ 6.217127434216494, 48.723436416058348 ], [ 6.217225400141671, 48.723449872181902 ], [ 6.217324887826319, 48.723456910240593 ], [ 6.217424939113328, 48.723457462451577 ], [ 6.217524590416957, 48.723451523496621 ], [ 6.217622882004115, 48.723439150573128 ], [ 6.21771886723852, 48.723420462843485 ], [ 6.217811621698655, 48.723395640287109 ], [ 6.217862368501451, 48.72337805201353 ], [ 6.217840004935073, 48.723412948070319 ], [ 6.217810163446375, 48.723476134297698 ], [ 6.217789826329596, 48.723540951508397 ], [ 6.217779189476381, 48.723606775481962 ], [ 6.217778355361759, 48.72367297229998 ], [ 6.217787332055868, 48.72373890445116 ], [ 6.217806033144794, 48.723803936970697 ], [ 6.217834278561399, 48.723867443555598 ], [ 6.217871796318116, 48.723928812596341 ], [ 6.217918225125147, 48.723987453067402 ], [ 6.217973117868863, 48.724042800219273 ], [ 6.218035945916925, 48.724094321017894 ], [ 6.218106104208738, 48.724141519278326 ], [ 6.218182917082222, 48.724183940443787 ], [ 6.218265644780774, 48.724221175963677 ], [ 6.218353490577786, 48.724252867228714 ], [ 6.218445608450081, 48.724278709024794 ], [ 6.218541111226359, 48.724298452472837 ], [ 6.218639079132124, 48.724311907425985 ], [ 6.2187385686488, 48.724318944301018 ], [ 6.21883862160163, 48.724319495326462 ], [ 6.218938274388827, 48.724313555195494 ], [ 6.219036567263013, 48.724301181116886 ], [ 6.219132553575509, 48.724282492264102 ], [ 6.219225308894419, 48.724257668627359 ], [ 6.219276056058619, 48.7242400797657 ], [ 6.21925369306751, 48.724274976061579 ], [ 6.219223852796233, 48.724338162595657 ], [ 6.219203517097837, 48.72440297999929 ], [ 6.219192881850307, 48.724468804050119 ], [ 6.219192049513212, 48.724535000829029 ], [ 6.219201028139572, 48.724600932825055 ], [ 6.219219731296865, 48.724665965074941 ], [ 6.219247978898034, 48.724729471278245 ], [ 6.219285498934474, 48.724790839829147 ], [ 6.219331930094434, 48.724849479706805 ], [ 6.21938682524162, 48.724904826167496 ], [ 6.219449655720551, 48.724956346183745 ], [ 6.219519816447217, 48.725003543578183 ], [ 6.219596631736088, 48.725045963802359 ], [ 6.2196793618073, 48.725083198314763 ], [ 6.219767209911391, 48.725114888515748 ], [ 6.219859330002964, 48.72514072920152 ], [ 6.219954834889344, 48.725160471503678 ], [ 6.220052804775714, 48.725173925286391 ], [ 6.22015229612442, 48.725180960977717 ], [ 6.220252350743061, 48.725181510817578 ], [ 6.220352005013806, 48.725175569510562 ], [ 6.220450299174988, 48.725163194276782 ], [ 6.220546286565534, 48.725144504300822 ], [ 6.220639042743165, 48.725119679583749 ], [ 6.220727674388471, 48.72508895920928 ], [ 6.220811327909102, 48.72505263904111 ], [ 6.220889197661134, 48.725011068873052 ], [ 6.220920859687769, 48.72499046576575 ], [ 6.220954954103195, 48.725009293294981 ], [ 6.221037685084437, 48.725046526866983 ], [ 6.22112553395081, 48.725078216069157 ], [ 6.221217654649577, 48.72510405570732 ], [ 6.221313159982208, 48.725123796923143 ], [ 6.221411130149594, 48.725137249591285 ], [ 6.22151062161137, 48.725144284150517 ], [ 6.221610676174046, 48.725144832851669 ], [ 6.221710330220334, 48.7251388904103 ], [ 6.221808623990723, 48.725126514057436 ], [ 6.22190461082791, 48.72510782298847 ], [ 6.221997366294943, 48.725082997214948 ], [ 6.222085997079255, 48.725052275830798 ], [ 6.222169649596792, 48.725015954709406 ], [ 6.22224751821329, 48.724974383653809 ], [ 6.222279179681997, 48.724953780185508 ], [ 6.222313274563, 48.724972607327302 ], [ 6.222396006454222, 48.725009839958901 ], [ 6.222483856082824, 48.725041528162279 ], [ 6.222575977388724, 48.725067366752796 ], [ 6.222671483167551, 48.725087106882306 ], [ 6.222769453615891, 48.725100558435862 ], [ 6.222868945190678, 48.725107591862987 ], [ 6.222968999697333, 48.72510813942543 ], [ 6.223068653519104, 48.725102195849722 ], [ 6.223166946898647, 48.725089818377789 ], [ 6.223262933182417, 48.725071126215788 ], [ 6.223355687938797, 48.725046299385831 ], [ 6.223444317862066, 48.725015576992014 ], [ 6.223527969376462, 48.724979254917415 ], [ 6.223605836857383, 48.724937682974307 ], [ 6.223637497768125, 48.724917079145015 ], [ 6.223671593114704, 48.724935905899386 ], [ 6.223754325915856, 48.724973137590595 ], [ 6.223842176306631, 48.725004824795114 ], [ 6.223934298219612, 48.725030662338014 ], [ 6.224029804444575, 48.725050401381189 ], [ 6.224127775173812, 48.725063851820174 ], [ 6.22422726686155, 48.72507088411519 ], [ 6.224327321312122, 48.725071430538939 ], [ 6.224426974909318, 48.725065485828857 ], [ 6.224525267897955, 48.725053107237862 ], [ 6.224621253628255, 48.725034413982854 ], [ 6.22471400767393, 48.725009586096469 ], [ 6.224802636736108, 48.724978862692986 ], [ 6.224886287247315, 48.724942539665221 ], [ 6.224964153592615, 48.724900966834575 ], [ 6.225035485868686, 48.724854544581603 ], [ 6.225099597106105, 48.72480371998973 ], [ 6.225155869885254, 48.724748982539097 ], [ 6.225203762282164, 48.72469085939219 ], [ 6.225242813087005, 48.724629910316573 ], [ 6.225272646245023, 48.724566722293609 ], [ 6.225292974477152, 48.724501903865161 ], [ 6.225303602045494, 48.724436079272806 ], [ 6.225304426637085, 48.724369882445849 ], [ 6.225295440347811, 48.724303950896093 ], [ 6.225276729757116, 48.724238919578326 ], [ 6.225248475092773, 48.724175414775353 ], [ 6.225210948493885, 48.724114048066788 ], [ 6.225184360149425, 48.724080474127042 ], [ 6.225237105508319, 48.724095267266435 ], [ 6.225332610515504, 48.724115005282904 ], [ 6.225430579826011, 48.724128454663237 ], [ 6.225530069907734, 48.724135485877873 ], [ 6.225630122580471, 48.724136031209873 ], [ 6.225729774245136, 48.724130085407225 ], [ 6.225828065165159, 48.724117705733335 ], [ 6.225924048710686, 48.724099011415547 ], [ 6.226016800476471, 48.724074182496736 ], [ 6.226105427185598, 48.724043458101114 ], [ 6.22618907529326, 48.724007134131085 ], [ 6.22626693920767, 48.723965560417078 ], [ 6.226338269048914, 48.723919137348176 ], [ 6.226402377871022, 48.723868312015668 ], [ 6.226458648277639, 48.723813573906803 ], [ 6.226506538367642, 48.72375545019046 ], [ 6.22654558695342, 48.723694500639631 ], [ 6.226575418001589, 48.723631312240272 ], [ 6.226595744253401, 48.723566493537881 ], [ 6.226606369990033, 48.723500668776666 ], [ 6.226607192916155, 48.723434471887551 ], [ 6.226598205143695, 48.723368540382957 ], [ 6.226579493266375, 48.72330350921721 ], [ 6.226551237524363, 48.723240004671673 ], [ 6.226513710067135, 48.723178638323468 ], [ 6.226467272331321, 48.72312000115592 ], [ 6.226412371558856, 48.72306465786734 ], [ 6.226349536488969, 48.723013141433093 ], [ 6.226279372265585, 48.722965947973108 ], [ 6.22620255460914, 48.722923531974487 ], [ 6.226119823309008, 48.722886301914897 ], [ 6.226031975099183, 48.722854616329265 ], [ 6.225939855985816, 48.72282878035724 ], [ 6.225844353100486, 48.722809042804904 ], [ 6.225746386157633, 48.722795593748998 ], [ 6.225646898598376, 48.722788562706612 ], [ 6.225546848505979, 48.722788017388034 ], [ 6.225447199380369, 48.722793963044801 ], [ 6.225348910860541, 48.722806342419091 ], [ 6.225252929484109, 48.722825036295077 ], [ 6.225160179572964, 48.722849864646847 ], [ 6.225109435740271, 48.72286745603143 ], [ 6.225131794217519, 48.722832558596259 ], [ 6.22516162648347, 48.722769370503542 ], [ 6.225181954153992, 48.722704551993985 ], [ 6.225192581496596, 48.72263872730997 ], [ 6.225193406200488, 48.722572530381662 ], [ 6.22518442036047, 48.722506598721843 ], [ 6.225165710551657, 48.722441567286332 ], [ 6.22513745699429, 48.722378062359105 ], [ 6.225099931816807, 48.722316695520966 ], [ 6.225053496433887, 48.722258057759952 ], [ 6.2249985980648, 48.722202713780078 ], [ 6.224935765425633, 48.722151196563374 ], [ 6.224904624585555, 48.722130249693656 ], [ 6.224933078502768, 48.722107691533211 ], [ 6.224989348552519, 48.722052954034417 ], [ 6.225037238663281, 48.721994830819838 ], [ 6.225076287647242, 48.721933881657662 ], [ 6.225106119467177, 48.7218706935301 ], [ 6.225126446856907, 48.721805874980035 ], [ 6.225137074086645, 48.721740050250204 ], [ 6.225137898846682, 48.721673853271227 ], [ 6.225128913231275, 48.721607921556384 ], [ 6.225110203813379, 48.72154289006204 ], [ 6.225081950809468, 48.721479385072733 ], [ 6.225044426342648, 48.721418018169807 ], [ 6.225017839477228, 48.721384444115301 ], [ 6.22507058206717, 48.721399237362505 ], [ 6.225166082083129, 48.721418975557903 ], [ 6.225264046295287, 48.721432425106066 ], [ 6.22536353122064, 48.721439456475792 ], [ 6.225463578728651, 48.721440001948679 ], [ 6.225563225269976, 48.72143405627132 ], [ 6.225661511157389, 48.721421676705958 ], [ 6.225757489809506, 48.721402982478885 ], [ 6.22585023686821, 48.721378153632081 ], [ 6.225900979005003, 48.721360561910046 ], [ 6.225878621671451, 48.721395459533404 ], [ 6.225848791057162, 48.721458647879814 ], [ 6.225828464698702, 48.721523466572222 ], [ 6.225817838384105, 48.721589291375842 ], [ 6.225817014486909, 48.72165548836432 ], [ 6.225826000978848, 48.721721420024664 ], [ 6.225844711351648, 48.721786451396817 ], [ 6.225872965448755, 48.721849956188848 ], [ 6.225910491198996, 48.721911322808495 ], [ 6.22595692723559, 48.721969960253503 ], [ 6.226011826375265, 48.722025303803569 ], [ 6.226074659924086, 48.7220768204593 ], [ 6.226144822768473, 48.722124014075639 ], [ 6.226221639202493, 48.722166430140533 ], [ 6.226304369435247, 48.72220366015253 ], [ 6.226392216715714, 48.722235345555347 ], [ 6.226484335006426, 48.722261181191364 ], [ 6.226579837132052, 48.722280918240841 ], [ 6.226677803324359, 48.72229436661852 ], [ 6.22677729008127, 48.722301396804532 ], [ 6.226877339254612, 48.722301941091779 ], [ 6.226976987278996, 48.722295994238408 ], [ 6.227075274452915, 48.722283613517831 ], [ 6.227171254182597, 48.722264918167575 ], [ 6.227264002099544, 48.722240088240405 ], [ 6.227352624963912, 48.722209362870267 ], [ 6.227436269267923, 48.722173037968908 ], [ 6.227514129456419, 48.722131463375767 ], [ 6.227545787125236, 48.722110858460091 ], [ 6.227579882048788, 48.722129684143276 ], [ 6.227662613191228, 48.722166913214878 ], [ 6.227750461233635, 48.722198597618899 ], [ 6.227842580131203, 48.722224432207319 ], [ 6.227938082702752, 48.722244168170505 ], [ 6.228036049175757, 48.722257615433648 ], [ 6.228135536045438, 48.722264644487602 ], [ 6.228235585162532, 48.722265187636232 ], [ 6.228335232962197, 48.722259239648537 ], [ 6.228433519745087, 48.722246857808983 ], [ 6.228529498921196, 48.722228161365791 ], [ 6.228622246127359, 48.722203330382264 ], [ 6.228710868130579, 48.722172604002537 ], [ 6.22879451143137, 48.722136278148085 ], [ 6.228872370484241, 48.722094702667533 ], [ 6.228904027595108, 48.722074097390873 ], [ 6.228938122984074, 48.722092922686613 ], [ 6.229020855036148, 48.722130150817819 ], [ 6.229108703840439, 48.72216183422303 ], [ 6.229200823344806, 48.722187667763862 ], [ 6.229296326362221, 48.722207402640748 ], [ 6.229394293115866, 48.722220848789355 ], [ 6.229493780098257, 48.722227876711251 ], [ 6.229593829159047, 48.722228418721237 ], [ 6.229693476733932, 48.722222469599267 ], [ 6.229791763125736, 48.722210086640722 ], [ 6.229887741748216, 48.722191389104594 ], [ 6.229980488243544, 48.722166557064739 ], [ 6.230069109385565, 48.72213582967543 ], [ 6.23015275168309, 48.722099502867898 ], [ 6.230230609600291, 48.7220579264999 ], [ 6.230301933315017, 48.722011500986106 ], [ 6.230366035940301, 48.721960673441288 ], [ 6.230422300139473, 48.721905933374082 ], [ 6.23047018407119, 48.721847807972139 ], [ 6.230509226607153, 48.721786857024767 ], [ 6.23053905177224, 48.721723667531315 ], [ 6.230559372364362, 48.721658848047838 ], [ 6.230569992719199, 48.72159302282607 ], [ 6.23057081059325, 48.721526825801348 ], [ 6.230561818147094, 48.721460894487421 ], [ 6.230543102019462, 48.72139586383674 ], [ 6.230514842491448, 48.721332360125771 ], [ 6.230477311748984, 48.721270994923543 ], [ 6.230430871260338, 48.721212359202347 ], [ 6.230375968293949, 48.721157017646597 ], [ 6.230313131610172, 48.72110550321495 ], [ 6.230281989237506, 48.721084557729625 ], [ 6.230310440263407, 48.721061998266904 ], [ 6.230366703553043, 48.721007258183704 ], [ 6.230414586722976, 48.72094913275928 ], [ 6.230453628652241, 48.720888181783103 ], [ 6.23048345337156, 48.720824992254833 ], [ 6.230503773683131, 48.720760172730863 ], [ 6.230514393925341, 48.720694347463315 ], [ 6.230515211855769, 48.720628150387959 ], [ 6.230506219634448, 48.720562219019016 ], [ 6.230487503897946, 48.72049718830953 ], [ 6.230459244923587, 48.720433684536424 ], [ 6.23042171489197, 48.72037231926943 ], [ 6.230395125103295, 48.720338746382865 ], [ 6.23044786816001, 48.720353537266803 ], [ 6.230543368295819, 48.720373271176783 ], [ 6.230641331931265, 48.720386716322878 ], [ 6.230740815588893, 48.720393743216263 ], [ 6.230840861150379, 48.720394284181666 ], [ 6.230940505085123, 48.720388334009101 ], [ 6.231038787731007, 48.720375950004062 ], [ 6.231134762537869, 48.72035725143563 ], [ 6.231227505184626, 48.720332418387606 ], [ 6.231316122482189, 48.720301690023952 ], [ 6.231399760976402, 48.720265362285296 ], [ 6.231477615168061, 48.720223785038378 ], [ 6.2315489352709, 48.72017735870628 ], [ 6.231613034432734, 48.720126530411726 ], [ 6.23166929535025, 48.720071789670513 ], [ 6.231717176213709, 48.720013663676831 ], [ 6.231756215924363, 48.719952712225641 ], [ 6.231786038534294, 48.719889522321161 ], [ 6.231806356866023, 48.719824702523411 ], [ 6.231816975276995, 48.719758877087173 ], [ 6.231817791542427, 48.719692679949802 ], [ 6.231808797838387, 48.719626748626141 ], [ 6.231790080815719, 48.719561718068775 ], [ 6.231761820764132, 48.719498214553212 ], [ 6.2317242898746, 48.719436849646655 ], [ 6.231697699725018, 48.719403277023396 ], [ 6.231750442206129, 48.719418067343504 ], [ 6.231845941124029, 48.719437800226935 ], [ 6.231943903340672, 48.71945124431452 ], [ 6.23204338539227, 48.719458270127703 ], [ 6.232143429175965, 48.719458810001541 ], [ 6.23224307117828, 48.719452858736588 ], [ 6.232341351755709, 48.719440473648888 ], [ 6.23243732437801, 48.71942177401791 ], [ 6.232530064745142, 48.719396939937695 ], [ 6.232618679689976, 48.719366210582166 ], [ 6.232702315781006, 48.719329881901473 ], [ 6.232780167542183, 48.719288303771435 ], [ 6.232851485210645, 48.719241876623684 ], [ 6.232915581957653, 48.719191047588751 ], [ 6.232971840503152, 48.719136306189576 ], [ 6.233019719060247, 48.719078179626685 ], [ 6.2330587565524, 48.719017227700498 ], [ 6.233088577053062, 48.71895403741987 ], [ 6.233108893405064, 48.718889217348391 ], [ 6.233119509984917, 48.718823391743456 ], [ 6.233120324585473, 48.718757194544125 ], [ 6.23311132939883, 48.718691263265789 ], [ 6.233092611090111, 48.718626232860593 ], [ 6.233064349961405, 48.718562729602574 ], [ 6.233026818214063, 48.718501365056468 ], [ 6.23298037732602, 48.718442730188229 ], [ 6.232925474569559, 48.718387389674028 ], [ 6.232862638703009, 48.718335876462504 ], [ 6.232792474877957, 48.718288686642566 ], [ 6.232715658810999, 48.718246274666242 ], [ 6.232632930276197, 48.718209048972469 ], [ 6.23254508598091, 48.718177368054135 ], [ 6.232452971893586, 48.718151537005944 ], [ 6.232357475097404, 48.718131804586548 ], [ 6.23225951524816, 48.718118360823247 ], [ 6.232160035718666, 48.718111335182186 ], [ 6.232059994514857, 48.71811079532165 ], [ 6.231960355051066, 48.718116746440565 ], [ 6.231862076873246, 48.718129131228551 ], [ 6.231766106419421, 48.718147830417621 ], [ 6.231673367906301, 48.718172663930716 ], [ 6.231622630809084, 48.718190258155133 ], [ 6.231644982934618, 48.718155359359898 ], [ 6.231674804653191, 48.718092169385891 ], [ 6.231695122423976, 48.718027349507246 ], [ 6.231705740609817, 48.717961523979497 ], [ 6.231706556988098, 48.717895326740944 ], [ 6.231697563733798, 48.717829395307355 ], [ 6.231678847493423, 48.717764364632409 ], [ 6.231650588549152, 48.717700860992714 ], [ 6.231613059081289, 48.717639495956661 ], [ 6.231586469917856, 48.717605923256912 ], [ 6.231639210553183, 48.717620713648969 ], [ 6.231734706143991, 48.717640446651799 ], [ 6.231832664962191, 48.717653890851402 ], [ 6.231932143576729, 48.717660916768125 ], [ 6.232032183917849, 48.71766145673606 ], [ 6.232131822505231, 48.717655505554845 ], [ 6.232230099728258, 48.717643120539677 ], [ 6.232326069088997, 48.717624420969379 ], [ 6.23241880631882, 48.717599586937375 ], [ 6.232507418280809, 48.717568857617145 ], [ 6.232591051572193, 48.717532528958472 ], [ 6.232668900743881, 48.717490950837032 ], [ 6.23274021605795, 48.717444523684271 ], [ 6.232804310708336, 48.717393694630836 ], [ 6.232860567435176, 48.717338953199821 ], [ 6.232908444469087, 48.717280826592074 ], [ 6.2329474807482, 48.717219874608439 ], [ 6.232977300357645, 48.717156684258313 ], [ 6.232997616148835, 48.717091864105981 ], [ 6.233008232503678, 48.717026038409607 ], [ 6.233009047217193, 48.716959841109109 ], [ 6.233000052480385, 48.716893909720881 ], [ 6.232981334954043, 48.716828879198125 ], [ 6.232953074932722, 48.716765375815996 ], [ 6.2329155446071, 48.716704011140401 ], [ 6.232888955082823, 48.716670438703986 ], [ 6.232941695142588, 48.716685228532228 ], [ 6.23303718951555, 48.716704960508551 ], [ 6.233135146915037, 48.716718403649715 ], [ 6.233234623923657, 48.716725428486285 ], [ 6.233334662487122, 48.716725967362727 ], [ 6.233434299142231, 48.716720015089209 ], [ 6.233532574296981, 48.716707628991465 ], [ 6.233628541473355, 48.716688928358693 ], [ 6.233721276423767, 48.716664093294611 ], [ 6.233809886033252, 48.716633362982577 ], [ 6.233893516921695, 48.716597033381994 ], [ 6.233971363663149, 48.716555454377534 ], [ 6.234042676543097, 48.716509026409206 ], [ 6.234106768778921, 48.716458196615484 ], [ 6.234163023134006, 48.716403454526606 ], [ 6.234210897861819, 48.716345327349742 ], [ 6.234249931922693, 48.716284374891224 ], [ 6.234279749423127, 48.716221184165029 ], [ 6.23430006323484, 48.716156363739039 ], [ 6.234310677758804, 48.716090537874074 ], [ 6.23431149080767, 48.716024340511659 ], [ 6.234302494588474, 48.71595840916882 ], [ 6.234283775776277, 48.71589337879827 ], [ 6.234255514678019, 48.715829875673748 ], [ 6.234217983494744, 48.715768511358661 ], [ 6.234171543698958, 48.715709876816767 ], [ 6.234116642552421, 48.71565453672109 ], [ 6.234053808797954, 48.715603024016254 ], [ 6.234022668205351, 48.715582079408371 ], [ 6.234051114620116, 48.715559518947529 ], [ 6.234107368065997, 48.715504776842785 ], [ 6.234155242032331, 48.715446649643532 ], [ 6.234194275486789, 48.715385697156343 ], [ 6.234224092541704, 48.715322506395431 ], [ 6.234244406073087, 48.715257685929068 ], [ 6.234255020484611, 48.715191860018422 ], [ 6.234255833590004, 48.715125662605487 ], [ 6.234246837595759, 48.715059731207724 ], [ 6.234228119174769, 48.714994700778433 ], [ 6.234199858630202, 48.714931197591881 ], [ 6.234162328157775, 48.714869833212099 ], [ 6.234135738765795, 48.714836261000805 ], [ 6.234188477327159, 48.714851050301213 ], [ 6.23428396881888, 48.714870781310765 ], [ 6.23438192310061, 48.714884223449566 ], [ 6.234481396784983, 48.714891247257796 ], [ 6.234581431849728, 48.714891785089875 ], [ 6.234681064865344, 48.71488583176599 ], [ 6.234779336274879, 48.714873444622015 ], [ 6.234875299636388, 48.714854742957215 ], [ 6.234968030739023, 48.714829906885235 ], [ 6.235018763446855, 48.714812311187849 ], [ 6.234996415004713, 48.714847210714851 ], [ 6.23496659915501, 48.714910401694446 ], [ 6.23494628665453, 48.714975222303025 ], [ 6.234935673157846, 48.715041048287347 ], [ 6.23493486091504, 48.71510724570971 ], [ 6.234943857785603, 48.715173177052918 ], [ 6.234962577161296, 48.715238207359995 ], [ 6.23499083879885, 48.715301710349216 ], [ 6.235028370554463, 48.715363074445747 ], [ 6.235074811003504, 48.715421708671563 ], [ 6.235129712920198, 48.715477048337412 ], [ 6.235192547583851, 48.715528560481282 ], [ 6.235223688613493, 48.715549504784825 ], [ 6.23519524271045, 48.715572065525379 ], [ 6.235138990331849, 48.715626808139817 ], [ 6.235091117294816, 48.715684935724788 ], [ 6.235052084662999, 48.715745888489728 ], [ 6.235022268367818, 48.715809079434642 ], [ 6.235001955587043, 48.71587390000284 ], [ 6.234991341977949, 48.715939725941496 ], [ 6.2349905297917, 48.716005923313304 ], [ 6.234999526887243, 48.716071854601601 ], [ 6.235018246654175, 48.716136884849938 ], [ 6.235046508845461, 48.716200387777135 ], [ 6.235084041311967, 48.716261751808936 ], [ 6.235130482622213, 48.716320385968011 ], [ 6.235185385542137, 48.716375725565669 ], [ 6.235248221341378, 48.716427237640588 ], [ 6.235318384884676, 48.716474426091843 ], [ 6.235395200459361, 48.71651683645711 ], [ 6.235477928282799, 48.716554060289823 ], [ 6.235565771627169, 48.716585739093226 ], [ 6.235657884492907, 48.716611567773249 ], [ 6.235753379756925, 48.716631297577159 ], [ 6.235851337717075, 48.716644738489443 ], [ 6.235950814950564, 48.716651761062145 ], [ 6.236050853400937, 48.716652297661525 ], [ 6.236150489606085, 48.716646343119699 ], [ 6.236248763978337, 48.716633954784221 ], [ 6.236344730047215, 48.716615251965877 ], [ 6.236437463575796, 48.71659041478938 ], [ 6.236488197498138, 48.716572818493773 ], [ 6.236465849284466, 48.716607718243395 ], [ 6.236436034207268, 48.71667090949493 ], [ 6.236415722845321, 48.716735730255948 ], [ 6.236405110842239, 48.716801556271768 ], [ 6.236404300433721, 48.716867753604369 ], [ 6.236413299461595, 48.71693368473742 ], [ 6.236432021296848, 48.716998714715963 ], [ 6.236460285672527, 48.717062217261436 ], [ 6.236497820418461, 48.717123580803268 ], [ 6.236544264081221, 48.71718221436884 ], [ 6.236599169404084, 48.717237553275176 ], [ 6.236662007633548, 48.717289064567616 ], [ 6.236732173610952, 48.717336252152741 ], [ 6.236808991600176, 48.717378661576603 ], [ 6.236891721795335, 48.717415884401703 ], [ 6.236979567445766, 48.717447562140975 ], [ 6.237071682529693, 48.717473389710591 ], [ 6.237167179902663, 48.717493118368495 ], [ 6.237265139842218, 48.717506558110287 ], [ 6.2373646189065, 48.717513579499197 ], [ 6.23746465902142, 48.717514114912937 ], [ 6.237564296708839, 48.71750815919502 ], [ 6.237662572366808, 48.717495769704342 ], [ 6.237758539512466, 48.717477065762793 ], [ 6.237851273898522, 48.717452227505937 ], [ 6.237939882415451, 48.717421494147921 ], [ 6.23802351169366, 48.71738516167742 ], [ 6.238101356322714, 48.717343580006791 ], [ 6.238172666608443, 48.717297149601727 ], [ 6.238236755793214, 48.717246317624138 ], [ 6.238293006669804, 48.717191573625307 ], [ 6.238340877525179, 48.717133444830786 ], [ 6.238379907356974, 48.717072491062524 ], [ 6.238409720312417, 48.717009299347062 ], [ 6.238430029307, 48.71694447826183 ], [ 6.238440638788092, 48.716878652074023 ], [ 6.238441446616911, 48.71681245472822 ], [ 6.238432445050765, 48.716746523741307 ], [ 6.23841372081621, 48.716681494062577 ], [ 6.238385454272403, 48.716617991959112 ], [ 6.238347917672837, 48.716556628984478 ], [ 6.238321324733207, 48.716523057754351 ], [ 6.238374066181735, 48.716537845183481 ], [ 6.238469562336577, 48.716557572814935 ], [ 6.238567520857154, 48.716571011498345 ], [ 6.238666998315274, 48.716578031807181 ], [ 6.238767036652321, 48.71657856612952 ], [ 6.238866672407275, 48.7165726093194 ], [ 6.2389649459968, 48.716560218746203 ], [ 6.23906091095796, 48.716541513742307 ], [ 6.239153643064498, 48.716516674453437 ], [ 6.239242249228849, 48.716485940103745 ], [ 6.239325876104076, 48.716449606691434 ], [ 6.239403718302889, 48.716408024137905 ], [ 6.239435367815059, 48.716387415967446 ], [ 6.23946946328729, 48.716406238346003 ], [ 6.239552193838021, 48.716443459357613 ], [ 6.239640039466476, 48.716475135164721 ], [ 6.239732154151092, 48.716500960702135 ], [ 6.23982765075126, 48.716520687247368 ], [ 6.239925609551961, 48.716534124816341 ], [ 6.24002508712231, 48.716541143993226 ], [ 6.240125125402604, 48.716541677177048 ], [ 6.240224760932373, 48.716535719232773 ], [ 6.240323034130449, 48.716523327540742 ], [ 6.240418998537666, 48.716504621444081 ], [ 6.240511729933105, 48.716479781099054 ], [ 6.240562462375906, 48.716462183069581 ], [ 6.240540116930866, 48.716497083585523 ], [ 6.240510306844164, 48.716560275860935 ], [ 6.240490000579652, 48.716625097321497 ], [ 6.240479393731852, 48.716690923705798 ], [ 6.240478588486817, 48.716757121072249 ], [ 6.240487592636646, 48.716823051904193 ], [ 6.240506319503003, 48.7168880812496 ], [ 6.240534588770474, 48.716951582835975 ], [ 6.24057212822178, 48.717012945102006 ], [ 6.240618576358171, 48.717071577087303 ], [ 6.24067348587984, 48.717126914124172 ], [ 6.240736327992844, 48.717178423275911 ], [ 6.240767472227899, 48.717199366103046 ], [ 6.240739027820428, 48.717221928133242 ], [ 6.240682779473946, 48.717276673283642 ], [ 6.240634911092751, 48.717334803010473 ], [ 6.240595883695661, 48.717395757502572 ], [ 6.240566073163687, 48.717458949743289 ], [ 6.240545766619102, 48.717523771163457 ], [ 6.240535159659127, 48.717589597502062 ], [ 6.240534354470893, 48.717655794817937 ], [ 6.240543358845958, 48.717721725594942 ], [ 6.240562086103813, 48.71778675488153 ], [ 6.24059035592528, 48.717850256405839 ], [ 6.240627896087743, 48.717911618607083 ], [ 6.240654491216089, 48.717945189283213 ], [ 6.240601747701601, 48.71793040287983 ], [ 6.240506248232648, 48.717910676977901 ], [ 6.240408286701831, 48.71789723990144 ], [ 6.240308806498152, 48.717890221052166 ], [ 6.240208765634035, 48.717889688022936 ], [ 6.240109127520544, 48.717895645946953 ], [ 6.240010851690628, 48.71790803744824 ], [ 6.239914884559705, 48.717926743194205 ], [ 6.239822150312485, 48.717951583044631 ], [ 6.239733542003774, 48.717982317786337 ], [ 6.239649912958885, 48.718018651436658 ], [ 6.239572068556467, 48.718060234093429 ], [ 6.239500758472837, 48.718106665304404 ], [ 6.239436669462481, 48.718157497923393 ], [ 6.239380418744265, 48.71821224241603 ], [ 6.239332548057016, 48.718270371573851 ], [ 6.239293518441761, 48.718331325591151 ], [ 6.239263705800876, 48.71839451745587 ], [ 6.239243397276941, 48.718459338602457 ], [ 6.239232788486238, 48.718525164772529 ], [ 6.239231981633538, 48.718591362026558 ], [ 6.239240984526422, 48.718657292848981 ], [ 6.23925971049866, 48.718722322287832 ], [ 6.239287979243456, 48.718785824069748 ], [ 6.239325518548567, 48.718847186631514 ], [ 6.239371966916652, 48.718905819009926 ], [ 6.239426877045673, 48.718961156533453 ], [ 6.239489720135845, 48.71901266626076 ], [ 6.239520864964584, 48.719033609380332 ], [ 6.239492419020221, 48.719056171077916 ], [ 6.239436167392904, 48.719110915554687 ], [ 6.239388295944302, 48.719169044690105 ], [ 6.239349265722772, 48.719229998678692 ], [ 6.23931945263653, 48.719293190508679 ], [ 6.239299143832448, 48.719358011614851 ], [ 6.239288534929508, 48.719423837739178 ], [ 6.239287728133558, 48.719490034942602 ], [ 6.239296731251639, 48.71955596571005 ], [ 6.239315457615351, 48.719620995090061 ], [ 6.239343726914131, 48.719684496809876 ], [ 6.239381266930398, 48.719745859306826 ], [ 6.239427716159967, 48.719804491618397 ], [ 6.239482627292502, 48.719859829073648 ], [ 6.239545471518555, 48.719911338731897 ], [ 6.239615643621708, 48.719958524515526 ], [ 6.239692467806845, 48.720000931987876 ], [ 6.239775204208408, 48.720038152730247 ], [ 6.239863056015958, 48.720069828275648 ], [ 6.23995517714842, 48.720095653561373 ], [ 6.240050680403085, 48.720115379867366 ], [ 6.240148646000845, 48.720128817211851 ], [ 6.24024813044535, 48.720135836181193 ], [ 6.240348175610689, 48.72013636917638 ], [ 6.24044781797008, 48.720130411064211 ], [ 6.240546097876578, 48.720118019226653 ], [ 6.240642068806408, 48.720099313008198 ], [ 6.240734806475828, 48.720074472566331 ], [ 6.240823417743694, 48.720043737136223 ], [ 6.240907049213921, 48.72000740272658 ], [ 6.240984895454961, 48.719965819268346 ], [ 6.24101654649863, 48.719945210741329 ], [ 6.241050644862205, 48.719964032610726 ], [ 6.241133382172879, 48.720001252412644 ], [ 6.241221234741779, 48.720032926959199 ], [ 6.241313356480496, 48.720058751197307 ], [ 6.24140886018048, 48.720078476417001 ], [ 6.241506826058337, 48.720091912646964 ], [ 6.241606310615014, 48.720098930484305 ], [ 6.241706355723522, 48.72009946234089 ], [ 6.241805997857631, 48.720093503094503 ], [ 6.24190427737256, 48.720081110138025 ], [ 6.242000247748306, 48.720062402826741 ], [ 6.242092984706467, 48.720037561328638 ], [ 6.242181595112747, 48.720006824889111 ], [ 6.242265225579359, 48.719970489526489 ], [ 6.242343070684427, 48.719928905180986 ], [ 6.242414380729198, 48.719882472344047 ], [ 6.242478468958364, 48.719831638201036 ], [ 6.242534718173911, 48.719776892324063 ], [ 6.242582586678804, 48.719718761956798 ], [ 6.242621613493322, 48.719657806936276 ], [ 6.242651422793753, 48.719594614301144 ], [ 6.242671727530801, 48.71952979263768 ], [ 6.242682332192836, 48.719463966218626 ], [ 6.242683134687493, 48.719397768990838 ], [ 6.242674127323454, 48.719331838469998 ], [ 6.242655396883115, 48.71926680960096 ], [ 6.242627123785402, 48.719203308642967 ], [ 6.242589580346922, 48.719141947138581 ], [ 6.242543128158204, 48.719083316024474 ], [ 6.242488214600351, 48.719027979940655 ], [ 6.242425368535709, 48.718976471793106 ], [ 6.242394222576825, 48.718955529430588 ], [ 6.242422667213329, 48.718932967039351 ], [ 6.242478915519862, 48.718878221146518 ], [ 6.242526783263507, 48.718820090756857 ], [ 6.242565809471871, 48.71875913570765 ], [ 6.242595618327081, 48.718695943037773 ], [ 6.242615922784123, 48.718631121333893 ], [ 6.242626527334067, 48.718565294869101 ], [ 6.242627329885623, 48.718499097590701 ], [ 6.242618322746925, 48.718433167014865 ], [ 6.2425995926982, 48.718368138087008 ], [ 6.242571320154597, 48.718304637066893 ], [ 6.242533777427389, 48.718243275497699 ], [ 6.242507180939845, 48.718209705248945 ], [ 6.242559925275514, 48.718224490806612 ], [ 6.242655426093345, 48.718244215059705 ], [ 6.242753388852561, 48.718257650287462 ], [ 6.242852870084151, 48.718264667096641 ], [ 6.242952911693149, 48.718265197909034 ], [ 6.243052550187027, 48.718259237612465 ], [ 6.243150825956068, 48.718246843609897 ], [ 6.243246792516344, 48.718228135266756 ], [ 6.243339525626202, 48.718203292760911 ], [ 6.24342813218841, 48.718172555347486 ], [ 6.243511758852207, 48.718136219054209 ], [ 6.243589600232334, 48.718094633830219 ], [ 6.243621249115111, 48.71807402457933 ], [ 6.243655347195821, 48.718092845734667 ], [ 6.243738083398869, 48.718130063790383 ], [ 6.243825934400504, 48.718161736470194 ], [ 6.243918054127412, 48.718187558739018 ], [ 6.244013555390421, 48.71820728190584 ], [ 6.2441115184296, 48.718220716019111 ], [ 6.244210999773241, 48.718227731696309 ], [ 6.244311041325301, 48.718228261370136 ], [ 6.244410679593798, 48.718222299939391 ], [ 6.244508954971187, 48.718209904817989 ], [ 6.244604920977313, 48.71819119538204 ], [ 6.244697653375858, 48.718166351820024 ], [ 6.244786259076444, 48.718135613397195 ], [ 6.244869884736606, 48.718099276151008 ], [ 6.244947724980756, 48.718057690039807 ], [ 6.245019030156962, 48.718011255572016 ], [ 6.245083113556804, 48.717960419948724 ], [ 6.245139358028776, 48.717905672756309 ], [ 6.245187221921531, 48.717847541251075 ], [ 6.245226244299766, 48.717786585281068 ], [ 6.245256049382491, 48.717723391894019 ], [ 6.245276350161029, 48.717658569683501 ], [ 6.245286951161872, 48.717592742927479 ], [ 6.245287750327909, 48.717526545576085 ], [ 6.245278739999879, 48.717460615146166 ], [ 6.245260006988719, 48.717395586581716 ], [ 6.245231731738109, 48.717332086139059 ], [ 6.245194186585388, 48.71727072535576 ], [ 6.24516758888365, 48.717237155672024 ], [ 6.245220332990346, 48.717251940066127 ], [ 6.245315833034827, 48.717271662206542 ], [ 6.245413794654646, 48.717285095261516 ], [ 6.245513274391766, 48.71729210985869 ], [ 6.245613314165615, 48.717292638441201 ], [ 6.245712950501336, 48.717286675918338 ], [ 6.245811223810002, 48.717274279714523 ], [ 6.245907187631382, 48.717255569216313 ], [ 6.245999917750201, 48.717230724622439 ], [ 6.246088521098034, 48.717199985208026 ], [ 6.24617214435508, 48.717163647020122 ], [ 6.246249982168895, 48.717122060026149 ], [ 6.246281629413219, 48.717101450052517 ], [ 6.246315727817507, 48.717120270463333 ], [ 6.246398464375471, 48.717157486705531 ], [ 6.246486315354463, 48.717189157453184 ], [ 6.246578434681385, 48.717214977689814 ], [ 6.246673935170914, 48.717234698743958 ], [ 6.246771897070573, 48.717248130684453 ], [ 6.246871376919623, 48.717255144149682 ], [ 6.246971416636421, 48.717255671593655 ], [ 6.247071052746656, 48.717249707936638 ], [ 6.247169325663571, 48.717237310613996 ], [ 6.247265288930709, 48.717218599023042 ], [ 6.247358018338137, 48.717193753373003 ], [ 6.24744662082428, 48.717163012949229 ], [ 6.247530243077635, 48.717126673808473 ], [ 6.247608079755426, 48.717085085927309 ], [ 6.247639726441666, 48.717064475592849 ], [ 6.247673825310987, 48.71708329561617 ], [ 6.247756562777718, 48.71712051091793 ], [ 6.247844414517716, 48.717152180666737 ], [ 6.247936534450554, 48.717177999855778 ], [ 6.248032035385075, 48.717197719823659 ], [ 6.248129997564513, 48.717211150649668 ], [ 6.248229477525437, 48.717218162982952 ], [ 6.248329517185122, 48.717218689288387 ], [ 6.248429153069811, 48.717212724497223 ], [ 6.248527425594919, 48.717200326055746 ], [ 6.248623388307763, 48.717181613372048 ], [ 6.248716117003745, 48.71715676666588 ], [ 6.248766847340349, 48.717139165158613 ], [ 6.248744507085996, 48.717174067190491 ], [ 6.248714706535711, 48.717237261478509 ], [ 6.248694410186544, 48.717302084297295 ], [ 6.248683813537527, 48.717367911372342 ], [ 6.248683018676497, 48.71743410875542 ], [ 6.24869203329555, 48.717500038929721 ], [ 6.248710770615522, 48.717565066949504 ], [ 6.248739050220331, 48.717628566555106 ], [ 6.248776599793134, 48.717689926204208 ], [ 6.248823057737703, 48.717748554961688 ], [ 6.248877976659766, 48.717803888190907 ], [ 6.248940827674844, 48.717855392991865 ], [ 6.249011005501128, 48.717902573333632 ], [ 6.249087834288378, 48.717944974832065 ], [ 6.249170574126709, 48.717982189125948 ], [ 6.249258428172574, 48.718013857810384 ], [ 6.249350550323337, 48.718039675888768 ], [ 6.249446053366477, 48.718059394710458 ], [ 6.249544017524921, 48.718072824365741 ], [ 6.249643499316178, 48.718079835515042 ], [ 6.249743540639893, 48.718080360634666 ], [ 6.249843178006284, 48.718074394667262 ], [ 6.249941451816494, 48.718061995070435 ], [ 6.250037415605463, 48.718043281263427 ], [ 6.250130145158229, 48.7180184334768 ], [ 6.250180875855065, 48.718000831381396 ], [ 6.250158536176868, 48.718035733652194 ], [ 6.250128736845365, 48.718098928246697 ], [ 6.25010844191579, 48.718163751258132 ], [ 6.250097846873508, 48.71822957841016 ], [ 6.250097053790883, 48.718295775753781 ], [ 6.250106070342886, 48.718361705772573 ], [ 6.250124809731739, 48.718426733522335 ], [ 6.250153091521432, 48.718490232745935 ], [ 6.250190643374086, 48.718551591904799 ], [ 6.250237103671515, 48.71861022006847 ], [ 6.250292024996786, 48.718665552606062 ], [ 6.250354878442276, 48.718717056624214 ], [ 6.250425058702769, 48.718764236099588 ], [ 6.250501889904582, 48.718806636656296 ], [ 6.25058463211457, 48.71884384994226 ], [ 6.250672488466351, 48.71887551756226 ], [ 6.250764612835074, 48.71890133452996 ], [ 6.25086011798686, 48.718921052205395 ], [ 6.250958084124325, 48.718934480689917 ], [ 6.251057567745918, 48.718941490655205 ], [ 6.251157610733655, 48.718942014588976 ], [ 6.251257249581726, 48.718936047445283 ], [ 6.251355524677006, 48.718923646693085 ], [ 6.251451489542056, 48.718904931762751 ], [ 6.251544219951554, 48.718880082895623 ], [ 6.251632822834278, 48.718849339408074 ], [ 6.251716444874906, 48.71881299738633 ], [ 6.251794280732714, 48.718771406834733 ], [ 6.251825926788979, 48.718750795419908 ], [ 6.251860028266668, 48.718769614219802 ], [ 6.251942771385327, 48.718806826565249 ], [ 6.252030628497999, 48.718838493186368 ], [ 6.252122753472508, 48.718864309106436 ], [ 6.252218259069137, 48.718884025695552 ], [ 6.25231622548622, 48.718897453065551 ], [ 6.25241570921951, 48.718904461898838 ], [ 6.252515752149949, 48.718904984694035 ], [ 6.252615390772279, 48.718899016416167 ], [ 6.252713665475548, 48.71888661454512 ], [ 6.252809629786095, 48.718867898522021 ], [ 6.252902359483936, 48.718843048598764 ], [ 6.252953090047473, 48.718825445337274 ], [ 6.252930751868552, 48.718860348102396 ], [ 6.252900955419748, 48.718923543344452 ], [ 6.252880663609278, 48.718988366781531 ], [ 6.252870071892469, 48.719054194133136 ], [ 6.252869282309661, 48.719120391448371 ], [ 6.252878302502124, 48.71918632121109 ], [ 6.252897045637017, 48.719251348479517 ], [ 6.252925331242257, 48.719314847001193 ], [ 6.252962886943217, 48.719376205244281 ], [ 6.253009351084647, 48.719434832287178 ], [ 6.253064276212598, 48.719490163509775 ], [ 6.253127133382818, 48.719541666031347 ], [ 6.25319731725422, 48.719588843842978 ], [ 6.253274151918343, 48.719631242584839 ], [ 6.253356897408697, 48.719668453922303 ], [ 6.253444756827299, 48.719700119478908 ], [ 6.253536884019769, 48.719725934288199 ], [ 6.253632391725026, 48.719745649731003 ], [ 6.253730360121092, 48.719759075930178 ], [ 6.253829845684662, 48.71976608357938 ], [ 6.25392989027905, 48.719766605188667 ], [ 6.254029530382972, 48.719760635734481 ], [ 6.254127806371208, 48.719748232708014 ], [ 6.254223771757717, 48.719729515561532 ], [ 6.254316502312156, 48.719704664557767 ], [ 6.254367233235837, 48.719687060708104 ], [ 6.254344895633216, 48.719721963712175 ], [ 6.254315100403493, 48.71978515926066 ], [ 6.254294810012918, 48.719849982890317 ], [ 6.25428421990314, 48.71991581031881 ], [ 6.254283432099031, 48.719982007594503 ], [ 6.254292454224724, 48.720047937201628 ], [ 6.254311199428767, 48.720112964199913 ], [ 6.254339487219148, 48.720176462339481 ], [ 6.254377045200196, 48.720237820092215 ], [ 6.254403650346527, 48.720271387636693 ], [ 6.254350900593424, 48.720256607339962 ], [ 6.254255391683015, 48.720236892480848 ], [ 6.254157422256081, 48.720223466718195 ], [ 6.254057935777658, 48.720216459344819 ], [ 6.253957890320597, 48.720215937843065 ], [ 6.253858249340189, 48.720221907235121 ], [ 6.253759972396992, 48.720234310034556 ], [ 6.253664005917148, 48.720253026799966 ], [ 6.2535712740791, 48.720277877285021 ], [ 6.25348266991446, 48.720308622174187 ], [ 6.253399046708639, 48.720344965386957 ], [ 6.253321209784065, 48.720386556929178 ], [ 6.253249908745049, 48.720432996263 ], [ 6.253185830258987, 48.720483836163979 ], [ 6.253129591443402, 48.720538587027647 ], [ 6.253081733922508, 48.720596721584187 ], [ 6.253042718610542, 48.720657679975893 ], [ 6.253012921272145, 48.720720875148551 ], [ 6.252992628902536, 48.720785698504777 ], [ 6.252982036962432, 48.7208515257649 ], [ 6.252981247494324, 48.720917722978875 ], [ 6.252990268138378, 48.72098365263156 ], [ 6.25300901205741, 48.721048679782186 ], [ 6.253037298771786, 48.721112178179496 ], [ 6.253074855896199, 48.721173536292788 ], [ 6.253121321761696, 48.721232163201748 ], [ 6.253176248897717, 48.721287494287537 ], [ 6.253239108340681, 48.721338996670767 ], [ 6.25330929472761, 48.721386174343849 ], [ 6.253386132125816, 48.721428572948263 ], [ 6.25346888054248, 48.721465784150723 ], [ 6.253556743051436, 48.721497449576098 ], [ 6.253648873468538, 48.721523264259147 ], [ 6.253744384501648, 48.721542979581926 ], [ 6.253842356296742, 48.721556405668466 ], [ 6.253941845297774, 48.721563413213509 ], [ 6.254041893334952, 48.721563934728096 ], [ 6.254141536853832, 48.721557965189604 ], [ 6.254239816196304, 48.72154556209 ], [ 6.254335784844024, 48.721526844882298 ], [ 6.254428518535237, 48.721501993829776 ], [ 6.254479251166378, 48.721484389959649 ], [ 6.254456912870154, 48.721519292930878 ], [ 6.254427116750929, 48.721582488409936 ], [ 6.254406825801318, 48.721647311958719 ], [ 6.254396235468363, 48.721713139295709 ], [ 6.254395447779078, 48.721779336470114 ], [ 6.2544044703565, 48.72184526596714 ], [ 6.254423216344827, 48.721910292847596 ], [ 6.254451505244498, 48.721973790862755 ], [ 6.254489064649159, 48.722035148485645 ], [ 6.254535532867897, 48.722093774800641 ], [ 6.254590462407491, 48.722149105194624 ], [ 6.254653324281209, 48.722200606794864 ], [ 6.254723513102662, 48.722247783601347 ], [ 6.254800352915717, 48.72229018126388 ], [ 6.254883103704297, 48.722327391458229 ], [ 6.254970968519388, 48.722359055818998 ], [ 6.255063101154637, 48.722384869391185 ], [ 6.255158614296542, 48.722404583567567 ], [ 6.255256588070767, 48.722418008483181 ], [ 6.255356078902204, 48.722425014844063 ], [ 6.255456128603431, 48.722425535172668 ], [ 6.255555773603979, 48.722419564457759 ], [ 6.255654054231467, 48.722407160202692 ], [ 6.255750023955175, 48.722388441871551 ], [ 6.255842758502985, 48.722363589738485 ], [ 6.255931364763822, 48.722332843151264 ], [ 6.256014989389832, 48.722296498225987 ], [ 6.256092827015392, 48.722254904994962 ], [ 6.256124473485817, 48.722234292501795 ], [ 6.256158578785537, 48.722253110017085 ], [ 6.256241330482747, 48.722290319270847 ], [ 6.256329196058664, 48.722321982632629 ], [ 6.256421329299604, 48.722347795157084 ], [ 6.256516842886231, 48.722367508247068 ], [ 6.256614816939924, 48.722380932048068 ], [ 6.256714307882887, 48.722387937276899 ], [ 6.256814357526622, 48.722388456466845 ], [ 6.256914002301212, 48.722382484617704 ], [ 6.257012282536453, 48.722370079243731 ], [ 6.257108251705406, 48.722351359819783 ], [ 6.257200985541293, 48.722326506630523 ], [ 6.257251718038884, 48.722308901594239 ], [ 6.257229381242309, 48.722343805059737 ], [ 6.257199588006444, 48.722407001186262 ], [ 6.257179300176599, 48.722471825160554 ], [ 6.257168713169771, 48.722537652696957 ], [ 6.257167928980947, 48.722603849842805 ], [ 6.25717695519945, 48.722669779083553 ], [ 6.257195704934415, 48.722734805482467 ], [ 6.257223997650199, 48.722798302795468 ], [ 6.257261560903695, 48.722859659502348 ], [ 6.257308032966922, 48.722918284696298 ], [ 6.257362966309636, 48.722973613775011 ], [ 6.257425831908474, 48.723025113878393 ], [ 6.257456986318379, 48.723046052244307 ], [ 6.257428545935756, 48.723068618139102 ], [ 6.257372308784109, 48.723123370880693 ], [ 6.257324453616594, 48.723181507009663 ], [ 6.257285441324791, 48.723242466653168 ], [ 6.257255647644259, 48.723305662744949 ], [ 6.257235359534995, 48.723370486678775 ], [ 6.257224772416692, 48.723436314169376 ], [ 6.257223988285411, 48.723502511264527 ], [ 6.257233014729922, 48.723568440450194 ], [ 6.257251764857184, 48.723633466790147 ], [ 6.257280058127775, 48.72369696404089 ], [ 6.257317622093249, 48.723758320682798 ], [ 6.257364095018771, 48.723816945809695 ], [ 6.257419029365789, 48.723872274819918 ], [ 6.257481896101272, 48.723923774854079 ], [ 6.257552089792007, 48.723970949927178 ], [ 6.257628934434963, 48.724013345705771 ], [ 6.257711689967547, 48.724050553883792 ], [ 6.257799559395057, 48.724082216115171 ], [ 6.257891696466713, 48.724108027465519 ], [ 6.257987213826283, 48.72412773934893 ], [ 6.25808519155881, 48.724141161922546 ], [ 6.258184686051065, 48.724148165915004 ], [ 6.258284739080366, 48.724148683871505 ], [ 6.258384387044188, 48.724142710803704 ], [ 6.258482670241612, 48.72413030423759 ], [ 6.258578642117167, 48.724111583659521 ], [ 6.258671378378011, 48.724086729365268 ], [ 6.258722112089399, 48.724069123730544 ], [ 6.258699775522619, 48.724104027418463 ], [ 6.258669983061607, 48.724167223816579 ], [ 6.258649696372695, 48.724232047942877 ], [ 6.258639110861896, 48.724297875510238 ], [ 6.258638328509793, 48.724364072565727 ], [ 6.258647356888023, 48.724430001595636 ], [ 6.258666109084923, 48.724495027665284 ], [ 6.258694404541141, 48.724558524533734 ], [ 6.258731970787181, 48.724619880685097 ], [ 6.258778446066245, 48.724678505217881 ], [ 6.258833382817115, 48.724733833536142 ], [ 6.258896251983608, 48.724785332787164 ], [ 6.2589664481091, 48.724832506993522 ], [ 6.25904329516711, 48.72487490183007 ], [ 6.259126053071784, 48.724912108999817 ], [ 6.259213924805575, 48.724943770166462 ], [ 6.259306064095489, 48.724969580405791 ], [ 6.259401583563932, 48.724989291142649 ], [ 6.259499563275632, 48.725002712545226 ], [ 6.259599059598299, 48.725009715353401 ], [ 6.259699114291623, 48.7250102321238 ], [ 6.259798763737054, 48.725004257879483 ], [ 6.259897048219397, 48.724991850157807 ], [ 6.259993021170811, 48.724973128456227 ], [ 6.260085758288093, 48.724948273081353 ], [ 6.260174366435418, 48.724917523412181 ], [ 6.260257992246769, 48.72488117559449 ], [ 6.26033583034511, 48.724839579688442 ], [ 6.260367476707078, 48.724818966115926 ], [ 6.260401585222418, 48.724837782376895 ], [ 6.260484344035655, 48.724874988605961 ], [ 6.26057221653018, 48.724906648773576 ], [ 6.260664356425671, 48.724932457965096 ], [ 6.2607598763387, 48.724952167615491 ], [ 6.260857856329715, 48.724965587903398 ], [ 6.260957352763735, 48.724972589579444 ], [ 6.261057407399374, 48.724973105211156 ], [ 6.261157056618642, 48.724967129832571 ], [ 6.261255340708521, 48.724954720991946 ], [ 6.26135131310495, 48.724935998197516 ], [ 6.26144404951007, 48.724911141766412 ], [ 6.261532656794919, 48.724880391087844 ], [ 6.261616281601782, 48.724844042317265 ], [ 6.261694118563302, 48.724802445524034 ], [ 6.261725764366836, 48.724781831590683 ], [ 6.26175987334713, 48.724800647464065 ], [ 6.261842633068879, 48.724837852752458 ], [ 6.261930506324084, 48.724869511921 ], [ 6.262022646825095, 48.724895320064725 ], [ 6.262118167182654, 48.724915028628651 ], [ 6.262216147452924, 48.724928447801894 ], [ 6.262315643998236, 48.724935448345796 ], [ 6.262415698576135, 48.724935962838828 ], [ 6.262515347569179, 48.724929986325954 ], [ 6.262613631266538, 48.72491757636638 ], [ 6.262709603107926, 48.724898852479114 ], [ 6.26280233880083, 48.724873994991817 ], [ 6.26289094522315, 48.724843243303837 ], [ 6.262974569025481, 48.724806893580393 ], [ 6.263052404850137, 48.724765295899999 ], [ 6.263084050095203, 48.724744681605848 ], [ 6.263118159540449, 48.724763497091637 ], [ 6.263200920170658, 48.724800701439328 ], [ 6.263288794186488, 48.724832359608811 ], [ 6.263380935292965, 48.72485816670472 ], [ 6.263476456094994, 48.724877874182177 ], [ 6.263574436644461, 48.724891292240741 ], [ 6.263673933301006, 48.724898291652522 ], [ 6.263773987821102, 48.724898805006866 ], [ 6.263873636587867, 48.724892827359724 ], [ 6.263971919892647, 48.724880416281202 ], [ 6.264067891178938, 48.724861691301115 ], [ 6.264160626159576, 48.72483683275761 ], [ 6.264249231719319, 48.72480608006024 ], [ 6.264332854517068, 48.724769729383937 ], [ 6.264410689204818, 48.724728130816381 ], [ 6.264442333891409, 48.724707516161438 ], [ 6.264476443801573, 48.724726331259617 ], [ 6.264559205340191, 48.724763534666614 ], [ 6.264647080116593, 48.724795191837025 ], [ 6.264739221828476, 48.724820997885097 ], [ 6.264834743074918, 48.724840704276104 ], [ 6.264932723903525, 48.724854121219991 ], [ 6.265032220671244, 48.724861119499636 ], [ 6.265132275133479, 48.724861631715299 ], [ 6.265231923673905, 48.724855652933876 ], [ 6.265330206586049, 48.724843240736412 ], [ 6.265426177317188, 48.724824514663503 ], [ 6.265518911585506, 48.724799655063812 ], [ 6.265569643681443, 48.724782046529079 ], [ 6.265547311384821, 48.724816951477102 ], [ 6.26551752680066, 48.724880149545619 ], [ 6.265497248331655, 48.724944974795946 ], [ 6.265486671304658, 48.7250108029301 ], [ 6.265485897618555, 48.725076999989689 ], [ 6.265494934761519, 48.725142928460983 ], [ 6.265513695737483, 48.725207953414667 ], [ 6.265541999902544, 48.72527144862056 ], [ 6.265579574703334, 48.725332802578741 ], [ 6.265626058300661, 48.725391424408905 ], [ 6.265681003053198, 48.725446749541099 ], [ 6.265743879827691, 48.725498245153283 ], [ 6.265775039046124, 48.725519181303206 ], [ 6.265746600910283, 48.725541749132169 ], [ 6.265690369814533, 48.725596505676783 ], [ 6.265642521638395, 48.725654645017364 ], [ 6.265603517206131, 48.725715607250145 ], [ 6.26557373217761, 48.725778805283916 ], [ 6.26555345342952, 48.725843630493742 ], [ 6.2655428762914, 48.725909458582073 ], [ 6.265542102663206, 48.725975655590915 ], [ 6.26555114003256, 48.726041584007071 ], [ 6.26556990140121, 48.726106608901716 ], [ 6.265598206121475, 48.726170104045259 ], [ 6.265635781634642, 48.72623145793839 ], [ 6.265662397067441, 48.726265022799879 ], [ 6.265609638077479, 48.726250247555903 ], [ 6.265514113961421, 48.72623054180896 ], [ 6.265416130401949, 48.726217125358225 ], [ 6.265316631000191, 48.72621012740678 ], [ 6.265216573953444, 48.726209615346264 ], [ 6.265116922828608, 48.726215594107906 ], [ 6.265018637283931, 48.726228006115107 ], [ 6.264922663828385, 48.726246731837726 ], [ 6.264829926707594, 48.726271590943227 ], [ 6.264741319004045, 48.726302344032995 ], [ 6.264657694037237, 48.726338694947621 ], [ 6.264579857146561, 48.726380293618725 ], [ 6.264508557936012, 48.726426739439816 ], [ 6.264444483055387, 48.726477585124009 ], [ 6.264388249587496, 48.726532341011101 ], [ 6.264340399105069, 48.726590479782899 ], [ 6.264301392454571, 48.726651441541115 ], [ 6.264271605317239, 48.726714639199095 ], [ 6.264251324590067, 48.726779464135539 ], [ 6.264240745621657, 48.726845292055543 ], [ 6.26423997032959, 48.726911489002696 ], [ 6.264249006217517, 48.726977417464418 ], [ 6.264267766301452, 48.727042442511454 ], [ 6.264296069946088, 48.727105937912732 ], [ 6.264333644603075, 48.727167292166463 ], [ 6.264380128434604, 48.727225914389464 ], [ 6.264435073797097, 48.727281240008018 ], [ 6.264497951551429, 48.7273327361954 ], [ 6.264568156158267, 48.727379907003694 ], [ 6.264645011509447, 48.727422298140503 ], [ 6.264727777439237, 48.727459501344413 ], [ 6.264815656852799, 48.727491158317385 ], [ 6.264907803403175, 48.727516964175528 ], [ 6.26500332964284, 48.727536670385945 ], [ 6.265101315571307, 48.72755008716036 ], [ 6.265200817496408, 48.727557085283237 ], [ 6.265300877123874, 48.727557597356366 ], [ 6.265400530787633, 48.727551618448032 ], [ 6.265498818731865, 48.727539206140477 ], [ 6.265594794355384, 48.727520479975347 ], [ 6.265687533329254, 48.72749562030225 ], [ 6.265738267986484, 48.727478011736629 ], [ 6.265715934650044, 48.727512916635284 ], [ 6.265686148732765, 48.727576114599501 ], [ 6.26566586942648, 48.727640939728296 ], [ 6.265655292066111, 48.727706767724918 ], [ 6.265654518553751, 48.72777296463223 ], [ 6.265663556375912, 48.727838892938031 ], [ 6.265682318529984, 48.727903917714556 ], [ 6.265710624360724, 48.727967412733364 ], [ 6.265748201298725, 48.728028766496315 ], [ 6.265794687484216, 48.728087388124976 ], [ 6.265849635250945, 48.728142713051362 ], [ 6.265912515436632, 48.728194208455378 ], [ 6.265982722478531, 48.728241378396667 ], [ 6.266059580245022, 48.728283768591204 ], [ 6.266142348547113, 48.72832097078664 ], [ 6.266230230267118, 48.728352626694623 ], [ 6.266322379035863, 48.728378431441556 ], [ 6.266417907384458, 48.728398136505206 ], [ 6.266515895292105, 48.728411552108376 ], [ 6.26661539904757, 48.7284185490468 ], [ 6.26671546033896, 48.72841905993365 ], [ 6.266815115484176, 48.728413079848643 ], [ 6.266913404713129, 48.728400666385404 ], [ 6.267009381412261, 48.728381939096664 ], [ 6.267102121242273, 48.728357078342817 ], [ 6.267190731041222, 48.728326323554718 ], [ 6.267274357427184, 48.728289970927428 ], [ 6.267352195017595, 48.728248370567393 ], [ 6.267383840675812, 48.728227755194901 ], [ 6.267417953943998, 48.728246569395495 ], [ 6.267500723154511, 48.728283770650151 ], [ 6.267588605635075, 48.728315425558989 ], [ 6.26768075500919, 48.728341229258014 ], [ 6.267776283802133, 48.728360933235116 ], [ 6.267874271988829, 48.72837434772353 ], [ 6.267973775855356, 48.728381343529755 ], [ 6.26807383708875, 48.728381853277853 ], [ 6.268173492007469, 48.728375872058521 ], [ 6.268271780843608, 48.728363457476256 ], [ 6.268367756987391, 48.728344729094637 ], [ 6.26846049610487, 48.728319867284547 ], [ 6.268549105040964, 48.728289111487022 ], [ 6.26863273042206, 48.728252757906837 ], [ 6.268710566875272, 48.72821115665964 ], [ 6.26874221197489, 48.728190540926313 ], [ 6.268776325707983, 48.728209354739278 ], [ 6.268859095826866, 48.728246555053161 ], [ 6.268946979067935, 48.728278208962806 ], [ 6.269039129047361, 48.728304011613943 ], [ 6.269134658284597, 48.728323714504484 ], [ 6.269232646750281, 48.728337127878142 ], [ 6.269332150727811, 48.728344122552151 ], [ 6.269432211903148, 48.728344631161491 ], [ 6.269531866595313, 48.728338648807821 ], [ 6.26963015503858, 48.728326233106586 ], [ 6.26972613062696, 48.728307503632067 ], [ 6.269818869031853, 48.728282640765755 ], [ 6.269907477105042, 48.728251883958812 ], [ 6.269991101481224, 48.728215529425746 ], [ 6.270068936797194, 48.728173927291387 ], [ 6.270100581338183, 48.728153311197268 ], [ 6.270134695536175, 48.728172124622596 ], [ 6.270217466563377, 48.728209323995657 ], [ 6.270305350564896, 48.728240976906157 ], [ 6.270397501149578, 48.728266778509365 ], [ 6.270493030831046, 48.728286480313344 ], [ 6.270591019575663, 48.728299892572245 ], [ 6.270690523664135, 48.728306886114048 ], [ 6.270790584781357, 48.728307393584636 ], [ 6.270890239246909, 48.728301410096641 ], [ 6.270988527297249, 48.728288993276394 ], [ 6.27108450233017, 48.728270262709025 ], [ 6.271177240022423, 48.728245398786491 ], [ 6.271265847232656, 48.728214640970137 ], [ 6.271349470603879, 48.728178285484212 ], [ 6.271427304782563, 48.728136682462704 ], [ 6.2714589487649, 48.728116066007807 ], [ 6.271493063427775, 48.72813487904547 ], [ 6.271575835363244, 48.728172077477716 ], [ 6.271663720125158, 48.728203729389058 ], [ 6.27175587131504, 48.72822952994435 ], [ 6.271851401440686, 48.728249230661753 ], [ 6.271949390464173, 48.728262641805912 ], [ 6.272048894663528, 48.728269634215501 ], [ 6.272148955722576, 48.728270140547352 ], [ 6.272248609961456, 48.728264155925004 ], [ 6.27234689761881, 48.728251737985779 ], [ 6.272442872096216, 48.728233006325546 ], [ 6.272535609075779, 48.728208141346798 ], [ 6.272624215423007, 48.728177382521046 ], [ 6.272707837789222, 48.72814102608227 ], [ 6.272785670830578, 48.728099422173614 ], [ 6.272817314254252, 48.728078805357924 ], [ 6.272851429381983, 48.728097618007951 ], [ 6.272934202225668, 48.728134815499402 ], [ 6.273022087747923, 48.728166466411537 ], [ 6.27311423954295, 48.728192265918914 ], [ 6.273209770112712, 48.728211965549725 ], [ 6.273307759415013, 48.728225375579129 ], [ 6.273407263725192, 48.728232366856517 ], [ 6.273507324726006, 48.72823287204961 ], [ 6.273606978738155, 48.728226886292944 ], [ 6.273705266002467, 48.728214467234729 ], [ 6.273801239924305, 48.728195734481638 ], [ 6.273893976191123, 48.728170868446689 ], [ 6.273982581675295, 48.728140108611555 ], [ 6.274066203036456, 48.72810375121994 ], [ 6.274144034940442, 48.728062146424158 ], [ 6.274175677805464, 48.728041529247662 ], [ 6.274209793398001, 48.728060341510016 ], [ 6.274292567149851, 48.728097538060638 ], [ 6.274380453432394, 48.728129187973586 ], [ 6.274472605832508, 48.728154986433033 ], [ 6.274568136846328, 48.728174684977269 ], [ 6.274666126427385, 48.728188093891902 ], [ 6.274765630848328, 48.728195084037104 ], [ 6.274865691790849, 48.728195588091431 ], [ 6.274965345576211, 48.728189601200448 ], [ 6.275063632447423, 48.728177181023256 ], [ 6.275159605813635, 48.728158447177321 ], [ 6.275252341367655, 48.728133580086173 ], [ 6.275340945988721, 48.72810281924167 ], [ 6.275424566344784, 48.72806646089721 ], [ 6.275502397111356, 48.728024855214329 ], [ 6.27553403941766, 48.728004237677069 ], [ 6.275568155475029, 48.72802304955178 ], [ 6.275650930134991, 48.728060245161551 ], [ 6.275738817177765, 48.728091894075312 ], [ 6.275830970182911, 48.728117691486815 ], [ 6.275926501640734, 48.728137388944482 ], [ 6.276024491500486, 48.728150796744345 ], [ 6.276123996032133, 48.728157785757332 ], [ 6.276224056916303, 48.728158288672915 ], [ 6.276323710474817, 48.728152300647608 ], [ 6.276421996952873, 48.72813987935146 ], [ 6.276517969763405, 48.728121144412668 ], [ 6.276610704604574, 48.728096276265333 ], [ 6.276699308362485, 48.728065514411462 ], [ 6.276782927713401, 48.7280291551142 ], [ 6.276860757342516, 48.727987548544206 ], [ 6.276932047700153, 48.727941095406997 ], [ 6.276996112220634, 48.727890243083444 ], [ 6.277052333934303, 48.727835481320732 ], [ 6.277100171409023, 48.727777337515484 ], [ 6.277139163963938, 48.72771637163423 ], [ 6.277168936105312, 48.727653170820119 ], [ 6.277189201141734, 48.727588343738233 ], [ 6.27719976394394, 48.727522514713478 ], [ 6.277200522822712, 48.727456317717788 ], [ 6.277191470506792, 48.727390390264617 ], [ 6.277172694211491, 48.727325367269245 ], [ 6.277144374797342, 48.727261874934356 ], [ 6.277106785027, 48.727200524719436 ], [ 6.277080161764729, 48.727166962437401 ], [ 6.277132924924175, 48.727181732599114 ], [ 6.277228455161302, 48.727201429030558 ], [ 6.277326443599555, 48.727214835772351 ], [ 6.27742594652259, 48.727221823705541 ], [ 6.277526005626526, 48.727222325530079 ], [ 6.277625657250334, 48.727216336412916 ], [ 6.277723941657841, 48.727203914034646 ], [ 6.277819912281927, 48.72718517803392 ], [ 6.277912644841809, 48.727160308855019 ], [ 6.278001246245566, 48.727129546009913 ], [ 6.278084863192132, 48.727093185771281 ], [ 6.278162690389862, 48.727051578318864 ], [ 6.278194331056695, 48.727030960059082 ], [ 6.278228447436409, 48.727049771189122 ], [ 6.278311222448321, 48.727086964985062 ], [ 6.27839910946533, 48.727118611966404 ], [ 6.278491262067239, 48.727144407345499 ], [ 6.278586792748239, 48.727164102690381 ], [ 6.278684781465064, 48.727177508317411 ], [ 6.278784284498684, 48.727184495118422 ], [ 6.278884343544155, 48.72718499580423 ], [ 6.278983994941009, 48.727179005552777 ], [ 6.27908227895526, 48.727166582055574 ], [ 6.279178249023578, 48.72714784496204 ], [ 6.27927098087053, 48.727122974726974 ], [ 6.279359581411063, 48.727092210872534 ], [ 6.279443197352425, 48.727055849681122 ], [ 6.279521023412652, 48.727014241341649 ], [ 6.279592310076439, 48.726967786576658 ], [ 6.279656370813684, 48.726916932782665 ], [ 6.279712588691168, 48.72686216972108 ], [ 6.279760422313697, 48.726804024801005 ], [ 6.279799411037522, 48.726743057999691 ], [ 6.279829179405798, 48.726679856469183 ], [ 6.279849440763453, 48.726615028881433 ], [ 6.279860000016651, 48.7265491995662 ], [ 6.279860755510351, 48.726483002498263 ], [ 6.279851700005897, 48.726417075191733 ], [ 6.279832920749302, 48.726352052560507 ], [ 6.279804598629618, 48.726288560803731 ], [ 6.279767006435552, 48.726227211375353 ], [ 6.27974038196025, 48.726193649658647 ], [ 6.279793144888758, 48.726208418656682 ], [ 6.279888674348966, 48.726228112975384 ], [ 6.279986661644209, 48.726241517544366 ], [ 6.280086163069154, 48.726248503265644 ], [ 6.280186220334345, 48.726249002860435 ], [ 6.280285869796463, 48.726243011517212 ], [ 6.280384151740159, 48.72623058693798 ], [ 6.280480119622038, 48.726211848782548 ], [ 6.280572849187732, 48.726186977516015 ], [ 6.280661447374156, 48.726156212670425 ], [ 6.280745060911231, 48.726119850537707 ], [ 6.280822884540154, 48.726078241315875 ], [ 6.280854523567538, 48.726057622333663 ], [ 6.280888640269479, 48.726076432719012 ], [ 6.28097141563307, 48.726113624701156 ], [ 6.281059302624056, 48.726145269750091 ], [ 6.281151454822488, 48.726171063096842 ], [ 6.281246984726438, 48.726190756328968 ], [ 6.281344972300127, 48.726204159783208 ], [ 6.281444473835539, 48.726211144372328 ], [ 6.28154453104215, 48.72621164282841 ], [ 6.281644180277209, 48.72620565035092 ], [ 6.28174246182755, 48.726193224652761 ], [ 6.281838429153572, 48.726174485404556 ], [ 6.281931158006256, 48.726149613081908 ], [ 6.282019755329387, 48.726118847227021 ], [ 6.282103367861204, 48.726082484141557 ], [ 6.282181190352579, 48.726040874032712 ], [ 6.282252473322579, 48.725994417640059 ], [ 6.282316530276679, 48.725943562375782 ], [ 6.282372744318095, 48.725888798015419 ], [ 6.282420574088583, 48.725830651980644 ], [ 6.282459558981485, 48.725769684259383 ], [ 6.282489323576857, 48.725706482012555 ], [ 6.282509581255958, 48.725641653919041 ], [ 6.282520136960382, 48.725575824313459 ], [ 6.282520889069262, 48.725509627173352 ], [ 6.282511830376536, 48.725443700013571 ], [ 6.282493048158925, 48.725378677746548 ], [ 6.282464723333992, 48.725315186567947 ], [ 6.282427128716493, 48.725253837926161 ], [ 6.282380626389816, 48.725195222633957 ], [ 6.282325664217899, 48.725139905178985 ], [ 6.282262771531233, 48.725088418287797 ], [ 6.28223160596291, 48.725067486435087 ], [ 6.282260036718689, 48.725044914669468 ], [ 6.282316249852358, 48.724990150293443 ], [ 6.282364078862978, 48.724932004236415 ], [ 6.282403063151213, 48.724871036486547 ], [ 6.282432827302936, 48.724807834205023 ], [ 6.282453084703683, 48.724743006071073 ], [ 6.282463640297722, 48.724677176419682 ], [ 6.282464392465254, 48.724610979228835 ], [ 6.282455333999645, 48.724545052013866 ], [ 6.28243655217543, 48.724480029687768 ], [ 6.282408227906382, 48.724416538446768 ], [ 6.282370634001905, 48.724355189739839 ], [ 6.282324132538515, 48.724296574380396 ], [ 6.282269171371838, 48.724241256856708 ], [ 6.282206279822684, 48.724189769896014 ], [ 6.282175114813066, 48.724168838012403 ], [ 6.282203545104225, 48.724146266242791 ], [ 6.282259757330176, 48.724091501851134 ], [ 6.282307585580953, 48.724033355771873 ], [ 6.282346569264537, 48.72397238799342 ], [ 6.282376332972627, 48.723909185677215 ], [ 6.282396590095024, 48.72384435750282 ], [ 6.282407145578683, 48.723778527805621 ], [ 6.282407897804858, 48.723712330564062 ], [ 6.282398839566357, 48.723646403293948 ], [ 6.282380058135524, 48.72358138090879 ], [ 6.282351734422341, 48.723517889605397 ], [ 6.282314141230855, 48.72345654083334 ], [ 6.282287516531268, 48.723422979605019 ], [ 6.282340277381599, 48.723437747512151 ], [ 6.282435802735685, 48.723457439838967 ], [ 6.282533785487797, 48.723470842348668 ], [ 6.282633281976357, 48.723477825963073 ], [ 6.282733333959451, 48.723478323423699 ], [ 6.282832977844634, 48.72347232993959 ], [ 6.282931253970268, 48.723459903233341 ], [ 6.283027215848998, 48.723441162985289 ], [ 6.28311993928427, 48.723416289680642 ], [ 6.283208531272045, 48.723385522871084 ], [ 6.283292138601947, 48.723349158867471 ], [ 6.283369956074948, 48.723307547885838 ], [ 6.283441234258448, 48.723261090674143 ], [ 6.28350528670402, 48.723210234652477 ], [ 6.283561496558297, 48.723155469603697 ], [ 6.28360932250336, 48.723097322956065 ], [ 6.283648303969395, 48.723036354703417 ], [ 6.283678065569451, 48.722973152011818 ], [ 6.283698320713639, 48.72290832356439 ], [ 6.283708874367956, 48.722842493699183 ], [ 6.283709624931278, 48.722776296396255 ], [ 6.283700565212425, 48.722710369171971 ], [ 6.283681782497992, 48.722645346939458 ], [ 6.283653457710328, 48.722581855893992 ], [ 6.283615863663822, 48.722520507482699 ], [ 6.283569362436363, 48.722461892516115 ], [ 6.283514401881295, 48.722406575478786 ], [ 6.283451511313539, 48.722355089093199 ], [ 6.283420346899442, 48.722334157501798 ], [ 6.283448775654227, 48.722311585400014 ], [ 6.283504984600897, 48.722256820335609 ], [ 6.283552809786219, 48.72219867366578 ], [ 6.283591790647697, 48.722137705384597 ], [ 6.283621551804202, 48.722074502658344 ], [ 6.283641806670113, 48.722009674170515 ], [ 6.283652360214111, 48.721943844259549 ], [ 6.283653110836129, 48.721877646905924 ], [ 6.283644051344421, 48.72181171962653 ], [ 6.283625269023395, 48.721746697334979 ], [ 6.283596944791606, 48.721683206227148 ], [ 6.283559351458094, 48.721621857750762 ], [ 6.283532726893567, 48.721588296747385 ], [ 6.28358548624311, 48.721603064127279 ], [ 6.283681008712016, 48.721622755488411 ], [ 6.28377898834274, 48.72163615699688 ], [ 6.283878481503763, 48.721643139584188 ], [ 6.283978529985225, 48.721643636001701 ], [ 6.284078170228402, 48.721637641468512 ], [ 6.284176442606735, 48.721625213717331 ], [ 6.284272400668963, 48.72160647243858 ], [ 6.284365120255284, 48.721581598127344 ], [ 6.284453708398734, 48.721550830345038 ], [ 6.284537311925961, 48.721514465411879 ], [ 6.284615125674559, 48.721472853552847 ], [ 6.284646760416351, 48.721452233483845 ], [ 6.284680875476268, 48.721471042859541 ], [ 6.284763646242802, 48.72150823235858 ], [ 6.284851527783509, 48.721539874740103 ], [ 6.284943673730929, 48.721565665260819 ], [ 6.285039196643342, 48.721585355535453 ], [ 6.285137176552298, 48.721598755929278 ], [ 6.285236669823601, 48.7216057373845 ], [ 6.285336718246329, 48.721606232663419 ], [ 6.285436358262322, 48.721600236996061 ], [ 6.285534630247211, 48.721587808126081 ], [ 6.28563058775352, 48.721569065754636 ], [ 6.285723306626808, 48.721544190387405 ], [ 6.285811893906976, 48.72151342159593 ], [ 6.285895496428984, 48.721477055710132 ], [ 6.285973309040114, 48.721435442964179 ], [ 6.28600494322321, 48.721414822534506 ], [ 6.286039058747663, 48.721433631522544 ], [ 6.286121830421692, 48.721470820080796 ], [ 6.286209712722029, 48.721502461463174 ], [ 6.2863018592739, 48.721528250936018 ], [ 6.286397382629761, 48.721547940124175 ], [ 6.286495362816892, 48.721561339403351 ], [ 6.286594856198418, 48.721568319726487 ], [ 6.28669490456235, 48.721568813866796 ], [ 6.286794544351102, 48.721562817065262 ], [ 6.286892815942488, 48.721550387076483 ], [ 6.286988772892824, 48.721531643612394 ], [ 6.287081491053025, 48.721506767189148 ], [ 6.28717007746986, 48.721475997388495 ], [ 6.287253678986604, 48.721439630550094 ], [ 6.287331490460222, 48.721398016917256 ], [ 6.287402762515891, 48.721351557263496 ], [ 6.287466808764204, 48.72130069903244 ], [ 6.287523012411484, 48.721245932028168 ], [ 6.287570832199585, 48.721187783697808 ], [ 6.287609807617994, 48.721126814051416 ], [ 6.287639563338002, 48.721063610268452 ], [ 6.287659812826345, 48.720998781042546 ], [ 6.287670361103491, 48.720932950719281 ], [ 6.2876711066201, 48.720866753283069 ], [ 6.287662042233588, 48.720800826251612 ], [ 6.287643255275504, 48.72073580453614 ], [ 6.287614926709054, 48.720672314326961 ], [ 6.287577329385023, 48.720610967063152 ], [ 6.287530825412854, 48.720552353544207 ], [ 6.287475862672323, 48.720497038240694 ], [ 6.287412970499393, 48.720445553858447 ], [ 6.287381805637279, 48.720424623267256 ], [ 6.287410231641539, 48.72040205018488 ], [ 6.287466434381423, 48.720347283165061 ], [ 6.287514253409994, 48.72028913481256 ], [ 6.287553228224052, 48.720228165137662 ], [ 6.287582983500708, 48.720164961320101 ], [ 6.287603232710967, 48.720100132053851 ], [ 6.287613780877974, 48.720034301684855 ], [ 6.287614526453446, 48.719968104197989 ], [ 6.287605462294235, 48.719902177111443 ], [ 6.287586675729696, 48.719837155336954 ], [ 6.287558347719246, 48.719773665065446 ], [ 6.287520751108313, 48.719712317736537 ], [ 6.287474247999473, 48.719653704150389 ], [ 6.287419286264186, 48.719598388778202 ], [ 6.287356395228733, 48.719546904326485 ], [ 6.287286180575959, 48.719499746607141 ], [ 6.287209318511907, 48.719457369763049 ], [ 6.287126549253566, 48.719420181894876 ], [ 6.287038669900435, 48.71938854113116 ], [ 6.286946526758548, 48.719362752179919 ], [ 6.286851007190851, 48.719343063394419 ], [ 6.286753031072417, 48.719329664381767 ], [ 6.286653541932714, 48.719322684177079 ], [ 6.286553497870219, 48.719322190001158 ], [ 6.28645386232679, 48.719328186612948 ], [ 6.286355594810636, 48.719340616263963 ], [ 6.286259641657117, 48.719359359254163 ], [ 6.28616692691636, 48.719384235084689 ], [ 6.286116207005039, 48.719401852455789 ], [ 6.286138523244981, 48.719366943497995 ], [ 6.286168279742515, 48.719303739986522 ], [ 6.286188530374354, 48.719238910912473 ], [ 6.286199080149948, 48.719173080619925 ], [ 6.286199827505526, 48.719106883093055 ], [ 6.28619076528079, 48.719040955850396 ], [ 6.286171980786467, 48.718975933805218 ], [ 6.286143654962035, 48.718912443151034 ], [ 6.286106060631869, 48.718851095331161 ], [ 6.286079435843446, 48.718817534816253 ], [ 6.286132193114892, 48.718832301105351 ], [ 6.286227711477955, 48.718851990474832 ], [ 6.286325686565942, 48.718865389924261 ], [ 6.286425174791087, 48.718872370405009 ], [ 6.286525217991068, 48.718872864688699 ], [ 6.286624852658031, 48.718866868014992 ], [ 6.28672311921912, 48.718854438137228 ], [ 6.286819071279101, 48.718835694766241 ], [ 6.286911784735988, 48.718810818417353 ], [ 6.287000366681845, 48.718780048671562 ], [ 6.287083964003012, 48.718743681867991 ], [ 6.287161771596855, 48.718702068249627 ], [ 6.287233040125925, 48.718655608589856 ], [ 6.28729708323477, 48.718604750332332 ], [ 6.287353284159949, 48.718549983281434 ], [ 6.287401101669533, 48.718491834884709 ], [ 6.287440075274945, 48.718430865152854 ], [ 6.287469829664936, 48.71836766126615 ], [ 6.287490078319049, 48.718302831919239 ], [ 6.28750062626578, 48.718237001458846 ], [ 6.287501371958967, 48.718170803870727 ], [ 6.287492308254325, 48.718104876674026 ], [ 6.287473522476829, 48.718039854781587 ], [ 6.287445195578314, 48.717976364385443 ], [ 6.287407600393498, 48.717915016926391 ], [ 6.287361099011219, 48.717856403205893 ], [ 6.287306139286309, 48.717801087696415 ], [ 6.287243250525688, 48.717749603105766 ], [ 6.28721208733958, 48.717728672421885 ], [ 6.287240511950463, 48.717706099327785 ], [ 6.287296711968335, 48.717651332261369 ], [ 6.287344528718459, 48.717593183842538 ], [ 6.287383501719575, 48.717532214082212 ], [ 6.287413255666254, 48.717469010160961 ], [ 6.287433504042304, 48.717404180773755 ], [ 6.287444051878899, 48.717338350267681 ], [ 6.287444797630938, 48.717272152628965 ], [ 6.287435734153565, 48.717206225377232 ], [ 6.287416948769566, 48.71714120342584 ], [ 6.287388622426987, 48.717077712967381 ], [ 6.287351027955189, 48.7170163654433 ], [ 6.287304527436143, 48.716957751655642 ], [ 6.287249568716367, 48.716902436077532 ], [ 6.2871866810931, 48.716850951417449 ], [ 6.28715551846563, 48.716830020702702 ], [ 6.287183942612075, 48.716807447604701 ], [ 6.287240141722668, 48.716752680522774 ], [ 6.287287957713358, 48.71669453208186 ], [ 6.287326930110197, 48.716633562293097 ], [ 6.287356683613575, 48.716570358337314 ], [ 6.287376931711569, 48.716505528909813 ], [ 6.287387479438031, 48.71643969835808 ], [ 6.287388225248915, 48.71637350066878 ], [ 6.287379161998802, 48.716307573362023 ], [ 6.287360377008285, 48.716242551351684 ], [ 6.28733205122162, 48.716179060830967 ], [ 6.287294457462812, 48.716117713241864 ], [ 6.287247957806968, 48.71605909938706 ], [ 6.287193000092289, 48.716003783740334 ], [ 6.287130113606336, 48.715952299010823 ], [ 6.287098951537483, 48.715931368265203 ], [ 6.287127375219507, 48.71590879516333 ], [ 6.287183573422849, 48.715854028065891 ], [ 6.287231388654128, 48.715795879602901 ], [ 6.287270360446709, 48.715734909785716 ], [ 6.287300113506801, 48.715671705795422 ], [ 6.287320361326746, 48.715606876327662 ], [ 6.287330908943074, 48.715541045730284 ], [ 6.287331654812801, 48.715474847990421 ], [ 6.287322591789936, 48.715408920628654 ], [ 6.287303807192886, 48.715343898559397 ], [ 6.287275481962111, 48.715280407976394 ], [ 6.287237888916268, 48.715219060322291 ], [ 6.287191390123593, 48.715160446400347 ], [ 6.287136433413975, 48.715105130685025 ], [ 6.287073548065295, 48.715053645886115 ], [ 6.287003339705628, 48.71500648781889 ], [ 6.286926484480412, 48.714964110629566 ], [ 6.286843722540776, 48.714926922422116 ], [ 6.286755850915736, 48.714895281328388 ], [ 6.286663715836907, 48.714869492059549 ], [ 6.286568204589587, 48.714849802971912 ], [ 6.286470236968723, 48.714836403675513 ], [ 6.286370756421957, 48.714829423208229 ], [ 6.286270720965013, 48.714828928793324 ], [ 6.286171093956883, 48.714834925192093 ], [ 6.286072834823576, 48.71484735465809 ], [ 6.285976889819736, 48.714866097493065 ], [ 6.285884182917003, 48.714890973199644 ], [ 6.285795606906873, 48.714921742219353 ], [ 6.285712014803643, 48.714958108239394 ], [ 6.285634211630238, 48.714999721045885 ], [ 6.285602581184611, 48.715020341490614 ], [ 6.285568470004486, 48.715001532274464 ], [ 6.285485708972088, 48.714964343126312 ], [ 6.285397838106465, 48.714932701033547 ], [ 6.285305703631913, 48.714906910716955 ], [ 6.285210192827917, 48.714887220542977 ], [ 6.285112225485154, 48.714873820132055 ], [ 6.285012745048586, 48.714866838532828 ], [ 6.284912709532878, 48.714866342979469 ], [ 6.284813082297586, 48.714872338244213 ], [ 6.284714822770909, 48.714884766591531 ], [ 6.284618877211277, 48.714903508333968 ], [ 6.284526169595681, 48.71492838298466 ], [ 6.284475453456318, 48.714945999725636 ], [ 6.284497768889398, 48.714911090941456 ], [ 6.284527524834058, 48.714847887597948 ], [ 6.28454777577468, 48.714783058554985 ], [ 6.284558326717734, 48.714717228156324 ], [ 6.2845590760882, 48.714651030387159 ], [ 6.284550016706371, 48.714585102768361 ], [ 6.284531235855589, 48.71452008021685 ], [ 6.284502914440234, 48.714456588930993 ], [ 6.284465325242218, 48.714395240360204 ], [ 6.284438703777999, 48.7143616793512 ], [ 6.284491456086943, 48.714376446422001 ], [ 6.284586965686486, 48.714396137179868 ], [ 6.284684931998957, 48.714409538027532 ], [ 6.284784411521112, 48.71441651990277 ], [ 6.284884446174446, 48.714417015563889 ], [ 6.284984072533422, 48.714411020237222 ], [ 6.285082331105202, 48.714398591663155 ], [ 6.285178275571496, 48.714379849539959 ], [ 6.285270981903455, 48.714354974370956 ], [ 6.285359557261764, 48.714324205725745 ], [ 6.285443148596205, 48.714287839932894 ], [ 6.285520950861805, 48.71424622722563 ], [ 6.285592214772422, 48.714199768368573 ], [ 6.285656254017087, 48.71414891079764 ], [ 6.285712451869567, 48.714094144310586 ], [ 6.285760267127523, 48.714035996349544 ], [ 6.285799239324054, 48.713975026921013 ], [ 6.285828993161479, 48.713911823202366 ], [ 6.285849242124652, 48.713846993886605 ], [ 6.285859791239089, 48.713781163320171 ], [ 6.285860538947377, 48.713714965489821 ], [ 6.285851478085813, 48.713649037917072 ], [ 6.285832695951989, 48.71358401551835 ], [ 6.285804373462645, 48.713520524490555 ], [ 6.285766783410028, 48.713459176280629 ], [ 6.285720287833552, 48.713400561697206 ], [ 6.285665334532129, 48.713345245221085 ], [ 6.285602452750819, 48.713293759569389 ], [ 6.285571292879298, 48.713272828377221 ], [ 6.285599715775147, 48.713250255587873 ], [ 6.285655912720413, 48.713195489085351 ], [ 6.285703727218974, 48.713137341102275 ], [ 6.285742698811248, 48.713076371645357 ], [ 6.285772452205366, 48.713013167892228 ], [ 6.285792700890453, 48.712948338536243 ], [ 6.285803249894703, 48.712882507924206 ], [ 6.285803997661758, 48.712816310043358 ], [ 6.285794937027354, 48.712750382415649 ], [ 6.285776155286892, 48.712685359958058 ], [ 6.28574783335332, 48.712621868868055 ], [ 6.285710244013535, 48.712560520593186 ], [ 6.285663749300082, 48.71250190594268 ], [ 6.285608797003563, 48.712446589398013 ], [ 6.28554591635936, 48.712395103676975 ], [ 6.285475712950242, 48.7123479446037 ], [ 6.285398862873969, 48.712305566334116 ], [ 6.285316106232086, 48.7122683769826 ], [ 6.285228240002596, 48.712236734691977 ], [ 6.285136110365147, 48.712210944184974 ], [ 6.285040604552644, 48.712191253829857 ], [ 6.284942642307697, 48.712177853248811 ], [ 6.284843167026174, 48.712170871492091 ], [ 6.284743136673101, 48.712170375795424 ], [ 6.284643514558318, 48.712176370932411 ], [ 6.284545260060714, 48.712188799168764 ], [ 6.28444931939029, 48.712207540818071 ], [ 6.284356616476954, 48.712232415394396 ], [ 6.284305902896994, 48.712250032103917 ], [ 6.284328217292029, 48.712215123270965 ], [ 6.284357971906594, 48.712151919824024 ], [ 6.284378222012782, 48.712087090660361 ], [ 6.284388772625094, 48.712021260124921 ], [ 6.284389522171692, 48.711955062204197 ], [ 6.284380463471165, 48.711889134420559 ], [ 6.284361683800293, 48.711824111692437 ], [ 6.284333364052092, 48.711760620219977 ], [ 6.28429577699241, 48.711699271454357 ], [ 6.284249284631836, 48.711640656209539 ], [ 6.284194334738313, 48.711585338972739 ], [ 6.284131456524078, 48.711533852468378 ], [ 6.284100298291166, 48.711512920860571 ], [ 6.284128720865207, 48.711490348387642 ], [ 6.284184917459499, 48.71143558249554 ], [ 6.284232731984583, 48.711377435014469 ], [ 6.284271703980619, 48.711316465946283 ], [ 6.284301458151846, 48.711253262464872 ], [ 6.284321707979901, 48.711188433261015 ], [ 6.28433225848197, 48.711122602680014 ], [ 6.284333008087268, 48.711056404708806 ], [ 6.284323949613824, 48.710990476870236 ], [ 6.284305170336222, 48.710925454083309 ], [ 6.284276851143696, 48.71086196254867 ], [ 6.284239264796739, 48.710800613718135 ], [ 6.284192773299075, 48.710741998406284 ], [ 6.284137824410337, 48.710686681100974 ], [ 6.284074947333084, 48.710635194527313 ], [ 6.284004747615737, 48.710588034517649 ], [ 6.283927901320506, 48.710545655236949 ], [ 6.28384514851252, 48.710508464809273 ], [ 6.283757286132863, 48.710476821387857 ], [ 6.283665160324112, 48.71045102970632 ], [ 6.283569658282299, 48.710431338144183 ], [ 6.283471699713723, 48.710417936335325 ], [ 6.283372227978853, 48.710410953341807 ], [ 6.283272201008558, 48.710410456411225 ], [ 6.283172582080104, 48.710416450329113 ], [ 6.283074330541696, 48.710428877372891 ], [ 6.282978392574837, 48.710447617867644 ], [ 6.282885692083402, 48.710472491338564 ], [ 6.282797121797145, 48.710503258248686 ], [ 6.282713534675242, 48.710539622305511 ], [ 6.282635735692644, 48.710581233314066 ], [ 6.282604106738265, 48.710601853041872 ], [ 6.282569999521645, 48.710583042897525 ], [ 6.282487247620857, 48.710545851529247 ], [ 6.282399386000604, 48.710514207108901 ], [ 6.282307260796151, 48.710488414379704 ], [ 6.282211759197714, 48.710468721731324 ], [ 6.282113800907321, 48.710455318808044 ], [ 6.28201432928276, 48.710448334682674 ], [ 6.281914302253841, 48.71044783661371 ], [ 6.281814683098395, 48.710453829397657 ], [ 6.281716431166809, 48.710466255322856 ], [ 6.281620492644376, 48.710484994725149 ], [ 6.281527791440318, 48.710509867140267 ], [ 6.281477078578407, 48.710527482673371 ], [ 6.281499394127596, 48.710492574318096 ], [ 6.28152915118271, 48.710429371483571 ], [ 6.281549404130743, 48.710364542704625 ], [ 6.281559957958828, 48.710298712322462 ], [ 6.281560711064152, 48.710232514322136 ], [ 6.281551656231033, 48.710166586226727 ], [ 6.281532880698997, 48.710101562957746 ], [ 6.281504565321205, 48.710038070720451 ], [ 6.281466982821415, 48.709976720973465 ], [ 6.281420495166298, 48.709918104540165 ], [ 6.281365550078485, 48.709862785919249 ], [ 6.281302676723931, 48.709811297848425 ], [ 6.281271520651157, 48.709790365471143 ], [ 6.281299943510152, 48.709767793638868 ], [ 6.281356141216559, 48.709713028998515 ], [ 6.281403957313104, 48.709654882565502 ], [ 6.281442931324805, 48.709593914331592 ], [ 6.28147268793649, 48.709530711462655 ], [ 6.281492940606288, 48.709465882643521 ], [ 6.281503494324014, 48.709400052215841 ], [ 6.281504247487911, 48.709333854165052 ], [ 6.281495192881735, 48.709267926014753 ], [ 6.281476417742827, 48.709202902686982 ], [ 6.281448102920556, 48.709139410387579 ], [ 6.28141052113333, 48.709078060575713 ], [ 6.28136403434096, 48.709019444075437 ], [ 6.281309090257765, 48.708964125386053 ], [ 6.281246218040026, 48.708912637245987 ], [ 6.281215062525657, 48.708891704837889 ], [ 6.28124348492025, 48.708869133001777 ], [ 6.281299681719433, 48.708814368346005 ], [ 6.281347497056539, 48.708756221891008 ], [ 6.281386470463906, 48.708695253628747 ], [ 6.281416226632174, 48.708632050725384 ], [ 6.281436479023747, 48.708567221866119 ], [ 6.281447032631112, 48.7085013913929 ], [ 6.28144778585358, 48.708435193291685 ], [ 6.281438731474336, 48.708369265086532 ], [ 6.281419956728539, 48.708304241699977 ], [ 6.281391642461768, 48.708240749338472 ], [ 6.281354061387081, 48.708179399461748 ], [ 6.281307575457425, 48.708120782894518 ], [ 6.281252632378812, 48.708065464136688 ], [ 6.281189761297846, 48.708013975927372 ], [ 6.281158606341812, 48.707993043488464 ], [ 6.281187028272067, 48.707970471648466 ], [ 6.281243224164054, 48.707915706977275 ], [ 6.28129103874175, 48.70785756050028 ], [ 6.281330011544799, 48.707796592209718 ], [ 6.281359767269665, 48.707733389271958 ], [ 6.281380019383016, 48.707668560372539 ], [ 6.281390572880025, 48.707602729853839 ], [ 6.281391326161057, 48.707536531702196 ], [ 6.281382272008737, 48.707470603442204 ], [ 6.281363497656033, 48.707405579996895 ], [ 6.28133518394474, 48.707342087573281 ], [ 6.281297603582566, 48.707280737631734 ], [ 6.281251118515593, 48.707222120997535 ], [ 6.281196176441524, 48.707166802171294 ], [ 6.281133306497292, 48.707115313892757 ], [ 6.28106311416262, 48.707068152010677 ], [ 6.280986275428625, 48.707025770708029 ], [ 6.28090353028762, 48.70698857812841 ], [ 6.280815675606855, 48.706956932445735 ], [ 6.28072355745477, 48.70693113841542 ], [ 6.280628062953661, 48.706911444439598 ], [ 6.280530111737215, 48.706898040175382 ], [ 6.280430647095099, 48.706891054708493 ], [ 6.280330626889883, 48.706890555310359 ], [ 6.280231014333684, 48.70689654679024 ], [ 6.280132768713345, 48.706908971449053 ], [ 6.280036836153378, 48.70692770963489 ], [ 6.27994414050559, 48.706952580895077 ], [ 6.279855574453087, 48.706983345714036 ], [ 6.279771990914274, 48.707019707819391 ], [ 6.279694194829594, 48.707061317034928 ], [ 6.279662566844961, 48.707081936044915 ], [ 6.279628462984303, 48.70706312500316 ], [ 6.279545718750483, 48.70702593148301 ], [ 6.279457864829133, 48.706994284801489 ], [ 6.279365747281386, 48.706968489723614 ], [ 6.279270253223716, 48.706948794661614 ], [ 6.279172302285541, 48.706935389283046 ], [ 6.279072837753849, 48.706928402684383 ], [ 6.278972817490145, 48.706927902147939 ], [ 6.278873204707111, 48.706933892493957 ], [ 6.278774958693773, 48.706946316034262 ], [ 6.278679025578429, 48.706965053127689 ], [ 6.27858632921823, 48.706989923332138 ], [ 6.278497762303146, 48.707020687142133 ], [ 6.278414177759888, 48.70705704829507 ], [ 6.278336380538569, 48.707098656623899 ], [ 6.278265119861165, 48.70714511142917 ], [ 6.278201082006388, 48.707195965337441 ], [ 6.278144883700482, 48.707250728609345 ], [ 6.278097066177545, 48.707308873855503 ], [ 6.278058089966622, 48.707369841115344 ], [ 6.278028330455792, 48.70743304324921 ], [ 6.278008074275973, 48.707497871592665 ], [ 6.277997516539344, 48.707563701818003 ], [ 6.277996758958987, 48.70762989994661 ], [ 6.278005808867953, 48.707695828454511 ], [ 6.278024579147196, 48.707760852412022 ], [ 6.278052889063195, 48.70782434559856 ], [ 6.278090466007169, 48.707885696533644 ], [ 6.278117080095627, 48.707919259144603 ], [ 6.278064336106058, 48.70790448917429 ], [ 6.277968840828524, 48.707884793086357 ], [ 6.277870888469855, 48.707871386650041 ], [ 6.277771422330718, 48.707864398971985 ], [ 6.277671400288098, 48.7078638973449 ], [ 6.277571785571808, 48.707869886599525 ], [ 6.277473537489491, 48.707882309058206 ], [ 6.277377602189365, 48.707901045090203 ], [ 6.277284903549628, 48.707925914263633 ], [ 6.277196334282195, 48.707956677082954 ], [ 6.27711274733643, 48.707993037295068 ], [ 6.277034947685583, 48.708034644742028 ], [ 6.276963684575025, 48.708081098732848 ], [ 6.276899644306904, 48.708131951901962 ], [ 6.276843443630699, 48.708186714517069 ], [ 6.276795623803337, 48.70824485919519 ], [ 6.276756645376057, 48.708305825981142 ], [ 6.276726883758279, 48.708369027739884 ], [ 6.276706625601216, 48.708433855810597 ], [ 6.276696066036089, 48.708499685868162 ], [ 6.27669530679359, 48.708565883935613 ], [ 6.276704355222777, 48.708631812489557 ], [ 6.276723124218861, 48.708696836599877 ], [ 6.276751433060674, 48.70876033004447 ], [ 6.276789009149786, 48.708821681340453 ], [ 6.276815622879049, 48.708855244214874 ], [ 6.276762878312668, 48.708840473681022 ], [ 6.276667381815295, 48.70882077656713 ], [ 6.276569428036145, 48.708807369073035 ], [ 6.276469960289567, 48.708800380315537 ], [ 6.276369936468022, 48.708799877597777 ], [ 6.276270319818455, 48.708805865760986 ], [ 6.276172069667127, 48.708818287138001 ], [ 6.276076132182181, 48.708837022108533 ], [ 6.275983431262848, 48.708861890250887 ], [ 6.275894859643001, 48.70889265207947 ], [ 6.275811270294658, 48.708929011350733 ], [ 6.275733468214201, 48.70897061791576 ], [ 6.275701837511356, 48.708991235842113 ], [ 6.275667733830433, 48.70897242369886 ], [ 6.275584989392541, 48.708935227492432 ], [ 6.275497134660054, 48.708903577945968 ], [ 6.275405015701911, 48.70887777985201 ], [ 6.275309519648177, 48.708858081651925 ], [ 6.27521156614749, 48.708844673043451 ], [ 6.275112098511515, 48.708837683154151 ], [ 6.275012074631651, 48.708837179298051 ], [ 6.274912457755404, 48.708843166327334 ], [ 6.274814207211216, 48.708855586585784 ], [ 6.274718269171013, 48.708874320463856 ], [ 6.274625567539377, 48.708899187550394 ], [ 6.274574853914081, 48.708916800173988 ], [ 6.274597173385986, 48.708881893061758 ], [ 6.274626937871482, 48.708818691861964 ], [ 6.274647198757592, 48.708753864165708 ], [ 6.274657760954995, 48.708688034303762 ], [ 6.274658522780272, 48.708621836256206 ], [ 6.274649476933762, 48.708555907546568 ], [ 6.274630710568446, 48.708490883102257 ], [ 6.274602404449201, 48.708427389139878 ], [ 6.274564831210624, 48.708366037134624 ], [ 6.274538219176031, 48.708332473744129 ], [ 6.274590962600911, 48.708347245267852 ], [ 6.274686457450324, 48.708366944051647 ], [ 6.274784409920842, 48.708380353096715 ], [ 6.274883876642534, 48.70838734326194 ], [ 6.274983899660183, 48.708387847225708 ], [ 6.27508351566032, 48.708381860134445 ], [ 6.275181765249873, 48.708369439649189 ], [ 6.275277702197061, 48.708350705390359 ], [ 6.275370402545451, 48.708325837785488 ], [ 6.275458973513352, 48.708295076331346 ], [ 6.275542562092824, 48.708258717287244 ], [ 6.275620363265423, 48.708217110821408 ], [ 6.275691627755525, 48.708170657638348 ], [ 6.27575566924657, 48.708119805119352 ], [ 6.275811870990682, 48.708065043013512 ], [ 6.27585969174803, 48.708006898720768 ], [ 6.275898670998742, 48.707945932212297 ], [ 6.275928433377183, 48.707882730637337 ], [ 6.275948692285945, 48.707817902668275 ], [ 6.275959252654749, 48.707752072638542 ], [ 6.275960012817784, 48.707685874529801 ], [ 6.275950965491395, 48.707619945866156 ], [ 6.275932197842818, 48.707554921574634 ], [ 6.275903890649282, 48.707491427870323 ], [ 6.275866316555729, 48.707430076225947 ], [ 6.275819837447877, 48.707371457483205 ], [ 6.27576490096604, 48.707316136162959 ], [ 6.275702036193301, 48.707264645029021 ], [ 6.275670883882115, 48.707243711143789 ], [ 6.275699307774949, 48.707221140596708 ], [ 6.27575550861169, 48.707166378475428 ], [ 6.275803328609432, 48.707108234160692 ], [ 6.27584230725562, 48.707047267623878 ], [ 6.275872069190441, 48.706984066014513 ], [ 6.275892327820754, 48.706919238005298 ], [ 6.275902888078964, 48.70685340793009 ], [ 6.275903648300323, 48.70678720977093 ], [ 6.275894601200614, 48.706721281052488 ], [ 6.275875833944886, 48.706656256702239 ], [ 6.275847527306587, 48.706592762935877 ], [ 6.275809953925307, 48.706531411226699 ], [ 6.275763475679906, 48.706472792417053 ], [ 6.275708540202392, 48.706417471028452 ], [ 6.275645676566172, 48.706365979825335 ], [ 6.275614524813222, 48.70634504590933 ], [ 6.275642948241652, 48.706322475358355 ], [ 6.27569914817105, 48.706267713221649 ], [ 6.275746967409209, 48.706209568884923 ], [ 6.275785945450893, 48.706148602319793 ], [ 6.275815706942104, 48.706085400676038 ], [ 6.275835965293977, 48.706020572626699 ], [ 6.275846525441595, 48.705954742506023 ], [ 6.275847285721274, 48.705888544296485 ], [ 6.275838238848234, 48.705822615523232 ], [ 6.27581947198534, 48.705757591114264 ], [ 6.275791165902254, 48.705694097285864 ], [ 6.275753593233223, 48.705632745511906 ], [ 6.27570711585024, 48.705574126635391 ], [ 6.275652181377013, 48.705518805178443 ], [ 6.275589318877272, 48.705467313906169 ], [ 6.27555816768256, 48.705446379959412 ], [ 6.275586590646579, 48.705423809404579 ], [ 6.275642789668662, 48.705369047252439 ], [ 6.275690608147265, 48.705310902893729 ], [ 6.27572958558446, 48.705249936300298 ], [ 6.275759346632078, 48.705186734622174 ], [ 6.275779604705518, 48.705121906532732 ], [ 6.275790164742543, 48.705056076366589 ], [ 6.275790925080538, 48.704989878106701 ], [ 6.275781878434157, 48.704923949278644 ], [ 6.275763111964081, 48.704858924810992 ], [ 6.275734806436188, 48.704795430920562 ], [ 6.275697234479376, 48.704734079081867 ], [ 6.275650757958783, 48.704675460138468 ], [ 6.275595824489803, 48.704620138613194 ], [ 6.275532963126501, 48.704568647271763 ], [ 6.27546277926597, 48.704521481992501 ], [ 6.275385948817717, 48.704479096991051 ], [ 6.275303211694267, 48.704441900446618 ], [ 6.275215364685661, 48.704410250571343 ], [ 6.275123253786458, 48.70438445216098 ], [ 6.275027766049114, 48.704364753659867 ], [ 6.274929821042184, 48.704351344768682 ], [ 6.274830361995534, 48.704344354617703 ], [ 6.274730346717854, 48.704343850523479 ], [ 6.274630738373811, 48.704349837340487 ], [ 6.274532496209686, 48.704362257414566 ], [ 6.274436566316703, 48.704380991137903 ], [ 6.274343872520987, 48.704405858100884 ], [ 6.274293163160814, 48.704423470672253 ], [ 6.274315480901977, 48.704388563478901 ], [ 6.27434524316914, 48.704325362107134 ], [ 6.274365502662753, 48.704260534210228 ], [ 6.274376064306899, 48.704194704120937 ], [ 6.274376826423479, 48.704128505821458 ], [ 6.274367781710022, 48.704062576837778 ], [ 6.274349017308589, 48.703997552099956 ], [ 6.274320713965142, 48.703934057827418 ], [ 6.274283144287534, 48.703872705498341 ], [ 6.274236670118955, 48.703814085961028 ], [ 6.274181739052151, 48.703758763744013 ], [ 6.274118880118051, 48.703707271619685 ], [ 6.27408773056137, 48.703686337257587 ], [ 6.274116153203217, 48.703663767019229 ], [ 6.27417235187346, 48.703609005477624 ], [ 6.274220170377602, 48.703550861621089 ], [ 6.274259148217468, 48.703489895416617 ], [ 6.274288910041004, 48.703426694010503 ], [ 6.274309169256138, 48.703361866073529 ], [ 6.274319730789636, 48.703296035938799 ], [ 6.274320492964463, 48.703229837588985 ], [ 6.274311448477587, 48.70316390855055 ], [ 6.274292684468884, 48.703098883754073 ], [ 6.274264381680531, 48.703035389419547 ], [ 6.274226812715037, 48.702974037025754 ], [ 6.274180339408733, 48.702915417421622 ], [ 6.274125409346058, 48.702860095136309 ], [ 6.274062551548272, 48.702808602942881 ], [ 6.274031402549743, 48.70278766855003 ], [ 6.274059824727211, 48.702765098307815 ], [ 6.274116022490175, 48.702710336750812 ], [ 6.274163840234778, 48.702652192872343 ], [ 6.274202817470155, 48.702591226639598 ], [ 6.274232578850076, 48.702528025199157 ], [ 6.27425283778674, 48.702463197222102 ], [ 6.274263399209592, 48.702397367041982 ], [ 6.274264161442663, 48.702331168641855 ], [ 6.274255117182355, 48.70226523954868 ], [ 6.274236353566366, 48.702200214693569 ], [ 6.274208051333086, 48.702136720297077 ], [ 6.274170483079681, 48.702075367838574 ], [ 6.274124010635618, 48.702016748167637 ], [ 6.274069081577036, 48.701961425814041 ], [ 6.274006224915523, 48.701909933551505 ], [ 6.273975076475113, 48.701888999127931 ], [ 6.27400349818823, 48.701866428881843 ], [ 6.274059695043945, 48.701811667309471 ], [ 6.274107512029031, 48.701753523409074 ], [ 6.27414648865994, 48.701692557148071 ], [ 6.274176249596258, 48.701629355673312 ], [ 6.274196508254458, 48.701564527656217 ], [ 6.274207069566666, 48.701498697430694 ], [ 6.274207831857975, 48.701432498980274 ], [ 6.274198787824227, 48.701366569832381 ], [ 6.274180024600935, 48.701301544918657 ], [ 6.274151722922707, 48.701238050460205 ], [ 6.274114155381363, 48.701176697937036 ], [ 6.27406768379951, 48.701118078199286 ], [ 6.274012755744984, 48.701062755777414 ], [ 6.273949900219703, 48.701011263445828 ], [ 6.273879722564535, 48.700964097092339 ], [ 6.273802898629228, 48.700921710942957 ], [ 6.27372016826359, 48.700884513187958 ], [ 6.27363232819258, 48.700852862051114 ], [ 6.273540224343949, 48.700827062340295 ], [ 6.273444743702258, 48.70080736251245 ], [ 6.273346805767728, 48.700793952280982 ], [ 6.273247353702126, 48.700786960789088 ], [ 6.273147345246909, 48.70078645536622 ], [ 6.273047743501049, 48.700792440879653 ], [ 6.272949507647286, 48.700804859687779 ], [ 6.272853583716077, 48.700823592194986 ], [ 6.272760895476135, 48.700848458003364 ], [ 6.272672335539228, 48.700879217649778 ], [ 6.27258875676486, 48.700915574911683 ], [ 6.27251096404759, 48.700957179659497 ], [ 6.272479336923079, 48.700977796872387 ], [ 6.272445239630729, 48.700958983679527 ], [ 6.272362510172327, 48.700921784984139 ], [ 6.272274670860838, 48.700890132848592 ], [ 6.272182567616698, 48.700864332090397 ], [ 6.272087087418644, 48.700844631176508 ], [ 6.271989149762629, 48.700831219830832 ], [ 6.271889697807736, 48.700824227207292 ], [ 6.271789689294359, 48.700823720646241 ], [ 6.271690087322027, 48.700829705025917 ], [ 6.271591851075662, 48.700842122715621 ], [ 6.2714959265895, 48.700860854130532 ], [ 6.271403237637601, 48.700885718883228 ], [ 6.271314676838584, 48.700916477520764 ], [ 6.27123109706026, 48.700952833830286 ], [ 6.271153303206851, 48.700994437691428 ], [ 6.271121675524275, 48.701015054543696 ], [ 6.271087578696292, 48.700996240963377 ], [ 6.27100485014518, 48.700959041327621 ], [ 6.270917011593265, 48.700927388193385 ], [ 6.270824908953671, 48.700901586387786 ], [ 6.270729429199313, 48.700881884387854 ], [ 6.270631491821872, 48.700868471927983 ], [ 6.270532039977748, 48.700861478172811 ], [ 6.270432031406269, 48.70086097047357 ], [ 6.270332429207524, 48.700866953719483 ], [ 6.270234192568612, 48.700879370290778 ], [ 6.270138267527555, 48.700898100613358 ], [ 6.270045577863749, 48.700922964310379 ], [ 6.269957016202674, 48.700953721939008 ], [ 6.26987343542044, 48.700990077296169 ], [ 6.269795640430934, 48.701031680270624 ], [ 6.269724380434635, 48.701078130214484 ], [ 6.269660341703687, 48.701128979801126 ], [ 6.269604140972761, 48.701183739332819 ], [ 6.269556319499298, 48.701241881456212 ], [ 6.269517337850382, 48.701302846240765 ], [ 6.269487571466445, 48.701366046570705 ], [ 6.269467307044589, 48.701430873798941 ], [ 6.269456739776357, 48.701496703608527 ], [ 6.269455971466614, 48.701562902024861 ], [ 6.269465009551732, 48.701628831521184 ], [ 6.26948376702653, 48.701693857158276 ], [ 6.269512063280795, 48.701757352699431 ], [ 6.269549625837311, 48.701818706641475 ], [ 6.269576231351775, 48.701852271330999 ], [ 6.269523495898554, 48.70183749750862 ], [ 6.269428014925071, 48.701817794482764 ], [ 6.269330076127893, 48.701804380965122 ], [ 6.269230622677093, 48.701797386130565 ], [ 6.26913061232747, 48.701796877340676 ], [ 6.269031008196237, 48.701802859495203 ], [ 6.268932769489105, 48.701815274984867 ], [ 6.268836842264008, 48.701834004246024 ], [ 6.268744150321376, 48.70185886691204 ], [ 6.268693441545476, 48.701876477141361 ], [ 6.268715761938905, 48.701841570919925 ], [ 6.268745529526924, 48.701778370808164 ], [ 6.268765794978742, 48.701713543721716 ], [ 6.26877636316106, 48.701647713985501 ], [ 6.268777132332807, 48.701581515578319 ], [ 6.268768095123561, 48.701515586027234 ], [ 6.268749338603115, 48.701450560267723 ], [ 6.268721043441526, 48.701387064529087 ], [ 6.268683482167858, 48.7013257103036 ], [ 6.268637016544361, 48.701267088457854 ], [ 6.268582094081491, 48.701211763542595 ], [ 6.268519243727323, 48.701160268356212 ], [ 6.268488097931436, 48.70113933248664 ], [ 6.268516521606244, 48.701116763533477 ], [ 6.268572723404631, 48.701062004511073 ], [ 6.268620545807664, 48.701003862773057 ], [ 6.268659528279614, 48.700942898266049 ], [ 6.268689295423814, 48.700879698119969 ], [ 6.268709560596939, 48.700814870993476 ], [ 6.268720128668376, 48.700749041211871 ], [ 6.268720897898122, 48.700682842754418 ], [ 6.268711860915192, 48.700616913148629 ], [ 6.268693104787198, 48.700551887330533 ], [ 6.268664810180422, 48.700488391529987 ], [ 6.268627249618573, 48.700427037239855 ], [ 6.268580784857055, 48.700368415327368 ], [ 6.268525863398019, 48.700313090343897 ], [ 6.26846301417987, 48.700261595088513 ], [ 6.268431868942035, 48.700240659188246 ], [ 6.268460292152399, 48.700218090231246 ], [ 6.268516493043389, 48.700163331193437 ], [ 6.268564314686737, 48.700105189433515 ], [ 6.26860329655403, 48.700044224898235 ], [ 6.268633063254422, 48.699981024717857 ], [ 6.268653328148863, 48.699916197551332 ], [ 6.268663896109422, 48.699850367724359 ], [ 6.268664665397159, 48.699784169216635 ], [ 6.268655628640536, 48.699718239556169 ], [ 6.26863687290498, 48.699653213679504 ], [ 6.26860857885299, 48.699589717817062 ], [ 6.268571019002938, 48.699528363462314 ], [ 6.268524555103368, 48.699469741483092 ], [ 6.268469634648127, 48.699414416431431 ], [ 6.268406786565958, 48.699362921107024 ], [ 6.268336616126049, 48.699315751426568 ], [ 6.268259799108668, 48.699273361648089 ], [ 6.268177075297, 48.699236159996772 ], [ 6.268089241352898, 48.699204504733949 ], [ 6.267997143145112, 48.699178700707272 ], [ 6.267901667603881, 48.699158996415164 ], [ 6.267803734180311, 48.699145581614076 ], [ 6.267704285992732, 48.699138585491184 ], [ 6.267604280745259, 48.699138075420535 ], [ 6.267504681505969, 48.699144056314204 ], [ 6.267406447433466, 48.699156470575026 ], [ 6.267310524541053, 48.699175198651211 ], [ 6.267217836587438, 48.699200060187515 ], [ 6.267167129876754, 48.699217669807886 ], [ 6.267189450154083, 48.699182763793054 ], [ 6.267219218073398, 48.699119563919169 ], [ 6.267239484387375, 48.699054736945307 ], [ 6.267250053954401, 48.698988907195364 ], [ 6.267250825020072, 48.698922708648276 ], [ 6.267241790195719, 48.698856778832386 ], [ 6.267223036528166, 48.698791752685764 ], [ 6.26719474465999, 48.698728256441449 ], [ 6.267157187088534, 48.698666901596603 ], [ 6.267110725540397, 48.698608279023716 ], [ 6.267055807486783, 48.698552953280604 ], [ 6.266992961833301, 48.698501457173599 ], [ 6.266922793825758, 48.698454286626891 ], [ 6.266845979220994, 48.698411895906901 ], [ 6.266763257778963, 48.698374693247885 ], [ 6.266675426138695, 48.698343036920868 ], [ 6.266583330146757, 48.698317231783712 ], [ 6.266487856712049, 48.698297526345577 ], [ 6.266389925265395, 48.698284110373933 ], [ 6.266290478906083, 48.698277113067249 ], [ 6.266190475320625, 48.698276601810967 ], [ 6.266090877561095, 48.698282581528552 ], [ 6.265992644771845, 48.698294994634196 ], [ 6.265896722953818, 48.698313721587212 ], [ 6.265804035855379, 48.698338582043178 ], [ 6.265753329504093, 48.698356191075483 ], [ 6.265775650357706, 48.698321285299606 ], [ 6.26580541949583, 48.698258085732228 ], [ 6.265825687229221, 48.6981932589511 ], [ 6.265836258402598, 48.698127429278188 ], [ 6.265837031246082, 48.698061230691721 ], [ 6.265827998353886, 48.697995300720471 ], [ 6.26580924675422, 48.697930274303978 ], [ 6.265780957069747, 48.697866777677831 ], [ 6.265743401776782, 48.697805422342896 ], [ 6.265696942579979, 48.697746799176421 ], [ 6.265642026927897, 48.69769147274188 ], [ 6.265579183703021, 48.697639975852326 ], [ 6.265509018127765, 48.697592804439438 ], [ 6.265432205935547, 48.697550412778 ], [ 6.265349486863094, 48.697513209111321 ], [ 6.265261657526613, 48.697481551720131 ], [ 6.265169563750486, 48.697455745472581 ], [ 6.265074092422277, 48.697436038888462 ], [ 6.264976162952523, 48.697422621746306 ], [ 6.264876718421477, 48.697415623255878 ], [ 6.264776716498044, 48.697415110813992 ], [ 6.264677120218292, 48.697421089355537 ], [ 6.264578888712325, 48.697433501306016 ], [ 6.26448296796873, 48.697452227135898 ], [ 6.264390281725518, 48.697477086511569 ], [ 6.264339575733701, 48.6974946949558 ], [ 6.2643618971635, 48.697459789418915 ], [ 6.264391667520318, 48.697396590158071 ], [ 6.264411936673006, 48.697331763569672 ], [ 6.264422509452617, 48.697265933973853 ], [ 6.264423284073796, 48.697199735348079 ], [ 6.264414253113638, 48.697133805221483 ], [ 6.264395503581745, 48.697068778535119 ], [ 6.264367216080867, 48.697005281527211 ], [ 6.264329663066286, 48.696943925702257 ], [ 6.264303063419096, 48.696910359702507 ], [ 6.264355792425857, 48.696925135894553 ], [ 6.264451262550122, 48.696944843062127 ], [ 6.264549190990034, 48.69695826064067 ], [ 6.264648634607112, 48.696965259406873 ], [ 6.264748635668669, 48.696965771956329 ], [ 6.264848231072695, 48.696959793352761 ], [ 6.264946461624489, 48.69694738117547 ], [ 6.265042381275625, 48.696928654964843 ], [ 6.265135066236245, 48.696903795070902 ], [ 6.265223623872859, 48.696873040916152 ], [ 6.265307201305916, 48.696836688689636 ], [ 6.265384993624315, 48.696795088493886 ], [ 6.265456251637697, 48.696748640973048 ], [ 6.265520289091866, 48.696697793453858 ], [ 6.265576489277813, 48.696643035637287 ], [ 6.265624310970696, 48.696584894881944 ], [ 6.265663293641616, 48.696523931124958 ], [ 6.265693061891984, 48.696460731489047 ], [ 6.265713329067822, 48.696395904627948 ], [ 6.265723900019213, 48.696330074864427 ], [ 6.265724672978418, 48.696263876177554 ], [ 6.265715640538527, 48.696197946097072 ], [ 6.265696889723396, 48.696132919563567 ], [ 6.265668601148129, 48.696069422813771 ], [ 6.265631047278358, 48.696008067349716 ], [ 6.265604447271724, 48.695974501613499 ], [ 6.265657175702326, 48.695989277241999 ], [ 6.265752644607963, 48.696008983383649 ], [ 6.265850571628647, 48.696022399904443 ], [ 6.265950013639564, 48.696029397591289 ], [ 6.266050012923493, 48.696029909050147 ], [ 6.266149606395551, 48.696023929355228 ], [ 6.26624783487964, 48.696011516096355 ], [ 6.266343752347249, 48.695992788824341 ], [ 6.266436435029554, 48.695967927899439 ], [ 6.266524990315005, 48.6959371727541 ], [ 6.266608565346697, 48.695900819586818 ], [ 6.266686355236656, 48.695859218509298 ], [ 6.266717981548961, 48.695838602742619 ], [ 6.26675207343995, 48.695857417654373 ], [ 6.266834790890431, 48.695894620400765 ], [ 6.266922618513226, 48.695926276676325 ], [ 6.267014710460171, 48.695952081603977 ], [ 6.267110179809636, 48.695971786659712 ], [ 6.267208107109051, 48.69598520206641 ], [ 6.267307549230921, 48.695992198621695 ], [ 6.267407548456954, 48.695992708942477 ], [ 6.267507141702825, 48.695986728113908 ], [ 6.267605369794615, 48.695974313736706 ], [ 6.267701286707592, 48.695955585372474 ], [ 6.267793968678273, 48.695930723391946 ], [ 6.267882523101961, 48.695899967237771 ], [ 6.267966097130056, 48.695863613118199 ], [ 6.268043885884246, 48.695822011154014 ], [ 6.268115140208502, 48.695775562006396 ], [ 6.268179173884159, 48.695724713017746 ], [ 6.2682353702386, 48.695669953903177 ], [ 6.268283188083882, 48.695611812033818 ], [ 6.268322166928164, 48.695550847357502 ], [ 6.268351931409712, 48.695487647005812 ], [ 6.26837219491084, 48.69542281963939 ], [ 6.268382762317024, 48.695356989585832 ], [ 6.268383531894661, 48.695290790827045 ], [ 6.268374496269413, 48.695224860893433 ], [ 6.268355742495806, 48.695159834724166 ], [ 6.268327451217437, 48.695096338552496 ], [ 6.268289894925963, 48.695034983874862 ], [ 6.26824343533565, 48.694976361562226 ], [ 6.268188519898846, 48.694921036169823 ], [ 6.268125677495956, 48.694869540500633 ], [ 6.268055513341475, 48.69482237047464 ], [ 6.267978703155139, 48.694779980353232 ], [ 6.26789598665435, 48.694742778364912 ], [ 6.26780816043055, 48.69471112277423 ], [ 6.267716070278147, 48.694685318431979 ], [ 6.267620603049802, 48.694665613839653 ], [ 6.267522678116576, 48.694652198756565 ], [ 6.267423238515033, 48.694645202372662 ], [ 6.267323241866605, 48.69464469206445 ], [ 6.267223651156566, 48.694650672746313 ], [ 6.267125425461384, 48.694663086823113 ], [ 6.267029510713688, 48.694681814744847 ], [ 6.266936830593753, 48.69470667615775 ], [ 6.266886128147077, 48.694724285725947 ], [ 6.266908446693439, 48.694689379630361 ], [ 6.266938212393687, 48.694626179585228 ], [ 6.266958477314089, 48.694561352411526 ], [ 6.266969046326452, 48.694495522435076 ], [ 6.266969817681705, 48.694429323636975 ], [ 6.266960783988385, 48.694363393548038 ], [ 6.266942032282414, 48.694298367108942 ], [ 6.266913743187478, 48.694234870555505 ], [ 6.266876189174202, 48.694173515387881 ], [ 6.266829731934914, 48.694114892481707 ], [ 6.266774818899321, 48.694059566397968 ], [ 6.266711978924701, 48.694008069946292 ], [ 6.266680838114019, 48.69398713347757 ], [ 6.266709258680144, 48.693964564817826 ], [ 6.266765454682155, 48.693909806313926 ], [ 6.266813272552245, 48.693851664946934 ], [ 6.266852251798331, 48.693790700659832 ], [ 6.266882017054803, 48.693727500580501 ], [ 6.266902281696512, 48.693662673366902 ], [ 6.266912850597946, 48.69359684334519 ], [ 6.266913622011102, 48.693530644496946 ], [ 6.266904588543959, 48.693464714353439 ], [ 6.266885837230258, 48.693399687855894 ], [ 6.266857548689903, 48.693336191240682 ], [ 6.266819995388184, 48.693274836008555 ], [ 6.266773539010572, 48.69321621303579 ], [ 6.266718626978472, 48.693160886883966 ], [ 6.266655788139502, 48.693109390363396 ], [ 6.266585627673837, 48.693062219402265 ], [ 6.266508821265686, 48.693019828270977 ], [ 6.266426108596068, 48.692982625207712 ], [ 6.266338286219533, 48.692950968487438 ], [ 6.266246199893436, 48.692925162971783 ], [ 6.266150736433597, 48.692905457173559 ], [ 6.266052815174781, 48.69289204086369 ], [ 6.265953379118172, 48.692885043243919 ], [ 6.265853385851067, 48.692884531702667 ], [ 6.265753798326172, 48.692890511166205 ], [ 6.265655575589286, 48.692902924051118 ], [ 6.265559663544553, 48.692921650818882 ], [ 6.265466985846214, 48.692946511126841 ], [ 6.265416284611625, 48.692964120096526 ], [ 6.26543860338794, 48.692929214223845 ], [ 6.265468369862952, 48.692866014451077 ], [ 6.265488635923766, 48.692801187430256 ], [ 6.265499206431206, 48.692735357485688 ], [ 6.265499979621794, 48.692669158598193 ], [ 6.265490948086395, 48.692603228299433 ], [ 6.265472198840142, 48.692538201532095 ], [ 6.265443912483033, 48.692474704535215 ], [ 6.265406361459327, 48.69241334881314 ], [ 6.265359907432557, 48.692354725246908 ], [ 6.265304997801492, 48.692299398403833 ], [ 6.265242161390623, 48.69224790110087 ], [ 6.265172003356744, 48.692200729273722 ], [ 6.265095199360648, 48.692158337201121 ], [ 6.265012489060123, 48.692121133130378 ], [ 6.264924668986906, 48.692089475346073 ], [ 6.264832584876172, 48.692063668720159 ], [ 6.264737123522407, 48.692043961776101 ], [ 6.264639204240096, 48.692030544295882 ], [ 6.264539770011389, 48.692023545492461 ], [ 6.264439778405979, 48.692023032765753 ], [ 6.264340192360577, 48.69202901105335 ], [ 6.264241970906728, 48.69204142278322 ], [ 6.26414605993622, 48.692060148427927 ], [ 6.264053383092953, 48.692085007655642 ], [ 6.264002682217731, 48.692102616037303 ], [ 6.264025001570141, 48.692067710403599 ], [ 6.264054769263577, 48.69200451093743 ], [ 6.26407503674338, 48.691939684109421 ], [ 6.264085608856703, 48.691873854242019 ], [ 6.264086383824607, 48.691807655315316 ], [ 6.264077354220834, 48.691741724861323 ], [ 6.264058607041919, 48.691676697824271 ], [ 6.264030322867943, 48.691613200445722 ], [ 6.263992774122145, 48.691551844233771 ], [ 6.263946322446118, 48.69149322007415 ], [ 6.263891415215992, 48.691437892539859 ], [ 6.26382858123314, 48.691386394454526 ], [ 6.263797443138936, 48.691365457186429 ], [ 6.263825863524566, 48.691342889163515 ], [ 6.263882059728596, 48.691288131896336 ], [ 6.263929878407451, 48.691229991556007 ], [ 6.263968859061255, 48.691169028075628 ], [ 6.26399862631084, 48.691105828575303 ], [ 6.264018893511853, 48.691041001707404 ], [ 6.264029465514135, 48.690975171794797 ], [ 6.26403024053981, 48.690908972817986 ], [ 6.264021211162065, 48.690843042309503 ], [ 6.264002464375258, 48.690778015214043 ], [ 6.263974180755691, 48.690714517773792 ], [ 6.263936632721262, 48.690653161497401 ], [ 6.263890181906715, 48.690594537271217 ], [ 6.263835275679882, 48.690539209668927 ], [ 6.263772442832471, 48.690487711514763 ], [ 6.263702288486957, 48.690440538752682 ], [ 6.263625488268614, 48.690398145670386 ], [ 6.263542781798852, 48.690360940524897 ], [ 6.263454965572514, 48.690329281611199 ], [ 6.263362885287733, 48.690303473812058 ], [ 6.263267427702151, 48.690283765662272 ], [ 6.263169512093967, 48.690270346955408 ], [ 6.263070081409947, 48.690263346916304 ], [ 6.262970093185652, 48.690262832956684 ], [ 6.262870510325232, 48.690268810026083 ], [ 6.262772291829564, 48.690281220564167 ], [ 6.262676383561947, 48.690299945054996 ], [ 6.262583709140252, 48.690324803177845 ], [ 6.262533009477116, 48.690342410961044 ], [ 6.262555329059315, 48.690307505550251 ], [ 6.262585097527162, 48.690244306356533 ], [ 6.262605366146994, 48.690179479681497 ], [ 6.262615939754985, 48.690113649846126 ], [ 6.262616716557794, 48.690047450830143 ], [ 6.262607689111491, 48.689981520166491 ], [ 6.262588944391833, 48.689916492801366 ], [ 6.262560662955213, 48.689852994979539 ], [ 6.262523117198507, 48.689791638213336 ], [ 6.262476668734521, 48.689733013393827 ], [ 6.262421764908452, 48.689677685100385 ], [ 6.262358934488887, 48.689626186163956 ], [ 6.262288782574923, 48.689579012535958 ], [ 6.262211984768415, 48.68953661851252 ], [ 6.262129280667548, 48.689499412359652 ], [ 6.262041466744356, 48.689467752382079 ], [ 6.261949388674788, 48.689441943472794 ], [ 6.261853933195157, 48.689422234177293 ], [ 6.261756019563384, 48.689408814300172 ], [ 6.261656590707199, 48.689401813077545 ], [ 6.261556604144566, 48.689401297932555 ], [ 6.261457022763629, 48.689407273826099 ], [ 6.261358805551018, 48.689419683209209 ], [ 6.26126289835768, 48.689438406577047 ], [ 6.261170224791138, 48.6894632636197 ], [ 6.26108167732185, 48.689494014958484 ], [ 6.260998108689253, 48.68953036445081 ], [ 6.260920323690231, 48.689571962041974 ], [ 6.260888698882765, 48.68959257638101 ], [ 6.26085461318745, 48.68957375969341 ], [ 6.260771909993855, 48.689536552600465 ], [ 6.260684096830306, 48.689504891624473 ], [ 6.260592019365438, 48.68947908166804 ], [ 6.260496564329742, 48.689459371286766 ], [ 6.260398650976858, 48.689445950295706 ], [ 6.260299222231841, 48.689438947941689 ], [ 6.260199235611576, 48.689438431658736 ], [ 6.260099654004766, 48.689444406418737 ], [ 6.260001436400216, 48.689456814683638 ], [ 6.259905528652647, 48.689475536959328 ], [ 6.259812854374915, 48.689500392946478 ], [ 6.259724306044331, 48.689531143276504 ], [ 6.259640736408625, 48.689567491816575 ], [ 6.259562950274337, 48.689609088521138 ], [ 6.259531324909176, 48.689629702499616 ], [ 6.259497239678231, 48.689610885424678 ], [ 6.259414537391958, 48.689573677391643 ], [ 6.259326724988106, 48.689542015417224 ], [ 6.259234648127993, 48.689516204413657 ], [ 6.259139193536287, 48.689496492946638 ], [ 6.259041280462355, 48.689483070841618 ], [ 6.258941851828562, 48.689476067356203 ], [ 6.258841865150725, 48.689475549935302 ], [ 6.258742283318101, 48.68948152356176 ], [ 6.25864406532167, 48.68949393070843 ], [ 6.258548157019922, 48.689512651891995 ], [ 6.258455482031055, 48.689537506823612 ], [ 6.258366932839226, 48.689568256144888 ], [ 6.258283362200457, 48.689604603732676 ], [ 6.258205574930947, 48.689646199550637 ], [ 6.258173949008127, 48.689666813168529 ], [ 6.258139864241549, 48.689647995706252 ], [ 6.258057162862651, 48.689610786733134 ], [ 6.257969351218551, 48.689579123760311 ], [ 6.25787727496325, 48.689553311709616 ], [ 6.257781820815592, 48.689533599156817 ], [ 6.25768390802067, 48.689520175937865 ], [ 6.257584479498162, 48.689513171321053 ], [ 6.257484492762811, 48.689512652762204 ], [ 6.257384910704431, 48.689518625255111 ], [ 6.257286692316174, 48.689531031283558 ], [ 6.257190783460304, 48.689549751374976 ], [ 6.257098107760355, 48.68957460525106 ], [ 6.257047406977304, 48.689592210713521 ], [ 6.257069729901755, 48.689557306307186 ], [ 6.257099504573769, 48.689494108442624 ], [ 6.257119779704865, 48.689429282658764 ], [ 6.257130360068508, 48.689363453267994 ], [ 6.257131143806292, 48.689297254245822 ], [ 6.257122123407504, 48.689231323125178 ], [ 6.257103385780023, 48.689166294856719 ], [ 6.257075111411945, 48.689102795693863 ], [ 6.257037572632073, 48.689041437161897 ], [ 6.257010981687642, 48.689007869311069 ], [ 6.257063700662727, 48.689022648825649 ], [ 6.257159153606697, 48.689042361961747 ], [ 6.257257065372004, 48.689055785616937 ], [ 6.257356492980763, 48.689062790509425 ], [ 6.257456478854468, 48.689063309175786 ], [ 6.257556060037389, 48.689057336620806 ], [ 6.257654277471792, 48.689044930365576 ], [ 6.257750185235585, 48.689026209893399 ], [ 6.257842859653399, 48.689001355499045 ], [ 6.257931408193279, 48.688970606552132 ], [ 6.258014978063287, 48.688934259191413 ], [ 6.258092764425145, 48.688892663472679 ], [ 6.258124389911674, 48.688872049862788 ], [ 6.258158474166783, 48.688890867341868 ], [ 6.258241174478949, 48.688928076267423 ], [ 6.258328985194148, 48.68895973905758 ], [ 6.258421060627057, 48.688985550772522 ], [ 6.258516514015098, 48.689005262822853 ], [ 6.258614426059432, 48.689018685364118 ], [ 6.258713853779487, 48.689025689125231 ], [ 6.258813839595685, 48.689026206653651 ], [ 6.258913420552853, 48.689020232965134 ], [ 6.259011637595424, 48.689007825591666 ], [ 6.259107544805087, 48.688989104027371 ], [ 6.259200218511809, 48.688964248577506 ], [ 6.259288766190482, 48.688933498621822 ], [ 6.259372335057462, 48.688897150308854 ], [ 6.259450120284137, 48.688855553703526 ], [ 6.259521372748444, 48.688809109415303 ], [ 6.259585406249627, 48.688758264739874 ], [ 6.259641604116734, 48.688703509350788 ], [ 6.259689425147245, 48.688645370583274 ], [ 6.259728408818634, 48.688584408355325 ], [ 6.259758179722662, 48.688521209774947 ], [ 6.25977845117978, 48.688456383485693 ], [ 6.259789027998833, 48.688390553804837 ], [ 6.259789808355555, 48.688324354710645 ], [ 6.259780784771786, 48.688258423736777 ], [ 6.259762044186084, 48.688193395832442 ], [ 6.259733767115028, 48.688129897247578 ], [ 6.259696225913448, 48.688068539501892 ], [ 6.259649782150285, 48.688009913495861 ], [ 6.259594883125464, 48.6879545838203 ], [ 6.259532057561336, 48.687903083319476 ], [ 6.259500923262468, 48.687882144867871 ], [ 6.25952934360917, 48.687859577802172 ], [ 6.259585540568978, 48.687804822397801 ], [ 6.259633360839815, 48.687746683608502 ], [ 6.259672343906467, 48.687685721352466 ], [ 6.259702114366522, 48.687622522737961 ], [ 6.259722385544704, 48.687557696408902 ], [ 6.259732962252541, 48.68749186668289 ], [ 6.25973374266684, 48.687425667538669 ], [ 6.259724719308886, 48.687359736510366 ], [ 6.259705979115055, 48.687294708547711 ], [ 6.259677702598156, 48.687231209901213 ], [ 6.259640162107681, 48.687169852091181 ], [ 6.259593719205721, 48.687111226018686 ], [ 6.259538821183908, 48.687055896275226 ], [ 6.259475996754928, 48.687004395705642 ], [ 6.259444863013681, 48.686983457223469 ], [ 6.259473282896063, 48.686960890153948 ], [ 6.2595294789486, 48.686906134734322 ], [ 6.259577298459787, 48.686847995923252 ], [ 6.259616280921724, 48.686787033639142 ], [ 6.259646050937816, 48.686723834990545 ], [ 6.259666321837067, 48.686659008621653 ], [ 6.259676898433692, 48.686593178850522 ], [ 6.259677678905564, 48.686526979656279 ], [ 6.259668655773411, 48.68646104857357 ], [ 6.259649915971437, 48.686396020552621 ], [ 6.259621640008675, 48.686332521844513 ], [ 6.259584100229279, 48.68627116397014 ], [ 6.259537658188491, 48.68621253783121 ], [ 6.259482761169646, 48.686157208019814 ], [ 6.259419937875776, 48.686105707381536 ], [ 6.259349793337353, 48.686058531884186 ], [ 6.259273003085207, 48.686016135841818 ], [ 6.259190306644772, 48.685978927540006 ], [ 6.259102500414314, 48.685947265304073 ], [ 6.2590104299957, 48.685921454048817 ], [ 6.25891498205157, 48.685901742342296 ], [ 6.25881707576727, 48.685888320012353 ], [ 6.258717653999787, 48.685881316318699 ], [ 6.258617674198814, 48.685880798708261 ], [ 6.258518099187388, 48.685886772165738 ], [ 6.258419887890796, 48.685899179165546 ], [ 6.258323986103015, 48.685917900225853 ], [ 6.258231317379514, 48.68594275505896 ], [ 6.258180620500021, 48.685960361057319 ], [ 6.258202941117244, 48.685925456331532 ], [ 6.258232712351165, 48.685862257989641 ], [ 6.258252984668781, 48.685797431813711 ], [ 6.258263562870644, 48.685731602119922 ], [ 6.258264345119168, 48.68566540288667 ], [ 6.258255323917971, 48.685599471648949 ], [ 6.258236586182657, 48.685534443358499 ], [ 6.258208312402359, 48.685470944268978 ], [ 6.258170774900208, 48.685409585904978 ], [ 6.258124335209518, 48.685350959172908 ], [ 6.25806944059099, 48.685295628670595 ], [ 6.258006619724544, 48.68524412725025 ], [ 6.25797548761996, 48.685223188353262 ], [ 6.258003907179723, 48.685200621600274 ], [ 6.258060102879107, 48.685145866791459 ], [ 6.258107922414244, 48.685087728482955 ], [ 6.258146905277004, 48.685026766588322 ], [ 6.258176676066931, 48.684963568212353 ], [ 6.258196948105574, 48.684898741996662 ], [ 6.258207526196165, 48.684832912257761 ], [ 6.258208308502194, 48.684766712974529 ], [ 6.258199287526722, 48.68470078168243 ], [ 6.258180550183177, 48.684635753333708 ], [ 6.258152276956917, 48.684572254182626 ], [ 6.258114740165738, 48.684510895754315 ], [ 6.258068301336106, 48.684452268955845 ], [ 6.258013407720428, 48.684396938385667 ], [ 6.257950587988964, 48.684345436896635 ], [ 6.257919456441932, 48.684324497969108 ], [ 6.257947875537393, 48.684301931212325 ], [ 6.258004070329542, 48.684247176388268 ], [ 6.258051889105047, 48.68418903805803 ], [ 6.258090871363088, 48.684128076135352 ], [ 6.258120641709036, 48.684064877725326 ], [ 6.25814091346871, 48.684000051469859 ], [ 6.258151491448035, 48.683934221685895 ], [ 6.258152273811564, 48.683868022352684 ], [ 6.258143253061804, 48.683802091006221 ], [ 6.258124516110013, 48.68373706259927 ], [ 6.25809624343777, 48.68367356338662 ], [ 6.258058707357536, 48.683612204894047 ], [ 6.25801226938893, 48.683553578029191 ], [ 6.257957376776066, 48.68349824739115 ], [ 6.257894558179546, 48.68344674583345 ], [ 6.257824418584603, 48.683399569332764 ], [ 6.25774763347446, 48.68335717221283 ], [ 6.257664942325033, 48.683319962769566 ], [ 6.257577141483635, 48.68328829933931 ], [ 6.25748507650024, 48.683262486848356 ], [ 6.25738963398514, 48.683242773876671 ], [ 6.257291733071409, 48.683229350264256 ], [ 6.257192316564312, 48.683222345283198 ], [ 6.257092341862885, 48.68322182639281 ], [ 6.256992771741057, 48.683227798590089 ], [ 6.256894565077033, 48.683240204361667 ], [ 6.256798667620176, 48.683258924237471 ], [ 6.256706002884248, 48.68328377794122 ], [ 6.256655308069319, 48.683301383330772 ], [ 6.256677628569701, 48.683266478811944 ], [ 6.256707400133272, 48.683203280708661 ], [ 6.256727673311089, 48.683138454646198 ], [ 6.256738252895419, 48.683072624939641 ], [ 6.256739037035354, 48.683006425567484 ], [ 6.256730018216296, 48.682940494066074 ], [ 6.256711283330906, 48.682875465389706 ], [ 6.256683012840862, 48.682811965795757 ], [ 6.256645479037611, 48.682750606813642 ], [ 6.256599043418838, 48.682691979355731 ], [ 6.256544153206034, 48.682636648026872 ], [ 6.256481337036682, 48.682585145687199 ], [ 6.256411199872646, 48.682537968320929 ], [ 6.256334417173737, 48.682495570260159 ], [ 6.25625172839265, 48.682458359809814 ], [ 6.256163929853893, 48.682426695316003 ], [ 6.256071867085264, 48.682400881715182 ], [ 6.255976426675732, 48.682381167598066 ], [ 6.255878527738089, 48.682367742815671 ], [ 6.255779113058574, 48.682360736651326 ], [ 6.255679140018624, 48.682360216575788 ], [ 6.255579571376169, 48.682366187597452 ], [ 6.255481365995165, 48.682378592214235 ], [ 6.255385469612622, 48.682397310967197 ], [ 6.255292805731955, 48.682422163590935 ], [ 6.255204266730348, 48.682452910749213 ], [ 6.255120705265687, 48.682489256339764 ], [ 6.255042926065824, 48.682530850345458 ], [ 6.255011303199952, 48.682551463248842 ], [ 6.254977224210009, 48.682532644769388 ], [ 6.254894536336169, 48.68249543337911 ], [ 6.25480673855708, 48.682463767887022 ], [ 6.254714676393227, 48.68243795323923 ], [ 6.254619236427756, 48.682418238036504 ], [ 6.254521337769182, 48.682404812140312 ], [ 6.254421923201058, 48.68239780484474 ], [ 6.254321950103749, 48.682397283631374 ], [ 6.254222381235735, 48.682403253519638 ], [ 6.254124175463147, 48.682415657018318 ], [ 6.254028278526764, 48.682434374679289 ], [ 6.253935613935334, 48.682459226247587 ], [ 6.253847074072882, 48.682489972397221 ], [ 6.253763511605589, 48.682526317035588 ], [ 6.253685731270959, 48.682567910154759 ], [ 6.253614482128324, 48.682614351201735 ], [ 6.253550450345286, 48.682665192935538 ], [ 6.253494252589585, 48.682719945734092 ], [ 6.253446430089986, 48.682778082308907 ], [ 6.253407443423426, 48.682839042782845 ], [ 6.253377668078635, 48.68290224008166 ], [ 6.25335739083898, 48.682967065587476 ], [ 6.253346807019413, 48.683032894999933 ], [ 6.253346018584175, 48.683099094348229 ], [ 6.253355033163428, 48.683165026096674 ], [ 6.253373763978341, 48.683230055284348 ], [ 6.253402030675432, 48.683293555640333 ], [ 6.253439561062126, 48.683354915615119 ], [ 6.253466146838715, 48.683388484422856 ], [ 6.253413434561462, 48.683373703247533 ], [ 6.253317993378585, 48.683353987018947 ], [ 6.253220093302085, 48.683340560065098 ], [ 6.253120677129164, 48.683333551690247 ], [ 6.253020702255645, 48.683333029386397 ], [ 6.252921131457112, 48.683338998183395 ], [ 6.252822923618287, 48.683351400600657 ], [ 6.252727024499844, 48.683370117200347 ], [ 6.252634357631546, 48.683394967737811 ], [ 6.252583661337899, 48.683412571394761 ], [ 6.252605984603831, 48.683377667641352 ], [ 6.25263576115209, 48.683314470560632 ], [ 6.252656039421171, 48.683249645196568 ], [ 6.252666624154307, 48.683183815857511 ], [ 6.252667413451004, 48.683117616518437 ], [ 6.252658399747002, 48.68305168471538 ], [ 6.252639669885699, 48.682986655405529 ], [ 6.252611404280394, 48.682923154852361 ], [ 6.25257387517549, 48.682861794594544 ], [ 6.252527444023432, 48.682803165556763 ], [ 6.25247255800269, 48.682747832359006 ], [ 6.252409745710386, 48.682696327879441 ], [ 6.252339612071045, 48.682649148122927 ], [ 6.252262832510538, 48.682606747444531 ], [ 6.25218014645134, 48.682569534174434 ], [ 6.25209235019175, 48.682537866685841 ], [ 6.252000289237619, 48.682512049944108 ], [ 6.251904850160441, 48.682492332570149 ], [ 6.251806952060185, 48.682478904446391 ], [ 6.251707537715021, 48.682471894888323 ], [ 6.251607564503169, 48.682471371399352 ], [ 6.251507995184213, 48.682477339020792 ], [ 6.251409788628626, 48.68248974028328 ], [ 6.251313890584728, 48.682508455760193 ], [ 6.251221224571928, 48.682533305217632 ], [ 6.251132682987944, 48.682564049349921 ], [ 6.251049118515528, 48.682600392083913 ], [ 6.250971335911494, 48.682641983429953 ], [ 6.250939711373301, 48.682662595251642 ], [ 6.250905633776387, 48.682643775610387 ], [ 6.250822948624591, 48.682606561400377 ], [ 6.25073515312483, 48.682574892913543 ], [ 6.250643092775643, 48.682549075124854 ], [ 6.2505476541427, 48.68252935666532 ], [ 6.250449756321689, 48.682515927427772 ], [ 6.250350342088094, 48.682508916738442 ], [ 6.250250368819059, 48.682508392111679 ], [ 6.25015079927472, 48.68251435859969 ], [ 6.250052592327721, 48.682526758744068 ], [ 6.249956693730145, 48.682545473128961 ], [ 6.249864027006742, 48.682570321530946 ], [ 6.249813330579975, 48.682587924022421 ], [ 6.249835655343158, 48.682553020763301 ], [ 6.249865434770179, 48.682489824330304 ], [ 6.249885716154096, 48.682424999392154 ], [ 6.249896304208141, 48.682359170253136 ], [ 6.249897096999838, 48.682292970886287 ], [ 6.249888086931267, 48.682227038827911 ], [ 6.249869360810815, 48.682162009037633 ], [ 6.249841099015752, 48.682098507783593 ], [ 6.249803573753788, 48.682037146611187 ], [ 6.24975714644036, 48.681978516453896 ], [ 6.249702264216971, 48.681923181942523 ], [ 6.249639455644172, 48.681871675967898 ], [ 6.249569325610674, 48.681824494549232 ], [ 6.249492549507621, 48.681782092057603 ], [ 6.249409866724196, 48.681744876840682 ], [ 6.249322073527148, 48.681713207290407 ], [ 6.249230015392843, 48.681687388392014 ], [ 6.24913457886562, 48.681667668787171 ], [ 6.249036683020889, 48.681654238379764 ], [ 6.248937270615104, 48.681647226507295 ], [ 6.24883729900781, 48.681646700695481 ], [ 6.248737730943136, 48.681652666007949 ], [ 6.248639525279481, 48.681665064997624 ], [ 6.248543627756569, 48.68168377825976 ], [ 6.248450961888797, 48.681708625581756 ], [ 6.248400265821821, 48.681726227485299 ], [ 6.248422591160334, 48.681691324465326 ], [ 6.248452371804462, 48.681628128339185 ], [ 6.248472654606022, 48.681563303594167 ], [ 6.248483244264592, 48.681497474532677 ], [ 6.248484038832244, 48.681431275127025 ], [ 6.248475030693949, 48.68136534291385 ], [ 6.248456306639505, 48.681300312854354 ], [ 6.248428047026286, 48.681236811219165 ], [ 6.248390524040987, 48.681175449557429 ], [ 6.24834409907712, 48.68111681880729 ], [ 6.248289219253564, 48.681061483605305 ], [ 6.248226413107755, 48.681009976848884 ], [ 6.248195287440914, 48.680989035323918 ], [ 6.248223708920118, 48.680966470821041 ], [ 6.248279910310085, 48.6809117204253 ], [ 6.248327736847002, 48.680853585830853 ], [ 6.248366727955296, 48.680792626915483 ], [ 6.248396508155093, 48.680729430755306 ], [ 6.248416790677303, 48.680664605970563 ], [ 6.248427380224197, 48.680598776864038 ], [ 6.248428174848918, 48.680532577408499 ], [ 6.248419166935888, 48.680466645141053 ], [ 6.248400443272734, 48.680401615023392 ], [ 6.248372184213061, 48.680338113326755 ], [ 6.248334661938232, 48.680276751600836 ], [ 6.248288237834913, 48.680218120784446 ], [ 6.248233359013698, 48.680162785514732 ], [ 6.24817055400237, 48.680111278689807 ], [ 6.248139428892864, 48.680090337134345 ], [ 6.248167849907683, 48.680067772627645 ], [ 6.248224050390204, 48.68001302221667 ], [ 6.248271876167227, 48.679954887600495 ], [ 6.248310866670503, 48.679893928657116 ], [ 6.248340646425979, 48.679830732462918 ], [ 6.248360928668848, 48.679765907638462 ], [ 6.248371518104066, 48.679700078486924 ], [ 6.248372312785852, 48.679633878981498 ], [ 6.248363305098078, 48.679567946659795 ], [ 6.248344581826197, 48.67950291648399 ], [ 6.248316323320049, 48.679439414725927 ], [ 6.248278801755662, 48.67937805293586 ], [ 6.248252221348304, 48.679344482857942 ], [ 6.248304928104718, 48.679359266364997 ], [ 6.248400360105889, 48.67937898667229 ], [ 6.248498251527505, 48.679392417627916 ], [ 6.248597659587618, 48.679399429879737 ], [ 6.248697626896003, 48.679399955893459 ], [ 6.248797190675736, 48.679393990603124 ], [ 6.248895392036696, 48.67938159145983 ], [ 6.248991285211598, 48.679362877878404 ], [ 6.249083946665582, 48.679338030087273 ], [ 6.249172483991543, 48.679307287392405 ], [ 6.249256044505536, 48.679270945872375 ], [ 6.249333823459394, 48.679229355526729 ], [ 6.249405071791458, 48.679182916904651 ], [ 6.249469103340754, 48.679132077247232 ], [ 6.24952530145512, 48.679077326179701 ], [ 6.249573124929641, 48.679019190995689 ], [ 6.249612113218234, 48.678958231578655 ], [ 6.249641890868181, 48.678895035009546 ], [ 6.249662171134951, 48.678830209912562 ], [ 6.249672758742529, 48.678764380593456 ], [ 6.249673551762732, 48.678698181027073 ], [ 6.249664542595434, 48.678632248751583 ], [ 6.249645818040339, 48.67856721872873 ], [ 6.249617558459636, 48.678503717228885 ], [ 6.249580036039707, 48.678442355799817 ], [ 6.249533612168612, 48.678383725377479 ], [ 6.249478733954702, 48.678328390595198 ], [ 6.249415929919914, 48.678276884346459 ], [ 6.249384805403554, 48.678255943083634 ], [ 6.24941322488394, 48.678233378245189 ], [ 6.249469422090967, 48.678178627162445 ], [ 6.249517244805697, 48.678120491956733 ], [ 6.249556232489364, 48.678059532511732 ], [ 6.249586009695077, 48.677996335908645 ], [ 6.249606289682577, 48.67793151077197 ], [ 6.24961687717854, 48.677865681407901 ], [ 6.249617670255859, 48.677799481791666 ], [ 6.249608661313855, 48.677733549461941 ], [ 6.249589937150058, 48.677668519381008 ], [ 6.249561678122893, 48.677605017819737 ], [ 6.249524156413406, 48.677543656326534 ], [ 6.249497576139006, 48.67751008647425 ], [ 6.249550281398533, 48.67752486945372 ], [ 6.249645710521582, 48.677544588794852 ], [ 6.249743598829013, 48.67755801874889 ], [ 6.249843003568869, 48.677565029973358 ], [ 6.249942967382903, 48.677565554943833 ], [ 6.250042527527848, 48.677559588604424 ], [ 6.25014072514859, 48.677547188416305 ], [ 6.250236614513868, 48.677528473804429 ], [ 6.250329272125511, 48.677503625007084 ], [ 6.250417805613424, 48.677472881339931 ], [ 6.250501362330626, 48.677436538890973 ], [ 6.250579137565516, 48.677394947668617 ], [ 6.250650382292251, 48.67734850823053 ], [ 6.250714410384582, 48.677297667825677 ], [ 6.250770605223639, 48.67724291608647 ], [ 6.250818425636052, 48.677184780312992 ], [ 6.250857411105226, 48.677123820394414 ], [ 6.250887186205596, 48.67706062341648 ], [ 6.250907464217179, 48.67699579800734 ], [ 6.250918049885679, 48.676929968475768 ], [ 6.250918841301589, 48.676863768798619 ], [ 6.250909830880225, 48.676797836515156 ], [ 6.250891105433369, 48.676732806587218 ], [ 6.250862845331794, 48.676669305284186 ], [ 6.250825322766897, 48.676607944152025 ], [ 6.250778899128129, 48.676549314123761 ], [ 6.250724021521603, 48.67649397982899 ], [ 6.250661218463402, 48.676442474156424 ], [ 6.25063009454017, 48.676421533186257 ], [ 6.250658512486275, 48.676398968016045 ], [ 6.250714706418103, 48.676344216261676 ], [ 6.250762526070827, 48.676286080466532 ], [ 6.250801510935169, 48.676225120520016 ], [ 6.250831285591385, 48.676161923508147 ], [ 6.250851563323773, 48.676097098059358 ], [ 6.250862148880721, 48.676031268482852 ], [ 6.250862940353797, 48.6759650687559 ], [ 6.250853930157765, 48.675899136418231 ], [ 6.250835205102233, 48.675834106432198 ], [ 6.250806945554208, 48.675770605067818 ], [ 6.250769423699751, 48.675709243871545 ], [ 6.250723000921473, 48.675650613777073 ], [ 6.2506681243172, 48.675595279414644 ], [ 6.250605322393363, 48.675543773673603 ], [ 6.250574199027424, 48.675522832672975 ], [ 6.250602616509244, 48.675500267499004 ], [ 6.250658809533872, 48.675445515729493 ], [ 6.250706628426931, 48.675387379912721 ], [ 6.250745612686459, 48.675326419938266 ], [ 6.250775386898537, 48.675263222892461 ], [ 6.250795664351736, 48.675198397404053 ], [ 6.250806249797134, 48.675132567782633 ], [ 6.250807041327371, 48.675066368005865 ], [ 6.250798031356659, 48.675000435614024 ], [ 6.250779306692436, 48.674935405569947 ], [ 6.250751047697939, 48.67487190414419 ], [ 6.250713526553897, 48.674810542883826 ], [ 6.250667104636079, 48.674751912723174 ], [ 6.250612229034021, 48.67469657829308 ], [ 6.250549428244504, 48.674645072483571 ], [ 6.250518305435772, 48.674624131452482 ], [ 6.250546722453385, 48.67460156627471 ], [ 6.250602914570842, 48.674546814490036 ], [ 6.250650732704259, 48.674488678651642 ], [ 6.250689716358992, 48.674427718649291 ], [ 6.250719490126943, 48.674364521569558 ], [ 6.250739767300961, 48.674299696041551 ], [ 6.25075035263481, 48.674233866375218 ], [ 6.250751144222204, 48.674167666548691 ], [ 6.250742134476803, 48.67410173410267 ], [ 6.250723410203874, 48.674036704000557 ], [ 6.250695151762883, 48.673973202513444 ], [ 6.25065763132923, 48.673911841189017 ], [ 6.250631052173183, 48.673878271486601 ], [ 6.250683754092837, 48.673893054010342 ], [ 6.250779177015926, 48.6739127725047 ], [ 6.250877058816287, 48.67392620156933 ], [ 6.250976456804635, 48.673933211870313 ], [ 6.251076413687747, 48.67393373589217 ], [ 6.251175966789114, 48.673927768588065 ], [ 6.251274157321456, 48.673915367428535 ], [ 6.251370039621784, 48.673896651847826 ], [ 6.251462690259971, 48.673871802093615 ], [ 6.251551216933085, 48.673841057490755 ], [ 6.251634767059778, 48.673804714136224 ], [ 6.251712535991924, 48.673763122047205 ], [ 6.251783774764382, 48.673716681789685 ], [ 6.251847797308244, 48.673665840620536 ], [ 6.251903987058076, 48.673611088179506 ], [ 6.251951802889518, 48.673552951773473 ], [ 6.251990784330093, 48.673491991297645 ], [ 6.252020555993028, 48.673428793843186 ], [ 6.252040831191445, 48.6733639680428 ], [ 6.252051414698132, 48.673298138209056 ], [ 6.252052204624396, 48.673231938321706 ], [ 6.252043193399899, 48.673166005922035 ], [ 6.252024467844145, 48.673100975972979 ], [ 6.25199620832896, 48.673037474744184 ], [ 6.251958687040078, 48.672976113780827 ], [ 6.251912265354665, 48.672917484014349 ], [ 6.251857390360017, 48.672862150071822 ], [ 6.251794590547059, 48.672810644838563 ], [ 6.251763468331459, 48.672789704100147 ], [ 6.251791883814989, 48.672767138590729 ], [ 6.251848072657759, 48.672712386134599 ], [ 6.251895887729663, 48.672654249706966 ], [ 6.251934868565536, 48.672593289203284 ], [ 6.251964639784429, 48.672530091714947 ], [ 6.251984914703735, 48.67246526587499 ], [ 6.251995498098936, 48.672399435996375 ], [ 6.251996288082408, 48.672333236059266 ], [ 6.251987277083259, 48.672267303605466 ], [ 6.251968551918826, 48.672202273598408 ], [ 6.251940292957157, 48.672138772308287 ], [ 6.251902772378664, 48.672077411280881 ], [ 6.251856351553665, 48.672018781448266 ], [ 6.251801477561169, 48.671963447438124 ], [ 6.251738678882452, 48.671911942136418 ], [ 6.251707557224057, 48.671891001367563 ], [ 6.251735972243408, 48.671868435854407 ], [ 6.251792160179147, 48.671813683383185 ], [ 6.251839974491536, 48.671755546933966 ], [ 6.251878954722725, 48.671694586402424 ], [ 6.251908725497588, 48.671631388880215 ], [ 6.251929000137794, 48.671566563000724 ], [ 6.251939583421509, 48.671500733077245 ], [ 6.251940373462182, 48.671434533090427 ], [ 6.251931362688373, 48.671368600582497 ], [ 6.251912637915241, 48.671303570517438 ], [ 6.251884379507072, 48.671240069166011 ], [ 6.251846859638939, 48.671178708074585 ], [ 6.251800439674323, 48.671120078175832 ], [ 6.251745566683945, 48.671064744098089 ], [ 6.251682769139427, 48.671013238727966 ], [ 6.251612651823267, 48.670966058078882 ], [ 6.251535890004132, 48.670923656514539 ], [ 6.251453222933643, 48.670886442373614 ], [ 6.251365446727234, 48.670854774037728 ], [ 6.251273406697641, 48.670828956480392 ], [ 6.251177989214859, 48.670809238330371 ], [ 6.251080113170899, 48.670795809477539 ], [ 6.250980721131538, 48.670788799244455 ], [ 6.250880770260193, 48.670788275140993 ], [ 6.250781223101314, 48.670794242214384 ], [ 6.250683038311977, 48.670806643000567 ], [ 6.250587161430892, 48.670825358077479 ], [ 6.250494515773678, 48.670850207215096 ], [ 6.250443830920219, 48.670867810148629 ], [ 6.250466150259617, 48.670832906426398 ], [ 6.250495922251191, 48.670769709211164 ], [ 6.250516198308556, 48.670704883524905 ], [ 6.250526783196224, 48.670639053679118 ], [ 6.2505275750122, 48.670572853653638 ], [ 6.250518566167941, 48.670506920991123 ], [ 6.250499843460027, 48.670441890657017 ], [ 6.25047158723285, 48.670378388924682 ], [ 6.250434069640482, 48.670317027344133 ], [ 6.250407492454839, 48.670283457490257 ], [ 6.250460190688838, 48.670298240157543 ], [ 6.2505556069687, 48.670317958890536 ], [ 6.250653481983702, 48.670331388179363 ], [ 6.250752873109914, 48.670338398687967 ], [ 6.250852823120204, 48.67033892289885 ], [ 6.250952369404254, 48.670332955763392 ], [ 6.251050553240447, 48.670320554750468 ], [ 6.251146429030285, 48.670301839292925 ], [ 6.251239073406345, 48.670276989637252 ], [ 6.251327594126003, 48.670246245107357 ], [ 6.251411138665254, 48.670209901799524 ], [ 6.25148890242978, 48.670168309730464 ], [ 6.251560136504208, 48.670121869466008 ], [ 6.251624154864879, 48.670071028263038 ], [ 6.251680340986639, 48.670016275761682 ], [ 6.25172815378007, 48.669958139269369 ], [ 6.251767132801947, 48.669897178682149 ], [ 6.251796902688788, 48.669833981092268 ], [ 6.251817176770814, 48.669769155133714 ], [ 6.251827759831562, 48.669703325120572 ], [ 6.251828549986628, 48.669637125034349 ], [ 6.251819539663465, 48.669571192418239 ], [ 6.251800815672893, 48.669506162237241 ], [ 6.251772558371654, 48.669442660763266 ], [ 6.251735039924164, 48.669381299543829 ], [ 6.251708462379003, 48.669347729953557 ], [ 6.251761160037844, 48.669362512057411 ], [ 6.251856575101058, 48.669382229764707 ], [ 6.251954448698973, 48.669395657996048 ], [ 6.252053838221301, 48.669402667425572 ], [ 6.252153786456359, 48.66940319054617 ], [ 6.252253330810928, 48.669397222319738 ], [ 6.252351512581971, 48.669384820225631 ], [ 6.252447386190885, 48.669366103707127 ], [ 6.252540028291248, 48.669341253020924 ], [ 6.252628546662359, 48.669310507500853 ], [ 6.252712088802825, 48.669274163252751 ], [ 6.252789850141439, 48.66923257030237 ], [ 6.252861081786189, 48.669186129224045 ], [ 6.252925097736814, 48.669135287282465 ], [ 6.252981281491376, 48.669080534124895 ], [ 6.253029091983253, 48.669022397065064 ], [ 6.253068068791383, 48.66896143600453 ], [ 6.253097836573606, 48.668898238040036 ], [ 6.253118108680411, 48.668833411809217 ], [ 6.253128689914357, 48.668767581628806 ], [ 6.25312947840863, 48.668701381481853 ], [ 6.25312046660668, 48.668635448912163 ], [ 6.253101741333562, 48.668570418884315 ], [ 6.253073482958372, 48.668506917668722 ], [ 6.253035963655866, 48.668445556810404 ], [ 6.25298954478407, 48.668386927239823 ], [ 6.252934673403177, 48.668331593582145 ], [ 6.252871877969311, 48.668280088719946 ], [ 6.252840758018297, 48.668259148182869 ], [ 6.25286917057558, 48.668236582330671 ], [ 6.252925353423276, 48.668181829158058 ], [ 6.252973163155787, 48.668123692076726 ], [ 6.253012139359364, 48.668062730988396 ], [ 6.253041906697667, 48.667999532990109 ], [ 6.253062178525457, 48.667934706719819 ], [ 6.253072759647984, 48.667868876494609 ], [ 6.253073548199501, 48.667802676297988 ], [ 6.253064536622905, 48.667736743674254 ], [ 6.253045811741085, 48.667671713588483 ], [ 6.253017553919362, 48.667608212311642 ], [ 6.252980035327163, 48.667546851389368 ], [ 6.252933617315673, 48.667488221752706 ], [ 6.252878746936799, 48.667432888027477 ], [ 6.252815952637013, 48.667381383096881 ], [ 6.252745839167559, 48.667334202970139 ], [ 6.252669081760058, 48.66729180200587 ], [ 6.252586419623646, 48.667254588537027 ], [ 6.252498648826236, 48.667222920938727 ], [ 6.252406614628481, 48.667197104177383 ], [ 6.252311203344208, 48.667177386874087 ], [ 6.252213333805741, 48.667163958910578 ], [ 6.252113948516207, 48.66715694960083 ], [ 6.252014004574026, 48.66715642644585 ], [ 6.251914464456921, 48.667162394483711 ], [ 6.251816286754155, 48.667174796241056 ], [ 6.251720416936197, 48.667193512286509 ], [ 6.25162777825065, 48.667218362380687 ], [ 6.251577097298125, 48.667235965849791 ], [ 6.251599414331406, 48.667201061808782 ], [ 6.251629182886312, 48.667137864117485 ], [ 6.251649456131121, 48.667073038040478 ], [ 6.251660038857429, 48.667007207892986 ], [ 6.25166082918405, 48.666941007657776 ], [ 6.25165181953678, 48.666875074879492 ], [ 6.251633096719926, 48.666810044524745 ], [ 6.251604841078924, 48.666746542867038 ], [ 6.251567324762199, 48.666685181455719 ], [ 6.251520909099019, 48.666626551226535 ], [ 6.25146604111868, 48.666571216811008 ], [ 6.251403249244552, 48.666519711098985 ], [ 6.251372130928959, 48.666498770147584 ], [ 6.251400543163565, 48.666476204612017 ], [ 6.25145672565772, 48.666421452050535 ], [ 6.25150453541352, 48.666363315472168 ], [ 6.251543512016997, 48.666302354773805 ], [ 6.25157328012795, 48.666239157048729 ], [ 6.2515935530937, 48.666174330932265 ], [ 6.251604135708532, 48.666108500740023 ], [ 6.251604926092329, 48.666042300455182 ], [ 6.251595916670337, 48.665976367622882 ], [ 6.251577194244691, 48.66591133721024 ], [ 6.251548939157059, 48.665847835491341 ], [ 6.251511423550535, 48.66578647401608 ], [ 6.251465008747546, 48.665727843720866 ], [ 6.251410141769106, 48.665672509237808 ], [ 6.251347351028933, 48.665621003457474 ], [ 6.251277241243994, 48.665573822397185 ], [ 6.251200487610427, 48.665531420424614 ], [ 6.251117829301024, 48.665494205882396 ], [ 6.251030062346845, 48.665462537155975 ], [ 6.250938031971531, 48.665436719222669 ], [ 6.250842624452103, 48.665417000714839 ], [ 6.250744758584627, 48.665403571525793 ], [ 6.25064537683688, 48.665396560981335 ], [ 6.250545436273178, 48.665396036594373 ], [ 6.250445899338705, 48.665402003414805 ], [ 6.25034772459208, 48.665414403981053 ], [ 6.250251857475305, 48.665433118873182 ], [ 6.250159221209967, 48.665457967862892 ], [ 6.250070707907312, 48.66548871164904 ], [ 6.249987169977745, 48.665525054161797 ], [ 6.249909411922463, 48.665566645413669 ], [ 6.249838182586238, 48.665613084869655 ], [ 6.249774167945924, 48.665663925304123 ], [ 6.249717984504159, 48.665718677107463 ], [ 6.249670173351844, 48.665776813000804 ], [ 6.249631194956621, 48.665837773113559 ], [ 6.24960142472754, 48.66590097037497 ], [ 6.249581149398679, 48.665965796167512 ], [ 6.249570564266572, 48.666031626188037 ], [ 6.249569771308067, 48.666097826459968 ], [ 6.249578778196867, 48.666163759438646 ], [ 6.249597498228181, 48.66622879015133 ], [ 6.24962575115236, 48.66629229231242 ], [ 6.249663264909445, 48.666353654355007 ], [ 6.249689839620548, 48.666387224485746 ], [ 6.249637145544819, 48.666372441429317 ], [ 6.249541736808975, 48.666352721895819 ], [ 6.249443869524684, 48.666339291649358 ], [ 6.24934448617336, 48.666332280025884 ], [ 6.24924454383476, 48.666331754548679 ], [ 6.249145004971165, 48.6663377202782 ], [ 6.249046828159769, 48.666350119763329 ], [ 6.248950958862455, 48.666368833594532 ], [ 6.248858320321811, 48.666393681553807 ], [ 6.248807639236302, 48.666411283857698 ], [ 6.248829957765867, 48.666376380310965 ], [ 6.248859729197689, 48.666313183267469 ], [ 6.248880005555349, 48.666248357616546 ], [ 6.248890591600465, 48.666182527669314 ], [ 6.248891385419884, 48.666116327406627 ], [ 6.248882379405764, 48.666050394373393 ], [ 6.248863660327425, 48.66598536353866 ], [ 6.248835408494295, 48.665921861180585 ], [ 6.248797896018129, 48.665860498855217 ], [ 6.248751484191211, 48.665801867507135 ], [ 6.24869662000589, 48.66574653177863 ], [ 6.248633831848993, 48.665695024572202 ], [ 6.248563724412608, 48.665647841918975 ], [ 6.24848697287026, 48.665605438201936 ], [ 6.248404316374601, 48.665568221780504 ], [ 6.248316550939228, 48.665536551058239 ], [ 6.248224521773157, 48.665510731031674 ], [ 6.248129115141762, 48.665491010353321 ], [ 6.248031249832564, 48.665477578937406 ], [ 6.247931868307961, 48.665470566131162 ], [ 6.247831927630119, 48.665470039469277 ], [ 6.247732390245324, 48.665476004023596 ], [ 6.24763421471653, 48.66548840235432 ], [ 6.24753834649327, 48.66550711506305 ], [ 6.247445708807787, 48.66553196194252 ], [ 6.247357193785001, 48.665562703711913 ], [ 6.247273653851881, 48.665599044320821 ], [ 6.247195893528917, 48.665640633800081 ], [ 6.247124661682715, 48.665687071631751 ], [ 6.247060644314304, 48.66573791060587 ], [ 6.247004457952589, 48.665792661126886 ], [ 6.246956643716592, 48.665850795928243 ], [ 6.246917662103646, 48.665911755149914 ], [ 6.246887888553792, 48.665974951729694 ], [ 6.246867609833086, 48.66603977705666 ], [ 6.246857021270724, 48.666105606832097 ], [ 6.246856224876593, 48.666171807081817 ], [ 6.246865228357481, 48.666237740261373 ], [ 6.246883945041418, 48.666302771396118 ], [ 6.24691219471099, 48.666366274196342 ], [ 6.24694970533759, 48.666427637089001 ], [ 6.246976278344602, 48.666461207822543 ], [ 6.24692358496134, 48.666446423567564 ], [ 6.246828177113673, 48.666426701863521 ], [ 6.246730310387789, 48.666413269390162 ], [ 6.24663092725973, 48.666406255504846 ], [ 6.2465309848071, 48.666405727752704 ], [ 6.24643144549328, 48.666411691216048 ], [ 6.246333267899795, 48.666424088465597 ], [ 6.246237397496064, 48.66644280011338 ], [ 6.246144757535327, 48.666467645962342 ], [ 6.246094075464963, 48.666485247111495 ], [ 6.246116395836901, 48.666450344074988 ], [ 6.246146170589538, 48.666387147713145 ], [ 6.246166450339079, 48.666322322527847 ], [ 6.246177039814472, 48.666256492825717 ], [ 6.246177837069531, 48.66619029258527 ], [ 6.246168834463326, 48.666124359351151 ], [ 6.246150118732355, 48.666059328094398 ], [ 6.246121870153813, 48.665995825097205 ], [ 6.246084360808113, 48.665934461921786 ], [ 6.24603795195739, 48.665875829520928 ], [ 6.245983090565336, 48.665820492547006 ], [ 6.245920304991879, 48.665768983914582 ], [ 6.245889189318209, 48.665748041518746 ], [ 6.245917603510444, 48.665725477275799 ], [ 6.245973790937671, 48.665670727263972 ], [ 6.24602160610147, 48.665612592848042 ], [ 6.24606058853578, 48.665551633904059 ], [ 6.246090362844248, 48.665488437508444 ], [ 6.246110642314503, 48.665423612283689 ], [ 6.246121231678184, 48.665357782536816 ], [ 6.246122028990179, 48.665291582246745 ], [ 6.246113026609007, 48.665225648958632 ], [ 6.246094311269001, 48.66516061764402 ], [ 6.246066063243587, 48.66509711458567 ], [ 6.24602855460785, 48.665035751346366 ], [ 6.245982146617088, 48.664977118879513 ], [ 6.245927286226711, 48.664921781838139 ], [ 6.245864501786996, 48.664870273137439 ], [ 6.245833386670302, 48.664849330711249 ], [ 6.245861800398395, 48.66482676646455 ], [ 6.245917986918617, 48.664772016437695 ], [ 6.245965801322874, 48.664713882000264 ], [ 6.246004783152426, 48.664652923028541 ], [ 6.246034557016736, 48.664589726599139 ], [ 6.246054836207713, 48.66452490133495 ], [ 6.246065425459683, 48.664459071543348 ], [ 6.24606622282861, 48.664392871203695 ], [ 6.246057220672462, 48.66432693786161 ], [ 6.246038505723405, 48.664261906489159 ], [ 6.246010258251098, 48.664198403369639 ], [ 6.245972750325298, 48.664137040066478 ], [ 6.245946179143122, 48.664103469043702 ], [ 6.245998869889799, 48.664118253759803 ], [ 6.246094273214068, 48.664137976165811 ], [ 6.246192135519419, 48.664151409187021 ], [ 6.246291514304335, 48.664158423451418 ], [ 6.246391452460543, 48.664158951405341 ], [ 6.246490987491894, 48.664152987964094 ], [ 6.246589160785153, 48.664140590561004 ], [ 6.246685026843362, 48.664121878594159 ], [ 6.246777662392822, 48.664097032276388 ], [ 6.246866175275919, 48.664066290899484 ], [ 6.246949713044118, 48.664029950529354 ], [ 6.247027471168312, 48.663988361154431 ], [ 6.247098700787443, 48.663941923314582 ], [ 6.247162715920755, 48.663891084243353 ], [ 6.247218900074173, 48.663836333560312 ], [ 6.247266712177223, 48.663778198555406 ], [ 6.247305691793324, 48.663717239110369 ], [ 6.247335463553261, 48.663654042306433 ], [ 6.247355740769207, 48.663589216770013 ], [ 6.247366328194507, 48.663523386811143 ], [ 6.247367123902714, 48.663457186410774 ], [ 6.247358120267794, 48.663391253115165 ], [ 6.247339404036148, 48.663326221895865 ], [ 6.247311155489787, 48.663262719034755 ], [ 6.24727364670881, 48.663201356092728 ], [ 6.247247075167015, 48.663167785333556 ], [ 6.247299765338845, 48.663182569486253 ], [ 6.247395167446992, 48.663202290866586 ], [ 6.247493028335815, 48.663215722830365 ], [ 6.24759240551743, 48.66322273601574 ], [ 6.247692341899013, 48.663223262879427 ], [ 6.247791875001508, 48.663217298347284 ], [ 6.247890046230252, 48.663204899863068 ], [ 6.247985910108171, 48.663186186835325 ], [ 6.248078543382569, 48.663161339487111 ], [ 6.248167053917743, 48.663130597120123 ], [ 6.24825058928777, 48.66309425580981 ], [ 6.248328344986642, 48.663052665553636 ], [ 6.248359958697681, 48.663032054084027 ], [ 6.248394022601652, 48.663050874763684 ], [ 6.248476675112016, 48.663088091270907 ], [ 6.248564436536078, 48.663119761940393 ], [ 6.248656461663241, 48.663145581756375 ], [ 6.248751864215433, 48.663165302051517 ], [ 6.248849725383425, 48.663178732901912 ], [ 6.248949102676653, 48.663185744956444 ], [ 6.24904903900121, 48.663186270682722 ], [ 6.249148571878593, 48.663180305017534 ], [ 6.249246742716307, 48.663167905415627 ], [ 6.249342606041047, 48.663149191296235 ], [ 6.24943523860544, 48.663124342892928 ], [ 6.249523748280626, 48.663093599517616 ], [ 6.249607282648964, 48.663057257255417 ], [ 6.249685037214092, 48.663015666112983 ], [ 6.249716650368161, 48.662995054282931 ], [ 6.249750714736186, 48.663013874575469 ], [ 6.249833368153361, 48.663051090143142 ], [ 6.249921130336776, 48.663082759814749 ], [ 6.25001315606852, 48.663108578584151 ], [ 6.250108559064695, 48.663128297794074 ], [ 6.2502064205118, 48.663141727531077 ], [ 6.250305797916578, 48.663148738454758 ], [ 6.250405734184052, 48.663149263043621 ], [ 6.250505266836266, 48.66314329624543 ], [ 6.250603437282893, 48.663130895525796 ], [ 6.250699300054397, 48.663112180314755 ], [ 6.250791931908735, 48.663087330856399 ], [ 6.250880440723882, 48.663056586472756 ], [ 6.250963974090482, 48.663020243258693 ], [ 6.251041727521824, 48.662978651230013 ], [ 6.251073340118901, 48.66295803903953 ], [ 6.251107404950964, 48.662976858944937 ], [ 6.251190059274897, 48.663014073573045 ], [ 6.251277822217611, 48.663045742246773 ], [ 6.251369848553879, 48.66307155996958 ], [ 6.251465251993982, 48.663091278094292 ], [ 6.251563113720139, 48.663104706717903 ], [ 6.251662491236409, 48.663111716510727 ], [ 6.25176242744674, 48.663112239962203 ], [ 6.251861959873727, 48.663106272030987 ], [ 6.251960129929214, 48.663093870193649 ], [ 6.252055992147426, 48.663075153890965 ], [ 6.252148623291654, 48.663050303377567 ], [ 6.252199299996289, 48.663032699603576 ], [ 6.25217698514176, 48.663067603879107 ], [ 6.252147219565163, 48.663130801923245 ], [ 6.252126948465204, 48.663195628299555 ], [ 6.252116367097685, 48.663261458699246 ], [ 6.252115577403198, 48.663327659142062 ], [ 6.252124587024008, 48.663393592081746 ], [ 6.25214330922901, 48.663458622545903 ], [ 6.252171563747611, 48.663522124251337 ], [ 6.2522090785045, 48.663583485635513 ], [ 6.252255492238687, 48.66364211574659 ], [ 6.252310357981623, 48.663697449934908 ], [ 6.252373147360939, 48.663748955291197 ], [ 6.252443255688394, 48.663796135779236 ], [ 6.252520007783056, 48.663838537013412 ], [ 6.252602664473639, 48.663875750635107 ], [ 6.252690429717383, 48.66390741824587 ], [ 6.252782458266902, 48.663933234859464 ], [ 6.252877863811157, 48.663952951839313 ], [ 6.252975727512107, 48.663966379293477 ], [ 6.253075106854785, 48.66397338790356 ], [ 6.253175044725552, 48.663973910170334 ], [ 6.253274578631007, 48.66396794106393 ], [ 6.253372749968758, 48.663955538072173 ], [ 6.253468613260682, 48.663936820647017 ], [ 6.253561245259724, 48.663911969053835 ], [ 6.253611922323743, 48.663894364692034 ], [ 6.253589608044276, 48.663929269206747 ], [ 6.253559843684122, 48.663992467557925 ], [ 6.253539574000992, 48.664057294127559 ], [ 6.253528994237044, 48.66412312460502 ], [ 6.25352820631743, 48.664189325009282 ], [ 6.253537217867321, 48.664255257794494 ], [ 6.253555942137035, 48.664320287989732 ], [ 6.253584198836099, 48.664383789314357 ], [ 6.253621715868199, 48.664445150209581 ], [ 6.253668131950434, 48.664503779728207 ], [ 6.253723000091642, 48.664559113226289 ], [ 6.25378579189636, 48.664610617801202 ], [ 6.253855902652983, 48.664657797424276 ], [ 6.253932657157185, 48.664700197718211 ], [ 6.254015316214475, 48.66473741033343 ], [ 6.254103083759298, 48.664769076881186 ], [ 6.254195114522103, 48.664794892385494 ], [ 6.254290522170539, 48.664814608220439 ], [ 6.254388387846293, 48.664828034505113 ], [ 6.254487769015383, 48.664835041932399 ], [ 6.254587708546577, 48.664835563014464 ], [ 6.254687243930482, 48.664829592732815 ], [ 6.254785416550465, 48.664817188586632 ], [ 6.254881280916057, 48.664798470038953 ], [ 6.254973913769861, 48.664773617365967 ], [ 6.255024591193253, 48.664756012416369 ], [ 6.255002277488889, 48.664790917170265 ], [ 6.254972514345293, 48.664854115828433 ], [ 6.25495224607911, 48.664918942591363 ], [ 6.254941667918852, 48.664984773146557 ], [ 6.254940881774229, 48.665050973512272 ], [ 6.254949895253317, 48.665116906142963 ], [ 6.254968621587858, 48.665181936069246 ], [ 6.254996880467494, 48.665245437013049 ], [ 6.255034399774909, 48.665306797419248 ], [ 6.255080818205294, 48.665365426345367 ], [ 6.255135688744867, 48.665420759153143 ], [ 6.255198482975071, 48.665472262946658 ], [ 6.255268596160939, 48.665519441704696 ], [ 6.255345353074751, 48.66556184105832 ], [ 6.255428014498806, 48.665599052667019 ], [ 6.255515784344754, 48.665630718151739 ], [ 6.255607817320883, 48.665656532546684 ], [ 6.255703227073525, 48.665676247236689 ], [ 6.255801094724099, 48.66568967235186 ], [ 6.255900477719604, 48.665696678596305 ], [ 6.256000418911214, 48.665697198493604 ], [ 6.25609995577355, 48.665691227036682 ], [ 6.256198129675734, 48.66567882173603 ], [ 6.256293995114949, 48.6656601020658 ], [ 6.256386628823463, 48.665635248313031 ], [ 6.256437306606165, 48.665617642775572 ], [ 6.256414993476992, 48.665652547768644 ], [ 6.256385231550071, 48.665715746733788 ], [ 6.256364964700952, 48.665780573689986 ], [ 6.256354388144501, 48.665846404322899 ], [ 6.256353603774985, 48.665912604649996 ], [ 6.256362619183387, 48.665978537126136 ], [ 6.25638134758287, 48.666043566783401 ], [ 6.256409608643187, 48.66610706734636 ], [ 6.256447130226024, 48.666168427263457 ], [ 6.256493551004658, 48.666227055597034 ], [ 6.25654842394269, 48.666282387714489 ], [ 6.256611220598465, 48.666333890726506 ], [ 6.256681336213657, 48.666381068619465 ], [ 6.256758095537146, 48.66642346703275 ], [ 6.256840759328023, 48.666460677634866 ], [ 6.256928531475145, 48.6664923420565 ], [ 6.257020566664637, 48.666518155342047 ], [ 6.257115978521508, 48.666537868887069 ], [ 6.257213848146917, 48.666551292832672 ], [ 6.257313232968839, 48.666558297894248 ], [ 6.257413175820857, 48.666558816606738 ], [ 6.257512714161601, 48.666552843974515 ], [ 6.257610889345957, 48.666540437519366 ], [ 6.257706755858754, 48.666521716726557 ], [ 6.257799390421922, 48.666496861893961 ], [ 6.257887900887351, 48.666466112395348 ], [ 6.257971434829793, 48.666429764374861 ], [ 6.258049187756993, 48.666388167894588 ], [ 6.258120410857956, 48.666341723562823 ], [ 6.258184418214706, 48.66629087867566 ], [ 6.258240593408074, 48.666236122908671 ], [ 6.258288395453887, 48.666177983600754 ], [ 6.258327364012428, 48.666117020675081 ], [ 6.258357123820985, 48.666053821246365 ], [ 6.258377388306838, 48.665988993966387 ], [ 6.258387962345935, 48.665923163161906 ], [ 6.258388744140755, 48.665856962822026 ], [ 6.258379726199257, 48.6657910304924 ], [ 6.258360995405623, 48.665726001135305 ], [ 6.258332732182108, 48.665662501014666 ], [ 6.258295208750153, 48.665601141664993 ], [ 6.258268628915468, 48.665567573430621 ], [ 6.258321324619581, 48.665582352681604 ], [ 6.258416735259634, 48.665602065201035 ], [ 6.25851460346783, 48.66561548808928 ], [ 6.258613986685796, 48.665622492071932 ], [ 6.258713927762564, 48.665623009694308 ], [ 6.258813464173858, 48.665617035971273 ], [ 6.258911637293151, 48.665604628435148 ], [ 6.259007501625161, 48.66558590658159 ], [ 6.25910013391282, 48.665561050718679 ], [ 6.259188642029935, 48.665530300230131 ], [ 6.259272173573875, 48.665493951269582 ], [ 6.259349924075488, 48.665452353908222 ], [ 6.259381534893374, 48.665431739557306 ], [ 6.259415604325738, 48.665450557049262 ], [ 6.25949826846956, 48.665487765838975 ], [ 6.259586040592809, 48.665519428329787 ], [ 6.259678075381834, 48.665545239584709 ], [ 6.259773486465507, 48.665564951018844 ], [ 6.259871354952425, 48.665578372793625 ], [ 6.259970738281533, 48.665585375645378 ], [ 6.260070679300792, 48.665585892130309 ], [ 6.26017021548648, 48.665579917274215 ], [ 6.26026838821424, 48.665567508620349 ], [ 6.260364251992564, 48.665548785675149 ], [ 6.260456883569717, 48.665523928757182 ], [ 6.260545390826348, 48.665493177260316 ], [ 6.260628921368117, 48.665456827347953 ], [ 6.260706670735521, 48.665415229100383 ], [ 6.260777890151851, 48.665368783142945 ], [ 6.260841893734616, 48.665317936787361 ], [ 6.260898065100996, 48.665263179723368 ], [ 6.260945863303675, 48.665205039302329 ], [ 6.260984828039954, 48.665144075458151 ], [ 6.261014584083927, 48.665080875314423 ], [ 6.261034844899128, 48.665016047529726 ], [ 6.261045415396862, 48.664950216435756 ], [ 6.261046193813705, 48.664884016024395 ], [ 6.26103717269015, 48.664818083841951 ], [ 6.261018438941024, 48.664753054849307 ], [ 6.260990173017039, 48.664689555306872 ], [ 6.260952647165642, 48.664628196743578 ], [ 6.260926066119896, 48.664594629074323 ], [ 6.260978761594667, 48.664609407162644 ], [ 6.261074171461424, 48.664629117571231 ], [ 6.261172038531051, 48.664642538288703 ], [ 6.261271420256138, 48.664649540061568 ], [ 6.2613713595001, 48.664650055456455 ], [ 6.26147089375631, 48.664644079509628 ], [ 6.261569064418999, 48.664631669774828 ], [ 6.261664926016544, 48.664612945768958 ], [ 6.261757555318216, 48.664588087820754 ], [ 6.261808230278424, 48.664570479984533 ], [ 6.261785921180198, 48.664605386013569 ], [ 6.26175616633873, 48.664668586375079 ], [ 6.261735906552138, 48.664733414301288 ], [ 6.26172533696727, 48.664799245468465 ], [ 6.261724559411252, 48.664865445888985 ], [ 6.26173358140945, 48.664931378016767 ], [ 6.261752316111558, 48.664996406887269 ], [ 6.261780583126629, 48.665059906232621 ], [ 6.261818110259001, 48.665121264513033 ], [ 6.261864536128495, 48.665179890806556 ], [ 6.261919413649686, 48.665235220500236 ], [ 6.261982214336771, 48.66528672072814 ], [ 6.262013336178894, 48.665307658931063 ], [ 6.261984929157945, 48.665330227018011 ], [ 6.261928758857394, 48.665384984591064 ], [ 6.261880961582839, 48.665443125397417 ], [ 6.261841997668279, 48.665504089519196 ], [ 6.261812242383318, 48.66556728984699 ], [ 6.261791982318118, 48.665632117733793 ], [ 6.261781412622219, 48.665697948856256 ], [ 6.261780635123816, 48.665764149227158 ], [ 6.261789657347718, 48.665830081300932 ], [ 6.26180839244145, 48.665895110113539 ], [ 6.261836660010294, 48.665958609397656 ], [ 6.261874187853254, 48.666019967614098 ], [ 6.26192061458331, 48.666078593841497 ], [ 6.261975493106752, 48.666133923467605 ], [ 6.26203829492812, 48.666185423627084 ], [ 6.262069417327436, 48.666206361799532 ], [ 6.262041009842589, 48.666228929882806 ], [ 6.261984838635607, 48.666283687440945 ], [ 6.261937040602117, 48.666341828225882 ], [ 6.261898076083425, 48.666402792319957 ], [ 6.261868320354956, 48.66646599261405 ], [ 6.261848060011144, 48.666530820461425 ], [ 6.261837490204212, 48.666596651539137 ], [ 6.261836712763428, 48.66666285186043 ], [ 6.261845735213045, 48.666728783880167 ], [ 6.261864470698416, 48.666793812634864 ], [ 6.261892738821054, 48.666857311857726 ], [ 6.26193026737463, 48.666918670010162 ], [ 6.26197669496528, 48.666977296171467 ], [ 6.262031574491006, 48.667032625729952 ], [ 6.262094377446701, 48.667084125820992 ], [ 6.262164499013363, 48.667131300459076 ], [ 6.262241263882551, 48.667173695314894 ], [ 6.262323932759945, 48.667210902091242 ], [ 6.262411709485407, 48.667242562455655 ], [ 6.262503748700967, 48.667268371491616 ], [ 6.262599163992858, 48.667288080635608 ], [ 6.262697036429151, 48.66730150007109 ], [ 6.262796423410749, 48.667308500556928 ], [ 6.262896367750435, 48.667309014672107 ], [ 6.26299590689251, 48.667303037465281 ], [ 6.263094082184141, 48.667290626502322 ], [ 6.263189948109129, 48.667271901311885 ], [ 6.263282581395063, 48.667247042234187 ], [ 6.263371089906136, 48.667216288683889 ], [ 6.263454621235928, 48.667179936844164 ], [ 6.263532370917349, 48.667138336813885 ], [ 6.263563981105735, 48.667117721383121 ], [ 6.263598053141027, 48.667136537653036 ], [ 6.263680722924862, 48.66717374348967 ], [ 6.263768500409256, 48.667205402856048 ], [ 6.263860540228928, 48.66723121084528 ], [ 6.26395595596429, 48.66725091890391 ], [ 6.264053828679145, 48.667264337225902 ], [ 6.264153215771709, 48.667271336580789 ], [ 6.264253160053702, 48.667271849558496 ], [ 6.264352698969973, 48.667265871218589 ], [ 6.264450873869871, 48.667253459137875 ], [ 6.264546739240965, 48.667234732855761 ], [ 6.264639371816181, 48.667209872722992 ], [ 6.264727879466558, 48.66717911816442 ], [ 6.264811409793966, 48.667142765372859 ], [ 6.264889158340968, 48.66710116445639 ], [ 6.264920767972109, 48.667080548665183 ], [ 6.264954840471281, 48.667099364547909 ], [ 6.265037511161506, 48.6671365694448 ], [ 6.265125289404778, 48.667168227813129 ], [ 6.265217329828504, 48.667194034755639 ], [ 6.265312746007281, 48.667213741728922 ], [ 6.265410619000638, 48.667227158937393 ], [ 6.265510006204113, 48.667234157161346 ], [ 6.26560995042835, 48.667234669001559 ], [ 6.26570948911876, 48.667228689528578 ], [ 6.265807663626865, 48.667216276330109 ], [ 6.265903528444011, 48.667197548956345 ], [ 6.265996160308457, 48.667172687768542 ], [ 6.266084667098088, 48.667141932201645 ], [ 6.266168196423064, 48.667105578458269 ], [ 6.266245943835606, 48.667063976655612 ], [ 6.266317160577832, 48.667017527453247 ], [ 6.266381160793016, 48.666966678194129 ], [ 6.266437328130769, 48.666911918595979 ], [ 6.266485121682582, 48.666853776034564 ], [ 6.266524081190548, 48.666792810464379 ], [ 6.266553831479122, 48.666729609025651 ], [ 6.266574086067272, 48.666664780389446 ], [ 6.266584649926271, 48.66659894889564 ], [ 6.266585421356639, 48.666532748539957 ], [ 6.266576392966149, 48.66646681686818 ], [ 6.266557651739619, 48.666401788836296 ], [ 6.26652937819977, 48.666338290695407 ], [ 6.266491844667397, 48.66627693396098 ], [ 6.266465259228901, 48.666243367573514 ], [ 6.266517957929646, 48.666258143192692 ], [ 6.266613372891134, 48.666277849140464 ], [ 6.266711244466833, 48.666291265291648 ], [ 6.26681063006593, 48.666298262436769 ], [ 6.266910572514526, 48.666298773186988 ], [ 6.26701010927513, 48.666292792623317 ], [ 6.267108281717854, 48.66628037834397 ], [ 6.267204144353933, 48.666261649909586 ], [ 6.267296773942633, 48.666236787691595 ], [ 6.267347448635298, 48.666219177525072 ], [ 6.26732514253065, 48.666254084542274 ], [ 6.267295393444577, 48.666317286198755 ], [ 6.267275139885037, 48.666382114976429 ], [ 6.267264576938916, 48.666447946543443 ], [ 6.267263806369407, 48.666514146908227 ], [ 6.267272835634595, 48.6665800785253 ], [ 6.267291577814189, 48.66664510643502 ], [ 6.267319852445233, 48.666708604378748 ], [ 6.267357387258715, 48.66676996083023 ], [ 6.267403820800483, 48.666828584885067 ], [ 6.26745870591122, 48.666883911951935 ], [ 6.267521514032025, 48.66693540919016 ], [ 6.267591640294155, 48.666982580641708 ], [ 6.267668409343939, 48.667024972007972 ], [ 6.267751081846791, 48.667062175025364 ], [ 6.267838861607653, 48.667093831397594 ], [ 6.267930903239321, 48.667119636246611 ], [ 6.268026320304755, 48.667139341049186 ], [ 6.268124193854941, 48.667152756030632 ], [ 6.268223581280054, 48.667159751992692 ], [ 6.268323525388607, 48.667160261557939 ], [ 6.268423063627122, 48.667154279818824 ], [ 6.268521237351473, 48.667141864384874 ], [ 6.268617101060554, 48.667123134827811 ], [ 6.268709731503302, 48.667098271529902 ], [ 6.268760406554899, 48.66708066077549 ], [ 6.268738101025849, 48.667115568031853 ], [ 6.268708353157174, 48.667178769995161 ], [ 6.268688101015394, 48.667243598965968 ], [ 6.26867753967374, 48.66730943061048 ], [ 6.268676770879957, 48.667375630936476 ], [ 6.268685802075028, 48.667441562398764 ], [ 6.268704546320079, 48.667506590039245 ], [ 6.268732823132262, 48.667570087601852 ], [ 6.26877036022156, 48.667631443563984 ], [ 6.268816796111903, 48.667690067026008 ], [ 6.268871683621357, 48.667745393402264 ], [ 6.268934494167918, 48.667796889858728 ], [ 6.26900462285948, 48.667844060444928 ], [ 6.269081394318976, 48.667886450870554 ], [ 6.269164069188611, 48.667923652881093 ], [ 6.269251851250532, 48.667955308189953 ], [ 6.269343895095372, 48.667981111929315 ], [ 6.269439314264774, 48.668000815586666 ], [ 6.269537189789462, 48.668014229398317 ], [ 6.269636579040594, 48.668021224177302 ], [ 6.269736524809094, 48.668021732557563 ], [ 6.269836064525497, 48.668015749642947 ], [ 6.269934239531445, 48.668003333054344 ], [ 6.270030104313489, 48.667984602374581 ], [ 6.270122735610229, 48.667959737996746 ], [ 6.270211241305018, 48.667928979386531 ], [ 6.270294769018563, 48.667892622775838 ], [ 6.270372514318606, 48.667851018309491 ], [ 6.270404122241501, 48.667830401077389 ], [ 6.270438197201742, 48.667849215380969 ], [ 6.27052087297759, 48.667886416451722 ], [ 6.270608655798197, 48.667918070762504 ], [ 6.270700700246885, 48.667943873455087 ], [ 6.270796119859483, 48.667963576027034 ], [ 6.270893995662446, 48.667976988725172 ], [ 6.270993385024251, 48.667983982373165 ], [ 6.271093330734756, 48.667984489615932 ], [ 6.271192870225057, 48.667978505568243 ], [ 6.27129104483897, 48.667966087861885 ], [ 6.271386909066824, 48.667947356090487 ], [ 6.271479539652555, 48.667922490657595 ], [ 6.271530214570074, 48.667904878738 ], [ 6.271507910538148, 48.667939786488404 ], [ 6.27147816554776, 48.668002989099051 ], [ 6.271457916520073, 48.668067818495437 ], [ 6.271447358498332, 48.668133650339684 ], [ 6.271446593198309, 48.668199850637627 ], [ 6.271455628027343, 48.668265781844362 ], [ 6.271474376011564, 48.668330809004225 ], [ 6.271502656632111, 48.668394305865796 ], [ 6.271540197562293, 48.66845566091321 ], [ 6.271586637289047, 48.668514283255668 ], [ 6.271641528593493, 48.668569608318258 ], [ 6.271704342857077, 48.668621103279641 ], [ 6.27177447515189, 48.668668272203689 ], [ 6.271851250066164, 48.668710660816181 ], [ 6.271933928208833, 48.668747860880018 ], [ 6.272021713330515, 48.668779514127351 ], [ 6.272113759992373, 48.668805315710216 ], [ 6.272209181708921, 48.668825017136882 ], [ 6.27230705948635, 48.668838428665126 ], [ 6.272406450674119, 48.668845421129994 ], [ 6.272506398044499, 48.668845927187704 ], [ 6.272605939012599, 48.668839941964492 ], [ 6.272704114908005, 48.668827523103431 ], [ 6.2727999802087, 48.668808790209305 ], [ 6.272892611648292, 48.668783923696438 ], [ 6.272981117108757, 48.668753163051178 ], [ 6.273064644213063, 48.668716804524983 ], [ 6.273142388534819, 48.6686751982811 ], [ 6.273213601345917, 48.668628745021906 ], [ 6.273277596827494, 48.668577892129413 ], [ 6.273333758674759, 48.668523129356338 ], [ 6.273381546032081, 48.668464984108994 ], [ 6.273420498701222, 48.668404016367802 ], [ 6.273450241572501, 48.668340813293845 ], [ 6.273470488236324, 48.668275983573949 ], [ 6.273481043740285, 48.668210151558434 ], [ 6.27348180646537, 48.668143951248034 ], [ 6.273472769103196, 48.668078020188112 ], [ 6.273454018724978, 48.668012993328738 ], [ 6.273425735941577, 48.667949496909728 ], [ 6.273388193162802, 48.667888142429973 ], [ 6.273361602479453, 48.667854577626045 ], [ 6.273414304751711, 48.667869350176495 ], [ 6.273509725250529, 48.667889050577685 ], [ 6.273607601609865, 48.667902461048719 ], [ 6.27370699119284, 48.667909452434806 ], [ 6.273806936787178, 48.667909957402571 ], [ 6.273906475825096, 48.667903971088741 ], [ 6.274004649654769, 48.667891551146901 ], [ 6.274100512774076, 48.667872817192219 ], [ 6.274193141937633, 48.667847949649278 ], [ 6.27428164504934, 48.66781718801429 ], [ 6.274365169754783, 48.66778082854826 ], [ 6.274442911650679, 48.667739221423524 ], [ 6.274514122032283, 48.667692767350914 ], [ 6.274578115104128, 48.667641913720296 ], [ 6.274634274584632, 48.667587150291418 ], [ 6.274682059640961, 48.667529004477032 ], [ 6.274721010097033, 48.667468036262939 ], [ 6.274750750864481, 48.667404832814775 ], [ 6.274770995553972, 48.667340002823011 ], [ 6.274781549232116, 48.667274170640546 ], [ 6.274782310297478, 48.66720797026975 ], [ 6.274773271457658, 48.667142039256547 ], [ 6.274754519798101, 48.667077012550543 ], [ 6.274726235942007, 48.667013516390128 ], [ 6.274688692309512, 48.666952162271656 ], [ 6.274662101267435, 48.666918597731417 ], [ 6.274714802963875, 48.666933369718549 ], [ 6.274810222244936, 48.666953069094284 ], [ 6.274908097186168, 48.666966478508144 ], [ 6.275007485164346, 48.666973468815478 ], [ 6.275107428982653, 48.666973972693334 ], [ 6.275206966090408, 48.666967985288942 ], [ 6.275305137854379, 48.66695556426636 ], [ 6.27540099879234, 48.666936829251163 ], [ 6.275493625679915, 48.666911960678185 ], [ 6.275582126442927, 48.666881198053517 ], [ 6.275665648749582, 48.666844837647737 ], [ 6.275743388219698, 48.666803229642191 ], [ 6.275814596171896, 48.666756774756202 ], [ 6.275878586834107, 48.666705920387479 ], [ 6.275934743947954, 48.666651156302912 ], [ 6.275982526703397, 48.666593009921499 ], [ 6.276021474946512, 48.666532041234547 ], [ 6.276051213610246, 48.666468837412232 ], [ 6.276071456325524, 48.666404007148628 ], [ 6.276082008177967, 48.666338174799257 ], [ 6.276082767583724, 48.66627197436808 ], [ 6.276073727266376, 48.66620604340163 ], [ 6.276054974325596, 48.666141016849053 ], [ 6.276026689396915, 48.666077520947248 ], [ 6.275989144910808, 48.666016167190094 ], [ 6.275962553510076, 48.66598260291353 ], [ 6.276015254630661, 48.66599737433738 ], [ 6.276110672693941, 48.666017072687687 ], [ 6.276208546217053, 48.666030481044395 ], [ 6.276307932590432, 48.666037470273032 ], [ 6.276407874632715, 48.666037973061016 ], [ 6.276507409810328, 48.666031984566068 ], [ 6.27660557950863, 48.666019562462793 ], [ 6.276701438265285, 48.666000826387133 ], [ 6.276794062876935, 48.665975956784159 ], [ 6.276882561291314, 48.665945193169868 ], [ 6.276966081199253, 48.66590883182436 ], [ 6.277043818243673, 48.665867222938076 ], [ 6.277115023766553, 48.665820767238777 ], [ 6.277179012019228, 48.665769912132014 ], [ 6.277235166766521, 48.665715147391779 ], [ 6.277282947221185, 48.665657000443403 ], [ 6.277321893251457, 48.66559603128362 ], [ 6.27735162981159, 48.665532827087212 ], [ 6.277371870552773, 48.665467996551811 ], [ 6.277382420579634, 48.665402164035562 ], [ 6.277383178325903, 48.665335963544059 ], [ 6.277374136531142, 48.665270032624406 ], [ 6.27735538230925, 48.665205006225264 ], [ 6.277327096308099, 48.665141510582082 ], [ 6.277289550968481, 48.665080157186246 ], [ 6.277262959209122, 48.665046593173372 ], [ 6.277315659753859, 48.665061364033924 ], [ 6.277411076599331, 48.66508106135884 ], [ 6.27750894870431, 48.665094468658424 ], [ 6.277608333472886, 48.66510145680838 ], [ 6.277708273739155, 48.66510195850654 ], [ 6.277807806986648, 48.665095968921115 ], [ 6.27790597461931, 48.665083545737161 ], [ 6.278001831194706, 48.665064808601102 ], [ 6.278094453530479, 48.66503993796816 ], [ 6.278182949596292, 48.665009173364304 ], [ 6.278266467105587, 48.664972811079146 ], [ 6.278344201724391, 48.664931201312143 ], [ 6.278375804740441, 48.664910581915969 ], [ 6.278409880665794, 48.664929393987023 ], [ 6.278492557495746, 48.664966589620377 ], [ 6.278580340239959, 48.664998238138679 ], [ 6.278672383482484, 48.665024034739503 ], [ 6.278767800770769, 48.665043730979079 ], [ 6.278865673153649, 48.665057137165171 ], [ 6.27896505803254, 48.665064124184219 ], [ 6.279064998240475, 48.665064624744929 ], [ 6.279164531261546, 48.665058634026494 ], [ 6.279262698501878, 48.665046209724885 ], [ 6.279358554522816, 48.665027471497268 ], [ 6.279451176147345, 48.665002599809377 ], [ 6.279539671351975, 48.664971834197381 ], [ 6.279623187858448, 48.664935470960536 ], [ 6.279700921342445, 48.664893860307522 ], [ 6.279772123180241, 48.664847402983121 ], [ 6.279836107658655, 48.664796546408517 ], [ 6.279892258578867, 48.664741780371891 ], [ 6.279940035190489, 48.664683632311004 ], [ 6.279978977398765, 48.664622662233327 ], [ 6.280008710194762, 48.664559457322461 ], [ 6.280028947265916, 48.664494626282938 ], [ 6.2800394937522, 48.664428793477768 ], [ 6.280040248121444, 48.664362592915289 ], [ 6.280031203145727, 48.664296662143308 ], [ 6.280012445969583, 48.664231636109072 ], [ 6.279984157269332, 48.664168141044513 ], [ 6.279946609511757, 48.664106788435433 ], [ 6.27992001654227, 48.664073224987874 ], [ 6.279972716856594, 48.664087994685829 ], [ 6.280068132926974, 48.664107689900028 ], [ 6.280166003891641, 48.664121095029039 ], [ 6.280265387165666, 48.664128080969462 ], [ 6.280365325597542, 48.664128580440412 ], [ 6.280464856688463, 48.664122588631535 ], [ 6.280563021863146, 48.66411016324934 ], [ 6.280658875702835, 48.664091423961381 ], [ 6.280751495051516, 48.664066551243636 ], [ 6.280839987907622, 48.664035784642103 ], [ 6.280923502015514, 48.663999420465686 ], [ 6.281001233073976, 48.663957808932047 ], [ 6.28103283445444, 48.663937188814621 ], [ 6.281066910701273, 48.663956000141539 ], [ 6.281149587882052, 48.663993193962469 ], [ 6.281237370600285, 48.664024840549992 ], [ 6.281329413440274, 48.664050635120304 ], [ 6.281424829953337, 48.664070329249171 ], [ 6.28152270119578, 48.664083733264704 ], [ 6.281622084580001, 48.664090718074227 ], [ 6.281722022953427, 48.664091216407762 ], [ 6.281821553817821, 48.664085223465911 ], [ 6.281919718600078, 48.664072796966082 ], [ 6.282015571885219, 48.664054056586593 ], [ 6.282108190522576, 48.664029182813927 ], [ 6.282196682517434, 48.663998415204297 ], [ 6.282280195622446, 48.663962050076243 ], [ 6.282357925546055, 48.663920437656621 ], [ 6.282429123698829, 48.663873978707244 ], [ 6.282493104403076, 48.663823120664951 ], [ 6.282549251496327, 48.663768353332024 ], [ 6.28259702426505, 48.663710204158733 ], [ 6.282635962651501, 48.66364923316327 ], [ 6.282665691683554, 48.663586027538074 ], [ 6.282685925084892, 48.663521195994541 ], [ 6.282696468030833, 48.663455362900528 ], [ 6.282697219023301, 48.66338916226718 ], [ 6.282688170866892, 48.663323231642956 ], [ 6.28266941073677, 48.663258205973705 ], [ 6.282641119337701, 48.663194711487833 ], [ 6.282603569162463, 48.663133359665565 ], [ 6.282576974982981, 48.663099796783293 ], [ 6.282629675066788, 48.663114565318658 ], [ 6.282725090361853, 48.663134258422211 ], [ 6.282822960186001, 48.663147661380691 ], [ 6.282922341965294, 48.663154645111661 ], [ 6.283022278562615, 48.663155142355485 ], [ 6.283121807496831, 48.663149148323257 ], [ 6.283219970213432, 48.663136720742905 ], [ 6.283315821317331, 48.663117979303145 ], [ 6.283408437678868, 48.663093104500675 ], [ 6.283496927325246, 48.663062335901621 ], [ 6.283580438031742, 48.663025969834052 ], [ 6.283658165529896, 48.66298435653389 ], [ 6.283729361253634, 48.662937896771403 ], [ 6.283793339548663, 48.662887037991275 ], [ 6.283849484275714, 48.66283227000288 ], [ 6.283897254744042, 48.662774120262839 ], [ 6.283936190918062, 48.662713148794758 ], [ 6.283965917846952, 48.662649942795625 ], [ 6.28398614927465, 48.662585110980466 ], [ 6.28399669039548, 48.662519277719738 ], [ 6.283997439728938, 48.662453077026214 ], [ 6.283988390095604, 48.662387146448907 ], [ 6.283969628684859, 48.662322120933212 ], [ 6.283941336213802, 48.66225862670607 ], [ 6.28390378518553, 48.662197275245184 ], [ 6.283857337263576, 48.66213865739055 ], [ 6.283802439787877, 48.662083337654444 ], [ 6.283739621465832, 48.662031848785404 ], [ 6.283669487280001, 48.661984686637879 ], [ 6.283592712661488, 48.661942305397439 ], [ 6.283510036985151, 48.661905113207013 ], [ 6.283422256449277, 48.66187346823682 ], [ 6.283330216408282, 48.661847675235371 ], [ 6.283234803232255, 48.661827982594929 ], [ 6.283136935771728, 48.661814579959753 ], [ 6.283037556509813, 48.661807596399846 ], [ 6.282937622486879, 48.661807099168279 ], [ 6.282838096085127, 48.661813093053489 ], [ 6.28273993576175, 48.66182552033316 ], [ 6.282644086819864, 48.66184426133016 ], [ 6.282551472306039, 48.661869135564821 ], [ 6.282500806947144, 48.661886752258432 ], [ 6.282523101061726, 48.661851842274224 ], [ 6.282552829208617, 48.661788636581832 ], [ 6.282573062054588, 48.661723804959678 ], [ 6.282583604780303, 48.661657971776357 ], [ 6.282584355889803, 48.661591771043874 ], [ 6.282575308186556, 48.661525840311661 ], [ 6.282556548841359, 48.661460814526592 ], [ 6.282528258551419, 48.661397319918166 ], [ 6.282490709798822, 48.661335967967837 ], [ 6.282444264225189, 48.661277349520205 ], [ 6.282389369147842, 48.661222029093359 ], [ 6.282326553251083, 48.661170539442423 ], [ 6.282256421494114, 48.66112337642943 ], [ 6.28217964928465, 48.661080994248231 ], [ 6.282096975974352, 48.661043801050852 ], [ 6.282009197738721, 48.661012155017197 ], [ 6.281917159910023, 48.660986360906023 ], [ 6.281821748837041, 48.66096666712027 ], [ 6.281723883350059, 48.660953263315228 ], [ 6.281624505913178, 48.660946278572176 ], [ 6.281524573549199, 48.660945780155586 ], [ 6.281425048624346, 48.660951772865246 ], [ 6.281326889581588, 48.660964198990264 ], [ 6.281231041711707, 48.660982938864557 ], [ 6.281138428050955, 48.661007812019278 ], [ 6.281087763050423, 48.661025428125022 ], [ 6.281110057740961, 48.660990518379847 ], [ 6.281139787105739, 48.660927312994225 ], [ 6.281160021369868, 48.66086248156509 ], [ 6.28117056570035, 48.660796648459218 ], [ 6.281171318585772, 48.660730447687804 ], [ 6.281162272812496, 48.660664516800722 ], [ 6.281143515532734, 48.660599490746307 ], [ 6.281115227423798, 48.660535995756661 ], [ 6.281077680946773, 48.660474643316903 ], [ 6.281051089098043, 48.660441080019382 ], [ 6.281103786072455, 48.660455849262284 ], [ 6.281199195943415, 48.660475543631151 ], [ 6.281297060402189, 48.660488947872366 ], [ 6.281396436926512, 48.660495932891088 ], [ 6.28149636842988, 48.660496431415304 ], [ 6.281595892480225, 48.660490438643798 ], [ 6.281694050570069, 48.660478012292323 ], [ 6.281789897348889, 48.660459272037777 ], [ 6.281882509728682, 48.660434398365446 ], [ 6.281970995774996, 48.660403630830551 ], [ 6.28205450329778, 48.660367265750942 ], [ 6.282132228059238, 48.660325653352984 ], [ 6.282163826799621, 48.660305032872898 ], [ 6.282197901087054, 48.660323843933803 ], [ 6.282280573331251, 48.660361037083646 ], [ 6.282368350638449, 48.660392682934734 ], [ 6.282460387645065, 48.660418476710362 ], [ 6.282555797958598, 48.660438169993967 ], [ 6.282653662695063, 48.660451573121762 ], [ 6.282753039329517, 48.660458557009662 ], [ 6.282852970774397, 48.660459054396554 ], [ 6.282952494598194, 48.660453060492131 ], [ 6.283050652295618, 48.660440633023114 ], [ 6.283146498519922, 48.66042189167711 ], [ 6.283239110188445, 48.660397016949958 ], [ 6.283327595373587, 48.660366248407016 ], [ 6.28341110189359, 48.660329882375848 ], [ 6.283488825520316, 48.660288269091986 ], [ 6.283560017724975, 48.660241809325584 ], [ 6.283623992887163, 48.660190950521333 ], [ 6.283680134897782, 48.660136182488863 ], [ 6.283727903092249, 48.660078032685178 ], [ 6.28376683745687, 48.660017061134546 ], [ 6.283796563058248, 48.659953855034729 ], [ 6.283816793653104, 48.659889023101726 ], [ 6.283827334443776, 48.659823189707119 ], [ 6.283828083952942, 48.65975698886497 ], [ 6.283819034999478, 48.65969105812573 ], [ 6.283800274766221, 48.659626032436357 ], [ 6.283771983958921, 48.659562538025469 ], [ 6.283734435064652, 48.659501186372538 ], [ 6.283707842006192, 48.659467623640353 ], [ 6.283760538750013, 48.659482391720751 ], [ 6.283855947845655, 48.659502083979085 ], [ 6.283953811163967, 48.659515486049912 ], [ 6.284053186193662, 48.659522468859336 ], [ 6.284153115862636, 48.659522965156583 ], [ 6.284252637756483, 48.659516970161903 ], [ 6.284350793388499, 48.659504541612442 ], [ 6.284446637431833, 48.659485799206287 ], [ 6.284539246824828, 48.659460923449451 ], [ 6.284589909147697, 48.659443305853557 ], [ 6.284567617438902, 48.659478216294843 ], [ 6.284537893039461, 48.659541422612158 ], [ 6.284517663472745, 48.659606254686437 ], [ 6.284507123594572, 48.659672088154046 ], [ 6.284506374945976, 48.65973828900519 ], [ 6.284515424773916, 48.659804219689619 ], [ 6.284534185960065, 48.659869245256715 ], [ 6.284562477858403, 48.659932739470385 ], [ 6.28460002803361, 48.659994090840257 ], [ 6.284646474883575, 48.660052708510918 ], [ 6.284701371120795, 48.660108027952525 ], [ 6.284764188079198, 48.660159516397769 ], [ 6.284834320804909, 48.66020667797337 ], [ 6.284911093881996, 48.660249058475799 ], [ 6.284993767937073, 48.6602862497461 ], [ 6.285081546760124, 48.660317893601118 ], [ 6.285173584972964, 48.660343685283344 ], [ 6.285268996171473, 48.660363376396376 ], [ 6.285366861463141, 48.660376777297358 ], [ 6.285466238317679, 48.660383758923622 ], [ 6.285566169645403, 48.66038425403584 ], [ 6.285665693015933, 48.660378257865631 ], [ 6.285763849928344, 48.660365828161503 ], [ 6.285859695043453, 48.66034708463264 ], [ 6.285952305289278, 48.660322207795865 ], [ 6.286040788751926, 48.660291437236843 ], [ 6.286124293266227, 48.660255069302586 ], [ 6.286202014623363, 48.660213454246957 ], [ 6.286233611691634, 48.66019283268605 ], [ 6.286267687369456, 48.660211642585281 ], [ 6.286350362329897, 48.660248832915798 ], [ 6.286438141910793, 48.660280475772765 ], [ 6.286530180726659, 48.660306266408291 ], [ 6.286625592367569, 48.660325956436026 ], [ 6.286723457936752, 48.660339356223588 ], [ 6.286822834901243, 48.660346336719037 ], [ 6.286922766170301, 48.660346830693918 ], [ 6.287022289314112, 48.660340833390812 ], [ 6.287120445833931, 48.660328402569156 ], [ 6.287216290394358, 48.660309657948851 ], [ 6.287308899928757, 48.660284780057275 ], [ 6.287397382530082, 48.660254008490256 ], [ 6.287480886041462, 48.660217639604461 ], [ 6.287558606263739, 48.660176023662963 ], [ 6.287629794700913, 48.66012956146146 ], [ 6.287693765768865, 48.660078700468134 ], [ 6.287749903397934, 48.660023930513688 ], [ 6.287797666965734, 48.659965779073616 ], [ 6.287836596503132, 48.659904806187932 ], [ 6.287866317123222, 48.65984159906732 ], [ 6.287886542630702, 48.659776766437538 ], [ 6.287897078276905, 48.65971093267693 ], [ 6.287897822634051, 48.659644731803041 ], [ 6.287888768570634, 48.659578801366663 ], [ 6.287870003318702, 48.659513776311798 ], [ 6.287841707632338, 48.659450282860981 ], [ 6.2878041540456, 48.659388932484418 ], [ 6.287757704246654, 48.659330316011662 ], [ 6.287702805593508, 48.659274997941679 ], [ 6.287639986804896, 48.659223511006964 ], [ 6.287569852867867, 48.659176351043357 ], [ 6.287493079211123, 48.659133972215344 ], [ 6.287410405200261, 48.659096782642671 ], [ 6.287322627017525, 48.659065140470325 ], [ 6.287230589994667, 48.659039350419874 ], [ 6.287135180472711, 48.659019660855186 ], [ 6.287037317267, 48.65900626139085 ], [ 6.286937942819668, 48.658999281066379 ], [ 6.286838014124723, 48.65899878710367 ], [ 6.286738493513061, 48.65900478425965 ], [ 6.286640339386114, 48.659017214780569 ], [ 6.286544496987328, 48.65903595895805 ], [ 6.286451889300267, 48.659060836281768 ], [ 6.28640122797492, 48.659078454674727 ], [ 6.286423518289667, 48.659043543878823 ], [ 6.286453240127837, 48.658980337064946 ], [ 6.286473467053632, 48.658915504628169 ], [ 6.286484004304731, 48.658849670944939 ], [ 6.286484750437888, 48.65878347003212 ], [ 6.2864756983045, 48.658717539440801 ], [ 6.28645693511802, 48.658652514116568 ], [ 6.286428641612644, 48.658589020284467 ], [ 6.286391090301421, 48.65852766941844 ], [ 6.286344642850605, 48.658469052352707 ], [ 6.286289746595593, 48.658413733591985 ], [ 6.28622693023202, 48.658362245875374 ], [ 6.286156798723585, 48.658315085046283 ], [ 6.286080027475602, 48.658272705277525 ], [ 6.285997355830469, 48.658235514697886 ], [ 6.285909579947653, 48.658203871462099 ], [ 6.285817545136752, 48.658178080301923 ], [ 6.285722137717497, 48.658158389591939 ], [ 6.285624276484976, 48.658144988957758 ], [ 6.285524903862325, 48.658138007450148 ], [ 6.285424976825982, 48.658137512302403 ], [ 6.285325457690869, 48.65814350828289 ], [ 6.2852273048442, 48.658155937649134 ], [ 6.28513146351709, 48.658174680703915 ], [ 6.285038856682784, 48.658199556947707 ], [ 6.284950376169124, 48.658230326816877 ], [ 6.284866874070769, 48.658266693990427 ], [ 6.284789154543877, 48.658308308243377 ], [ 6.284757558044485, 48.658328929453937 ], [ 6.284723484136054, 48.658310119093315 ], [ 6.284640813396228, 48.658272927573954 ], [ 6.284553038271213, 48.658241283340146 ], [ 6.284461004063318, 48.658215491133305 ], [ 6.28436559708646, 48.658195799338053 ], [ 6.284267736131474, 48.658182397590508 ], [ 6.28416836361882, 48.658175414952133 ], [ 6.284068436523876, 48.6581749186671 ], [ 6.28396891716213, 48.65818091351472 ], [ 6.283870763922978, 48.658193341763486 ], [ 6.283774922041315, 48.658212083726873 ], [ 6.283682314495725, 48.658236958915893 ], [ 6.283593833120899, 48.658267727777066 ], [ 6.283510330019789, 48.658304093999106 ], [ 6.283432609358209, 48.658345707366195 ], [ 6.28336141962084, 48.658392167130337 ], [ 6.283297446403214, 48.658443025870319 ], [ 6.283241305809069, 48.658497793800251 ], [ 6.283193538516691, 48.658555943485943 ], [ 6.283154604571342, 48.658616914923968 ], [ 6.283124878954014, 48.658680120934498 ], [ 6.283104647969163, 48.658744952815752 ], [ 6.283094106486258, 48.658810786205926 ], [ 6.283093356061789, 48.658876987095965 ], [ 6.283102403959818, 48.658942917935271 ], [ 6.283121163080599, 48.659007943771705 ], [ 6.283149452798005, 48.659071438366574 ], [ 6.283187000697719, 48.65913279022589 ], [ 6.283213593251787, 48.659166353083677 ], [ 6.283160896980748, 48.659151584757566 ], [ 6.283065488786028, 48.659131891937101 ], [ 6.282967626412938, 48.659118489132602 ], [ 6.282868252295598, 48.659111505415758 ], [ 6.282768323424841, 48.65911100804113 ], [ 6.282668802133248, 48.659117001798506 ], [ 6.282570646828806, 48.659129428966864 ], [ 6.282474802766296, 48.659148169870114 ], [ 6.282382192945303, 48.659173044029458 ], [ 6.28229370922243, 48.659203811901349 ], [ 6.282210203723238, 48.65924017718401 ], [ 6.282132480636638, 48.659281789670672 ], [ 6.282100882501993, 48.659302410160144 ], [ 6.282066808914792, 48.659283599055392 ], [ 6.281984138525368, 48.6592464057237 ], [ 6.281896363374048, 48.659214759559269 ], [ 6.281804328763392, 48.659188965322095 ], [ 6.281708921011199, 48.659169271416367 ], [ 6.281611058915767, 48.659155867498484 ], [ 6.281511684908542, 48.659148882650854 ], [ 6.281411755979297, 48.659148384138909 ], [ 6.28131223446118, 48.659154376763418 ], [ 6.281214078764354, 48.659166802814248 ], [ 6.281118234147379, 48.659185542626076 ], [ 6.28102562361518, 48.65921041573062 ], [ 6.280974960317539, 48.659228031814941 ], [ 6.28099725431728, 48.65919312203831 ], [ 6.281026982796858, 48.659129916585584 ], [ 6.281047216505545, 48.659065085077927 ], [ 6.281057760615692, 48.658999251882832 ], [ 6.281058513618, 48.658933051012404 ], [ 6.281049468297709, 48.658867120017426 ], [ 6.281030711802662, 48.658802093847292 ], [ 6.281002424802614, 48.658738598735233 ], [ 6.280964879747965, 48.658677246167507 ], [ 6.280938288885268, 48.658643682794228 ], [ 6.280990984017215, 48.658658452109258 ], [ 6.281086390567469, 48.658678146598085 ], [ 6.281184251634761, 48.658691550952106 ], [ 6.281283624729489, 48.658698536075413 ], [ 6.281383552798183, 48.658699034694948 ], [ 6.281483073441852, 48.658693042008622 ], [ 6.28158122818583, 48.658680615731335 ], [ 6.281677071711822, 48.658661875539295 ], [ 6.281769680963148, 48.658637001917143 ], [ 6.281858164035491, 48.658606234419658 ], [ 6.281941668767438, 48.658569869364328 ], [ 6.282019390948076, 48.658528256977263 ], [ 6.282090582062534, 48.658481798019999 ], [ 6.282154556500913, 48.658430939929417 ], [ 6.282210698161079, 48.658376172508291 ], [ 6.282258466381823, 48.658318023207748 ], [ 6.282297401149195, 48.658257052047176 ], [ 6.282327127525918, 48.658193846220627 ], [ 6.282347359261241, 48.658129014441407 ], [ 6.282357901546521, 48.658063181079669 ], [ 6.282358652890032, 48.657996980149129 ], [ 6.282349606092986, 48.657931049201132 ], [ 6.282330848317448, 48.657866023184596 ], [ 6.282302560245501, 48.657802528331295 ], [ 6.282265014337871, 48.657741176125015 ], [ 6.282218572208774, 48.657682557412848 ], [ 6.282163681142357, 48.657627236715392 ], [ 6.282100869784291, 48.657575746790393 ], [ 6.282030743050068, 48.657528583502518 ], [ 6.281953976299034, 48.657486201048272 ], [ 6.281871308830279, 48.657449007582343 ], [ 6.281783536763053, 48.657417361287159 ], [ 6.281691505370216, 48.657391566924026 ], [ 6.28159610093858, 48.657371872898338 ], [ 6.281498242234465, 48.657358468867642 ], [ 6.281398871656661, 48.657351483915434 ], [ 6.281298946161913, 48.65735098530817 ], [ 6.281199428050299, 48.657356977847506 ], [ 6.281101275699175, 48.657369403824148 ], [ 6.281005434334886, 48.657388143573485 ], [ 6.280912826931032, 48.657413016627842 ], [ 6.280862165336127, 48.657430632690748 ], [ 6.280884458645152, 48.65739572288264 ], [ 6.280914186239583, 48.657332517362882 ], [ 6.280934419392857, 48.657267685776752 ], [ 6.280944963282672, 48.657201852492506 ], [ 6.280945716401852, 48.657135651523134 ], [ 6.280936671534504, 48.657069720420324 ], [ 6.28091791582411, 48.657004694134535 ], [ 6.280889629932862, 48.656941198900107 ], [ 6.280852086300485, 48.65687984620449 ], [ 6.280805646519283, 48.656821226899503 ], [ 6.280750757850792, 48.656765905511428 ], [ 6.280687948917591, 48.656714414804711 ], [ 6.280656824714091, 48.656693481326982 ], [ 6.280685218989245, 48.656670908627667 ], [ 6.28074136029884, 48.656616141817921 ], [ 6.280789128545717, 48.656557993020535 ], [ 6.280828063715672, 48.656497022250086 ], [ 6.280857790867547, 48.65643381669684 ], [ 6.280878023743125, 48.656368985071495 ], [ 6.280888567522777, 48.656303151742698 ], [ 6.280889320700385, 48.656236950723873 ], [ 6.280880276059493, 48.656171019567175 ], [ 6.280861520741401, 48.656105993223584 ], [ 6.280833235404522, 48.656042497927999 ], [ 6.28079569248324, 48.655981145168447 ], [ 6.280749253563013, 48.655922525797401 ], [ 6.28069436589708, 48.655867204341725 ], [ 6.280631558098366, 48.655815713566561 ], [ 6.280561435048089, 48.6557685493447 ], [ 6.28048467207011, 48.655726165881667 ], [ 6.280402008427193, 48.655688971341846 ], [ 6.280314240201737, 48.655657323918021 ], [ 6.280222212629612, 48.655631528382365 ], [ 6.280126811960834, 48.655611833151575 ], [ 6.280028956925491, 48.655598427894766 ], [ 6.27992958988704, 48.65559144170728 ], [ 6.279829667768144, 48.655590941867452 ], [ 6.279730152836372, 48.655596933188825 ], [ 6.279632003438461, 48.655609357973823 ], [ 6.279536164772311, 48.655628096569288 ], [ 6.279443559785546, 48.655652968518687 ], [ 6.279392899400317, 48.655670583983046 ], [ 6.279415192939776, 48.655635674398297 ], [ 6.279444921309199, 48.655572469151871 ], [ 6.27946515560256, 48.655507637719637 ], [ 6.279475700986572, 48.655441804468403 ], [ 6.279476455939666, 48.655375603410775 ], [ 6.279467413228289, 48.655309672099349 ], [ 6.279448659975153, 48.655244645486555 ], [ 6.279420376818786, 48.655181149809906 ], [ 6.279382836172574, 48.655119796561095 ], [ 6.27933639960006, 48.655061176597293 ], [ 6.279281514331879, 48.655005854451105 ], [ 6.279218708957861, 48.654954362894273 ], [ 6.279187586389384, 48.654933429002057 ], [ 6.279215980343199, 48.654910856619495 ], [ 6.279272121302103, 48.654856090421156 ], [ 6.279319889574967, 48.654797942126983 ], [ 6.279358825147336, 48.654736971746701 ], [ 6.279388553074171, 48.654673766466807 ], [ 6.279408787089791, 48.654608934995395 ], [ 6.279419332363584, 48.65454310169963 ], [ 6.279420087375039, 48.654476900592599 ], [ 6.279411044890039, 48.654410969227307 ], [ 6.279392292029118, 48.654345942556773 ], [ 6.279364009427021, 48.654282446818989 ], [ 6.279326469491798, 48.654221093506308 ], [ 6.279280033780143, 48.654162473476454 ], [ 6.2792251495144, 48.654107151262714 ], [ 6.279162345274745, 48.654055659637486 ], [ 6.279092225908123, 48.654008494481758 ], [ 6.279015466702921, 48.653966110010039 ], [ 6.278932806885568, 48.653928914396431 ], [ 6.278845042501627, 48.653897265844094 ], [ 6.278753018749972, 48.653871469136021 ], [ 6.278657621843829, 48.653851772700193 ], [ 6.278559770477051, 48.6538383662174 ], [ 6.278460406977771, 48.653831378794735 ], [ 6.278360488234569, 48.65383087772242 ], [ 6.278260976482505, 48.653836867825895 ], [ 6.278162830037697, 48.653849291419291 ], [ 6.278066994069609, 48.653868028860948 ], [ 6.277974391499879, 48.65389289970544 ], [ 6.277923732324359, 48.65391051457123 ], [ 6.277946026094114, 48.65387560520994 ], [ 6.277975755238337, 48.653812400236923 ], [ 6.277995990671571, 48.653747568958671 ], [ 6.278006537549548, 48.653681735740477 ], [ 6.278007294336309, 48.653615534594707 ], [ 6.277998253780638, 48.653549603074744 ], [ 6.277979502984485, 48.653484576135071 ], [ 6.277951222562715, 48.653421080016301 ], [ 6.277913684902375, 48.653359726214411 ], [ 6.277867251538254, 48.653301105591893 ], [ 6.277812369670086, 48.653245782687698 ], [ 6.27774956785496, 48.653194290280894 ], [ 6.277679450916468, 48.653147124260009 ], [ 6.277602694119619, 48.653104738847858 ], [ 6.277520036667648, 48.653067542227596 ], [ 6.277432274583339, 48.653035892612088 ], [ 6.277340253043422, 48.653010094794588 ], [ 6.277244858239824, 48.652990397213749 ], [ 6.277147008846153, 48.652976989561353 ], [ 6.277047647171538, 48.652970000955797 ], [ 6.276947730086992, 48.652969498698688 ], [ 6.276848219811598, 48.652975487626847 ], [ 6.276750074647258, 48.652987910065768 ], [ 6.276654239751104, 48.653006646384895 ], [ 6.276561638034449, 48.653031516149568 ], [ 6.276510979217301, 48.653049130427547 ], [ 6.276533273562726, 48.653014221305305 ], [ 6.27656300392422, 48.652951016639186 ], [ 6.276583240774948, 48.652886185554109 ], [ 6.276593789256992, 48.652820352413542 ], [ 6.276594547818942, 48.652754151229075 ], [ 6.276585509192484, 48.65268821955447 ], [ 6.276566760460986, 48.652623192345693 ], [ 6.276538482219433, 48.65255969584598 ], [ 6.27650094683387, 48.652498341554953 ], [ 6.276454515817183, 48.652439720339792 ], [ 6.276399636346496, 48.652384396745219 ], [ 6.276336836955812, 48.652332903556875 ], [ 6.276266722445374, 48.652285736670876 ], [ 6.27618996805681, 48.652243350318336 ], [ 6.276107312970162, 48.652206152691477 ], [ 6.276019553185439, 48.652174502012855 ], [ 6.275927533857224, 48.65214870308597 ], [ 6.275832141156145, 48.652129004360155 ], [ 6.275734293735566, 48.652115595538213 ], [ 6.275634933885615, 48.652108605749802 ], [ 6.27553501845973, 48.652108102307935 ], [ 6.275435509661031, 48.652114090060842 ], [ 6.275337365777188, 48.652126511345308 ], [ 6.27524153195301, 48.652145246541892 ], [ 6.275148931089483, 48.652170115226809 ], [ 6.275098272630831, 48.652187728916964 ], [ 6.275120567551771, 48.652152820033905 ], [ 6.275150299130422, 48.652089615674697 ], [ 6.275170537398529, 48.652024784782846 ], [ 6.275181087484521, 48.651958951719934 ], [ 6.275181847821541, 48.651892750496792 ], [ 6.275172811124178, 48.651826818667573 ], [ 6.275154064457224, 48.651761791189749 ], [ 6.275125788395775, 48.651698294309114 ], [ 6.275088255284886, 48.651636939528991 ], [ 6.275041826615532, 48.651578317721267 ], [ 6.274986949542234, 48.65152299343633 ], [ 6.274924152575907, 48.651471499466531 ], [ 6.274893033797649, 48.651450564391915 ], [ 6.274921427714071, 48.651427992966795 ], [ 6.274977569431035, 48.651373228632025 ], [ 6.275025339296956, 48.651315081889877 ], [ 6.275064277282027, 48.65125411273511 ], [ 6.275094008417969, 48.651190908342492 ], [ 6.275114246408187, 48.651126077411512 ], [ 6.275124796383789, 48.651060244304134 ], [ 6.275125556778974, 48.650994043031638 ], [ 6.275116520307773, 48.650928111148644 ], [ 6.2750977740328, 48.650863083613139 ], [ 6.275069498525371, 48.650799586671475 ], [ 6.275031966125207, 48.650738231827546 ], [ 6.274985538316436, 48.650679609953876 ], [ 6.274930662245293, 48.650624285601474 ], [ 6.274867866413037, 48.650572791563356 ], [ 6.274836748191832, 48.650551856458335 ], [ 6.274865141644811, 48.650529285029677 ], [ 6.274921282456339, 48.650474520680305 ], [ 6.274969051564264, 48.650416373917061 ], [ 6.275007988946088, 48.650355404734924 ], [ 6.275037719639334, 48.650292200308883 ], [ 6.275057957351673, 48.650227369338786 ], [ 6.275068507216884, 48.650161536186978 ], [ 6.275069267670231, 48.650095334865149 ], [ 6.275060231425183, 48.650029402928389 ], [ 6.275041485542172, 48.649964375335216 ], [ 6.275013210588742, 48.649900878332524 ], [ 6.274975678899276, 48.649839523424824 ], [ 6.274949096370353, 48.649805958467411 ], [ 6.275001780910437, 48.64982073053946 ], [ 6.275097169090363, 48.649840429967917 ], [ 6.275195012092759, 48.649853839338448 ], [ 6.27529436760201, 48.649860829506814 ], [ 6.275394278734018, 48.649861333151378 ], [ 6.275493783252914, 48.649855345421642 ], [ 6.275591922839334, 48.649842923984792 ], [ 6.275687752320966, 48.649824188470404 ], [ 6.275780348776396, 48.649799319318092 ], [ 6.275868820424541, 48.649768556039547 ], [ 6.275952315214014, 48.649732194911635 ], [ 6.276030029029648, 48.649690586122674 ], [ 6.276101213437138, 48.649644130399508 ], [ 6.276165182891161, 48.649593275147907 ], [ 6.276221321337584, 48.649538510143266 ], [ 6.276269088146134, 48.649480362813478 ], [ 6.276308023316455, 48.649419393158936 ], [ 6.276337751907372, 48.649356188359164 ], [ 6.276357987646799, 48.64929135711764 ], [ 6.276368535687515, 48.649225523799295 ], [ 6.276369294482355, 48.649159322417432 ], [ 6.276360256760758, 48.649093390527746 ], [ 6.276341509597376, 48.649028363088235 ], [ 6.27631323357208, 48.648964866344393 ], [ 6.276275701029575, 48.648903511798167 ], [ 6.276229273455357, 48.648844890319239 ], [ 6.276174397993397, 48.648789566454823 ], [ 6.27611160313909, 48.648738072993169 ], [ 6.276041493648992, 48.648690905833028 ], [ 6.27596474471638, 48.648648519208173 ], [ 6.275882095468753, 48.648611321313403 ], [ 6.27579434184989, 48.648579670373913 ], [ 6.275702328954997, 48.648553871195688 ], [ 6.27560694289275, 48.648534172230455 ], [ 6.27550910225258, 48.648520763183356 ], [ 6.27540974925932, 48.648513773186203 ], [ 6.275309840700384, 48.648513269554037 ], [ 6.275210338712757, 48.648519257136904 ], [ 6.275112201518528, 48.648531678273237 ], [ 6.275016374198079, 48.648550413345021 ], [ 6.274923779589769, 48.648575281929652 ], [ 6.2748353094037, 48.648606044537239 ], [ 6.274751815635072, 48.648642404916707 ], [ 6.274674102359818, 48.648684012908539 ], [ 6.274642507686124, 48.648704631603415 ], [ 6.274608443682168, 48.648685818199844 ], [ 6.274525795339888, 48.648648619365595 ], [ 6.274438042478944, 48.648616967428325 ], [ 6.274346030187246, 48.648591167203662 ], [ 6.27425064456766, 48.64857146715341 ], [ 6.274152804205355, 48.648558056993153 ], [ 6.274053451322491, 48.648551065865441 ], [ 6.273953542705415, 48.648550561096187 ], [ 6.273854040491675, 48.648556547546377 ], [ 6.273755902905535, 48.648568967565367 ], [ 6.273660075031153, 48.648587701545928 ], [ 6.273567479712223, 48.648612569075894 ], [ 6.273479008665686, 48.648643330675611 ], [ 6.273395513895028, 48.64867969010367 ], [ 6.273317799485834, 48.64872129720969 ], [ 6.273286204255113, 48.648741915544356 ], [ 6.273252140714611, 48.64872310175371 ], [ 6.273169493277727, 48.648685901979945 ], [ 6.273081741174757, 48.648654249044917 ], [ 6.272989729486309, 48.64862844777381 ], [ 6.272894344309442, 48.648608746638544 ], [ 6.272796504225061, 48.648595335365151 ], [ 6.272697151452651, 48.648588343106866 ], [ 6.272597242777495, 48.648587837200516 ], [ 6.272497740337701, 48.648593822518038 ], [ 6.272399602359708, 48.648606241419699 ], [ 6.272303773931449, 48.648624974308973 ], [ 6.272211177901949, 48.64864984078433 ], [ 6.272122705994993, 48.648680601376135 ], [ 6.272039210222354, 48.648716959852756 ], [ 6.271961494679262, 48.648758566072978 ], [ 6.271890307801099, 48.648805019357617 ], [ 6.271826335155847, 48.648855872347873 ], [ 6.271770192841722, 48.648910635313236 ], [ 6.271722421553558, 48.648968780867307 ], [ 6.271683481375084, 48.649029749046456 ], [ 6.2716537473473, 48.649092952702269 ], [ 6.271633505855641, 48.649157783155616 ], [ 6.271622951870754, 48.649223616058435 ], [ 6.271622187069505, 48.649289817406405 ], [ 6.271631218854403, 48.649355749644499 ], [ 6.271649960280868, 48.649420777807123 ], [ 6.27167823089317, 48.649484275633185 ], [ 6.27171575846098, 48.64954563159754 ], [ 6.271742338783389, 48.649579197283487 ], [ 6.271689655406796, 48.649564423767494 ], [ 6.271594269013123, 48.649544721607015 ], [ 6.271496427511733, 48.649531309276696 ], [ 6.271397073135755, 48.649524315939971 ], [ 6.271297162685916, 48.649523808944032 ], [ 6.271197658317413, 48.649529793171347 ], [ 6.271099518275259, 48.649542210992635 ], [ 6.271003687667263, 48.649560942821822 ], [ 6.270911089363441, 48.649585808267517 ], [ 6.270860431980401, 48.649603420194275 ], [ 6.270882728627599, 48.649568512028715 ], [ 6.270912463857028, 48.649505308590392 ], [ 6.270932706376566, 48.64944047827835 ], [ 6.270943261273696, 48.649374645448546 ], [ 6.270944026935219, 48.649308444109636 ], [ 6.270934996024446, 48.649242511816858 ], [ 6.270916255550437, 48.649177483532128 ], [ 6.270887986028644, 48.64911398550904 ], [ 6.270850459741139, 48.649052629261895 ], [ 6.270804038113188, 48.648994005676727 ], [ 6.270749168231499, 48.648938679321063 ], [ 6.270686378537729, 48.648887183007155 ], [ 6.270655262992173, 48.648866246780806 ], [ 6.270683657334279, 48.648843676316659 ], [ 6.27073980071378, 48.648788913860145 ], [ 6.270787572929709, 48.648730768691252 ], [ 6.270826513929626, 48.648669800789634 ], [ 6.270856248716211, 48.648606597317915 ], [ 6.270876490957709, 48.648541766966773 ], [ 6.270887045744272, 48.648475934092581 ], [ 6.270887811463773, 48.648409732704359 ], [ 6.270878780778957, 48.648343800357857 ], [ 6.27086004069671, 48.648278772015502 ], [ 6.270831771728706, 48.648215273931442 ], [ 6.270794246151689, 48.648153917620569 ], [ 6.270747825384078, 48.648095293969526 ], [ 6.270692956504292, 48.648039967546474 ], [ 6.270630167944343, 48.647988471164325 ], [ 6.27059905295576, 48.647967534907615 ], [ 6.270627446834374, 48.647944964439958 ], [ 6.270683589308369, 48.647890201968842 ], [ 6.270731360766214, 48.647832056778867 ], [ 6.27077030116277, 48.6477710888499 ], [ 6.270800035506526, 48.647707885344815 ], [ 6.270820277469987, 48.647643054954585 ], [ 6.270830832145988, 48.647577222035991 ], [ 6.270831597923459, 48.647511020598486 ], [ 6.270822567464592, 48.647445088198275 ], [ 6.270803827774088, 48.647380059798316 ], [ 6.270775559359855, 48.647316561653305 ], [ 6.270738034493299, 48.647255205278725 ], [ 6.270691614585993, 48.647196581561815 ], [ 6.270636746708077, 48.647141255071411 ], [ 6.270573959281909, 48.647089758621028 ], [ 6.270503856992513, 48.64704258813817 ], [ 6.270427114963825, 48.64700019788863 ], [ 6.27034447225686, 48.646962996102147 ], [ 6.270256724752413, 48.646931341041345 ], [ 6.270164717486812, 48.646905537551902 ], [ 6.270069336514524, 48.646885834127112 ], [ 6.269971500375964, 48.646872420515024 ], [ 6.26987215125262, 48.646865425891406 ], [ 6.269772245894635, 48.646864917615865 ], [ 6.269672746408174, 48.646870900583174 ], [ 6.269574610991238, 48.64688331717619 ], [ 6.269478784707093, 48.646902047820689 ], [ 6.269386190384119, 48.646926912136678 ], [ 6.269297719729665, 48.646957670675363 ], [ 6.269214224743438, 48.646994027224878 ], [ 6.269136509513098, 48.647035631662554 ], [ 6.269065322471009, 48.647082083326403 ], [ 6.26900134918673, 48.647132934873213 ], [ 6.268945205764632, 48.647187696586371 ], [ 6.268897432910209, 48.647245841091532 ], [ 6.268858490722274, 48.647306808435204 ], [ 6.268828754261179, 48.64737001147698 ], [ 6.268808509935784, 48.647434841543649 ], [ 6.268797952744025, 48.647500674290917 ], [ 6.268797184393651, 48.64756687571591 ], [ 6.268806212321345, 48.647632808262884 ], [ 6.268824949619676, 48.647697836963246 ], [ 6.268853215872665, 48.647761335550769 ], [ 6.268890738891966, 48.647822692492966 ], [ 6.268917316526801, 48.64785625885726 ], [ 6.268864635682715, 48.647841484071122 ], [ 6.268769253493852, 48.64782177962109 ], [ 6.268671415938516, 48.64780836495207 ], [ 6.26857206521184, 48.647801369250011 ], [ 6.268472158079409, 48.647800859884903 ], [ 6.268372656664472, 48.647806841761962 ], [ 6.268274519183603, 48.647819257274634 ], [ 6.268178690719941, 48.64783798685901 ], [ 6.268086094122856, 48.647862850145351 ], [ 6.267997621121595, 48.647893607694783 ], [ 6.267914123738467, 48.647929963304968 ], [ 6.26783640608421, 48.647971566862232 ], [ 6.267804809146288, 48.647992183756472 ], [ 6.267770748064923, 48.647973368387262 ], [ 6.267688105709596, 48.647936164788739 ], [ 6.267600358180246, 48.647904507797627 ], [ 6.267508350513441, 48.647878702278128 ], [ 6.267412968767514, 48.647858996743125 ], [ 6.267315131490331, 48.647845580961004 ], [ 6.267215780874343, 48.647838584128394 ], [ 6.267115873684072, 48.647838073626183 ], [ 6.267016372043323, 48.647844054370601 ], [ 6.266918234170844, 48.647856468765909 ], [ 6.266822405153546, 48.647875197259026 ], [ 6.266729807846129, 48.647900059490702 ], [ 6.266641333984682, 48.647930816032229 ], [ 6.266557835599794, 48.647967170690933 ], [ 6.266480116811851, 48.648008773362392 ], [ 6.266408926087478, 48.64805522340157 ], [ 6.266344949031695, 48.648106073480982 ], [ 6.266288801785187, 48.648160833898103 ], [ 6.266241025090284, 48.648218977291066 ], [ 6.26620207908278, 48.648279943717093 ], [ 6.266172338859811, 48.648343146044624 ], [ 6.266152090866468, 48.648407975607327 ], [ 6.266141530136007, 48.648473808065752 ], [ 6.26614075841026, 48.648540009419818 ], [ 6.266149783158419, 48.648605942114472 ], [ 6.266168517503674, 48.648670971179683 ], [ 6.266196781058491, 48.648734470345701 ], [ 6.266234301660507, 48.648795828074483 ], [ 6.266280717992418, 48.648854453449381 ], [ 6.266335583060634, 48.648909781866315 ], [ 6.266398368499266, 48.648961280471603 ], [ 6.266429482397903, 48.648982217807756 ], [ 6.266401086145506, 48.649004787255599 ], [ 6.266344937993326, 48.649059547658069 ], [ 6.266297160540158, 48.649117691029929 ], [ 6.266258213929096, 48.649178657428571 ], [ 6.266228473263094, 48.6492418597227 ], [ 6.266208224991509, 48.649306689246309 ], [ 6.266197664150279, 48.649372521660332 ], [ 6.266196892482302, 48.649438722965087 ], [ 6.266205917456216, 48.649504655606009 ], [ 6.266224652193037, 48.649569684613617 ], [ 6.266252916301462, 48.649633183718684 ], [ 6.266290437613797, 48.649694541383745 ], [ 6.266317014531253, 48.649728108275525 ], [ 6.266264332536762, 48.649713332362928 ], [ 6.266168947914823, 48.649693625862376 ], [ 6.26607110752598, 48.649680209079435 ], [ 6.265971753592651, 48.649673211220382 ], [ 6.265871842911298, 48.649672699675961 ], [ 6.265772337639349, 48.649678679372471 ], [ 6.265674196030516, 48.649691092724254 ], [ 6.265578363207695, 48.649709820188271 ], [ 6.265485762062228, 48.649734681415197 ], [ 6.265435102708907, 48.649752291033479 ], [ 6.265457403039263, 48.649717383887399 ], [ 6.265487144906998, 48.649654181810796 ], [ 6.265507394206534, 48.649589352428528 ], [ 6.265517955960053, 48.649523520087598 ], [ 6.265518728488332, 48.649457318791939 ], [ 6.265509704388545, 48.649391386096362 ], [ 6.265490970604163, 48.649326356966689 ], [ 6.265462707586213, 48.649262857664645 ], [ 6.265425187554138, 48.649201499716831 ], [ 6.26537877187296, 48.649142874025699 ], [ 6.265323907572123, 48.649087545179022 ], [ 6.265261123039541, 48.649036046013066 ], [ 6.265191022932378, 48.648988872481461 ], [ 6.265114282353558, 48.648946478879388 ], [ 6.26503164035014, 48.648909273468838 ], [ 6.264943892796144, 48.648877614547352 ], [ 6.264851884728376, 48.64885180699779 ], [ 6.264756502209035, 48.648832099352518 ], [ 6.264658663793432, 48.648818681400279 ], [ 6.264559311684985, 48.648811682358598 ], [ 6.264459402662585, 48.648811169629667 ], [ 6.264359898867683, 48.648817148151075 ], [ 6.264261758539767, 48.648829560348602 ], [ 6.264165926789398, 48.648848286690246 ], [ 6.26407332649759, 48.648873146837502 ], [ 6.263984849429172, 48.648903901381729 ], [ 6.263901347645615, 48.648940254149522 ], [ 6.263823625300034, 48.648981855054629 ], [ 6.263792026170832, 48.649002470867458 ], [ 6.263757965874864, 48.648983654367157 ], [ 6.263675324777203, 48.648946448017185 ], [ 6.263587577981559, 48.648914788097976 ], [ 6.263495570517434, 48.648888979502019 ], [ 6.263400188441214, 48.648869270771762 ], [ 6.263302350303946, 48.648855851706394 ], [ 6.263202998306367, 48.648848851534154 ], [ 6.263103089226298, 48.648848337668106 ], [ 6.263003585205749, 48.648854315056845 ], [ 6.262905444486379, 48.64886672613698 ], [ 6.262809612182517, 48.648885451387322 ], [ 6.262717011180507, 48.64891031047987 ], [ 6.262628533252022, 48.648941064016142 ], [ 6.262545030466808, 48.64897741583242 ], [ 6.262467306987629, 48.649019015851621 ], [ 6.262396111326285, 48.649065463454306 ], [ 6.262332129135334, 48.6491163113364 ], [ 6.262275976604917, 48.64917106981656 ], [ 6.262228194528245, 48.649229211551571 ], [ 6.26218924309294, 48.649290176614649 ], [ 6.262159497448407, 48.649353377887309 ], [ 6.262139244091951, 48.649418206713435 ], [ 6.262128678108478, 48.649484038760626 ], [ 6.262127901290409, 48.649550240032795 ], [ 6.262136921155978, 48.649616172975641 ], [ 6.262155650875401, 48.64968120261679 ], [ 6.262183910105693, 48.649744702680934 ], [ 6.262221426726147, 48.649806061621355 ], [ 6.262248001089699, 48.649839629417428 ], [ 6.26219532013212, 48.649824851707422 ], [ 6.262099936839588, 48.649805141951852 ], [ 6.262002097285771, 48.649791721829452 ], [ 6.261902743685047, 48.649784720578651 ], [ 6.261802832830678, 48.649784205622872 ], [ 6.261703326881754, 48.649790181921247 ], [ 6.26160518409851, 48.649802591920846 ], [ 6.261509349615149, 48.649821316110923 ], [ 6.261416746339002, 48.649846174173646 ], [ 6.261328266063637, 48.649876926720481 ], [ 6.261244760881406, 48.649913277597243 ], [ 6.261167034978153, 48.64995487673589 ], [ 6.261135434214538, 48.649975491827519 ], [ 6.261101374240574, 48.649956674583215 ], [ 6.261018733495223, 48.649919466421188 ], [ 6.26093098667532, 48.649887804571584 ], [ 6.260838978810608, 48.649861993945514 ], [ 6.260743595961327, 48.64984228310496 ], [ 6.260645756685968, 48.649828861869388 ], [ 6.260546403196232, 48.649821859488007 ], [ 6.260446492284307, 48.649821343395118 ], [ 6.260346986109843, 48.64982731856076 ], [ 6.260248842935242, 48.649839727442952 ], [ 6.260153007898477, 48.649858450541707 ], [ 6.260060403912209, 48.6498833075497 ], [ 6.259971922776841, 48.649914059088537 ], [ 6.259888416593012, 48.649950409013741 ], [ 6.259810689556204, 48.649992007266434 ], [ 6.259779088235768, 48.650012621997746 ], [ 6.25974502872543, 48.649993804366368 ], [ 6.259662388886018, 48.649956595264911 ], [ 6.259574642824655, 48.649924932417612 ], [ 6.259482635563772, 48.649899120745147 ], [ 6.259387253157798, 48.649879408819594 ], [ 6.259289414160959, 48.649865986470886 ], [ 6.259190060782267, 48.649858982958932 ], [ 6.259090149812847, 48.649858465728904 ], [ 6.2589906434129, 48.649864439761828 ], [ 6.258892499846999, 48.649876847526627 ], [ 6.258796664256885, 48.649895569534024 ], [ 6.258704059560548, 48.649920425487259 ], [ 6.25861557756523, 48.649951176018085 ], [ 6.258532070379847, 48.649987524991737 ], [ 6.258454342209528, 48.650029122358475 ], [ 6.25838314161125, 48.650075567524432 ], [ 6.258319154285116, 48.650126413208987 ], [ 6.258262996470711, 48.650181169751946 ], [ 6.258215209012137, 48.650239309828805 ], [ 6.258176252148841, 48.650300273528686 ], [ 6.258146501082503, 48.650363473746289 ], [ 6.25812624236264, 48.650428301835618 ], [ 6.258115671125812, 48.650494133471398 ], [ 6.258114889215031, 48.650560334661456 ], [ 6.258123904197582, 48.650626267852346 ], [ 6.258142629290703, 48.650691298069276 ], [ 6.25817088419597, 48.650754799031397 ], [ 6.258208396834332, 48.650816159183336 ], [ 6.258254805965181, 48.650874787585138 ], [ 6.258309664664285, 48.650930119603572 ], [ 6.258372444627103, 48.650981622350265 ], [ 6.258403556515217, 48.651002561746495 ], [ 6.258375155704249, 48.651025129243635 ], [ 6.258318996983806, 48.6510798857719 ], [ 6.258271208766594, 48.651138025827578 ], [ 6.258232251299368, 48.651198989499981 ], [ 6.258202499789626, 48.651262189684118 ], [ 6.258182240791155, 48.651327017734282 ], [ 6.258171669443199, 48.651392849325603 ], [ 6.258170887589843, 48.651459050466336 ], [ 6.25817990279782, 48.651524983603501 ], [ 6.258198628282198, 48.651590013762785 ], [ 6.258226883740787, 48.651653514663948 ], [ 6.258264397089205, 48.65171487475218 ], [ 6.258290969883472, 48.65174844337713 ], [ 6.258238288121579, 48.651733663941435 ], [ 6.258142902839891, 48.651713951050134 ], [ 6.258045060731609, 48.651700527700385 ], [ 6.257945704035713, 48.65169352316174 ], [ 6.257845789575267, 48.651693004889246 ], [ 6.257746279544092, 48.651698977873977 ], [ 6.257648132241731, 48.651711384594954 ], [ 6.257552292845904, 48.651730105572966 ], [ 6.25745968431125, 48.651754960521131 ], [ 6.257371198481975, 48.651785710080901 ], [ 6.257287687503911, 48.651822058126839 ], [ 6.257209955618716, 48.651863654618182 ], [ 6.257178352143051, 48.65188426862759 ], [ 6.257144292349694, 48.651865450282344 ], [ 6.257061651403622, 48.651828239435588 ], [ 6.256973903777231, 48.65179657472288 ], [ 6.256881894508033, 48.651770761082844 ], [ 6.256786509669793, 48.651751047106522 ], [ 6.256688667840161, 48.651737622643587 ], [ 6.256589311255429, 48.651730616974341 ], [ 6.256489396737598, 48.651730097564673 ], [ 6.256389886481036, 48.65173606941665 ], [ 6.256291738787459, 48.651748475020163 ], [ 6.25619589883835, 48.651767194906782 ], [ 6.25610328959368, 48.651792048800139 ], [ 6.256052625090621, 48.651809654399557 ], [ 6.256074932557746, 48.651774749069439 ], [ 6.256104686929014, 48.651711549443561 ], [ 6.256124948650664, 48.651646721767413 ], [ 6.256135522625249, 48.651580890371633 ], [ 6.256136307055849, 48.651514689251023 ], [ 6.256127294425014, 48.651448755958739 ], [ 6.25610857156577, 48.65138372546631 ], [ 6.256080318823934, 48.651320224048632 ], [ 6.256042808319989, 48.651258863252671 ], [ 6.255996401327209, 48.6512002340083 ], [ 6.255941544791368, 48.651144900937524 ], [ 6.255878767025611, 48.651093396917268 ], [ 6.255808672621943, 48.651046217947943 ], [ 6.255731936628368, 48.65100381837707 ], [ 6.255649298047794, 48.650966606524136 ], [ 6.255561552721286, 48.650934940748733 ], [ 6.255469545664204, 48.650909125999704 ], [ 6.255374162929015, 48.650889410878776 ], [ 6.255276323073115, 48.65087598524665 ], [ 6.255176968313793, 48.650868978394868 ], [ 6.255077055455466, 48.650868457800755 ], [ 6.254977546676524, 48.650874428477728 ], [ 6.254879400264453, 48.650886832927021 ], [ 6.2547835613884, 48.650905551691316 ], [ 6.254690952997997, 48.650930404505068 ], [ 6.254602466936056, 48.650961152030241 ], [ 6.254518955350656, 48.650997498161033 ], [ 6.254441222489296, 48.651039092875109 ], [ 6.254409618420823, 48.651059706164496 ], [ 6.254375560160153, 48.651040887014993 ], [ 6.254292922485753, 48.651003674222679 ], [ 6.254205177918022, 48.65097200744956 ], [ 6.254113171465014, 48.650946191654157 ], [ 6.254017789173377, 48.650926475448244 ], [ 6.253919949596236, 48.650913048702982 ], [ 6.253820594948197, 48.650906040720585 ], [ 6.253720682032605, 48.650905518989326 ], [ 6.253621173028403, 48.650911488533538 ], [ 6.253523026225245, 48.650923891865382 ], [ 6.253427186796043, 48.650942609538305 ], [ 6.253334577695754, 48.650967461297249 ], [ 6.253246090774032, 48.650998207814339 ], [ 6.253162578187227, 48.651034552993522 ], [ 6.253084844192485, 48.651076146821588 ], [ 6.25301363740287, 48.651122588738708 ], [ 6.252949643578104, 48.651173431495572 ], [ 6.252893479020355, 48.651228185460212 ], [ 6.25284568463866, 48.651286323332926 ], [ 6.252806720739139, 48.651347285224055 ], [ 6.252776962591231, 48.651410484045726 ], [ 6.252756696812649, 48.651475311165399 ], [ 6.252746118607933, 48.651541142267121 ], [ 6.252745329887203, 48.651607343363906 ], [ 6.252754338283323, 48.651673276903153 ], [ 6.252773057076968, 48.651738307906747 ], [ 6.252801306030388, 48.651801810086255 ], [ 6.252838813121848, 48.651863171874588 ], [ 6.252865382510194, 48.651896741705031 ], [ 6.252812702131789, 48.65188195987281 ], [ 6.252717318624242, 48.65186224264145 ], [ 6.25261947763091, 48.651848814838999 ], [ 6.252520121380034, 48.651841805777892 ], [ 6.252420206690395, 48.651841282956731 ], [ 6.252320695758021, 48.651847251410381 ], [ 6.252222546891131, 48.651859653661511 ], [ 6.252126705282511, 48.651878370273934 ], [ 6.252034093908109, 48.651903221002833 ], [ 6.251945604639471, 48.651933966530287 ], [ 6.251862089655554, 48.651970310769684 ], [ 6.251784353236586, 48.652011903716932 ], [ 6.251713144018974, 48.652058344820695 ], [ 6.251649147785822, 48.652109186839468 ], [ 6.251592980862497, 48.652163940148363 ], [ 6.251545184180809, 48.652222077454034 ], [ 6.25150621806903, 48.652283038872305 ], [ 6.251476457817907, 48.652346237319797 ], [ 6.251456190065409, 48.652411064167609 ], [ 6.251445610035083, 48.65247689510241 ], [ 6.251444819654632, 48.652543096138793 ], [ 6.251453826572907, 48.652609029724786 ], [ 6.25147254408482, 48.652674060881772 ], [ 6.251500791964959, 48.652737563319867 ], [ 6.251538298201933, 48.652798925469511 ], [ 6.251564867231008, 48.652832495563622 ], [ 6.251512186277822, 48.652817713168083 ], [ 6.251416801554393, 48.652797994911261 ], [ 6.251318959144884, 48.652784566051608 ], [ 6.251219601291173, 48.65277755591174 ], [ 6.251119684827479, 48.65277703200065 ], [ 6.251020171966911, 48.652782999363701 ], [ 6.250922021036258, 48.652795400534039 ], [ 6.250826177248179, 48.652814116085956 ], [ 6.250733563599609, 48.65283896578476 ], [ 6.250645071983993, 48.652869710322477 ], [ 6.250561554602892, 48.652906053622075 ], [ 6.250483815759615, 48.652947645688457 ], [ 6.250412604113917, 48.65299408597879 ], [ 6.250348605472285, 48.653044927259408 ], [ 6.250292436183275, 48.653099679912543 ], [ 6.250244637201487, 48.653157816651131 ], [ 6.250205668877342, 48.653218777596472 ], [ 6.250175906522887, 48.653281975669742 ], [ 6.250155636796354, 48.653346802245657 ], [ 6.2501450549403, 48.653412633013488 ], [ 6.250144262900011, 48.653478833989453 ], [ 6.250153268340326, 48.653544767622137 ], [ 6.25017198457039, 48.6536097989325 ], [ 6.25020023137714, 48.653673301629162 ], [ 6.250237736759521, 48.653734664140089 ], [ 6.250264305429284, 48.653768234497875 ], [ 6.250211623901325, 48.653753451538996 ], [ 6.25011623796204, 48.653733732256704 ], [ 6.250018394136367, 48.653720302339828 ], [ 6.249919034679825, 48.653713291121164 ], [ 6.249819116442067, 48.653712766120108 ], [ 6.249719601653284, 48.653718732392512 ], [ 6.249621448658837, 48.653731132482037 ], [ 6.249525602691256, 48.653749846973348 ], [ 6.249432986768465, 48.653774695642014 ], [ 6.24934449280581, 48.653805439190009 ], [ 6.24926097302745, 48.653841781549723 ], [ 6.249183231759784, 48.653883372735208 ], [ 6.249151623901481, 48.653903984581127 ], [ 6.249117565680625, 48.65388516397374 ], [ 6.249034927253688, 48.653847947623959 ], [ 6.248947181098401, 48.653816277054851 ], [ 6.248855172238107, 48.653790457261508 ], [ 6.248759786742642, 48.65377073689416 ], [ 6.248661943195986, 48.65375730586409 ], [ 6.248562583850967, 48.653750293514776 ], [ 6.248462665556167, 48.653749767376503 ], [ 6.248363150542326, 48.653755732516089 ], [ 6.248264997156972, 48.6537681314881 ], [ 6.248169150636397, 48.653786844887946 ], [ 6.248076534003852, 48.653811692501748 ], [ 6.24798803918152, 48.653842435041547 ], [ 6.247904518401833, 48.653878776449567 ], [ 6.247826776000834, 48.65392036674892 ], [ 6.247755560672536, 48.653966805413802 ], [ 6.247691558258889, 48.654017645226197 ], [ 6.247635385144772, 48.654072396582485 ], [ 6.247587582321624, 48.654130532208079 ], [ 6.247548610176858, 48.654191492234993 ], [ 6.247518844059313, 48.65425468959328 ], [ 6.247498570663463, 48.654319515664504 ], [ 6.247487985267203, 48.654385346142824 ], [ 6.247487189849914, 48.654451547047231 ], [ 6.247496192108959, 48.654517480827018 ], [ 6.247514905384119, 48.654582512501719 ], [ 6.247543149490796, 48.654646015776429 ], [ 6.247580652453936, 48.654707379073578 ], [ 6.247627053126125, 48.654766011422836 ], [ 6.247681904664607, 48.654821348153028 ], [ 6.247744678833808, 48.654872856330378 ], [ 6.247775788781991, 48.65489379843283 ], [ 6.247747381274276, 48.654916363323622 ], [ 6.247691207253594, 48.654971114665045 ], [ 6.247643403671279, 48.65502925026933 ], [ 6.247604430922058, 48.655090210268668 ], [ 6.247574664360599, 48.655153407593367 ], [ 6.247554390685643, 48.655218233625355 ], [ 6.247543805177778, 48.655284064059131 ], [ 6.24754300981746, 48.655350264914127 ], [ 6.247552012301506, 48.655416198640118 ], [ 6.247570725967532, 48.655481230257159 ], [ 6.247598970627172, 48.655544733470883 ], [ 6.247636474300053, 48.655606096704311 ], [ 6.247682875831928, 48.655664728987766 ], [ 6.247737728371756, 48.655720065650648 ], [ 6.247800503674323, 48.655771573759857 ], [ 6.247831614179279, 48.655792515831983 ], [ 6.247803206207643, 48.655815080719087 ], [ 6.247747031280366, 48.65586983204566 ], [ 6.247699226938862, 48.655927967628607 ], [ 6.24766025358517, 48.65598892760034 ], [ 6.24763048657978, 48.656052124891467 ], [ 6.247610212625712, 48.656116950884183 ], [ 6.24759962700624, 48.656182781273408 ], [ 6.247598831702899, 48.656248982078985 ], [ 6.247607834411956, 48.65631491575116 ], [ 6.247626548468861, 48.656379947310505 ], [ 6.247654793681488, 48.656443450463236 ], [ 6.247692298064138, 48.656504813632942 ], [ 6.247738700455727, 48.656563445850551 ], [ 6.247793553996938, 48.656618782446095 ], [ 6.247856330432915, 48.65667029048717 ], [ 6.247926425200067, 48.656717473911677 ], [ 6.24800316324806, 48.656759878305728 ], [ 6.248085805540891, 48.656797095280226 ], [ 6.248173556174467, 48.656828766404509 ], [ 6.248265570042113, 48.656854586658433 ], [ 6.248360960974197, 48.656874307370423 ], [ 6.24845881027341, 48.656887738612554 ], [ 6.248558175563493, 48.656894751029995 ], [ 6.248658099866151, 48.65689527708679 ], [ 6.248757620818663, 48.656889311716597 ], [ 6.248855779943388, 48.65687691237126 ], [ 6.248951631879831, 48.656858198467596 ], [ 6.249044253490301, 48.656833350237093 ], [ 6.249132752751438, 48.656802606989977 ], [ 6.249216277345897, 48.656766264810123 ], [ 6.249294022871447, 48.65672467370343 ], [ 6.249325632377916, 48.656704061868375 ], [ 6.249359692508827, 48.656722882371895 ], [ 6.249442335708267, 48.656760098406977 ], [ 6.249530087101027, 48.656791768533481 ], [ 6.249622101573123, 48.656817587740953 ], [ 6.249717492949102, 48.656837307367844 ], [ 6.249815342527374, 48.656850737496725 ], [ 6.249914707929, 48.656857748783423 ], [ 6.250014632174604, 48.656858273702937 ], [ 6.250114152902019, 48.65685230719987 ], [ 6.250212311635769, 48.656839906736948 ], [ 6.250308163019126, 48.65682119174177 ], [ 6.250400783919726, 48.656796342456332 ], [ 6.250451455154213, 48.656778739333141 ], [ 6.250429141801189, 48.656813643464439 ], [ 6.250399377671501, 48.656876841403431 ], [ 6.250379106829, 48.656941667822359 ], [ 6.250368524526994, 48.657007498412014 ], [ 6.250367732715072, 48.65707369919032 ], [ 6.250376739055877, 48.657139632607773 ], [ 6.250395456849887, 48.65720466368743 ], [ 6.250423705868982, 48.657268166140078 ], [ 6.250461214090805, 48.657329528396069 ], [ 6.250507620317298, 48.657388159495149 ], [ 6.250562477652212, 48.6574434947781 ], [ 6.25062525780415, 48.657495001325138 ], [ 6.250656370464827, 48.657515942629693 ], [ 6.250627962775766, 48.657538508157522 ], [ 6.250571788954289, 48.657593260736434 ], [ 6.250523986177094, 48.657651397368454 ], [ 6.250485014831153, 48.657712358175878 ], [ 6.250455250257625, 48.657775556081269 ], [ 6.250434979136113, 48.657840382460897 ], [ 6.250424396722617, 48.657906213005958 ], [ 6.250423604967797, 48.657972413734811 ], [ 6.250432611533752, 48.658038347098419 ], [ 6.250451329718786, 48.65810337812033 ], [ 6.25047957929102, 48.658166880511956 ], [ 6.250517088222771, 48.658228242704183 ], [ 6.250543659354038, 48.658261812873427 ], [ 6.25049097322182, 48.658247030093655 ], [ 6.250395578983632, 48.658227311109087 ], [ 6.250297726681517, 48.658213881472044 ], [ 6.250198358652615, 48.658206870512622 ], [ 6.250098431829135, 48.658206345747722 ], [ 6.249998908523943, 48.658212312230908 ], [ 6.249900747164412, 48.658224712503824 ], [ 6.249804893063629, 48.658243427149358 ], [ 6.249712269317835, 48.658268275941616 ], [ 6.249661596391793, 48.65828587872857 ], [ 6.24968391088492, 48.658250974784018 ], [ 6.249713676660801, 48.658187777096408 ], [ 6.249733948810784, 48.658122950858328 ], [ 6.249744532136996, 48.658057120386502 ], [ 6.24974532475246, 48.657990919666865 ], [ 6.249736319060915, 48.657924986248709 ], [ 6.249717601828563, 48.65785995510479 ], [ 6.249689353347045, 48.657796452516251 ], [ 6.249651845695825, 48.657735090041356 ], [ 6.249605440120713, 48.657676458626128 ], [ 6.249550583553844, 48.65762112291349 ], [ 6.249487804308668, 48.657569615805826 ], [ 6.249417706991443, 48.657522433333263 ], [ 6.249340966678244, 48.657480029877057 ], [ 6.249258322413581, 48.657442813794127 ], [ 6.249170570093262, 48.657411143484786 ], [ 6.2490785548, 48.657385323941561 ], [ 6.248983162665581, 48.657365603812352 ], [ 6.248885312337916, 48.657352173006053 ], [ 6.248785946135134, 48.657345160864068 ], [ 6.248686020971856, 48.657344634914637 ], [ 6.248586499144964, 48.657350600222763 ], [ 6.248488339067593, 48.657362999341423 ], [ 6.248392486040482, 48.65738171286457 ], [ 6.248299863149535, 48.657406560577165 ], [ 6.248211362377203, 48.657437303190321 ], [ 6.248127836013223, 48.657473644645506 ], [ 6.24805008844741, 48.657515234965402 ], [ 6.247978868423519, 48.657561673623995 ], [ 6.24791486182872, 48.65761251340335 ], [ 6.247858685088162, 48.657667264700144 ], [ 6.247810879228207, 48.657725400240373 ], [ 6.247771904665518, 48.657786360156891 ], [ 6.24774213677223, 48.657849557380793 ], [ 6.247721862259912, 48.65791438329493 ], [ 6.247711276417224, 48.657980213594989 ], [ 6.247710481227847, 48.65804641430168 ], [ 6.247719484386956, 48.658112347866165 ], [ 6.247738199225672, 48.658177379310111 ], [ 6.247766445544335, 48.658240882340806 ], [ 6.247803951346603, 48.658302245383005 ], [ 6.247850355457716, 48.658360877468873 ], [ 6.247905211001803, 48.65841621392974 ], [ 6.247967989704718, 48.658467721834455 ], [ 6.248038086981041, 48.658514905122267 ], [ 6.248114827756271, 48.658557309380569 ], [ 6.24819747296814, 48.658594526221627 ], [ 6.248285226684441, 48.658626197216016 ], [ 6.248377243768812, 48.658652017344856 ], [ 6.248472638020639, 48.658671737937787 ], [ 6.248570490710637, 48.658685169068022 ], [ 6.248669859429894, 48.658692181381774 ], [ 6.248769787167087, 48.658692707344159 ], [ 6.248869311526413, 48.658686741889674 ], [ 6.248967473997422, 48.658674342471024 ], [ 6.249063329187389, 48.65865562850572 ], [ 6.249155953927287, 48.658630780225806 ], [ 6.249206627357573, 48.658613177658907 ], [ 6.249184312391486, 48.658648081503529 ], [ 6.249154545714159, 48.658711279034542 ], [ 6.249134272618165, 48.658776105142138 ], [ 6.249123688378521, 48.658841935520087 ], [ 6.249122894963473, 48.658908136188408 ], [ 6.249131900051109, 48.658974069598599 ], [ 6.249150616953977, 48.659039100773796 ], [ 6.249178865452542, 48.659102603423925 ], [ 6.249216373529465, 48.659163965977349 ], [ 6.249242944301284, 48.659197536410218 ], [ 6.24919025759423, 48.659182753067071 ], [ 6.249094862139988, 48.659163033056956 ], [ 6.248997008421465, 48.659149602362575 ], [ 6.248897638789448, 48.659142590324251 ], [ 6.248797710191578, 48.659142064469265 ], [ 6.248698184957811, 48.659148029861669 ], [ 6.248600021534091, 48.659160429053635 ], [ 6.248504165253379, 48.659179142638429 ], [ 6.248411539232916, 48.659203990400385 ], [ 6.248323035485285, 48.659234733050162 ], [ 6.248239506328878, 48.659271074528881 ], [ 6.248161756180402, 48.659312664858994 ], [ 6.24813014463906, 48.659333276340341 ], [ 6.248096083250868, 48.659314455526598 ], [ 6.248013436973727, 48.659277238637692 ], [ 6.247925682329829, 48.659245567460474 ], [ 6.247833664424268, 48.659219746995859 ], [ 6.247738269413982, 48.65920002590061 ], [ 6.247640415974578, 48.659186594092937 ], [ 6.247541046454153, 48.659179580923848 ], [ 6.247441117799272, 48.659179053931524 ], [ 6.247341592340444, 48.65918501819101 ], [ 6.247243428525777, 48.659197416265322 ], [ 6.247147571692, 48.659216128758551 ], [ 6.247054944961676, 48.659240975465508 ], [ 6.246966440354228, 48.659271717107018 ], [ 6.246882910196322, 48.659308057633908 ], [ 6.246805158914312, 48.659349647077804 ], [ 6.246733935287738, 48.659396084921141 ], [ 6.246669925238466, 48.659446923953794 ], [ 6.246613745224912, 48.659501674579666 ], [ 6.246565936304959, 48.65955980953121 ], [ 6.24652695892474, 48.659620768946922 ], [ 6.246497188483524, 48.659683965762746 ], [ 6.246476911717422, 48.65974879136548 ], [ 6.246466323936798, 48.659814621453776 ], [ 6.246465527144003, 48.659880822050383 ], [ 6.24647452904965, 48.659946755607557 ], [ 6.246493242996939, 48.660011787146985 ], [ 6.246521488794798, 48.660075290375104 ], [ 6.246558994451899, 48.660136653714702 ], [ 6.246605398794889, 48.66019528619514 ], [ 6.246660254945663, 48.660250623143895 ], [ 6.246723034624235, 48.660302131625151 ], [ 6.246754147392307, 48.660323073899029 ], [ 6.246725736495475, 48.660345638443687 ], [ 6.246669555575128, 48.660400389054608 ], [ 6.246621745895812, 48.660458523984737 ], [ 6.246582767910972, 48.660519483372788 ], [ 6.246552997025703, 48.660582680154924 ], [ 6.246532719980395, 48.660647505718309 ], [ 6.246522132088098, 48.660713335761962 ], [ 6.246521335352242, 48.660779536309072 ], [ 6.246530337482894, 48.660845469812344 ], [ 6.246549051821084, 48.660910501294026 ], [ 6.246577298171982, 48.660974004461053 ], [ 6.246614804538932, 48.661035367736865 ], [ 6.246641374591736, 48.661068938697028 ], [ 6.246588686735025, 48.661054154227095 ], [ 6.24649328884875, 48.661034432165756 ], [ 6.246395432297461, 48.661020999356651 ], [ 6.246296059459218, 48.661013985160416 ], [ 6.246196127312541, 48.661013457125129 ], [ 6.246096598221563, 48.661019420335883 ], [ 6.245998430669366, 48.661031817365782 ], [ 6.245902570028675, 48.66105052882898 ], [ 6.245809939458709, 48.66107537453022 ], [ 6.245721431015867, 48.661106115199985 ], [ 6.24563789706375, 48.661142454798465 ], [ 6.245560142065251, 48.661184043366269 ], [ 6.245528528367884, 48.661204654125285 ], [ 6.245494466697212, 48.661185832597631 ], [ 6.245411819314411, 48.661148613963199 ], [ 6.245324063106287, 48.661116940920287 ], [ 6.245232043192999, 48.661091118487718 ], [ 6.245136645750822, 48.661071395341203 ], [ 6.24503878947878, 48.661057961418777 ], [ 6.244939416752251, 48.661050946091748 ], [ 6.244839484548674, 48.661050416919096 ], [ 6.244739955232729, 48.661056378996868 ], [ 6.244641787289671, 48.661068774909076 ], [ 6.244545926095981, 48.661087485280639 ], [ 6.244453294816207, 48.661112329926823 ], [ 6.244402617365459, 48.661129930435976 ], [ 6.244424936580899, 48.661095027559263 ], [ 6.244454710328752, 48.661031831335798 ], [ 6.244474990098265, 48.660967006146834 ], [ 6.24448558061819, 48.660901176299049 ], [ 6.244486379932271, 48.660834975772325 ], [ 6.244477380379742, 48.660769042114119 ], [ 6.244458668667686, 48.660704010299504 ], [ 6.24443042503459, 48.660640506616055 ], [ 6.244392921513226, 48.660579142632621 ], [ 6.24434651930964, 48.660520509309734 ], [ 6.244291665323504, 48.660465171308687 ], [ 6.244228887843419, 48.660413661553918 ], [ 6.244158791458653, 48.660366476101004 ], [ 6.244082051236301, 48.660324069359973 ], [ 6.243999406220005, 48.660286849719341 ], [ 6.243911652312814, 48.660255175613685 ], [ 6.243819634612727, 48.660229352072079 ], [ 6.24372423927471, 48.660209627780937 ], [ 6.243626384977522, 48.660196192689241 ], [ 6.243527014077523, 48.660189176179642 ], [ 6.243427083534566, 48.660188645822494 ], [ 6.243327555697338, 48.660194606725192 ], [ 6.243229389036854, 48.660207001483144 ], [ 6.243133528917244, 48.660225710732362 ], [ 6.243040898492712, 48.660250554298877 ], [ 6.242990221401642, 48.66026815422024 ], [ 6.243012541191767, 48.66023325158281 ], [ 6.243042316155441, 48.660170055666484 ], [ 6.243062597341164, 48.660105230670993 ], [ 6.243073189464048, 48.660039400901141 ], [ 6.243073990552399, 48.659973200336069 ], [ 6.24306499292836, 48.659907266523582 ], [ 6.243046283280443, 48.659842234440276 ], [ 6.243018041827251, 48.659778730376296 ], [ 6.242980540580569, 48.65971736590415 ], [ 6.242934140724532, 48.659658731989069 ], [ 6.242879289136205, 48.659603393298084 ], [ 6.242816514081098, 48.659551882762237 ], [ 6.242746420125125, 48.659504696444671 ], [ 6.242669682311994, 48.659462288763692 ], [ 6.242587039662144, 48.65942506811691 ], [ 6.242499288055837, 48.659393392948552 ], [ 6.242407272568916, 48.659367568297974 ], [ 6.242311879335031, 48.659347842862203 ], [ 6.242214027012682, 48.659334406601339 ], [ 6.242114657939212, 48.659327388909198 ], [ 6.242014729056883, 48.659326857367574 ], [ 6.241915202698394, 48.659332817095269 ], [ 6.241817037320514, 48.659345210698987 ], [ 6.241721178275027, 48.659363918825846 ], [ 6.24162854870579, 48.659388761312727 ], [ 6.241577871974421, 48.659406360646329 ], [ 6.241600192339185, 48.659371458248138 ], [ 6.241629968518565, 48.65930826263898 ], [ 6.241650251120382, 48.659243437836977 ], [ 6.241660844846106, 48.6591776081451 ], [ 6.241661647708607, 48.659111407541715 ], [ 6.241652652012943, 48.659045473575013 ], [ 6.24163394442905, 48.658980441223036 ], [ 6.241605705155655, 48.65891693677856 ], [ 6.241568206183548, 48.658855571817753 ], [ 6.241541640510753, 48.658821999664532 ], [ 6.241594324692699, 48.658836786393003 ], [ 6.241689716724062, 48.658856512411496 ], [ 6.2417875680178, 48.658869949108194 ], [ 6.24188693617845, 48.658876967075685 ], [ 6.241986864200066, 48.658877498724664 ], [ 6.242086389684113, 48.658871538934854 ], [ 6.242184554109302, 48.658859145104387 ], [ 6.242280412064087, 48.658840436596961 ], [ 6.242373040352814, 48.658815593592067 ], [ 6.242461546887796, 48.658784855349623 ], [ 6.242545079281635, 48.658748517905344 ], [ 6.242622833056981, 48.65870693121947 ], [ 6.242694059394656, 48.658660495805982 ], [ 6.2427580723455, 48.658609658875044 ], [ 6.242814255436453, 48.658554910025615 ], [ 6.242862067607265, 48.658496776530008 ], [ 6.242901048420697, 48.658435818255406 ], [ 6.242930822495993, 48.658372622271742 ], [ 6.24295110312302, 48.658307797197573 ], [ 6.242961695022264, 48.658241967338462 ], [ 6.242962496224185, 48.658175766674418 ], [ 6.242953499049831, 48.658109832754228 ], [ 6.242934790183376, 48.658044800555466 ], [ 6.242906549835902, 48.657981296369414 ], [ 6.242869050008536, 48.657919931769769 ], [ 6.242822651871747, 48.657861297722995 ], [ 6.242767802286039, 48.657805958897342 ], [ 6.242705029497636, 48.657754448225212 ], [ 6.242673919878269, 48.657733504849347 ], [ 6.242702331104146, 48.65771094122109 ], [ 6.242758513288223, 48.65765619235674 ], [ 6.24280632469958, 48.657598058839724 ], [ 6.242845304908287, 48.657537100537461 ], [ 6.242875078539414, 48.657473904520145 ], [ 6.242895358887102, 48.657409079406669 ], [ 6.24290595067453, 48.657343249502958 ], [ 6.242906751933229, 48.657277048789467 ], [ 6.242897754983701, 48.657211114815425 ], [ 6.242879046507955, 48.657146082558945 ], [ 6.242850806713306, 48.657082578311893 ], [ 6.242813307595559, 48.657021213648534 ], [ 6.242766910318347, 48.656962579535936 ], [ 6.242712061733894, 48.65690724064298 ], [ 6.242649290078782, 48.656855729902709 ], [ 6.242579199886181, 48.656808543380244 ], [ 6.242502466163553, 48.656766135495822 ], [ 6.242419827891949, 48.65672891464903 ], [ 6.242332080909462, 48.656697239286039 ], [ 6.242240070247409, 48.656671414448049 ], [ 6.242144681992978, 48.656651688833925 ], [ 6.242046834756719, 48.656638252405457 ], [ 6.241947470826994, 48.656631234558098 ], [ 6.24184754709653, 48.656630702875091 ], [ 6.241748025848417, 48.656636662476657 ], [ 6.241649865490214, 48.656649055970675 ], [ 6.241554011325362, 48.656667764005341 ], [ 6.241461386450721, 48.65669260641841 ], [ 6.241410712274932, 48.656710205720678 ], [ 6.241433031600845, 48.656675303275009 ], [ 6.241462806447545, 48.656612107564889 ], [ 6.241483088211172, 48.656547282644944 ], [ 6.241493681601266, 48.656481452819243 ], [ 6.241494484633927, 48.65641525206749 ], [ 6.241485489612568, 48.656349317939288 ], [ 6.241466783200629, 48.656284285414209 ], [ 6.241438545585546, 48.65622078078674 ], [ 6.241401048742136, 48.656159415634768 ], [ 6.241354653812128, 48.656100780930103 ], [ 6.241299807625142, 48.656045441347338 ], [ 6.241237038394672, 48.655993929826131 ], [ 6.241166950630539, 48.655946742439127 ], [ 6.241090219316816, 48.655904333614899 ], [ 6.241007583411357, 48.655867111762085 ], [ 6.240919838729473, 48.65583543533652 ], [ 6.240827830280325, 48.655809609389671 ], [ 6.24073244412979, 48.655789882631062 ], [ 6.240634598868159, 48.65577644503351 ], [ 6.240535236764775, 48.655769426003715 ], [ 6.240435314694786, 48.655768893136347 ], [ 6.240335794925286, 48.655774851562988 ], [ 6.240237635849597, 48.65578724390285 ], [ 6.240141782758809, 48.65580595081525 ], [ 6.240049158739438, 48.655830792148734 ], [ 6.239998484923322, 48.65584839086327 ], [ 6.240020804823773, 48.655813488656833 ], [ 6.24005058088593, 48.655750293253931 ], [ 6.240070864065379, 48.655685468527537 ], [ 6.240081459058024, 48.655619638779896 ], [ 6.240082263864529, 48.655553437989894 ], [ 6.24007327077122, 48.655487503707555 ], [ 6.240054566422973, 48.65542247091394 ], [ 6.240026330987347, 48.655358965906096 ], [ 6.239988836418171, 48.655297600265584 ], [ 6.239962273565656, 48.655264027660323 ], [ 6.240014953718109, 48.65527881513097 ], [ 6.240110338666262, 48.655298542472224 ], [ 6.240208182899406, 48.655311980505552 ], [ 6.240307544090077, 48.655318999810675 ], [ 6.240407465299467, 48.65531953278537 ], [ 6.240506984194641, 48.655313574296628 ], [ 6.240605142317778, 48.65530118173001 ], [ 6.240700994318023, 48.655282474437065 ], [ 6.240793617057072, 48.655257632585609 ], [ 6.240882118500689, 48.655226895424413 ], [ 6.240965646310509, 48.655190558978795 ], [ 6.241043396053329, 48.655148973199367 ], [ 6.241114618948806, 48.655102538591379 ], [ 6.241178629080931, 48.655051702357277 ], [ 6.241234810003782, 48.654996954089277 ], [ 6.241282620677992, 48.654938821054081 ], [ 6.241321600680728, 48.65487786311445 ], [ 6.241351374639037, 48.654814667337121 ], [ 6.241371655843908, 48.65474984233861 ], [ 6.241382249010257, 48.6546840124238 ], [ 6.241383052156335, 48.65461781157321 ], [ 6.241374057584461, 48.654551877337404 ], [ 6.241355351953747, 48.65448684469704 ], [ 6.241327115444099, 48.654423339947641 ], [ 6.241289620019688, 48.654361974668312 ], [ 6.241263056807483, 48.654328402326705 ], [ 6.241315736385467, 48.654343189233948 ], [ 6.241411120118229, 48.654362915549612 ], [ 6.241508962935619, 48.654376352525581 ], [ 6.241608322523811, 48.654383370751752 ], [ 6.241708241959426, 48.654383902636312 ], [ 6.241807758926619, 48.65437794305673 ], [ 6.241905914986131, 48.654365549409128 ], [ 6.242001764806988, 48.6543468410554 ], [ 6.242094385271876, 48.654321998173621 ], [ 6.242182884368457, 48.65429126002244 ], [ 6.242266409780975, 48.654254922636774 ], [ 6.242344157099317, 48.65421333597623 ], [ 6.242415377566489, 48.6541669005546 ], [ 6.242479385289868, 48.65411606358208 ], [ 6.242535563846734, 48.654061314658094 ], [ 6.242583372220502, 48.654003181055607 ], [ 6.242622350010498, 48.653942222642847 ], [ 6.242652121865075, 48.653879026491076 ], [ 6.242672401095485, 48.653814201220506 ], [ 6.242682992435657, 48.653748371138569 ], [ 6.242683793921426, 48.653682170227412 ], [ 6.242674797871103, 48.653616236038189 ], [ 6.242656090958033, 48.653551203551096 ], [ 6.242627853374475, 48.653487699060193 ], [ 6.242590357094937, 48.653426334142068 ], [ 6.242563793523106, 48.653392762064101 ], [ 6.24261647252659, 48.653407548407976 ], [ 6.242711855043936, 48.65342727369805 ], [ 6.242809696445558, 48.653440709616682 ], [ 6.242909054431268, 48.653447726763936 ], [ 6.243008972093119, 48.653448257558416 ], [ 6.243108487132348, 48.653442296888045 ], [ 6.243206641128269, 48.653429902159466 ], [ 6.24330248876978, 48.653411192745025 ], [ 6.243395106960556, 48.653386348832946 ], [ 6.243483603710167, 48.653355609691879 ], [ 6.243567126725457, 48.653319271366179 ], [ 6.243644871619402, 48.653277683824591 ], [ 6.243716089658358, 48.653231247589332 ], [ 6.243780094973089, 48.653180409878487 ], [ 6.243836271164072, 48.653125660298535 ], [ 6.243884077237507, 48.653067526128794 ], [ 6.243923052814873, 48.653006567242954 ], [ 6.243952822565835, 48.652943370716841 ], [ 6.2439730998219, 48.652878545174232 ], [ 6.243983689336011, 48.652812714925211 ], [ 6.243984489161591, 48.652746513953524 ], [ 6.243975491632936, 48.652680579810912 ], [ 6.243956783437627, 48.652615547477104 ], [ 6.243928544780267, 48.652552043244704 ], [ 6.243891047645707, 48.652490678687819 ], [ 6.243864483714281, 48.652457106873491 ], [ 6.243917162143269, 48.652471892653992 ], [ 6.244012543445172, 48.652491616918518 ], [ 6.244110383431014, 48.652505051779848 ], [ 6.244209739814239, 48.652512067848228 ], [ 6.244309655702332, 48.652512597552615 ], [ 6.244409168813619, 48.652506635791532 ], [ 6.244507320745979, 48.652494239982026 ], [ 6.244603166208186, 48.652475529506901 ], [ 6.244695782124905, 48.652450684564592 ], [ 6.244784276527609, 48.652419944433653 ], [ 6.244867797145743, 48.652383605167991 ], [ 6.244945539615373, 48.652342016745408 ], [ 6.245016755226203, 48.652295579696577 ], [ 6.245080758132382, 48.652244741247451 ], [ 6.245136931957584, 48.652189991011596 ], [ 6.245184735730795, 48.65213185627465 ], [ 6.245223709095644, 48.652070896915774 ], [ 6.245253476743105, 48.652007700015339 ], [ 6.245273752024943, 48.651942874200742 ], [ 6.245284339713113, 48.65187704378468 ], [ 6.245285137878622, 48.651810842752489 ], [ 6.245276138871748, 48.651744908656518 ], [ 6.245257429394312, 48.651679876476031 ], [ 6.245229189663262, 48.651616372502176 ], [ 6.245191691673786, 48.651555008306538 ], [ 6.245145296578642, 48.651496374851732 ], [ 6.245090451209035, 48.651441036800293 ], [ 6.24502768377058, 48.651389527077178 ], [ 6.244996577006139, 48.651368584196049 ], [ 6.245024983773908, 48.651346019894014 ], [ 6.245081156692541, 48.651291269643338 ], [ 6.245128959706571, 48.651233134885103 ], [ 6.245167932466937, 48.651172175498672 ], [ 6.245197699670435, 48.651108978564721 ], [ 6.245217974673102, 48.651044152710938 ], [ 6.245228562249582, 48.650978322250381 ], [ 6.245229360471957, 48.650912121168851 ], [ 6.245220361689957, 48.650846187019155 ], [ 6.245201652603231, 48.650781154781086 ], [ 6.245173413424967, 48.65071765074633 ], [ 6.24513591614503, 48.650656286487063 ], [ 6.245089521909341, 48.650597652966511 ], [ 6.245034677540827, 48.650542314847861 ], [ 6.244971911235464, 48.650490805056698 ], [ 6.244940805027675, 48.650469862145286 ], [ 6.244969211331548, 48.650447297839591 ], [ 6.245025383343641, 48.650392547574093 ], [ 6.245073185598515, 48.650334412794592 ], [ 6.245112157754416, 48.650273453380656 ], [ 6.245141924513963, 48.650210256413168 ], [ 6.245162199237466, 48.650145430520219 ], [ 6.245172786702259, 48.650079600015189 ], [ 6.245173584981496, 48.650013398884347 ], [ 6.245164586424357, 48.649947464680942 ], [ 6.245145877728328, 48.649882432385311 ], [ 6.245117639102831, 48.649818928289669 ], [ 6.245080142532404, 48.64975756396678 ], [ 6.245033749156138, 48.649698930380509 ], [ 6.244978905788682, 48.649643592194657 ], [ 6.244916140616369, 48.649592082335452 ], [ 6.244885034965235, 48.649571139393771 ], [ 6.244913440805206, 48.649548575084474 ], [ 6.244969611910789, 48.649493824804161 ], [ 6.245017413406528, 48.649435690003408 ], [ 6.245056384957985, 48.649374730561952 ], [ 6.245086151273593, 48.649311533560976 ], [ 6.245106425717941, 48.649246707628848 ], [ 6.245117013071048, 48.649180877079395 ], [ 6.24511781140714, 48.649114675899227 ], [ 6.245108813074854, 48.649048741642133 ], [ 6.245090104769505, 48.648983709288942 ], [ 6.245061866696752, 48.648920205132427 ], [ 6.245024370835812, 48.648858840745959 ], [ 6.244977978318936, 48.648800207093977 ], [ 6.244923135952501, 48.64874486884095 ], [ 6.244860371913198, 48.648693358913711 ], [ 6.244829266818671, 48.648672415941753 ], [ 6.244857672194779, 48.648649851628797 ], [ 6.244913842393881, 48.648595101333711 ], [ 6.244961643130511, 48.648536966511699 ], [ 6.24500061407754, 48.648476007042731 ], [ 6.245030379949223, 48.648412810008296 ], [ 6.245050654114423, 48.648347984037024 ], [ 6.245061241355844, 48.64828215344312 ], [ 6.24506203974879, 48.64821595221369 ], [ 6.245053041641345, 48.648150017902921 ], [ 6.245034333726661, 48.648084985492183 ], [ 6.245006096206631, 48.648021481274824 ], [ 6.244968601055148, 48.647960116824777 ], [ 6.244922209397632, 48.647901483107105 ], [ 6.244867368032183, 48.647846144786904 ], [ 6.244804605125847, 48.647794634791651 ], [ 6.244773500587915, 48.647773691789432 ], [ 6.244801905500176, 48.647751127472844 ], [ 6.244858074792824, 48.647696377162973 ], [ 6.244905874770368, 48.647638242319729 ], [ 6.244944845112989, 48.647577282823292 ], [ 6.244974610540759, 48.647514085755382 ], [ 6.244994884426817, 48.647449259744981 ], [ 6.245005471556555, 48.647383429106661 ], [ 6.24500627000635, 48.647317227827948 ], [ 6.244997272123737, 48.64725129346354 ], [ 6.244978564599699, 48.647186260995284 ], [ 6.244950327632373, 48.647122756717081 ], [ 6.244912833190321, 48.647061392203483 ], [ 6.24488627135968, 48.647027820464693 ], [ 6.244938944611285, 48.647042605860584 ], [ 6.245034316401232, 48.647062329396761 ], [ 6.245132146497166, 48.647075763480146 ], [ 6.245231492707786, 48.647082778728503 ], [ 6.245331398238552, 48.647083307578683 ], [ 6.245430900907544, 48.647077344937415 ], [ 6.245529042413212, 48.647064948230216 ], [ 6.245624877564752, 48.647046236848567 ], [ 6.245717483386136, 48.647021390999605 ], [ 6.245805968006065, 48.646990649970647 ], [ 6.245889479248205, 48.646954309824231 ], [ 6.245967212838917, 48.646912720546609 ], [ 6.246038420153421, 48.646866282676775 ], [ 6.246102415425764, 48.646815443448475 ], [ 6.246158582353136, 48.646760692482893 ], [ 6.246206380030953, 48.646702557072601 ], [ 6.246245348161541, 48.646641597103297 ], [ 6.246275111486281, 48.646578399661216 ], [ 6.246295383398557, 48.646513573378961 ], [ 6.246305968702774, 48.646447742573748 ], [ 6.246306765492886, 48.646381541234653 ], [ 6.246297766132414, 48.646315606916993 ], [ 6.246279057326571, 48.646250574602135 ], [ 6.246250819285831, 48.646187070582549 ], [ 6.2462133239891, 48.646125706430261 ], [ 6.246166932563193, 48.646067073107453 ], [ 6.246112091803976, 48.646011735275408 ], [ 6.246049329872658, 48.645960225856932 ], [ 6.245979251208758, 48.645913040904404 ], [ 6.245902530708708, 48.645870634822977 ], [ 6.245819907226214, 48.645833415994851 ], [ 6.245732176456949, 48.645801742846743 ], [ 6.245640183276094, 48.645775920398549 ], [ 6.245544813602486, 48.645756197326108 ], [ 6.245446985867748, 48.645742763566737 ], [ 6.245347642172441, 48.645735748490196 ], [ 6.245247739214442, 48.645735219653041 ], [ 6.245148239076804, 48.645741182148058 ], [ 6.245050099963793, 48.645753578555293 ], [ 6.244954266974269, 48.645772289494886 ], [ 6.244861663001172, 48.645797134776593 ], [ 6.244811000520886, 48.645814735684787 ], [ 6.244833312931163, 48.645779832284617 ], [ 6.24486307747115, 48.645716635149817 ], [ 6.244883350798946, 48.645651809061199 ], [ 6.244893937705319, 48.645585978334118 ], [ 6.244894736268797, 48.64551977695691 ], [ 6.244885738835817, 48.645453842485232 ], [ 6.244867032093031, 48.645388809901981 ], [ 6.244838796231043, 48.645325305502162 ], [ 6.244801303207775, 48.645263940861483 ], [ 6.24475491412815, 48.645205306946821 ], [ 6.244700075765435, 48.645149968425194 ], [ 6.244637316257763, 48.645098458226016 ], [ 6.244567240021312, 48.645051272409191 ], [ 6.244490521929137, 48.645008865388185 ], [ 6.244407900811757, 48.644971645554271 ], [ 6.24432017234207, 48.644939971343845 ], [ 6.244228181373109, 48.64491414778702 ], [ 6.244132813802417, 48.644894423570335 ], [ 6.244034988041362, 48.644880988642079 ], [ 6.243935646171501, 48.64487397238333 ], [ 6.24383574487313, 48.644873442361984 ], [ 6.243736246213323, 48.64487940368226 ], [ 6.243638108382116, 48.64489179893549 ], [ 6.24354227646602, 48.644910508752943 ], [ 6.243449673347642, 48.644935352955201 ], [ 6.243361190819022, 48.64496609228717 ], [ 6.243277680994203, 48.645002430721945 ], [ 6.243199948103728, 48.645044018311324 ], [ 6.243128740750014, 48.645090454555543 ], [ 6.243064744698207, 48.645141292259943 ], [ 6.243008576271917, 48.645196041841167 ], [ 6.242960776417421, 48.645254176041746 ], [ 6.242921805493535, 48.645315135007415 ], [ 6.242892038837331, 48.645378331678444 ], [ 6.242871763148453, 48.645443157443026 ], [ 6.242861173726869, 48.645508987998276 ], [ 6.242860372590709, 48.645575189362411 ], [ 6.242869367492404, 48.645641123980333 ], [ 6.242888071842577, 48.645706156863504 ], [ 6.24291630554257, 48.645769661705394 ], [ 6.242953796717545, 48.645831026913278 ], [ 6.242980356700751, 48.64586459911628 ], [ 6.242927685188463, 48.645849812840126 ], [ 6.242832316402669, 48.645830087597993 ], [ 6.242734489226243, 48.645816651612549 ], [ 6.242635145754372, 48.645809634275032 ], [ 6.24253524268278, 48.645809103163771 ], [ 6.242435742095613, 48.645815063393471 ], [ 6.242337602201471, 48.645827457565957 ], [ 6.242241768106728, 48.645846166322904 ], [ 6.242149162714974, 48.645871009495075 ], [ 6.242060677840138, 48.645901747837357 ], [ 6.241977165618859, 48.645938085332354 ], [ 6.241899430304756, 48.645979672040902 ], [ 6.241867824351715, 48.64600028209103 ], [ 6.241833773895483, 48.645981459278012 ], [ 6.241751153132225, 48.645944237632172 ], [ 6.241663424640159, 48.645912561491464 ], [ 6.241571433272534, 48.645886735904575 ], [ 6.241476064930734, 48.645867009577586 ], [ 6.24137823803355, 48.645853572479112 ], [ 6.241278894673486, 48.645846554011136 ], [ 6.241178991545186, 48.645846021762836 ], [ 6.241079490733344, 48.645851980859845 ], [ 6.240981350448719, 48.645864373914961 ], [ 6.240885515801452, 48.645883081580557 ], [ 6.240792909700446, 48.645907923697962 ], [ 6.240742245744312, 48.64592552287462 ], [ 6.24076456091588, 48.645890620239577 ], [ 6.240794330433015, 48.645827424127013 ], [ 6.240814608844532, 48.645762598736709 ], [ 6.240825200892237, 48.645696768377277 ], [ 6.240826004605142, 48.645630567033542 ], [ 6.240817012280092, 48.645564632260822 ], [ 6.24079831055455, 48.645499599044918 ], [ 6.240770079570802, 48.645436093686932 ], [ 6.240732591239791, 48.645374727771802 ], [ 6.240686206621253, 48.645316092278684 ], [ 6.240631372445499, 48.645260751889765 ], [ 6.24056861681034, 48.645209239552486 ], [ 6.240498544094664, 48.645162051347306 ], [ 6.240421829137623, 48.645119641710735 ], [ 6.240339210739546, 48.645082419059172 ], [ 6.240251484547147, 48.645050741856224 ], [ 6.240159495391532, 48.645024915160768 ], [ 6.240064129152781, 48.645005187689605 ], [ 6.239966304229435, 48.644991749422331 ], [ 6.239866962694988, 48.64498472977219 ], [ 6.239767061226509, 48.644984196339742 ], [ 6.239667561892701, 48.644990154262068 ], [ 6.239569422890098, 48.645002546163198 ], [ 6.239473589316487, 48.645021252706698 ], [ 6.239380984070439, 48.645046093744675 ], [ 6.239330320473883, 48.645063692333665 ], [ 6.239352636219701, 48.645028789937953 ], [ 6.239382406951758, 48.644965594132742 ], [ 6.23940268677848, 48.644900768936139 ], [ 6.239413280428042, 48.644834938654931 ], [ 6.239414085914031, 48.644768737273168 ], [ 6.239405095516215, 48.644702802346536 ], [ 6.239386395853492, 48.644637768862339 ], [ 6.239358167048284, 48.64457426312422 ], [ 6.239320680990552, 48.644512896720826 ], [ 6.239274298718141, 48.644454260635989 ], [ 6.239219466938766, 48.644398919557617 ], [ 6.239156713727162, 48.644347406439742 ], [ 6.239125613498974, 48.644326461903162 ], [ 6.239154018975345, 48.644303898868046 ], [ 6.239210190476973, 48.644249151063107 ], [ 6.239257993580191, 48.644191018318423 ], [ 6.239296967935068, 48.644130060493957 ], [ 6.239326738223032, 48.644066864655301 ], [ 6.239347017770407, 48.64400203941964 ], [ 6.239357611308057, 48.643936209094072 ], [ 6.23935841685064, 48.643870007663104 ], [ 6.239349426677382, 48.64380407268289 ], [ 6.239330727405017, 48.643739039141238 ], [ 6.239302499152205, 48.643675533342382 ], [ 6.239265013803589, 48.64361416687553 ], [ 6.239238457346352, 48.643580593781429 ], [ 6.239291125531974, 48.643595381716267 ], [ 6.239386488909928, 48.643615109829277 ], [ 6.239484311110759, 48.643628548587969 ], [ 6.239583650019204, 48.64363556856506 ], [ 6.239683548911056, 48.643636102151874 ], [ 6.239783045668332, 48.643630144209482 ], [ 6.239881182046423, 48.643617752118232 ], [ 6.239977012903909, 48.643599045225045 ], [ 6.240069615306115, 48.643574203693909 ], [ 6.24015809741467, 48.64354346677051 ], [ 6.240241607077426, 48.643507130477865 ], [ 6.240319340035951, 48.643465544765128 ], [ 6.24039054767155, 48.643419110136911 ], [ 6.24045454421517, 48.643368273795808 ], [ 6.240510713351755, 48.643313525335138 ], [ 6.240558514155435, 48.643255392023391 ], [ 6.240597486298429, 48.643194433726023 ], [ 6.240627254483465, 48.643131237513202 ], [ 6.240647532057116, 48.643066412005695 ], [ 6.240658123769256, 48.643000581513185 ], [ 6.240658927652123, 48.642934380021856 ], [ 6.240649936000924, 48.642868445088389 ], [ 6.240631235446625, 48.64280341170015 ], [ 6.240603006120232, 48.64273990615991 ], [ 6.240565519916722, 48.642678540054348 ], [ 6.240519137875341, 48.642619904364473 ], [ 6.240464306701576, 48.64256456377435 ], [ 6.24040155446433, 48.642513051233351 ], [ 6.240370454828093, 48.642492106989671 ], [ 6.240398858771974, 48.642469543623321 ], [ 6.240455027002128, 48.642414795147907 ], [ 6.240502827046704, 48.642356661814993 ], [ 6.240541798585232, 48.642295703490227 ], [ 6.24057156632626, 48.642232507244003 ], [ 6.240591843620638, 48.642167681697444 ], [ 6.240602435220924, 48.642101851160625 ], [ 6.240603239160437, 48.642035649620119 ], [ 6.240594247733835, 48.641969714633099 ], [ 6.240575547569918, 48.641904681187455 ], [ 6.240547318795935, 48.641841175586485 ], [ 6.240509833301539, 48.641779809417486 ], [ 6.240463452119148, 48.641721173662049 ], [ 6.240408621945973, 48.641665833004893 ], [ 6.240345870841281, 48.64161432039603 ], [ 6.240314771761453, 48.641593376122145 ], [ 6.240343175241519, 48.641570812752178 ], [ 6.24039934256527, 48.641516064262042 ], [ 6.240447141850765, 48.641457930907983 ], [ 6.240486112784845, 48.641396972555803 ], [ 6.24051588008188, 48.641333776276227 ], [ 6.240536157096989, 48.641268950690637 ], [ 6.240546748585427, 48.641203120109523 ], [ 6.240547552581579, 48.641136918519841 ], [ 6.240538561379564, 48.641070983479288 ], [ 6.240519861606016, 48.641005949976261 ], [ 6.24049163338442, 48.640942444314597 ], [ 6.240454148599111, 48.640881078082167 ], [ 6.240407768275677, 48.640822442261189 ], [ 6.240352939103057, 48.640767101537016 ], [ 6.24029018913088, 48.640715588860282 ], [ 6.240220122683493, 48.64066840031478 ], [ 6.240143414539683, 48.640625990340226 ], [ 6.240060803434166, 48.640588767356334 ], [ 6.239973084943424, 48.640557089829855 ], [ 6.239881103824397, 48.640531262822826 ], [ 6.239785745879773, 48.640511535055005 ], [ 6.239687929428223, 48.640498096508921 ], [ 6.239588596461657, 48.640491076600419 ], [ 6.239488703574636, 48.640490542932611 ], [ 6.239389212753229, 48.640496500644787 ], [ 6.239291082111992, 48.640508892363073 ], [ 6.239195256668199, 48.640527598752726 ], [ 6.239102659242127, 48.640552439667367 ], [ 6.239014181570996, 48.640583175883563 ], [ 6.238930675722072, 48.640619511404424 ], [ 6.238852945887602, 48.640661096309771 ], [ 6.238821341947025, 48.640681705643146 ], [ 6.238787296047316, 48.640662881876189 ], [ 6.238704685848191, 48.64062565795318 ], [ 6.238616968116534, 48.640593979429298 ], [ 6.238524987601974, 48.640568151376151 ], [ 6.238429630101382, 48.640548422523608 ], [ 6.238331813929149, 48.640534982864587 ], [ 6.238232481074499, 48.640527961825725 ], [ 6.238132588130915, 48.640527427020992 ], [ 6.238033097085008, 48.640533383600598 ], [ 6.237934966053499, 48.640545774201584 ], [ 6.237839140057417, 48.640564479500007 ], [ 6.237746541922359, 48.64058931935994 ], [ 6.237658063392373, 48.640620054568167 ], [ 6.237574556542992, 48.640656389137455 ], [ 6.2374968255761, 48.64069797315684 ], [ 6.237425619075588, 48.640744406160913 ], [ 6.237361622798379, 48.640795240986243 ], [ 6.237305453070245, 48.640849988077186 ], [ 6.237257650849996, 48.640908120200287 ], [ 6.237218676519221, 48.64096907752127 ], [ 6.237188905447796, 48.641032272996235 ], [ 6.237168624377877, 48.641097098024908 ], [ 6.237158028661247, 48.641162928311466 ], [ 6.237157220376655, 48.641229129876791 ], [ 6.237166207345368, 48.641295065163753 ], [ 6.237184903054401, 48.641360099177419 ], [ 6.237213127488313, 48.64142360560038 ], [ 6.237250608861503, 48.641484972824671 ], [ 6.2372771629799, 48.641518546420414 ], [ 6.237224497453687, 48.641503757569794 ], [ 6.237129138738499, 48.64148402769181 ], [ 6.237031321151417, 48.641470586975608 ], [ 6.236931986695286, 48.641463564857986 ], [ 6.236832091979012, 48.641463028963351 ], [ 6.236732599006281, 48.641468984452374 ], [ 6.236634465912365, 48.641481373972631 ], [ 6.236538637738154, 48.641500078210541 ], [ 6.236446037330221, 48.641524917040421 ], [ 6.236395376155739, 48.641542514433141 ], [ 6.236417692357497, 48.641507612484709 ], [ 6.236447464630701, 48.641444417227447 ], [ 6.236467746728588, 48.641379592340265 ], [ 6.236478343357456, 48.641313762126956 ], [ 6.236479152502193, 48.641247560570932 ], [ 6.236470166407327, 48.641181625229535 ], [ 6.236451471650311, 48.641116591094054 ], [ 6.236423248306319, 48.64105308447445 ], [ 6.236385768212716, 48.640991716967839 ], [ 6.236339392349906, 48.640933079568654 ], [ 6.236284567363875, 48.640877736977487 ], [ 6.236221821263936, 48.640826222162964 ], [ 6.236190724303106, 48.640805276798957 ], [ 6.236219129133539, 48.640782714397346 ], [ 6.236275299925953, 48.640727967815458 ], [ 6.2363231030729, 48.64066983607777 ], [ 6.236362078224019, 48.640608879034559 ], [ 6.236391850053067, 48.640545683743916 ], [ 6.236412131871519, 48.640480858817725 ], [ 6.236422728388361, 48.64041502856012 ], [ 6.236423537589558, 48.640348826954948 ], [ 6.236414551719093, 48.640282891560041 ], [ 6.236395857352258, 48.64021785736719 ], [ 6.236367634560468, 48.640154350686942 ], [ 6.236330155175767, 48.640092983116908 ], [ 6.236283780171734, 48.640034345652246 ], [ 6.236228956186083, 48.639979002994103 ], [ 6.23616621121849, 48.639927488111766 ], [ 6.236096149545111, 48.639880297110231 ], [ 6.236019445898759, 48.639837884452895 ], [ 6.235936838970841, 48.639800658585301 ], [ 6.235849124297613, 48.639768978001982 ], [ 6.235757146599251, 48.639743147794391 ], [ 6.235661791645508, 48.639723416713132 ], [ 6.235563977726248, 48.639709974772614 ], [ 6.235464646809002, 48.639702951421413 ], [ 6.235364755468592, 48.639702414295762 ], [ 6.235265265676198, 48.639708368568265 ], [ 6.235167135536464, 48.639720756898164 ], [ 6.235071310061834, 48.639739459983332 ], [ 6.23497871207288, 48.639764297709256 ], [ 6.234890233312243, 48.639795030883178 ], [ 6.234806725857676, 48.63983136353751 ], [ 6.234728993916891, 48.639872945779707 ], [ 6.234697388828213, 48.639893554032689 ], [ 6.234663344924726, 48.639874729075018 ], [ 6.234580738903325, 48.639837502268357 ], [ 6.23449302498932, 48.63980582068767 ], [ 6.234401047895576, 48.639779989434004 ], [ 6.234305693386022, 48.639760257268037 ], [ 6.234207879746251, 48.639746814214639 ], [ 6.234108548941094, 48.639739789733099 ], [ 6.234008657544303, 48.639739251470502 ], [ 6.233909167527594, 48.639745204610463 ], [ 6.233811036997773, 48.63975759182307 ], [ 6.233715210971041, 48.639776293817008 ], [ 6.233622612273287, 48.639801130488223 ], [ 6.233534132653975, 48.639831862654162 ], [ 6.233450624199129, 48.6398681943569 ], [ 6.23337289112609, 48.639909775713086 ], [ 6.233341285481122, 48.639930383605723 ], [ 6.233307242041521, 48.639911558261154 ], [ 6.23322463692669, 48.63987433051544 ], [ 6.233136923771961, 48.639842647937371 ], [ 6.23304494728289, 48.639816815637644 ], [ 6.232949593217584, 48.639797082386984 ], [ 6.232851779857358, 48.639783638220706 ], [ 6.232752449164352, 48.639776612608806 ], [ 6.232652557711235, 48.639776073209283 ], [ 6.23255306747027, 48.639782025216668 ], [ 6.23245493655042, 48.639794411311996 ], [ 6.23235910997164, 48.639813112214696 ], [ 6.232266510565139, 48.639837947831197 ], [ 6.232215849618437, 48.639855543471519 ], [ 6.232238167888259, 48.639820642256964 ], [ 6.232267944248874, 48.639757447955418 ], [ 6.232288230870259, 48.639692623688788 ], [ 6.232298832415141, 48.639626793754871 ], [ 6.232299646821063, 48.63956059213438 ], [ 6.232290666281881, 48.63949465638531 ], [ 6.232271977321544, 48.639429621502877 ], [ 6.2322437599594, 48.639366113804215 ], [ 6.232206285975203, 48.639304744896805 ], [ 6.232159916290523, 48.639246105788665 ], [ 6.232105097491851, 48.639190761196765 ], [ 6.232042357528911, 48.639139244108996 ], [ 6.231972300629666, 48.639092050651648 ], [ 6.231895601480956, 48.639049635311736 ], [ 6.231812998730875, 48.639012406560624 ], [ 6.23172528787545, 48.638980722920621 ], [ 6.23163331359809, 48.638954889512654 ], [ 6.231537961635608, 48.638935155118098 ], [ 6.231440150249067, 48.638921709783297 ], [ 6.231340821381601, 48.638914682989501 ], [ 6.231240931588302, 48.638914142406115 ], [ 6.231141442825445, 48.638920093239015 ], [ 6.231043313187763, 48.638932478180585 ], [ 6.230947487682863, 48.638951177961346 ], [ 6.23085488913161, 48.63897601249856 ], [ 6.230766409282055, 48.639006742630208 ], [ 6.230682900222439, 48.639043072418019 ], [ 6.230605166175923, 48.639084651996995 ], [ 6.230533955756052, 48.639131080944559 ], [ 6.230469954757489, 48.639181912136316 ], [ 6.230413779551466, 48.639236656051636 ], [ 6.230365971149544, 48.639294785487621 ], [ 6.230326989992837, 48.639355740635857 ], [ 6.230297211516954, 48.63941893447344 ], [ 6.230276922535352, 48.639483758415807 ], [ 6.230266318476004, 48.63954958817763 ], [ 6.230265501498001, 48.639615789784806 ], [ 6.230274479506326, 48.639681725679857 ], [ 6.230293166074294, 48.639746760861961 ], [ 6.230321381274491, 48.639810269002453 ], [ 6.230358853410246, 48.639871638476862 ], [ 6.230385402288364, 48.639905213653414 ], [ 6.230332740333665, 48.639890421736794 ], [ 6.23023738715703, 48.639870686316755 ], [ 6.230139574356068, 48.639857239924716 ], [ 6.230040243887541, 48.639850212052103 ], [ 6.229940352321952, 48.639849670378744 ], [ 6.229840861632646, 48.63985562012099 ], [ 6.22974272993291, 48.639868003981739 ], [ 6.229646902250202, 48.639886702701915 ], [ 6.229554301426362, 48.639911536208992 ], [ 6.229465819231327, 48.639942265350868 ], [ 6.229382307775921, 48.639978594198801 ], [ 6.229304571306379, 48.640020172896868 ], [ 6.229233358459578, 48.640066601030966 ], [ 6.229169355053553, 48.640117431484505 ], [ 6.229113177482722, 48.640172174744002 ], [ 6.229065366781416, 48.640230303612853 ], [ 6.229026383412895, 48.640291258288137 ], [ 6.228996602834069, 48.64035445175147 ], [ 6.228976311878649, 48.640419275421884 ], [ 6.228965705993614, 48.640485105016708 ], [ 6.228964887355644, 48.640551306563438 ], [ 6.228973863885706, 48.640617242505158 ], [ 6.228992549171351, 48.640682277840611 ], [ 6.229020763297521, 48.640745786239663 ], [ 6.229058234577887, 48.640807156075347 ], [ 6.229104602170154, 48.640865796314429 ], [ 6.229159419550146, 48.640921142209699 ], [ 6.229222158811262, 48.640972660739159 ], [ 6.229292215747942, 48.641019855739721 ], [ 6.229368915674195, 48.641062272686028 ], [ 6.229451519921175, 48.641099503068105 ], [ 6.229539232951208, 48.641131188326106 ], [ 6.229631210019798, 48.641157023303847 ], [ 6.229726565311732, 48.641176759187879 ], [ 6.229824380472961, 48.641190205904216 ], [ 6.229923713456026, 48.641197233948937 ], [ 6.230023607593788, 48.641197775635661 ], [ 6.230123100814053, 48.641191825747427 ], [ 6.230221234906278, 48.641179441587049 ], [ 6.230317064751056, 48.641160742425079 ], [ 6.230409667423462, 48.641135908351004 ], [ 6.230460330217006, 48.641118313497408 ], [ 6.230438010208018, 48.641153214341244 ], [ 6.230408230843343, 48.641216408112058 ], [ 6.230387941302361, 48.641281231976365 ], [ 6.230377337018433, 48.641347061649626 ], [ 6.230376520152816, 48.64141326315854 ], [ 6.230385498609414, 48.641479198946591 ], [ 6.230404185957223, 48.641544234014013 ], [ 6.230432402261329, 48.641607742033216 ], [ 6.230469875814423, 48.641669111380914 ], [ 6.230516245752328, 48.641727751028561 ], [ 6.230571065528273, 48.641783096234654 ], [ 6.230633807212588, 48.641834613983832 ], [ 6.230664902560837, 48.641855560780158 ], [ 6.230636494753313, 48.641878121837465 ], [ 6.230580316827135, 48.641932865708476 ], [ 6.23053250614692, 48.64199099508086 ], [ 6.230493523175724, 48.642051950146843 ], [ 6.230463743366636, 48.642115143884254 ], [ 6.230443453545952, 48.642179967709517 ], [ 6.230432849149732, 48.64224579733844 ], [ 6.230432032340315, 48.642311998798213 ], [ 6.230441011021064, 48.642377934532746 ], [ 6.230459698758819, 48.642442969542799 ], [ 6.230487915614908, 48.642506477501328 ], [ 6.230525389876713, 48.642567846785653 ], [ 6.230571760673229, 48.64262648636781 ], [ 6.230626581449418, 48.642681831506934 ], [ 6.230689324265975, 48.642733349188326 ], [ 6.230720420170511, 48.642754295954482 ], [ 6.230692011899018, 48.642776857008151 ], [ 6.230635833066064, 48.642831600864383 ], [ 6.23058802162637, 48.642889730215522 ], [ 6.230549038050309, 48.64295068525405 ], [ 6.230519257796792, 48.643013878958037 ], [ 6.2304989676964, 48.643078702744241 ], [ 6.230488363187886, 48.643144532328833 ], [ 6.230487546434673, 48.643210733739444 ], [ 6.230496525339582, 48.64327666942043 ], [ 6.230515213467299, 48.6433417043731 ], [ 6.230543430875394, 48.643405212270935 ], [ 6.230580905845936, 48.643466581491865 ], [ 6.230627277501095, 48.643525221008538 ], [ 6.230682099277563, 48.643580566080686 ], [ 6.230744843226404, 48.643632083694264 ], [ 6.230775939687221, 48.643653030430229 ], [ 6.230747530951771, 48.643675591480225 ], [ 6.230691351212012, 48.643730335321656 ], [ 6.230643539012815, 48.643788464651571 ], [ 6.230604554831868, 48.643849419662622 ], [ 6.23057477413391, 48.64391261333315 ], [ 6.230554483753803, 48.643977437080295 ], [ 6.230543879132995, 48.644043266620535 ], [ 6.230543062435989, 48.644109467981949 ], [ 6.230552041565071, 48.644175403609403 ], [ 6.230570730082763, 48.644240438504653 ], [ 6.230598948042886, 48.6443039463418 ], [ 6.230636423722191, 48.644365315499307 ], [ 6.230662975058374, 48.644398890488389 ], [ 6.230610308502722, 48.644384098749796 ], [ 6.230514947032698, 48.644364363625733 ], [ 6.230417125760487, 48.644350917511851 ], [ 6.230317786724423, 48.64434388989693 ], [ 6.230217886577517, 48.644343348458271 ], [ 6.230118387375749, 48.644349298410013 ], [ 6.230020247314378, 48.644361682453003 ], [ 6.229924411501385, 48.644380381326393 ], [ 6.229831802856904, 48.64440521495623 ], [ 6.229743313226183, 48.644435944189212 ], [ 6.229659794791654, 48.644472273095722 ], [ 6.229582051866761, 48.644513851819248 ], [ 6.229510833150549, 48.644560279945459 ], [ 6.22944682451758, 48.644611110357857 ], [ 6.229390642412609, 48.644665853543337 ], [ 6.229342827913638, 48.64472398230599 ], [ 6.229303841520506, 48.644784936843962 ], [ 6.229274058719251, 48.644848130140147 ], [ 6.229253766364997, 48.644912953615233 ], [ 6.229243159918201, 48.644978782988389 ], [ 6.229242341560954, 48.645044984289264 ], [ 6.22925131921153, 48.645110919963315 ], [ 6.229270006446697, 48.645175955011858 ], [ 6.229298223332623, 48.645239463107515 ], [ 6.229335698156408, 48.645300832626234 ], [ 6.229362249132691, 48.645334407878977 ], [ 6.229309582003113, 48.64531961557703 ], [ 6.229214219318736, 48.64529987942737 ], [ 6.229116396631864, 48.645286432256157 ], [ 6.229017055994452, 48.645279403562341 ], [ 6.228917154074932, 48.645278861033567 ], [ 6.228817652946357, 48.645284809894541 ], [ 6.228719510822534, 48.645297192856539 ], [ 6.228623672831311, 48.645315890669217 ], [ 6.228531061913793, 48.645340723268745 ], [ 6.228442569937121, 48.645371451511792 ], [ 6.228359049106316, 48.645407779478255 ], [ 6.228281303757898, 48.6454493573207 ], [ 6.22821008261425, 48.645495784633276 ], [ 6.228146071573311, 48.6455466143073 ], [ 6.228089887103027, 48.645601356836778 ], [ 6.228042070304177, 48.645659485032155 ], [ 6.228003081698745, 48.645720439096991 ], [ 6.22797329679408, 48.645783632018762 ], [ 6.22795300246556, 48.645848455221774 ], [ 6.227942394192657, 48.645914284427796 ], [ 6.22794157417505, 48.645980485668098 ], [ 6.227950550347008, 48.646046421388704 ], [ 6.227969236299532, 48.646111456590511 ], [ 6.227997452111151, 48.646174964944649 ], [ 6.228034926079313, 48.646236334824586 ], [ 6.228061476695614, 48.646269910340976 ], [ 6.228008808992154, 48.646255117475619 ], [ 6.227913445093452, 48.646235380300361 ], [ 6.227815620991934, 48.646221932071789 ], [ 6.227716278753176, 48.646214902299008 ], [ 6.227616375061034, 48.646214358680112 ], [ 6.227516872005627, 48.646220306450267 ], [ 6.227418727819322, 48.646232688331246 ], [ 6.227322887649827, 48.646251385083126 ], [ 6.227230274459219, 48.646276216652318 ], [ 6.227141780136533, 48.646306943905387 ], [ 6.227058256909379, 48.646343270931752 ], [ 6.226980509137355, 48.646384847893081 ], [ 6.226948897063731, 48.646405453978815 ], [ 6.22691485171126, 48.646386626909376 ], [ 6.226832240922495, 48.646349394932692 ], [ 6.226744520784313, 48.646317707819684 ], [ 6.226652536069523, 48.646291870724674 ], [ 6.226557172615448, 48.646272132464617 ], [ 6.226459348793816, 48.646258683123051 ], [ 6.226360006667516, 48.646251652219789 ], [ 6.226260102919313, 48.646251107463826 ], [ 6.22616059963987, 48.64625705410127 ], [ 6.226062455063709, 48.646269434864834 ], [ 6.225966614342293, 48.646288130525299 ], [ 6.225874000443017, 48.646312961039619 ], [ 6.225823331077662, 48.64633055386691 ], [ 6.225845656373128, 48.646295654038127 ], [ 6.225875444138818, 48.646232461675162 ], [ 6.225895741190089, 48.646167638846762 ], [ 6.225906352089231, 48.646101809836878 ], [ 6.225907174683702, 48.646035608617296 ], [ 6.225898201088511, 48.64596967274219 ], [ 6.225879517760742, 48.645904637207948 ], [ 6.225851304665508, 48.645841128338034 ], [ 6.225813833541484, 48.645779757751185 ], [ 6.225767465282702, 48.645721116471563 ], [ 6.225712646461934, 48.645665769237091 ], [ 6.225649905029125, 48.64561424906114 ], [ 6.22561880945487, 48.64559330102167 ], [ 6.225647221442795, 48.645570741230536 ], [ 6.225703408435691, 48.645515999851419 ], [ 6.225751227701419, 48.645457872587571 ], [ 6.225790218734389, 48.645396919246217 ], [ 6.225820006055399, 48.645333726849771 ], [ 6.225840302826729, 48.645268903982227 ], [ 6.225850913613364, 48.645203074927942 ], [ 6.225851736263847, 48.645136873659155 ], [ 6.225842762892642, 48.645070937730452 ], [ 6.225824079954678, 48.645005902138813 ], [ 6.225795867411312, 48.644942393208183 ], [ 6.225758396995901, 48.644881022557918 ], [ 6.225712029595655, 48.644822381212798 ], [ 6.225657211775075, 48.64476703391135 ], [ 6.225594471474473, 48.644715513667592 ], [ 6.225524412925072, 48.64466831663816 ], [ 6.225447710829608, 48.644625897344497 ], [ 6.225365103864562, 48.644588664296059 ], [ 6.225277387566555, 48.644556976056514 ], [ 6.225185406671414, 48.644531137791056 ], [ 6.225090046979678, 48.644511398327921 ], [ 6.224992226826846, 48.644497947762183 ], [ 6.224892888240475, 48.644490915625518 ], [ 6.224792987869245, 48.644490369638731 ], [ 6.224693487771296, 48.644496315059811 ], [ 6.224595346150516, 48.644508694633195 ], [ 6.224499508129904, 48.644527389141125 ], [ 6.22440689665085, 48.644552218551638 ], [ 6.224356228497243, 48.644569810780901 ], [ 6.224378554019974, 48.644534911175782 ], [ 6.224408342555083, 48.644471719086816 ], [ 6.224428640740843, 48.644406896413173 ], [ 6.224439253128614, 48.644341067437296 ], [ 6.224440077551517, 48.644274866130701 ], [ 6.224431106106949, 48.64420893004835 ], [ 6.224412425231279, 48.644143894188645 ], [ 6.224384214866004, 48.644080384878166 ], [ 6.224346746723505, 48.644019013739921 ], [ 6.224300381669104, 48.643960371803381 ], [ 6.224245566244707, 48.643905023812771 ], [ 6.224182828367554, 48.643853502788751 ], [ 6.224112772245527, 48.643806304895435 ], [ 6.224036072557989, 48.64376388466264 ], [ 6.22395346795823, 48.643726650608833 ], [ 6.223865753960095, 48.643694961307368 ], [ 6.223773775277263, 48.643669121933698 ], [ 6.223678417688971, 48.643649381326668 ], [ 6.223580599510462, 48.643635929592428 ], [ 6.22348126275028, 48.643628896273867 ], [ 6.223381364039517, 48.643628349103203 ], [ 6.223281865420329, 48.643634293349805 ], [ 6.223183725082357, 48.643646671769417 ], [ 6.223087888136253, 48.643665365155428 ], [ 6.222995277513053, 48.64369019348662 ], [ 6.22290678507706, 48.643720917660787 ], [ 6.222823263037719, 48.643757241797019 ], [ 6.222745515743186, 48.64379881608474 ], [ 6.222713903564156, 48.643819421091408 ], [ 6.222679861418037, 48.643800592771441 ], [ 6.222597257725374, 48.643763357778575 ], [ 6.222509544487042, 48.643731667479756 ], [ 6.222417566409407, 48.643705827059982 ], [ 6.222322209265876, 48.643686085368223 ], [ 6.22222439136741, 48.643672632521032 ], [ 6.222125054719855, 48.643665598072062 ], [ 6.222025155953223, 48.643665049764394 ], [ 6.221925657110202, 48.643670992878306 ], [ 6.221827516382595, 48.64368337018054 ], [ 6.221731678884798, 48.643702062475164 ], [ 6.221639067553165, 48.64372688975152 ], [ 6.221550574258822, 48.643757612917554 ], [ 6.221467051219475, 48.643793936102021 ], [ 6.221389302792909, 48.643835509503567 ], [ 6.221318077731147, 48.643881932759086 ], [ 6.221254061969852, 48.643932758798975 ], [ 6.221197872022424, 48.643987498152278 ], [ 6.221150049042383, 48.64404562365997 ], [ 6.221111053611238, 48.64410657555154 ], [ 6.221081261302062, 48.644169766835361 ], [ 6.221060959061539, 48.644234588951534 ], [ 6.221050342445334, 48.644300417632309 ], [ 6.221049513733475, 48.644366618913971 ], [ 6.221058480943951, 48.644432555242226 ], [ 6.221077157754075, 48.644497591612037 ], [ 6.221105364330418, 48.64456110168333 ], [ 6.221142829059369, 48.644622473813023 ], [ 6.221189191161737, 48.644681116945819 ], [ 6.221244004166223, 48.644736466306604 ], [ 6.221306740208379, 48.644787988840037 ], [ 6.221376795113647, 48.644835188344466 ], [ 6.221453494215614, 48.644877610251115 ], [ 6.221536098853371, 48.644914846002308 ], [ 6.221623813485494, 48.644946536986474 ], [ 6.221715793352054, 48.644972377992218 ], [ 6.221811152610897, 48.644992120148117 ], [ 6.221908972869771, 48.645005573319743 ], [ 6.222008312032119, 48.64501260794102 ], [ 6.222108213371291, 48.645013156262202 ], [ 6.222207714745735, 48.645007213002465 ], [ 6.222305857866368, 48.644994835400752 ], [ 6.22240169752683, 48.644976142664461 ], [ 6.222494310707656, 48.644951314821206 ], [ 6.222544979856656, 48.644933723389251 ], [ 6.222522652940839, 48.644968622639233 ], [ 6.22249286184557, 48.645031814230599 ], [ 6.222472561019297, 48.645096636540707 ], [ 6.222461946004065, 48.645162465299926 ], [ 6.222461119064485, 48.645228666543851 ], [ 6.222470088201482, 48.645294602718465 ], [ 6.222488767073814, 48.645359638820302 ], [ 6.222516975828192, 48.645423148511789 ], [ 6.222554442830033, 48.645484520153538 ], [ 6.222600807278255, 48.645543162694956 ], [ 6.222655622678966, 48.645598511366615 ], [ 6.22271836114464, 48.6456500331198 ], [ 6.222749455591405, 48.645670981915138 ], [ 6.222721042299712, 48.645693541013436 ], [ 6.222664851996121, 48.645748280978161 ], [ 6.222617029036404, 48.645806406989301 ], [ 6.222578034001875, 48.645867359271485 ], [ 6.222548242461793, 48.645930550829355 ], [ 6.22252794135544, 48.645995373100313 ], [ 6.222517326227557, 48.646061201815165 ], [ 6.222516499343838, 48.646127403009849 ], [ 6.222525468704678, 48.646193339130903 ], [ 6.222544147966677, 48.646258375175307 ], [ 6.222572357272795, 48.646321884806085 ], [ 6.222609824983136, 48.646383256384453 ], [ 6.222656190289795, 48.646441898860353 ], [ 6.222711006690615, 48.646497247465064 ], [ 6.222773746288438, 48.646548769150485 ], [ 6.222804841291473, 48.646569717915668 ], [ 6.222776427535618, 48.646592277010271 ], [ 6.222720236324824, 48.646647016960088 ], [ 6.222672412605209, 48.646705142949891 ], [ 6.222633416965403, 48.646766095204519 ], [ 6.222603624980497, 48.64682928672886 ], [ 6.222583323594054, 48.646894108960673 ], [ 6.222572708353518, 48.646959937631109 ], [ 6.222571881525667, 48.647026138776567 ], [ 6.22258085111036, 48.647092074844025 ], [ 6.22259953076204, 48.647157110830982 ], [ 6.222627740619919, 48.647220620401065 ], [ 6.222665209038786, 48.64728199191601 ], [ 6.222711575203916, 48.647340634326405 ], [ 6.222766392604882, 48.647395982864126 ], [ 6.222829133334895, 48.647447504481761 ], [ 6.22286022889421, 48.647468453216788 ], [ 6.222831814674184, 48.647491012307682 ], [ 6.222775622556161, 48.647545752242571 ], [ 6.222727798076622, 48.647603878211036 ], [ 6.222688801831521, 48.647664830438075 ], [ 6.222659009401777, 48.647728021928884 ], [ 6.222638707735238, 48.647792844121533 ], [ 6.222628092382046, 48.647858672747553 ], [ 6.222627265610068, 48.647924873843749 ], [ 6.222636235418623, 48.647990809857596 ], [ 6.222654915460002, 48.648055845787113 ], [ 6.222683125869664, 48.648119355296444 ], [ 6.222720594997083, 48.648180726747938 ], [ 6.222766962020713, 48.648239369092821 ], [ 6.222821780421862, 48.648294717563573 ], [ 6.222884522284105, 48.648346239113394 ], [ 6.222915618399723, 48.648367187818252 ], [ 6.22288720371551, 48.648389746905451 ], [ 6.222831010690227, 48.64844448682539 ], [ 6.222783185450742, 48.648502612772489 ], [ 6.222744188600329, 48.648563564971951 ], [ 6.222714395725732, 48.648626756429231 ], [ 6.222694093779091, 48.648691578582685 ], [ 6.222683478313241, 48.648757407164261 ], [ 6.22268265159714, 48.648823608211181 ], [ 6.222691621629567, 48.648889544171382 ], [ 6.22271030206066, 48.648954580043451 ], [ 6.222738513022126, 48.649018089492039 ], [ 6.222775982858125, 48.649079460880074 ], [ 6.222802531542368, 48.649113037488469 ], [ 6.222749862463957, 48.649098242333878 ], [ 6.22265449536727, 48.649078500996808 ], [ 6.222556667301983, 48.64906504848291 ], [ 6.222457320371846, 48.649058014342565 ], [ 6.222357411305887, 48.649057466315917 ], [ 6.222257902245977, 48.649063409680579 ], [ 6.222159751482305, 48.649075787200758 ], [ 6.222063904225914, 48.649094479678539 ], [ 6.221971283507132, 48.649119307101458 ], [ 6.221882781287482, 48.649150030376049 ], [ 6.221799249870623, 48.649186353630014 ], [ 6.221721493695016, 48.649227927061325 ], [ 6.221650261587309, 48.649274350306627 ], [ 6.221586239551026, 48.649325176296408 ], [ 6.221530044159996, 48.649379915560147 ], [ 6.22148221662017, 48.649438040939721 ], [ 6.221443217556969, 48.649498992665826 ], [ 6.221413422578458, 48.649562183748479 ], [ 6.221393118657028, 48.649627005629689 ], [ 6.221382501364546, 48.649692834043954 ], [ 6.221381672987551, 48.649759035030144 ], [ 6.221390641540824, 48.649824971036772 ], [ 6.221409320688748, 48.649890007061963 ], [ 6.221437530575388, 48.64995351676891 ], [ 6.221474999555261, 48.650014888518086 ], [ 6.221501547879264, 48.650048465390107 ], [ 6.221448878227084, 48.650033669672069 ], [ 6.221353509916246, 48.650013927309281 ], [ 6.221255680436435, 48.650000473737876 ], [ 6.221156331905025, 48.649993438518429 ], [ 6.221056421066463, 48.649992889401503 ], [ 6.220956910079692, 48.649998831675134 ], [ 6.220858757253452, 48.650011208114122 ], [ 6.220762907818652, 48.650029899530907 ], [ 6.220670284826595, 48.650054725923262 ], [ 6.22061961008794, 48.650072316482884 ], [ 6.220641940451034, 48.650037417738098 ], [ 6.220671736631947, 48.649974226873411 ], [ 6.220692041581864, 48.649909405133926 ], [ 6.220702659787013, 48.649843576793089 ], [ 6.220703489024494, 48.649777375816292 ], [ 6.220694521345346, 48.649711439755315 ], [ 6.220675843149684, 48.649646403608401 ], [ 6.220647634353203, 48.64958289370486 ], [ 6.220610166653186, 48.649521521673414 ], [ 6.220563800910697, 48.649462878552129 ], [ 6.22050898367428, 48.649407529096678 ], [ 6.220446242878632, 48.649356006341783 ], [ 6.22041514716404, 48.649335057009836 ], [ 6.220443563427486, 48.649312498529902 ], [ 6.220499759882793, 48.649257759775452 ], [ 6.220547588349261, 48.649199634781425 ], [ 6.220586588232685, 48.64913868333317 ], [ 6.220616383968635, 48.649075492434896 ], [ 6.220636688638349, 48.649010670656203 ], [ 6.220647306730749, 48.6489448422709 ], [ 6.220648136024023, 48.648878641244814 ], [ 6.220639168568669, 48.648812705130211 ], [ 6.220620490762648, 48.6487476689258 ], [ 6.2205922825179, 48.648684158961508 ], [ 6.22055481552639, 48.648622786866618 ], [ 6.220528268533342, 48.648589209743747 ], [ 6.220580936471119, 48.648604005886497 ], [ 6.22067630192055, 48.648623748890799 ], [ 6.220774128677238, 48.648637202953282 ], [ 6.220873474582047, 48.648644238499308 ], [ 6.220973382843386, 48.648644787770259 ], [ 6.221072891253034, 48.64863884547615 ], [ 6.221171041454152, 48.648626468846608 ], [ 6.221266888172182, 48.648607777079675 ], [ 6.221359508319694, 48.648582950193621 ], [ 6.221448009887395, 48.648552227293116 ], [ 6.22153154053572, 48.648515904266127 ], [ 6.221609295804116, 48.648474330934022 ], [ 6.221680526859013, 48.648427907682212 ], [ 6.221744547705798, 48.648377081603726 ], [ 6.221800741795347, 48.648322342193012 ], [ 6.221848567961469, 48.64826421663146 ], [ 6.221887565632112, 48.648203264709863 ], [ 6.221917359264153, 48.648140073436977 ], [ 6.221937661959095, 48.648075251386011 ], [ 6.221948278224876, 48.648009422833404 ], [ 6.221949105857276, 48.647943221746587 ], [ 6.221940136922786, 48.647877285678419 ], [ 6.221921457833608, 48.647812249627165 ], [ 6.221893248514038, 48.647748739921248 ], [ 6.221855780666396, 48.647687368187476 ], [ 6.221809415153166, 48.647628725461068 ], [ 6.221754598520677, 48.64757337649386 ], [ 6.221691858697811, 48.647521854315897 ], [ 6.22166076357454, 48.647500905276914 ], [ 6.221689178304841, 48.647478346465434 ], [ 6.221745371487092, 48.647423607039784 ], [ 6.221793196893234, 48.647365481456866 ], [ 6.221832193958533, 48.647304529507679 ], [ 6.221861987145696, 48.647241338201269 ], [ 6.221882289560508, 48.647176516111116 ], [ 6.221892905713604, 48.647110687514072 ], [ 6.221893733401846, 48.647044486378 ], [ 6.221884764691188, 48.646978550256222 ], [ 6.221866085991675, 48.646913514147528 ], [ 6.221837877223851, 48.64685000438088 ], [ 6.221800410084716, 48.646788632583693 ], [ 6.221754045429934, 48.646729989791766 ], [ 6.221699229797567, 48.646674640757595 ], [ 6.221636491106862, 48.646623118511847 ], [ 6.221566433573537, 48.646575919230472 ], [ 6.221489731890553, 48.646533497456559 ], [ 6.221407124730415, 48.646496261723492 ], [ 6.221319407631627, 48.646464570620758 ], [ 6.221227425337733, 48.646438729341192 ], [ 6.221132063662742, 48.646418986741963 ], [ 6.221034240961252, 48.646405532948407 ], [ 6.220934899285362, 48.646398497523251 ], [ 6.220834995313506, 48.646397948219011 ], [ 6.220735491138501, 48.64640389032558 ], [ 6.220637345003488, 48.646416266619347 ], [ 6.220541502074943, 48.646434957914117 ], [ 6.220448885341515, 48.646459784208879 ], [ 6.220360386726346, 48.646490506421003 ], [ 6.220276858498383, 48.646526828688444 ], [ 6.22019910506538, 48.646568401218694 ], [ 6.220127875227568, 48.646614823656996 ], [ 6.220063854966609, 48.646665648941671 ], [ 6.220007660839236, 48.646720387608994 ], [ 6.219959834039223, 48.646778512506572 ], [ 6.219920835184867, 48.646839463869746 ], [ 6.219891039882215, 48.646902654712022 ], [ 6.219870735106781, 48.646967476477691 ], [ 6.219860116438645, 48.647033304902415 ], [ 6.219859286177595, 48.647099506024958 ], [ 6.219868252356552, 48.647165442292511 ], [ 6.219886928662762, 48.647230478700678 ], [ 6.219915135267653, 48.647293988908999 ], [ 6.219952600557345, 48.64735536127305 ], [ 6.219979146554977, 48.647388938558763 ], [ 6.219926480010431, 48.647374142135035 ], [ 6.219831117121491, 48.647354398510103 ], [ 6.219733293005699, 48.647340943659067 ], [ 6.219633949728769, 48.647333907154852 ], [ 6.219534043984556, 48.647333356760342 ], [ 6.219434537882939, 48.64733929777595 ], [ 6.219336389685619, 48.647351672988528 ], [ 6.219240544578928, 48.64737036322235 ], [ 6.219147925572489, 48.647395188486584 ], [ 6.219059424611333, 48.647425909708545 ], [ 6.218975893987001, 48.647462231035711 ], [ 6.218898138130319, 48.647503802684618 ], [ 6.218866522197806, 48.647524406606877 ], [ 6.218832479025654, 48.647505577245923 ], [ 6.218749872221888, 48.647468339700964 ], [ 6.218662155102957, 48.64743664666792 ], [ 6.218570172412601, 48.647410803358156 ], [ 6.218474809968647, 48.647391058648438 ], [ 6.218376986133102, 48.647377602684401 ], [ 6.218277642968984, 48.647370565049684 ], [ 6.218177737169059, 48.647370013518085 ], [ 6.218078230843744, 48.647375953400946 ], [ 6.217980082256895, 48.647388327496039 ], [ 6.217884236598594, 48.647407016638397 ], [ 6.217791616883774, 48.647431840847695 ], [ 6.217740943717636, 48.647449430221705 ], [ 6.217763274881338, 48.64741453193998 ], [ 6.217793073045165, 48.647351341656737 ], [ 6.217813380543505, 48.647286520265872 ], [ 6.217824001838034, 48.64722069203745 ], [ 6.217824834676102, 48.647154490935812 ], [ 6.217815871074063, 48.647088554513914 ], [ 6.217797197392769, 48.647023517773484 ], [ 6.217768993504432, 48.646960007049536 ], [ 6.217731531059068, 48.646898633978736 ], [ 6.217685170867134, 48.646839989609134 ], [ 6.21763035942372, 48.64678463870839 ], [ 6.217567624607732, 48.646733114325208 ], [ 6.217536531604462, 48.646712164196281 ], [ 6.217564947684504, 48.646689606353412 ], [ 6.217621144334231, 48.646634868836642 ], [ 6.217668973600889, 48.646576744870778 ], [ 6.217707974882562, 48.646515794231242 ], [ 6.217737772601351, 48.646452603914462 ], [ 6.217758079819391, 48.64638778248441 ], [ 6.217768701001058, 48.646321954211594 ], [ 6.217769533894788, 48.646255753060693 ], [ 6.217760570516398, 48.646189816585213 ], [ 6.217741897224582, 48.646124779787357 ], [ 6.217713693887802, 48.646061269002736 ], [ 6.217676232150762, 48.645999895868528 ], [ 6.217629872817096, 48.645941251433456 ], [ 6.217575062373626, 48.645885900465814 ], [ 6.21751232868963, 48.645834376014889 ], [ 6.217481236242559, 48.645813425855827 ], [ 6.217509651858362, 48.645790868009236 ], [ 6.217565847600696, 48.645736130477516 ], [ 6.217613676107258, 48.645678006490286 ], [ 6.217652676783459, 48.645617055823166 ], [ 6.217682474057222, 48.645553865472856 ], [ 6.217702780994969, 48.645489044003661 ], [ 6.217713402063778, 48.645423215686414 ], [ 6.217714235013165, 48.645357014486315 ], [ 6.217705271858412, 48.64529107795726 ], [ 6.217686598956059, 48.645226041102013 ], [ 6.217658396170816, 48.645162530256705 ], [ 6.217620935142072, 48.645101157059138 ], [ 6.217574576666642, 48.645042512558611 ], [ 6.21751976722308, 48.64498716152405 ], [ 6.217457034671035, 48.644935637005418 ], [ 6.217425942780149, 48.64491468681625 ], [ 6.217454357931718, 48.644892128965957 ], [ 6.217510552766687, 48.644837391419287 ], [ 6.217558380513181, 48.644779267410698 ], [ 6.217597380583925, 48.644718316716038 ], [ 6.217627177412674, 48.644655126332211 ], [ 6.217647484070137, 48.644590304823865 ], [ 6.217658105026088, 48.644524476462244 ], [ 6.217658938031128, 48.644458275212934 ], [ 6.217649975100003, 48.644392338630325 ], [ 6.217631302587098, 48.644327301717688 ], [ 6.21760310035337, 48.644263790811728 ], [ 6.217565640032896, 48.644202417550801 ], [ 6.217519282415671, 48.644143772984826 ], [ 6.217464473971981, 48.644088421883389 ], [ 6.217401742551846, 48.644036897297042 ], [ 6.217331692300968, 48.643989695424281 ], [ 6.217254997842176, 48.643947270833202 ], [ 6.217172397778409, 48.643910032084236 ], [ 6.217084687579832, 48.643878337795982 ], [ 6.216992711923542, 48.643852493191915 ], [ 6.21689735655963, 48.643832747161241 ], [ 6.21679953978192, 48.643819289862329 ], [ 6.21670020358547, 48.643812250891678 ], [ 6.216600304595943, 48.64381169803594 ], [ 6.216500804858177, 48.643817636619197 ], [ 6.216402662572589, 48.643830009451769 ], [ 6.21630682286858, 48.643848697380825 ], [ 6.216214208703748, 48.643873520437737 ], [ 6.216163538453229, 48.643891109193163 ], [ 6.216185869150407, 48.643856211103476 ], [ 6.216215667192787, 48.643793021027228 ], [ 6.216235975264235, 48.643728199712882 ], [ 6.216246597820899, 48.643662371429798 ], [ 6.216247432597969, 48.6435961701428 ], [ 6.216238471593122, 48.643530233406679 ], [ 6.216219801142192, 48.643465196226146 ], [ 6.216191601086277, 48.6434016849405 ], [ 6.216154143038479, 48.643340311191764 ], [ 6.216107787766907, 48.643281666034525 ], [ 6.216052981719256, 48.643226314244082 ], [ 6.215990252722473, 48.643174788877658 ], [ 6.215920204898923, 48.643127586141205 ], [ 6.215843512848059, 48.643085160611157 ], [ 6.215760915149633, 48.643047920857001 ], [ 6.215673207251031, 48.643016225507004 ], [ 6.215581233807201, 48.642990379794874 ], [ 6.215485880546931, 48.642970632620461 ], [ 6.215388065743785, 48.642957174153196 ], [ 6.215288731373807, 48.642950134000799 ], [ 6.215188834045075, 48.642949579961297 ], [ 6.21508933578643, 48.642955517370183 ], [ 6.214991194784046, 48.642967889049096 ], [ 6.214895356154966, 48.642986575856298 ], [ 6.214802742846438, 48.643011397833952 ], [ 6.214752072956316, 48.643028986001802 ], [ 6.214774404226901, 48.642994088151582 ], [ 6.214804203482798, 48.642930898382943 ], [ 6.21482451296811, 48.64286607726261 ], [ 6.214835137125373, 48.642800249058091 ], [ 6.214835973674355, 48.642734047733448 ], [ 6.214827014595672, 48.642668110843843 ], [ 6.214808346206601, 48.64260307339547 ], [ 6.214780148328389, 48.642539561730167 ], [ 6.214742692553162, 48.642478187493673 ], [ 6.21469633962714, 48.642419541745227 ], [ 6.214641535975437, 48.642364189265834 ], [ 6.214578809401921, 48.642312663119377 ], [ 6.214547720221848, 48.6422917121334 ], [ 6.214576135189849, 48.642269154920172 ], [ 6.214632330218738, 48.642214418611317 ], [ 6.214680158764822, 48.642156295631018 ], [ 6.214719160233122, 48.642095345745233 ], [ 6.214748959043931, 48.642032155943113 ], [ 6.214769268248862, 48.641967334783693 ], [ 6.214779892293152, 48.641901506534829 ], [ 6.214780728897657, 48.641835305161038 ], [ 6.214771770042455, 48.641769368217936 ], [ 6.21475310204267, 48.64170433071223 ], [ 6.2147249047158, 48.641640818986325 ], [ 6.214687449648657, 48.641579444686514 ], [ 6.214641097580647, 48.641520798872726 ], [ 6.214586294928615, 48.641465446326514 ], [ 6.2145235694868, 48.641413920112392 ], [ 6.214453525343338, 48.64136671644453 ], [ 6.214376837062235, 48.641324289908262 ], [ 6.214294243186947, 48.641287049082813 ], [ 6.214206539128041, 48.641255352606755 ], [ 6.214114569503489, 48.641229505724624 ], [ 6.214019220005298, 48.641209757347568 ], [ 6.213921408870807, 48.641196297656577 ], [ 6.213822078040731, 48.64118925627114 ], [ 6.213722184089056, 48.641188701001198 ], [ 6.213622689012106, 48.64119463719409 ], [ 6.213524550965417, 48.641207007683136 ], [ 6.213428715037568, 48.641225693338058 ], [ 6.21333610414979, 48.64125051421216 ], [ 6.213285435471759, 48.641268101782096 ], [ 6.213307766968984, 48.641233204155583 ], [ 6.213337566993149, 48.641170014661107 ], [ 6.213357877611777, 48.641105193695729 ], [ 6.21336850325649, 48.641039365525486 ], [ 6.213369341632726, 48.640973164114108 ], [ 6.213360384703502, 48.640907227017571 ], [ 6.213341718765391, 48.640842189244069 ], [ 6.213313523616036, 48.640778677138599 ], [ 6.21327607082128, 48.640717302351099 ], [ 6.21322972109864, 48.640658655946169 ], [ 6.213174920842378, 48.640603302711085 ], [ 6.213112197823661, 48.640551775717014 ], [ 6.213081110276923, 48.640530824317679 ], [ 6.213109524920936, 48.640508267421161 ], [ 6.213165719592926, 48.640453531723786 ], [ 6.213213548158555, 48.640395409247013 ], [ 6.213252550022652, 48.640334459751955 ], [ 6.213282349601696, 48.640271270224019 ], [ 6.213302659939901, 48.640206449219583 ], [ 6.213313285471584, 48.640140621005031 ], [ 6.213314123903277, 48.640074419544526 ], [ 6.213305167197456, 48.640008482394535 ], [ 6.213286501648542, 48.639943444563748 ], [ 6.213258307050431, 48.639879932397712 ], [ 6.213220854963654, 48.639818557546953 ], [ 6.213194317142693, 48.63978497854405 ], [ 6.213246974145737, 48.639799778036682 ], [ 6.213342320783461, 48.639819527054897 ], [ 6.21344012919571, 48.639832987236701 ], [ 6.21353945740003, 48.639840028948477 ], [ 6.213639348775311, 48.639840584372244 ], [ 6.213738841275964, 48.639834648158761 ], [ 6.213836976698373, 48.639822277479091 ], [ 6.21393280991032, 48.639803591473971 ], [ 6.214025417954446, 48.639778770106183 ], [ 6.214076084941763, 48.639761182199777 ], [ 6.214053754585065, 48.639796080013049 ], [ 6.214023956208083, 48.639859269758887 ], [ 6.214003646898073, 48.639924090905005 ], [ 6.213993022278775, 48.639989919192971 ], [ 6.213992184707279, 48.640056120662919 ], [ 6.214001142286899, 48.640122057758639 ], [ 6.21401980878769, 48.640187095467809 ], [ 6.214048004475502, 48.640250607437402 ], [ 6.214085457841589, 48.640311982006104 ], [ 6.214131808216191, 48.640370628095049 ], [ 6.214186609240952, 48.640425980900737 ], [ 6.2142493331668, 48.640477507334595 ], [ 6.214319375935871, 48.640524711157461 ], [ 6.214396062998632, 48.640567137758921 ], [ 6.214478655810131, 48.640604378536096 ], [ 6.214566358942846, 48.640636074829033 ], [ 6.214658327747598, 48.640661921375205 ], [ 6.214753676488776, 48.640681669249823 ], [ 6.214851486875427, 48.640695128263367 ], [ 6.214950816906078, 48.640702168793503 ], [ 6.215050709942027, 48.640702723033591 ], [ 6.215150203921696, 48.640696785645822 ], [ 6.215248340627221, 48.640684413812544 ], [ 6.215344174914026, 48.640665726685633 ], [ 6.215436783814402, 48.640640904238666 ], [ 6.215525275427382, 48.640610185533525 ], [ 6.215608797509268, 48.640573866417817 ], [ 6.215686545682009, 48.640532296675232 ], [ 6.215757771180361, 48.640485876656584 ], [ 6.215821788063226, 48.640435053423779 ], [ 6.215877979819645, 48.640380316443888 ], [ 6.215925805305881, 48.640322192874855 ], [ 6.215964803956427, 48.640261242488307 ], [ 6.215994600218707, 48.640198052278208 ], [ 6.216014907168882, 48.640133230807514 ], [ 6.216025529273897, 48.640067402347107 ], [ 6.216026364273285, 48.640001200863537 ], [ 6.216017404162576, 48.639935263913436 ], [ 6.215998735268986, 48.639870226503625 ], [ 6.215970537418615, 48.63980671497557 ], [ 6.215933082203319, 48.639745340973683 ], [ 6.21588673036392, 48.639686695554943 ], [ 6.215831928315063, 48.639631343497179 ], [ 6.21576920384518, 48.639579817860188 ], [ 6.215699161033038, 48.639532614852548 ], [ 6.215622474429829, 48.639490189053276 ], [ 6.215539882562839, 48.639452949034464 ], [ 6.215452180823302, 48.639421253426931 ], [ 6.215360213806849, 48.63939540746685 ], [ 6.215264867180373, 48.639375660056501 ], [ 6.215167059153558, 48.639362201367511 ], [ 6.215067731637189, 48.639355161009817 ], [ 6.214967841173348, 48.639354606783364 ], [ 6.214868349724767, 48.639360544025486 ], [ 6.214770215412042, 48.639372915559399 ], [ 6.214674383287795, 48.639391602244785 ], [ 6.21458177623663, 48.63941642412496 ], [ 6.214531109753059, 48.639434012251478 ], [ 6.214553439636932, 48.639399114338246 ], [ 6.21458323711255, 48.639335924435784 ], [ 6.214603545476386, 48.639271103159167 ], [ 6.214614169181768, 48.639205274777375 ], [ 6.214615005952814, 48.639139073256217 ], [ 6.214606047767996, 48.639073136152724 ], [ 6.214587380935978, 48.639008098475145 ], [ 6.214559185263003, 48.638944586567547 ], [ 6.214521732319959, 48.63888321207795 ], [ 6.214475382825787, 48.638824566068124 ], [ 6.214420583172546, 48.638769213321524 ], [ 6.214357861125595, 48.638717686904585 ], [ 6.214326774169667, 48.63869673579832 ], [ 6.214355187280923, 48.638674178570305 ], [ 6.214411378680587, 48.638619442201907 ], [ 6.214459204186488, 48.638561319136443 ], [ 6.214498203232924, 48.638500369140658 ], [ 6.214528000263504, 48.6384371792048 ], [ 6.214548308346989, 48.638372357889153 ], [ 6.214558931939406, 48.638306529463094 ], [ 6.214559768765958, 48.638240327892845 ], [ 6.21455081080458, 48.638174390735912 ], [ 6.214532144361783, 48.638109353001077 ], [ 6.214503949240066, 48.638045841032934 ], [ 6.214466497005001, 48.637984466480127 ], [ 6.214439959314855, 48.637950887703468 ], [ 6.2144926148247, 48.637965686668167 ], [ 6.214587958590912, 48.637985434719667 ], [ 6.214685763895684, 48.637998893899436 ], [ 6.214785088786486, 48.638005934583532 ], [ 6.214884976674121, 48.638006488963811 ], [ 6.214984465546592, 48.638000551701118 ], [ 6.215082597235229, 48.637988179976624 ], [ 6.215178426643773, 48.637969492941103 ], [ 6.215271030851495, 48.6379446705673 ], [ 6.215359518002628, 48.637913951916381 ], [ 6.215443035896445, 48.637877632835426 ], [ 6.215520780195227, 48.637836063107777 ], [ 6.215592002171045, 48.63778964308414 ], [ 6.215656015916719, 48.637738819826446 ], [ 6.215712204951502, 48.637684082801982 ], [ 6.215760028157873, 48.637625959169156 ], [ 6.21579902499227, 48.637565008700193 ], [ 6.215828819919612, 48.637501818389872 ], [ 6.21584912602891, 48.637436996802109 ], [ 6.215859747795204, 48.637371168208887 ], [ 6.215860582961284, 48.637304966578043 ], [ 6.215851623521071, 48.637239029467644 ], [ 6.215832955795324, 48.637173991886044 ], [ 6.215804759598886, 48.637110480176389 ], [ 6.215767306507686, 48.637049105984779 ], [ 6.215720957242088, 48.636990460370079 ], [ 6.215666158191946, 48.636935108111992 ], [ 6.21560343711681, 48.636883582272233 ], [ 6.215572350751726, 48.636862631459024 ], [ 6.215600762330331, 48.636840073899577 ], [ 6.215656950457962, 48.636785336860306 ], [ 6.215704772904424, 48.636727213206257 ], [ 6.215743769133476, 48.636666262709838 ], [ 6.215773563615865, 48.636603072366142 ], [ 6.215793869444884, 48.63653825073937 ], [ 6.215804491098273, 48.636472422101917 ], [ 6.215805326319908, 48.636406220422018 ], [ 6.215796367103177, 48.636340283258235 ], [ 6.215777699766677, 48.636275245619402 ], [ 6.21574950412151, 48.63621173384923 ], [ 6.215712051738288, 48.63615035959441 ], [ 6.215665703330561, 48.636091713914439 ], [ 6.215610905279917, 48.636036361589596 ], [ 6.215548185336282, 48.635984835682272 ], [ 6.215517099527148, 48.635963884838993 ], [ 6.215545510641667, 48.635941327275894 ], [ 6.215601697862175, 48.63588659022178 ], [ 6.215649519548752, 48.635828466546506 ], [ 6.215688515172478, 48.635767516022689 ], [ 6.215718309209926, 48.635704325645619 ], [ 6.215738614758675, 48.635639503979881 ], [ 6.215749236299162, 48.635573675298197 ], [ 6.215750071576347, 48.635507473569255 ], [ 6.215741112583085, 48.635441536352083 ], [ 6.215722445635818, 48.635376498656051 ], [ 6.215694250541899, 48.635312986825383 ], [ 6.215656798866631, 48.635251612507403 ], [ 6.215610451316742, 48.635192966762141 ], [ 6.215555654265561, 48.635137614370564 ], [ 6.215492935453387, 48.635086088395688 ], [ 6.215422898904501, 48.635038885049347 ], [ 6.215346219109773, 48.634996458913811 ], [ 6.215263634530927, 48.634959218564418 ], [ 6.215175940489004, 48.634927522635181 ], [ 6.215083981505512, 48.634901676365345 ], [ 6.214988643169984, 48.634881928660185 ], [ 6.214890843612263, 48.634868469694204 ], [ 6.214791524661579, 48.634861429079933 ], [ 6.214691642777526, 48.634860874619854 ], [ 6.214592159840217, 48.634866811653517 ], [ 6.214494033888283, 48.634879183006156 ], [ 6.214398209893837, 48.634897869539166 ], [ 6.214305610663189, 48.634922691297398 ], [ 6.214254948437185, 48.634940279372159 ], [ 6.214277276587895, 48.634905381380349 ], [ 6.214307071838459, 48.634842191310973 ], [ 6.21432737880061, 48.634777369839355 ], [ 6.214338001941177, 48.634711541236371 ], [ 6.214338838989706, 48.634645339469941 ], [ 6.214329881921992, 48.634579402099448 ], [ 6.214311217035933, 48.634514364135747 ], [ 6.214283024119029, 48.634450851925642 ], [ 6.214245574715618, 48.634389477120088 ], [ 6.214199229510549, 48.634330830783846 ], [ 6.21414443485457, 48.634275477703575 ], [ 6.214081718464912, 48.634223950948872 ], [ 6.214011684342527, 48.634176746739129 ], [ 6.213935006954919, 48.634134319664923 ], [ 6.21385242474063, 48.634097078310617 ], [ 6.213764732997933, 48.634065381319921 ], [ 6.213672776226193, 48.6340395339423 ], [ 6.213577439993645, 48.634019785093685 ], [ 6.213479642409881, 48.634006324959586 ], [ 6.213380325285123, 48.633999283163796 ], [ 6.213280445061382, 48.633998727520186 ], [ 6.21318096360278, 48.634004663379677 ], [ 6.213082838933713, 48.634017033578814 ], [ 6.212987016013933, 48.634035718990141 ], [ 6.212894417639409, 48.634060539669271 ], [ 6.212805935556482, 48.634091256587638 ], [ 6.212722421874891, 48.634127573934229 ], [ 6.212644680862299, 48.634169141963859 ], [ 6.212613070523286, 48.634189744455576 ], [ 6.212579038274802, 48.634170913099204 ], [ 6.212496456967648, 48.634133670806094 ], [ 6.212408765984868, 48.63410197281825 ], [ 6.212316809818513, 48.634076124394767 ], [ 6.212221474030986, 48.634056374461636 ], [ 6.212123676727596, 48.63404291321482 ], [ 6.212024359715863, 48.634035870288805 ], [ 6.21192447943671, 48.634035313508392 ], [ 6.211824997754795, 48.634041248235413 ], [ 6.211726872696662, 48.634053617317328 ], [ 6.21163104922581, 48.63407230163741 ], [ 6.211538450143513, 48.634097121261831 ], [ 6.211487787786785, 48.634114708171879 ], [ 6.211510117430384, 48.634079810674812 ], [ 6.211539915551906, 48.634016621254226 ], [ 6.211560225620939, 48.633951800209886 ], [ 6.211570852074387, 48.633885971808574 ], [ 6.211571692609889, 48.63381977001626 ], [ 6.211562739169659, 48.633753832392593 ], [ 6.211544078016657, 48.63368879395081 ], [ 6.211515888902435, 48.633625281042377 ], [ 6.211478443334705, 48.633563905324955 ], [ 6.211432101961383, 48.633505257872102 ], [ 6.211377311096311, 48.633449903481186 ], [ 6.211314598420219, 48.633398375234513 ], [ 6.211283515842038, 48.633377423241605 ], [ 6.211311927377166, 48.633354866639671 ], [ 6.211368116248558, 48.633300131464757 ], [ 6.211415940273384, 48.633242009364103 ], [ 6.211454938900197, 48.633181060095239 ], [ 6.211484736576645, 48.6331178706413 ], [ 6.211505046365254, 48.633053049558036 ], [ 6.211515672705624, 48.632987221112543 ], [ 6.211516513296489, 48.632921019271251 ], [ 6.211507560079522, 48.632855081594236 ], [ 6.211488899315538, 48.632790043095326 ], [ 6.211460710752334, 48.632726530126462 ], [ 6.211423265892321, 48.632665154345915 ], [ 6.211396732851755, 48.632631574743122 ], [ 6.211449382149532, 48.632646375118149 ], [ 6.211544715077366, 48.632666125692253 ], [ 6.211642509659251, 48.632679587429742 ], [ 6.211741824045936, 48.632686630681981 ], [ 6.211841701749389, 48.632687187616192 ], [ 6.211941180855703, 48.632681252868565 ], [ 6.212039303290264, 48.632668883596033 ], [ 6.212135124045943, 48.632650198925809 ], [ 6.21222772028535, 48.632625378807816 ], [ 6.212316200229456, 48.63259466228152 ], [ 6.212399711746948, 48.632558345173514 ], [ 6.212477450561511, 48.632516777248171 ], [ 6.212548667998033, 48.632470358838795 ], [ 6.212612678193047, 48.632419536991797 ], [ 6.212668864699996, 48.632364801160904 ], [ 6.212716686425698, 48.632306678492988 ], [ 6.212755682840847, 48.632245728750988 ], [ 6.212785478414388, 48.632182538922706 ], [ 6.212805786229103, 48.63211771756739 ], [ 6.212816410743599, 48.632051888954798 ], [ 6.212817249674194, 48.631985687052953 ], [ 6.212808294978545, 48.631919749422551 ], [ 6.212789632931709, 48.63185471107694 ], [ 6.212761443293837, 48.631791198366585 ], [ 6.212723997577687, 48.631729822947285 ], [ 6.212677656432595, 48.631671175889721 ], [ 6.212622866170208, 48.631615821987438 ], [ 6.212560154465446, 48.631564294318032 ], [ 6.212529072477854, 48.631543342618237 ], [ 6.212557482480595, 48.631520785684941 ], [ 6.212613668080464, 48.631466049839275 ], [ 6.212661489046294, 48.631407927150192 ], [ 6.212700484856096, 48.631346977380844 ], [ 6.212730279984647, 48.631283787519259 ], [ 6.212750587519009, 48.631218966125019 ], [ 6.212761211920493, 48.631153137468296 ], [ 6.212762050906499, 48.631086935517509 ], [ 6.212753096434152, 48.631020997833815 ], [ 6.212734434776357, 48.63095595943107 ], [ 6.212706245689518, 48.630892446660326 ], [ 6.212668800681082, 48.63083107117793 ], [ 6.212622460393572, 48.630772424055188 ], [ 6.212567671130373, 48.63071707008627 ], [ 6.212504960556782, 48.630665542349405 ], [ 6.212473879125017, 48.630644590619617 ], [ 6.212502288663695, 48.630622033682677 ], [ 6.212558473356512, 48.630567297822274 ], [ 6.212606293562493, 48.630509175112024 ], [ 6.212645288766968, 48.630448225315334 ], [ 6.21267508345054, 48.630385035420453 ], [ 6.212695390704559, 48.630320213987353 ], [ 6.21270601499303, 48.630254385286484 ], [ 6.212706854034444, 48.630188183286762 ], [ 6.21269789978539, 48.630122245549778 ], [ 6.21267923851662, 48.630057207089941 ], [ 6.212651049980791, 48.629993694258808 ], [ 6.212613605680044, 48.629932318713337 ], [ 6.212587073261155, 48.62989873929957 ], [ 6.212639720146605, 48.629913539182077 ], [ 6.212735048546096, 48.62993328884837 ], [ 6.212832838328088, 48.629946749639188 ], [ 6.212932147689556, 48.629953791915078 ], [ 6.21303202019087, 48.629954347852568 ], [ 6.213131493968224, 48.629948412097519 ], [ 6.213229610998332, 48.629936041816542 ], [ 6.213325426326112, 48.629917356146557 ], [ 6.213418017166455, 48.629892535047141 ], [ 6.213468674787882, 48.629874947254642 ], [ 6.213446348243967, 48.629909845240526 ], [ 6.213416554762012, 48.629973035353181 ], [ 6.213396248535807, 48.630037856927892 ], [ 6.213385625159381, 48.63010368570211 ], [ 6.213384786977842, 48.630169887711254 ], [ 6.213393742100364, 48.630235825393996 ], [ 6.21341240432065, 48.63030086373228 ], [ 6.213440593945763, 48.630364376367062 ], [ 6.213478039525333, 48.630425751630604 ], [ 6.213524380464575, 48.630484398437389 ], [ 6.213579170495998, 48.630539751976947 ], [ 6.213641881976394, 48.63059127915367 ], [ 6.213672963844056, 48.630612230579658 ], [ 6.213644554815207, 48.630634787795962 ], [ 6.21358837118573, 48.630689524165554 ], [ 6.213540551905547, 48.630747647261352 ], [ 6.213501557520516, 48.630808597335978 ], [ 6.213471763593622, 48.630871787415359 ], [ 6.213451457087109, 48.630936608951188 ], [ 6.2134408335977, 48.631002437681282 ], [ 6.2134399954716, 48.631068639641505 ], [ 6.213448950817443, 48.631134577270949 ], [ 6.213467613426788, 48.631199615552141 ], [ 6.21349580360295, 48.631263128126534 ], [ 6.213533249890252, 48.631324503326972 ], [ 6.213579591687097, 48.631383150068579 ], [ 6.213634382717732, 48.631438503541496 ], [ 6.213697095329329, 48.631490030650752 ], [ 6.213767125572986, 48.631537235150674 ], [ 6.213843799019793, 48.631579662424372 ], [ 6.213926377255935, 48.631616903862422 ], [ 6.214014064994256, 48.631648600798528 ], [ 6.214106017733849, 48.631674447964002 ], [ 6.214201349893824, 48.63169419642805 ], [ 6.214299143342926, 48.631707655995513 ], [ 6.214398456242812, 48.631714697038682 ], [ 6.214498332119772, 48.63171525174603 ], [ 6.214597809077487, 48.631709314775186 ], [ 6.214695929062041, 48.631696943304547 ], [ 6.214791747089899, 48.631678256482424 ], [ 6.214884340349946, 48.631653434279499 ], [ 6.214972817091848, 48.631622715755341 ], [ 6.215056325215133, 48.631586396755743 ], [ 6.215134060476177, 48.631544827063308 ], [ 6.215165668225473, 48.631524223857454 ], [ 6.215199699683638, 48.631543054516243 ], [ 6.215282278826775, 48.631580295015524 ], [ 6.215369967324884, 48.631611990954546 ], [ 6.215461920669737, 48.63163783707418 ], [ 6.215557253274614, 48.631657584453755 ], [ 6.215655047003974, 48.631671042908543 ], [ 6.215754360016776, 48.631678082821558 ], [ 6.21585423583822, 48.631678636392124 ], [ 6.215953712572527, 48.631672698288867 ], [ 6.216051832167929, 48.631660325701048 ], [ 6.21614764964464, 48.631641637787766 ], [ 6.21624024219685, 48.631616814530197 ], [ 6.21632871808105, 48.631586094998042 ], [ 6.216412225205021, 48.631549775046878 ], [ 6.216489959334773, 48.631508204468396 ], [ 6.216521566528173, 48.63148760090219 ], [ 6.216555598450379, 48.63150643117423 ], [ 6.216638178500461, 48.631543670734715 ], [ 6.216725867758304, 48.631575365676618 ], [ 6.216817821708357, 48.631601210750425 ], [ 6.21691315475808, 48.631620957045534 ], [ 6.21701094876764, 48.631634414387641 ], [ 6.217110261893299, 48.631641453170488 ], [ 6.217210137659172, 48.631642005604284 ], [ 6.217309614170012, 48.631636066368607 ], [ 6.217407733376204, 48.631623692663602 ], [ 6.217503550301711, 48.631605003659168 ], [ 6.217596142146033, 48.631580179346969 ], [ 6.217684617172478, 48.631549458806866 ], [ 6.217768123297092, 48.631513137904108 ], [ 6.217845856295506, 48.631471566439615 ], [ 6.217877462933052, 48.631450962513021 ], [ 6.217911495319217, 48.631469792398256 ], [ 6.217994076276192, 48.631507031019943 ], [ 6.218081766293714, 48.631538724964727 ], [ 6.218173720848917, 48.631564568992708 ], [ 6.218269054343423, 48.63158431420333 ], [ 6.218366848633126, 48.631597770432741 ], [ 6.218466161871584, 48.631604808085442 ], [ 6.218566037581824, 48.631605359382455 ], [ 6.218665513869139, 48.631599419014371 ], [ 6.218763632686064, 48.631587044192194 ], [ 6.218859449060313, 48.631568354096608 ], [ 6.218952040196696, 48.631543528729786 ], [ 6.219040514365338, 48.631512807181728 ], [ 6.219124019490547, 48.631476485327404 ], [ 6.219201751357581, 48.631434912976893 ], [ 6.219233357439216, 48.631414308689948 ], [ 6.219267390289354, 48.631433138188413 ], [ 6.219349972153172, 48.631470375871288 ], [ 6.21943766293032, 48.631502068818946 ], [ 6.219529618090613, 48.631527911801086 ], [ 6.21962495202985, 48.631547655927214 ], [ 6.219722746599635, 48.631561111043943 ], [ 6.219822059950832, 48.631568147566476 ], [ 6.219921935605383, 48.631568697726728 ], [ 6.220021411669112, 48.631562756226209 ], [ 6.220119530096714, 48.631550380286903 ], [ 6.22021534591965, 48.631531689100164 ], [ 6.22030793634804, 48.631506862678719 ], [ 6.220396409658829, 48.631476140122714 ], [ 6.220479913784586, 48.631439817316846 ], [ 6.220557644520198, 48.631398244080337 ], [ 6.220589250045928, 48.631377639433012 ], [ 6.22062328336, 48.631396468544693 ], [ 6.22070586613061, 48.631433705288757 ], [ 6.220793557667327, 48.631465397239268 ], [ 6.220885513432656, 48.63149123917556 ], [ 6.220980847816564, 48.631510982217215 ], [ 6.221078642666374, 48.631524436221255 ], [ 6.22117795613025, 48.631531471613613 ], [ 6.221277831729052, 48.631532020637103 ], [ 6.221377307569142, 48.631526078004185 ], [ 6.221475425607363, 48.6315137009477 ], [ 6.22157124087893, 48.631495008669837 ], [ 6.221663830599274, 48.63147018119377 ], [ 6.221752303052159, 48.631439457629845 ], [ 6.221835806178419, 48.631403133872432 ], [ 6.221913535782566, 48.631361559749941 ], [ 6.221984743278195, 48.631315135655356 ], [ 6.222048742897583, 48.63126430868985 ], [ 6.222104918296033, 48.631209568356418 ], [ 6.22215272848735, 48.631151441845333 ], [ 6.222191713053317, 48.631090488956517 ], [ 6.222221496577, 48.631027296708055 ], [ 6.222241792257229, 48.630962473682537 ], [ 6.222252404669478, 48.630896644165801 ], [ 6.222253231646611, 48.630830442134553 ], [ 6.222244265261409, 48.630764505150751 ], [ 6.222225591901498, 48.630699468221486 ], [ 6.222197391435976, 48.630635957683623 ], [ 6.222159935481871, 48.630574585172013 ], [ 6.222113584787111, 48.630515941729314 ], [ 6.2220587857553, 48.630460592114311 ], [ 6.221996066145805, 48.630409069363253 ], [ 6.221964981067336, 48.630388120105522 ], [ 6.221993386376314, 48.630365560900451 ], [ 6.222049560868073, 48.630310820552353 ], [ 6.222097370299918, 48.630252694020164 ], [ 6.222136354260951, 48.630191741104056 ], [ 6.222166137340058, 48.630128548822356 ], [ 6.222186432740353, 48.630063725757964 ], [ 6.222197045040002, 48.629997896197125 ], [ 6.222197872072956, 48.629931694116934 ], [ 6.222188905911453, 48.629865757079848 ], [ 6.222170232940964, 48.629800720093456 ], [ 6.222142033026839, 48.629737209495168 ], [ 6.222104577780792, 48.629675836920434 ], [ 6.222058227943929, 48.629617193412521 ], [ 6.222003429911596, 48.629561843730819 ], [ 6.221940711433531, 48.629510320912239 ], [ 6.221909626910964, 48.629489371624452 ], [ 6.221938031756067, 48.629466812415778 ], [ 6.221994205341161, 48.629412072053 ], [ 6.22204201401356, 48.62935394549973 ], [ 6.222080997369675, 48.629292992556351 ], [ 6.222110780004221, 48.629229800241411 ], [ 6.222131075124589, 48.629164977138188 ], [ 6.222141687311641, 48.629099147533246 ], [ 6.222142514400408, 48.629032945404141 ], [ 6.222133548462595, 48.628967008313772 ], [ 6.222114875881514, 48.628901971270267 ], [ 6.222086676518765, 48.628838460611611 ], [ 6.222049221980748, 48.628777087973759 ], [ 6.222002873001752, 48.628718444400633 ], [ 6.22194807596886, 48.628663094652239 ], [ 6.221885358622185, 48.62861157176615 ], [ 6.22185427465553, 48.628590622448328 ], [ 6.221882679036744, 48.628568063236081 ], [ 6.221938851715205, 48.628513322858659 ], [ 6.22198665962818, 48.628455196284321 ], [ 6.222025642379397, 48.628394243313657 ], [ 6.222055424569392, 48.628331050965521 ], [ 6.22207571940984, 48.62826622782346 ], [ 6.222086331484297, 48.628200398174435 ], [ 6.222087158628876, 48.628134195996431 ], [ 6.222078192914742, 48.628068258852821 ], [ 6.222059520723053, 48.628003221752216 ], [ 6.222031321911656, 48.627939711033171 ], [ 6.221993868081643, 48.627878338332216 ], [ 6.221947519960484, 48.627819694693905 ], [ 6.221892723926997, 48.627764344878848 ], [ 6.221830007711671, 48.627712821925286 ], [ 6.22179892430086, 48.627691872577408 ], [ 6.221827328218244, 48.627669313361551 ], [ 6.221883499990098, 48.627614572969463 ], [ 6.221931307143675, 48.627556446374079 ], [ 6.221970289290013, 48.62749549337618 ], [ 6.222000071035473, 48.62743230099484 ], [ 6.222020365596008, 48.627367477813962 ], [ 6.222030977557869, 48.627301648120863 ], [ 6.222031804758254, 48.627235445893987 ], [ 6.222022839267789, 48.627169508697129 ], [ 6.222004167465477, 48.627104471539468 ], [ 6.221975969205412, 48.627040960760034 ], [ 6.221938516083378, 48.626979587996018 ], [ 6.221892168820022, 48.626920944292515 ], [ 6.221837373785904, 48.626865594410823 ], [ 6.221774658701886, 48.626814071389767 ], [ 6.22174357584692, 48.626793122011847 ], [ 6.221771979300472, 48.626770562792409 ], [ 6.22182815016575, 48.626715822385698 ], [ 6.221875956559953, 48.626657695769282 ], [ 6.221914938101427, 48.626596742744113 ], [ 6.221944719402364, 48.626533550329619 ], [ 6.221965013682993, 48.626468727109938 ], [ 6.221975625532262, 48.626402897372806 ], [ 6.221976452788449, 48.626336695097045 ], [ 6.221967487521644, 48.626270757846974 ], [ 6.221948816108691, 48.626205720632228 ], [ 6.221920618399937, 48.626142209792448 ], [ 6.221883165985855, 48.626080836965372 ], [ 6.221856629572939, 48.626047259509328 ], [ 6.221909275205215, 48.626062055342217 ], [ 6.222004600087311, 48.626081797653363 ], [ 6.222102385057107, 48.626095250877484 ], [ 6.222201688357925, 48.626102285448006 ], [ 6.222301553608505, 48.626102833615697 ], [ 6.222401019014874, 48.626096890101174 ], [ 6.222499126634371, 48.626084512145866 ], [ 6.222594931602553, 48.626065818960548 ], [ 6.222687511234086, 48.626040990577174 ], [ 6.2227759739099, 48.62601026611479 ], [ 6.222859467664994, 48.625973941476474 ], [ 6.222937188394133, 48.625932366499065 ], [ 6.223008387596384, 48.625885941583817 ], [ 6.223072379583896, 48.625835113839777 ], [ 6.223128548085474, 48.625780372777477 ], [ 6.223176352181337, 48.625722245594162 ], [ 6.22321533151197, 48.625661292096254 ], [ 6.223245110710852, 48.625598099307702 ], [ 6.223265403018456, 48.625533275816309 ], [ 6.223276013042732, 48.625467445912356 ], [ 6.223276838639537, 48.625401243576341 ], [ 6.22326787189493, 48.625335306373117 ], [ 6.223249199199997, 48.625270269311883 ], [ 6.223221000417423, 48.625206758730791 ], [ 6.223183547148019, 48.625145386265096 ], [ 6.223137200113852, 48.625086742957031 ], [ 6.223082405683271, 48.625031393564058 ], [ 6.223019691571323, 48.624979871120317 ], [ 6.222988609307241, 48.624958922035525 ], [ 6.223017011228968, 48.624936362484974 ], [ 6.223073178824078, 48.624881621408065 ], [ 6.223120982160668, 48.624823494203753 ], [ 6.223159960886532, 48.624762540678638 ], [ 6.223189739640974, 48.624699347856954 ], [ 6.223210031668748, 48.624634524326794 ], [ 6.223220641580492, 48.624568694378844 ], [ 6.223221467233148, 48.624502491993972 ], [ 6.223212500712239, 48.624436554737557 ], [ 6.223193828406691, 48.624371517619302 ], [ 6.223165630175441, 48.624308006977884 ], [ 6.223128177613988, 48.624246634449158 ], [ 6.223081831437582, 48.624187991075964 ], [ 6.223027038006306, 48.62413264161637 ], [ 6.222964325025587, 48.624081119105178 ], [ 6.222894296463535, 48.624033919720858 ], [ 6.222817626734096, 48.623991498007548 ], [ 6.222735054202055, 48.623954262497968 ], [ 6.222647374072435, 48.623922571779531 ], [ 6.222555430732761, 48.623896731041313 ], [ 6.222460109621917, 48.623876989135304 ], [ 6.222362328703873, 48.623863536180181 ], [ 6.222263029628354, 48.62385650173055 ], [ 6.222163168663564, 48.623855953529549 ], [ 6.222063707488166, 48.623861896856461 ], [ 6.221965603931229, 48.623874274475902 ], [ 6.221869802749207, 48.623892967188944 ], [ 6.221777226528729, 48.623917794980869 ], [ 6.221688766802806, 48.623948518754673 ], [ 6.221605275465877, 48.623984842633241 ], [ 6.22152755657043, 48.624026416808562 ], [ 6.221495955852429, 48.624047021830243 ], [ 6.221461927002654, 48.624028192853309 ], [ 6.221379355377069, 48.623990956405045 ], [ 6.221291676006726, 48.623959264689582 ], [ 6.221199733271842, 48.623933422905658 ], [ 6.221104412605474, 48.623913679915297 ], [ 6.221006631967311, 48.623900225847628 ], [ 6.22090733300439, 48.623893190267985 ], [ 6.220807471983824, 48.623892640930393 ], [ 6.220708010584815, 48.623898583125047 ], [ 6.220609906638588, 48.623910959627487 ], [ 6.22051410490534, 48.623929651249547 ], [ 6.220421527977015, 48.62395447798702 ], [ 6.220333067393434, 48.623985200753026 ], [ 6.220249575057298, 48.624021523680199 ], [ 6.220171855030713, 48.624063096969643 ], [ 6.220140253756957, 48.624083701631008 ], [ 6.220106225370964, 48.624064872267333 ], [ 6.220023654651884, 48.624027634880342 ], [ 6.219935976040874, 48.623995942167909 ], [ 6.219844033910833, 48.623970099338258 ], [ 6.219748713688999, 48.623950355263567 ], [ 6.219650933330779, 48.623936900083343 ], [ 6.219551634480512, 48.623929863373704 ], [ 6.21945177340423, 48.623929312899506 ], [ 6.21935231178167, 48.623935253961903 ], [ 6.219254207446207, 48.623947629347356 ], [ 6.219158405161791, 48.623966319878413 ], [ 6.21906582752567, 48.623991145561405 ], [ 6.219015177478764, 48.624008735819771 ], [ 6.219037497793246, 48.623973836619754 ], [ 6.219067281075511, 48.623910644787578 ], [ 6.219087577902463, 48.623845821917534 ], [ 6.21909819283852, 48.623779992293947 ], [ 6.219099023692232, 48.623713789894573 ], [ 6.219090062499035, 48.623647852284904 ], [ 6.219071395596544, 48.62358281447807 ], [ 6.219043202791662, 48.623519302819361 ], [ 6.219005755627633, 48.623457928954451 ], [ 6.218959414767723, 48.623399283939023 ], [ 6.218904626520824, 48.623343932546994 ], [ 6.218841918542432, 48.623292407831755 ], [ 6.218771894752488, 48.623245205993008 ], [ 6.218695229518983, 48.623202781598522 ], [ 6.218612661163408, 48.623165543206859 ], [ 6.218524984850569, 48.623133849433152 ], [ 6.218433044931236, 48.623108005495922 ], [ 6.218337726811358, 48.623088260277974 ], [ 6.2182399484261, 48.623074803929853 ], [ 6.218140651400804, 48.623067766038879 ], [ 6.218040791983925, 48.623067214381322 ], [ 6.217941331839224, 48.623073154269711 ], [ 6.217843228785842, 48.623085528501811 ], [ 6.217747427575383, 48.623104217911305 ], [ 6.217654850794751, 48.623129042515295 ], [ 6.217566389982347, 48.623159763247493 ], [ 6.217482897043072, 48.623196084260044 ], [ 6.217405176044841, 48.623237655772542 ], [ 6.217373574180425, 48.623258259713928 ], [ 6.21733954732617, 48.62323942954697 ], [ 6.217256979877175, 48.623202190216652 ], [ 6.21716930432375, 48.623170495445976 ], [ 6.217077365009357, 48.623144650463075 ], [ 6.216982047334113, 48.623124904160804 ], [ 6.216884269228907, 48.623111446700172 ], [ 6.216784972316383, 48.623104407679207 ], [ 6.21668511284391, 48.623103854885045 ], [ 6.216585652475782, 48.623109793641206 ], [ 6.216487549033295, 48.623122166756303 ], [ 6.216391747271799, 48.623140855074823 ], [ 6.216299169783503, 48.623165678624353 ], [ 6.216248519605656, 48.623183267718204 ], [ 6.21627084141261, 48.623148369012839 ], [ 6.216300627564943, 48.623085177829395 ], [ 6.216320927497749, 48.623020355386615 ], [ 6.216331545745537, 48.622954525964722 ], [ 6.216332380084959, 48.622888323539506 ], [ 6.216323422517882, 48.62282238567672 ], [ 6.216304759346998, 48.622757347391932 ], [ 6.216276570343273, 48.622693835035079 ], [ 6.216239127013342, 48.622632460258501 ], [ 6.21619278998355, 48.622573814126696 ], [ 6.216138005525904, 48.622518461424313 ], [ 6.216075301259409, 48.622466935217361 ], [ 6.216044223266491, 48.622445984276958 ], [ 6.216072626817371, 48.622423426335494 ], [ 6.216128798977708, 48.622368688419748 ], [ 6.216176607730246, 48.622310563881918 ], [ 6.216215592670611, 48.622249612502948 ], [ 6.216245378378256, 48.622186421286379 ], [ 6.216265678030959, 48.622121598804846 ], [ 6.216276296165924, 48.622055769338992 ], [ 6.216277130560893, 48.621989566864997 ], [ 6.216268173217191, 48.621923628949084 ], [ 6.216249510435362, 48.621858590607353 ], [ 6.216221321982621, 48.621795078190246 ], [ 6.216183879360297, 48.621733703350714 ], [ 6.216137543187922, 48.621675057153844 ], [ 6.216082759729241, 48.621619704384933 ], [ 6.21602005659364, 48.621568178110657 ], [ 6.215988979156389, 48.621547227140283 ], [ 6.216017382243432, 48.621524669195253 ], [ 6.216073553497162, 48.621469931264905 ], [ 6.216121361490252, 48.621411806706085 ], [ 6.216160345825645, 48.62135085529993 ], [ 6.216190131088612, 48.621287664050264 ], [ 6.216210430461219, 48.621222841530027 ], [ 6.216221048483366, 48.621157012020213 ], [ 6.216221882933874, 48.621090809497446 ], [ 6.216212925813539, 48.621024871528419 ], [ 6.216194263420748, 48.620959833129739 ], [ 6.216166075518972, 48.620896320652399 ], [ 6.216128633604231, 48.620834945749934 ], [ 6.216082298289239, 48.620776299488043 ], [ 6.216027515829486, 48.620720946652639 ], [ 6.215964813824737, 48.620669420311003 ], [ 6.215894796137405, 48.620622216678527 ], [ 6.215818137076712, 48.620579790340223 ], [ 6.215735574904705, 48.620542549873392 ], [ 6.215647904726641, 48.620510853913146 ], [ 6.215555970834217, 48.620485007699081 ], [ 6.215460658575339, 48.620465260135902 ], [ 6.215362885828736, 48.620451801396747 ], [ 6.215263594165449, 48.620444761091967 ], [ 6.2151637397823, 48.620444207021066 ], [ 6.215064284294574, 48.620450144519836 ], [ 6.214966185476568, 48.620462516409049 ], [ 6.214870388039095, 48.620481203544934 ], [ 6.214777814532732, 48.620506025966506 ], [ 6.214727166416961, 48.620523614452047 ], [ 6.214749488104064, 48.620488715955112 ], [ 6.214779274579503, 48.620425525013268 ], [ 6.21479957536476, 48.620360702687343 ], [ 6.214810194986125, 48.620294873256455 ], [ 6.214811031207023, 48.620228670696427 ], [ 6.214802076011193, 48.620162732574386 ], [ 6.21478341567849, 48.620097693908328 ], [ 6.214755229952543, 48.620034181051878 ], [ 6.214717790308418, 48.619972805662186 ], [ 6.214671457336963, 48.619914158809692 ], [ 6.214616677271096, 48.619858805285936 ], [ 6.214553977687531, 48.619807278164906 ], [ 6.214522901882309, 48.619786326781508 ], [ 6.214551304645711, 48.619763769153302 ], [ 6.214607475542965, 48.619709031834795 ], [ 6.214655283555724, 48.619650907779942 ], [ 6.214694268286739, 48.619589956765047 ], [ 6.214724054317471, 48.619526765790141 ], [ 6.214744354822587, 48.61946194342552 ], [ 6.214754974331077, 48.619396113950692 ], [ 6.214755810607449, 48.61932991134195 ], [ 6.214746855634907, 48.619263973166817 ], [ 6.214728195691155, 48.619198934443858 ], [ 6.214700010516073, 48.619135421527218 ], [ 6.214662571579424, 48.619074046074644 ], [ 6.214636043349307, 48.619040466815697 ], [ 6.214688679894674, 48.619055265925539 ], [ 6.214783989295353, 48.6190750141295 ], [ 6.214881759321879, 48.619088473359199 ], [ 6.214981048361498, 48.619095513990175 ], [ 6.2150809001703, 48.619096068214859 ], [ 6.215180353083781, 48.619090130695582 ], [ 6.215278449279594, 48.619077758615951 ], [ 6.215374244003326, 48.619059071130188 ], [ 6.215466814668303, 48.619034248215392 ], [ 6.21555526974181, 48.619003528937895 ], [ 6.215638757332063, 48.618967209150817 ], [ 6.215716473393194, 48.618925638644349 ], [ 6.21578766946922, 48.618879217776637 ], [ 6.215851659902396, 48.618828393617761 ], [ 6.215907828436479, 48.618773655643722 ], [ 6.215955634151372, 48.618715531022033 ], [ 6.215994616671953, 48.618654579534443 ], [ 6.21602440060097, 48.618591388185529 ], [ 6.216044699133332, 48.618526565549239 ], [ 6.216055316817026, 48.618460735907654 ], [ 6.216056151434134, 48.618394533238693 ], [ 6.216047194983837, 48.618328595110434 ], [ 6.216028533758068, 48.618263556541017 ], [ 6.216000347509056, 48.618200043883093 ], [ 6.2159629077169, 48.618138668791907 ], [ 6.215916574973871, 48.618080022335029 ], [ 6.215861795510687, 48.618024669300191 ], [ 6.215799096898254, 48.617973142756647 ], [ 6.215768021683433, 48.617952191666419 ], [ 6.215796422915317, 48.617929633707121 ], [ 6.215852590542911, 48.617874895718529 ], [ 6.21590039549845, 48.617816771075915 ], [ 6.215939377414132, 48.617755819561211 ], [ 6.215969160898526, 48.617692628179256 ], [ 6.21598945915082, 48.61762780550432 ], [ 6.2160000767217, 48.617561975818845 ], [ 6.216000911394331, 48.617495773101183 ], [ 6.21599195516736, 48.617429834919882 ], [ 6.215973294330568, 48.617364796293572 ], [ 6.215945108632435, 48.617301283575479 ], [ 6.215907669547755, 48.617239908421439 ], [ 6.215861337661984, 48.617181261899582 ], [ 6.215806559197585, 48.617125908798307 ], [ 6.215743861715842, 48.617074382187489 ], [ 6.215673849035607, 48.617027178285056 ], [ 6.215597195417883, 48.616984751678672 ], [ 6.215514639072298, 48.616947510948201 ], [ 6.215426975048002, 48.616915814731286 ], [ 6.215335047577428, 48.616889968270016 ], [ 6.215239741946641, 48.616870220471448 ], [ 6.215141975970542, 48.616856761511009 ], [ 6.215042691154975, 48.616849721001181 ], [ 6.214942843630815, 48.616849166743428 ], [ 6.2148433949473, 48.616855104075363 ], [ 6.214745302813202, 48.61686747581934 ], [ 6.214649511874972, 48.616886162832991 ], [ 6.214556944620596, 48.616910985156537 ], [ 6.214506299908484, 48.616928573600326 ], [ 6.214528620210034, 48.616893675041261 ], [ 6.214558404906721, 48.61683048396722 ], [ 6.214578704571461, 48.616765661486625 ], [ 6.21458932374133, 48.61669983188014 ], [ 6.214590160184097, 48.616633629125303 ], [ 6.214581205881358, 48.616567690791015 ], [ 6.214562547104365, 48.616502651897441 ], [ 6.214534363581755, 48.616439138800331 ], [ 6.214496926767376, 48.616377763159178 ], [ 6.214450597224817, 48.616319116046782 ], [ 6.214395821153971, 48.616263762257283 ], [ 6.214333126093078, 48.616212234867128 ], [ 6.214302052510065, 48.61619128336396 ], [ 6.214330453418338, 48.616168725721515 ], [ 6.214386620689481, 48.616113988344836 ], [ 6.214434425664668, 48.616055864206253 ], [ 6.214473407975896, 48.615994913082879 ], [ 6.214503192227927, 48.615931721975798 ], [ 6.214523491612555, 48.615866899456599 ], [ 6.214534110669555, 48.615801069806253 ], [ 6.214534947167778, 48.615734867002736 ], [ 6.214525993088288, 48.61566892861547 ], [ 6.214507334700182, 48.615603889665046 ], [ 6.214479151728354, 48.615540376507809 ], [ 6.214441715621343, 48.615479000803809 ], [ 6.21439538693593, 48.615420353626497 ], [ 6.21434061186375, 48.615364999770591 ], [ 6.214277917933424, 48.615313472313197 ], [ 6.2142079089296, 48.615266267480436 ], [ 6.214131259077878, 48.615223839868918 ], [ 6.214048706551618, 48.615186598068185 ], [ 6.213961046363191, 48.615154900726203 ], [ 6.21386912270809, 48.615129053095849 ], [ 6.213773820835637, 48.615109304095483 ], [ 6.213676058524544, 48.615095843912087 ], [ 6.213576777245356, 48.615088802169936 ], [ 6.213476933094901, 48.615088246682348 ], [ 6.213377487589923, 48.615094182798771 ], [ 6.213279398408589, 48.615106553353279 ], [ 6.213183610168912, 48.615125239214969 ], [ 6.213091045332892, 48.615150060435127 ], [ 6.213002595323899, 48.615180777980015 ], [ 6.212919111942798, 48.615217096032502 ], [ 6.212841399165447, 48.615258664840695 ], [ 6.212809800321114, 48.61527926770686 ], [ 6.212775780293886, 48.615260436112131 ], [ 6.212693228674099, 48.615223193372891 ], [ 6.212605569245033, 48.615191495034111 ], [ 6.212513646194871, 48.615165646358243 ], [ 6.21241834476711, 48.615145896273759 ], [ 6.212320582736178, 48.615132434978015 ], [ 6.212221301569926, 48.615125392106023 ], [ 6.21212145736409, 48.615124835482021 ], [ 6.212022011635952, 48.615130770466358 ], [ 6.211923922065824, 48.615143139904028 ], [ 6.211828133275466, 48.615161824674878 ], [ 6.211735567732178, 48.615186644840698 ], [ 6.211684923740255, 48.615204232109654 ], [ 6.21170724518728, 48.615169334029822 ], [ 6.21173703230821, 48.61510614357158 ], [ 6.211757334797485, 48.615041321479808 ], [ 6.211767957164983, 48.614975492031355 ], [ 6.211768797147668, 48.614909289202288 ], [ 6.211759846693049, 48.614843350562204 ], [ 6.211741192035308, 48.614778311134181 ], [ 6.211713012863418, 48.614714797279142 ], [ 6.211675580589321, 48.614653420663899 ], [ 6.211629255732885, 48.614594772370609 ], [ 6.211574484448873, 48.614539417204774 ], [ 6.211511794229423, 48.614487888256143 ], [ 6.211441788823453, 48.614440681765153 ], [ 6.211365142421911, 48.614398252344422 ], [ 6.211282593164935, 48.614361008600881 ], [ 6.211194936033412, 48.614329309201231 ], [ 6.211103015193399, 48.614303459418139 ], [ 6.211007715867114, 48.61428370819074 ], [ 6.210909955808742, 48.614270245727425 ], [ 6.210810676467144, 48.614263201674426 ], [ 6.210710833920484, 48.614262643867335 ], [ 6.210611389670064, 48.61426857767794 ], [ 6.210513301381969, 48.614280945962498 ], [ 6.210417513665609, 48.614299629611978 ], [ 6.210324948977944, 48.614324448698959 ], [ 6.210236498740917, 48.614355164210266 ], [ 6.210153014757582, 48.614391480348331 ], [ 6.210075301009601, 48.614433047379727 ], [ 6.210043701575096, 48.614453649525927 ], [ 6.210009683079235, 48.614434817128213 ], [ 6.209927134728805, 48.614397572446208 ], [ 6.209839478356728, 48.614365872049774 ], [ 6.209747558121749, 48.614340021221224 ], [ 6.209652259240256, 48.614320268909708 ], [ 6.209554499462158, 48.614306805334081 ], [ 6.209455220233609, 48.614299760151276 ], [ 6.209355377631692, 48.614299201207778 ], [ 6.209255933158238, 48.614305133886305 ], [ 6.209157844481477, 48.614317501054032 ], [ 6.209062056214568, 48.614336183612672 ], [ 6.208969490819766, 48.614361001645314 ], [ 6.208918846697352, 48.614378587749918 ], [ 6.208941169636048, 48.614343690164816 ], [ 6.208970959625606, 48.614280500355491 ], [ 6.208991265219275, 48.614215678691259 ], [ 6.20900189089703, 48.614149849444786 ], [ 6.209002734363955, 48.614083646590238 ], [ 6.208993787534003, 48.614017707697435 ], [ 6.208975136606449, 48.613952667791914 ], [ 6.20894696123434, 48.613889153239192 ], [ 6.208909532793024, 48.613827775712771 ], [ 6.20886321176546, 48.613769126303637 ], [ 6.208808444269539, 48.613713769828017 ], [ 6.208745757760918, 48.613662239388248 ], [ 6.20867575595278, 48.613615031239163 ], [ 6.208599113001426, 48.613572600009306 ], [ 6.208516567013771, 48.613535354323069 ], [ 6.208428912939219, 48.613503652865852 ], [ 6.208336994914391, 48.613477800930141 ], [ 6.208241698134391, 48.613458047475788 ], [ 6.208143940328891, 48.61344458273264 ], [ 6.208044662925052, 48.613437536368892 ], [ 6.20794482198238, 48.613436976242369 ], [ 6.207845378986732, 48.613442907747199 ], [ 6.207747291592107, 48.613455273761872 ], [ 6.207651504399315, 48.613473955199176 ], [ 6.207558939860271, 48.613498772153029 ], [ 6.207508296098076, 48.613516357670235 ], [ 6.207530619609314, 48.613481460324763 ], [ 6.207560410810635, 48.613418270823452 ], [ 6.207580717816215, 48.613353449353681 ], [ 6.207591345092427, 48.613287620186334 ], [ 6.207592190328965, 48.61322141729476 ], [ 6.207583245422732, 48.613155478249169 ], [ 6.20756459655448, 48.613090438076554 ], [ 6.207536423357421, 48.613026923145007 ], [ 6.207498997185959, 48.612965545131686 ], [ 6.207452678501189, 48.612906895132241 ], [ 6.207397913398441, 48.612851537968609 ], [ 6.207335229310327, 48.612800006749758 ], [ 6.207304160552687, 48.612779053361848 ], [ 6.20733256262484, 48.612756497324931 ], [ 6.207388733551099, 48.612701763095053 ], [ 6.207436543179037, 48.612643641602403 ], [ 6.207475531095837, 48.612582692598593 ], [ 6.207505321852268, 48.612519503064291 ], [ 6.207525628577472, 48.612454681555938 ], [ 6.207536255740527, 48.612388852344807 ], [ 6.207537101032209, 48.612322649404618 ], [ 6.207528156348894, 48.612256710306106 ], [ 6.207509507869182, 48.612191670076733 ], [ 6.207481335222545, 48.612128155085166 ], [ 6.207443909758084, 48.612066777009105 ], [ 6.207397591930084, 48.612008126944843 ], [ 6.207342827825623, 48.611952769714925 ], [ 6.2072801448677, 48.611901238428942 ], [ 6.207210146735299, 48.611854029349871 ], [ 6.207133507549327, 48.611811597115228 ], [ 6.207050965380436, 48.611774350359084 ], [ 6.206963315141255, 48.611742647777128 ], [ 6.206871400931472, 48.611716794672681 ], [ 6.206776107909453, 48.61169704001685 ], [ 6.20667835376868, 48.611683574051071 ], [ 6.206579079901025, 48.611676526455263 ], [ 6.206479242331941, 48.611675965099167 ], [ 6.206379802514797, 48.611681895388735 ], [ 6.206281718072986, 48.611694260214165 ], [ 6.206185933578879, 48.611712940499693 ], [ 6.206093371458403, 48.611737756350308 ], [ 6.206042728907274, 48.611755341269749 ], [ 6.206065052644494, 48.611720444148411 ], [ 6.206094844612527, 48.611657254922129 ], [ 6.206115152749474, 48.611592433608308 ], [ 6.206125781510812, 48.611526604476325 ], [ 6.206126628571925, 48.611460401499201 ], [ 6.206117685812146, 48.611394462247944 ], [ 6.20609903939155, 48.611329421751549 ], [ 6.206070868919778, 48.611265906381213 ], [ 6.206033445724984, 48.611204527818323 ], [ 6.205987130239597, 48.611145877163835 ], [ 6.205932368528133, 48.611090519245963 ], [ 6.205869687990548, 48.611038987180976 ], [ 6.205838620864299, 48.611018033380347 ], [ 6.205867022612535, 48.610995477660296 ], [ 6.205923193181597, 48.610940744042388 ], [ 6.205971002828353, 48.61088262305389 ], [ 6.206009991139805, 48.610821674441581 ], [ 6.206039782662915, 48.610758485182338 ], [ 6.206060090519444, 48.610693663829991 ], [ 6.206070719167565, 48.610627834654224 ], [ 6.206071566283757, 48.610561631628535 ], [ 6.206062623746818, 48.610495692324392 ], [ 6.206043977714676, 48.61043065177126 ], [ 6.206015807793228, 48.61036713634094 ], [ 6.205978385305329, 48.610305757715345 ], [ 6.205932070676599, 48.610247106996084 ], [ 6.205877309963303, 48.610191749011967 ], [ 6.205814630555785, 48.610140216879884 ], [ 6.205744636098834, 48.610093006870954 ], [ 6.205668000677965, 48.610050573631639 ], [ 6.205585462327566, 48.610013325805703 ], [ 6.2054978159235, 48.60998162209912 ], [ 6.205405905528521, 48.609955767826044 ], [ 6.205310616264257, 48.60993601196882 ], [ 6.205212865788008, 48.609922544780488 ], [ 6.205113595456355, 48.609915495952741 ], [ 6.205013761260698, 48.609914933367158 ], [ 6.204914324621924, 48.609920862441541 ], [ 6.204816243132817, 48.609933226077764 ], [ 6.204720461337315, 48.60995190521156 ], [ 6.204627901635357, 48.609976719959029 ], [ 6.204577260295269, 48.609994304280711 ], [ 6.204599584258382, 48.609959407383506 ], [ 6.204629376992937, 48.609896218432326 ], [ 6.204649686261039, 48.60983139727454 ], [ 6.204660316507271, 48.609765568178005 ], [ 6.204661165392712, 48.609699365115368 ], [ 6.204652224779124, 48.609633425658558 ], [ 6.20463358080591, 48.609568384838468 ], [ 6.204605413059141, 48.609504869029436 ], [ 6.204567992840726, 48.609443489917105 ], [ 6.204521680554427, 48.609384838607681 ], [ 6.204466922233955, 48.609329479935703 ], [ 6.204404245246605, 48.609277947024673 ], [ 6.204334253213863, 48.609230736153243 ], [ 6.204257620197896, 48.60918830197614 ], [ 6.204175084209939, 48.609151053146171 ], [ 6.2040874401031, 48.609119348378982 ], [ 6.203995531918011, 48.609093492998966 ], [ 6.203900244755022, 48.609073735999111 ], [ 6.203802496251194, 48.609060267643436 ], [ 6.20370322774412, 48.609053217634887 ], [ 6.203603395207627, 48.609052653866442 ], [ 6.203503960046624, 48.609058581767272 ], [ 6.203405879839663, 48.609070944250561 ], [ 6.203310099118339, 48.609089622263134 ], [ 6.203217540272242, 48.609114435931872 ], [ 6.203129094667061, 48.609145146295752 ], [ 6.20304561406124, 48.609181457606823 ], [ 6.202967902403913, 48.609223020178071 ], [ 6.202896708092987, 48.609269433750711 ], [ 6.20283271676796, 48.609320251348379 ], [ 6.202776544706873, 48.609374983581368 ], [ 6.202728732890957, 48.609433103359322 ], [ 6.202689741794162, 48.609494050966859 ], [ 6.202659946947773, 48.609557239453615 ], [ 6.20263963532286, 48.609622060286632 ], [ 6.202629002565412, 48.60968788921052 ], [ 6.202628151110851, 48.609754092259251 ], [ 6.202637089196148, 48.609820031861481 ], [ 6.20265573077906, 48.609885072980688 ], [ 6.202683896365373, 48.609948589231045 ], [ 6.202721314736203, 48.610009968909985 ], [ 6.202747830750091, 48.610043551072373 ], [ 6.202695206639119, 48.610028746575352 ], [ 6.202599918264831, 48.610008988550121 ], [ 6.202502168349578, 48.60999551913735 ], [ 6.202402898244541, 48.60998846805019 ], [ 6.202303063938943, 48.60998790319195 ], [ 6.202203626854722, 48.60999383000236 ], [ 6.202105544588954, 48.610006191405049 ], [ 6.202009761693056, 48.610024868357293 ], [ 6.201917200577565, 48.61004968099617 ], [ 6.201828752630016, 48.610080390370555 ], [ 6.201745269631416, 48.610116700742033 ], [ 6.201667555553937, 48.61015826243267 ], [ 6.201596358818792, 48.610204675192122 ], [ 6.20153236508883, 48.61025549205187 ], [ 6.201476190665244, 48.610310223629341 ], [ 6.201428376552021, 48.610368342840445 ], [ 6.201389383245233, 48.610429289975258 ], [ 6.201359586297452, 48.610492478088041 ], [ 6.201339272699983, 48.610557298649368 ], [ 6.201328638117811, 48.610623127406505 ], [ 6.201327785003937, 48.610689330395005 ], [ 6.201336721611309, 48.610755270044102 ], [ 6.201355361911918, 48.610820311316829 ], [ 6.201383526423906, 48.610883827825901 ], [ 6.201420943938735, 48.61094520786623 ], [ 6.201447459592215, 48.610978790292343 ], [ 6.201394834908994, 48.610963985232033 ], [ 6.201299545323433, 48.61094422618141 ], [ 6.20120179399677, 48.610930755711529 ], [ 6.201102522293776, 48.610923703545687 ], [ 6.20100268621906, 48.610923137597645 ], [ 6.200903247211602, 48.61092906331757 ], [ 6.200805162886994, 48.610941423639623 ], [ 6.200709377816484, 48.610960099531482 ], [ 6.200616814431542, 48.610984911140434 ], [ 6.200566170769437, 48.611002493741637 ], [ 6.200588497835581, 48.610967597625447 ], [ 6.200618295984261, 48.610904409730324 ], [ 6.20063861060892, 48.610839589310515 ], [ 6.200649246102555, 48.610773760626742 ], [ 6.20065010007571, 48.610707557647693 ], [ 6.200641164341153, 48.610641617944474 ], [ 6.200622524991301, 48.610576576550372 ], [ 6.200594361567701, 48.610513059845267 ], [ 6.20055694533063, 48.610451679523393 ], [ 6.200510636645511, 48.610393026702624 ], [ 6.200455881511379, 48.610337666232091 ], [ 6.200393207264846, 48.610286131252572 ], [ 6.200362142776886, 48.610265176010216 ], [ 6.200390546475771, 48.610242621582472 ], [ 6.200446721961598, 48.610187890514119 ], [ 6.200494536999624, 48.61012977168857 ], [ 6.200533531124923, 48.610068824831757 ], [ 6.20056332882846, 48.610005636903679 ], [ 6.200583643172475, 48.60994081644531 ], [ 6.200594278552662, 48.60987498771776 ], [ 6.200595132580657, 48.609808784690181 ], [ 6.200586197068696, 48.609742844934075 ], [ 6.200567558107054, 48.609677803483308 ], [ 6.200539395233537, 48.609614286718234 ], [ 6.200501979703123, 48.609552906333718 ], [ 6.200475465378057, 48.609519323657672 ], [ 6.200528088349451, 48.609534129141871 ], [ 6.200623375077806, 48.609553888832764 ], [ 6.200721123685318, 48.609567359792727 ], [ 6.200820392765523, 48.609574412284395 ], [ 6.200920226266755, 48.609574978385901 ], [ 6.201019662700828, 48.609569052645199 ], [ 6.201117744404115, 48.609556692132493 ], [ 6.20121352676178, 48.609538015890593 ], [ 6.201306087306247, 48.609513203788275 ], [ 6.201394534602268, 48.609482494787805 ], [ 6.201478016832955, 48.609446184643261 ], [ 6.201555730004049, 48.609404623052001 ], [ 6.201626925687391, 48.609358210286302 ], [ 6.201690918229003, 48.609307393338227 ], [ 6.201747091352324, 48.609252661614327 ], [ 6.20179490409304, 48.609194542221928 ], [ 6.201833896008346, 48.609133594892405 ], [ 6.201863691610502, 48.609070406590334 ], [ 6.201884003981973, 48.609005585860267 ], [ 6.201894637537454, 48.608939756965974 ], [ 6.201895489906153, 48.608873553878162 ], [ 6.201886552916284, 48.608807614168946 ], [ 6.201867912672355, 48.608742572871691 ], [ 6.201839748724516, 48.608679056365375 ], [ 6.201802332338094, 48.608617676342234 ], [ 6.201775817652639, 48.608584093929935 ], [ 6.201828440051815, 48.608598898850865 ], [ 6.201923725569005, 48.608618657516367 ], [ 6.202021472765209, 48.608632127419234 ], [ 6.202120740247556, 48.608639178832263 ], [ 6.202220571979772, 48.608639743843966 ], [ 6.202320006490704, 48.608633817012823 ], [ 6.202418086135255, 48.608621455419524 ], [ 6.20251386631841, 48.608602778117273 ], [ 6.20260642459354, 48.608577964985088 ], [ 6.202694869547254, 48.608547254995131 ], [ 6.202778349385222, 48.608510943911021 ], [ 6.202856060136231, 48.608469381439143 ], [ 6.202927253395432, 48.608422967860299 ], [ 6.202991243532188, 48.60837215017434 ], [ 6.203047414293104, 48.608317417794922 ], [ 6.203095224736616, 48.608259297835716 ], [ 6.203134214442048, 48.608198350033547 ], [ 6.203164007942934, 48.608135161357517 ], [ 6.203184318341978, 48.60807034035583 ], [ 6.203194950072872, 48.608004511294794 ], [ 6.203195800782392, 48.607938308146785 ], [ 6.203186862314733, 48.6078723684845 ], [ 6.203168220788628, 48.607807327340815 ], [ 6.203140055766579, 48.607743811093215 ], [ 6.203102638524252, 48.60768243143152 ], [ 6.20305632943675, 48.607623779467268 ], [ 6.203001574506973, 48.607568420041311 ], [ 6.202938901069566, 48.60751688628438 ], [ 6.202907837205683, 48.607495931658434 ], [ 6.202936238305998, 48.607473376572109 ], [ 6.202992408160312, 48.607418644178217 ], [ 6.203040217844275, 48.607360524198171 ], [ 6.203079206944525, 48.607299576369002 ], [ 6.203109000000424, 48.607236387660059 ], [ 6.203129310118964, 48.60717156661989 ], [ 6.20313994173653, 48.607105737515148 ], [ 6.203140792500995, 48.607039534318631 ], [ 6.203131854256018, 48.606973594603524 ], [ 6.20311321311819, 48.606908553403201 ], [ 6.203085048646271, 48.606845037095681 ], [ 6.203047632110627, 48.606783657371388 ], [ 6.203001323879556, 48.606725005342419 ], [ 6.202946569947712, 48.606669645850289 ], [ 6.202883897640123, 48.606618112026347 ], [ 6.202813910533208, 48.606570900158061 ], [ 6.202737282641699, 48.606528464909758 ], [ 6.202654751927479, 48.606491214944548 ], [ 6.20256711319287, 48.606459508989033 ], [ 6.202475210426772, 48.606433652379017 ], [ 6.20237992867735, 48.606413894119356 ], [ 6.202282185529532, 48.606400424486196 ], [ 6.202182922269332, 48.606393373194805 ], [ 6.202083094820055, 48.606392808150474 ], [ 6.201983664537619, 48.606398734794695 ], [ 6.201885588953597, 48.606411096052753 ], [ 6.201789812555063, 48.606429772883232 ], [ 6.201697257689982, 48.606454585424466 ], [ 6.201646618772005, 48.60647216855066 ], [ 6.201668943186552, 48.606437272101935 ], [ 6.201698737453577, 48.60637408370112 ], [ 6.201719048983354, 48.606309262855582 ], [ 6.201729682198678, 48.606243433830159 ], [ 6.201730534732031, 48.606177230596842 ], [ 6.201721598410037, 48.606111290729153 ], [ 6.201702959330767, 48.606046249262 ], [ 6.201674797033153, 48.605982732575924 ], [ 6.201637382766626, 48.60592135236498 ], [ 6.201591076877625, 48.605862699746034 ], [ 6.20153632533825, 48.605807339566191 ], [ 6.201473655450493, 48.605755804963472 ], [ 6.201403670767468, 48.60570859223283 ], [ 6.201327045280563, 48.605666156046894 ], [ 6.201244516928505, 48.605628905077815 ], [ 6.201156880490871, 48.605597198061851 ], [ 6.20106497993444, 48.60557134034503 ], [ 6.200969700286099, 48.605551580942866 ], [ 6.200871959110545, 48.605538110142511 ], [ 6.200772697674797, 48.605531057670447 ], [ 6.200672871884591, 48.605530491443368 ], [ 6.200573443079869, 48.605536416914141 ], [ 6.200475368777975, 48.605548777019337 ], [ 6.200379593453634, 48.605567452728693 ], [ 6.200287039444469, 48.605592264191273 ], [ 6.200236400886809, 48.605609846730154 ], [ 6.200258725873534, 48.605574950521067 ], [ 6.200288521351569, 48.605511762428399 ], [ 6.200308834292466, 48.605446941777529 ], [ 6.20031946910543, 48.605381112831452 ], [ 6.200320323407555, 48.605314909561365 ], [ 6.200311389008428, 48.605248969541158 ], [ 6.200292751987602, 48.605183927807197 ], [ 6.200264591864185, 48.605120410742593 ], [ 6.200227179866666, 48.605059030045091 ], [ 6.200200667993163, 48.605025447183891 ], [ 6.200253286371032, 48.605040252844205 ], [ 6.200348564818717, 48.605060012827948 ], [ 6.200446304967289, 48.605073484063269 ], [ 6.200545565491758, 48.605080536810085 ], [ 6.200645390422858, 48.605081103144094 ], [ 6.200744818354945, 48.605075177611027 ], [ 6.200842891706279, 48.605062817279098 ], [ 6.200938665942458, 48.60504414118931 ], [ 6.201031218674133, 48.60501932920905 ], [ 6.201119658541296, 48.604988620299352 ], [ 6.20120313379861, 48.604952310213484 ], [ 6.201280840518974, 48.604910748648166 ], [ 6.201312437642399, 48.604890148665625 ], [ 6.201346446809988, 48.604908983695537 ], [ 6.201428974099996, 48.604946234615987 ], [ 6.201516609612994, 48.604977941448638 ], [ 6.201608509351061, 48.605003798829451 ], [ 6.201703788243778, 48.605023557729304 ], [ 6.201801528672918, 48.605037027852511 ], [ 6.201900789310788, 48.605044079469721 ], [ 6.202000614187031, 48.605044644667515 ], [ 6.202100041896532, 48.605038718002554 ], [ 6.202198114859695, 48.605026356553935 ], [ 6.202293888545858, 48.605007679373486 ], [ 6.202386440570965, 48.604982866339 ], [ 6.202474879581819, 48.604952156421753 ], [ 6.202558353841328, 48.604915845384639 ], [ 6.202636059432, 48.604874282933615 ], [ 6.202707247998685, 48.604827869349236 ], [ 6.202771233955942, 48.604777051631437 ], [ 6.202827401090621, 48.604722319194209 ], [ 6.202875208496081, 48.604664199151706 ], [ 6.202914195780899, 48.60460325124162 ], [ 6.202943987501917, 48.604540062434069 ], [ 6.202964296778981, 48.604475241278493 ], [ 6.202974928056576, 48.604409412042749 ], [ 6.202975778985846, 48.604343208700847 ], [ 6.202966841408856, 48.604277268827339 ], [ 6.202948201435765, 48.604212227457189 ], [ 6.20292003861411, 48.60414871097003 ], [ 6.202882624198361, 48.604087331057976 ], [ 6.202836318536397, 48.604028678835014 ], [ 6.202781567598127, 48.603973319144458 ], [ 6.202718898679751, 48.603921785119596 ], [ 6.202648915325046, 48.603874573049801 ], [ 6.202572291512608, 48.60383213760138 ], [ 6.202489765165035, 48.603794887439356 ], [ 6.202402131042602, 48.603763181292216 ], [ 6.202310233089788, 48.603737324497622 ], [ 6.202214956308412, 48.603717566062208 ], [ 6.202117218235557, 48.603704096263826 ], [ 6.202017960108367, 48.603697044819285 ], [ 6.201918137800715, 48.60369647963541 ], [ 6.201818712619008, 48.603702406155001 ], [ 6.201720642045698, 48.603714767304531 ], [ 6.201624870519609, 48.603733444043705 ], [ 6.201532320341785, 48.603758256511618 ], [ 6.201443882794433, 48.603788965758838 ], [ 6.201360409558404, 48.603825276048177 ], [ 6.201282704511857, 48.603866837702455 ], [ 6.201251107994161, 48.603887437694389 ], [ 6.201217099524272, 48.603868602621439 ], [ 6.201134574083205, 48.603831351521208 ], [ 6.201046940720252, 48.603799644377531 ], [ 6.200955043372586, 48.603773786537701 ], [ 6.200859767036191, 48.603754027018411 ], [ 6.200762029243871, 48.603740556107937 ], [ 6.200662771230068, 48.603733503533832 ], [ 6.200562948867562, 48.603732937213749 ], [ 6.200463523463289, 48.603738862601475 ], [ 6.200365452501845, 48.603751222634372 ], [ 6.200269680425788, 48.603769898282856 ], [ 6.200177129541459, 48.603794709696601 ], [ 6.200088691137872, 48.603825417936271 ], [ 6.200005216904121, 48.603861727274399 ], [ 6.19992751072797, 48.60390328804295 ], [ 6.199895913655212, 48.603923887674625 ], [ 6.199861905649057, 48.603905052215147 ], [ 6.199779381114545, 48.603867800176673 ], [ 6.199691748511128, 48.603836092036495 ], [ 6.199599851768664, 48.603810233151435 ], [ 6.19950457587731, 48.603790472548276 ], [ 6.199406838365584, 48.603777000525717 ], [ 6.199307580465225, 48.603769946822027 ], [ 6.199207758047924, 48.603769379365758 ], [ 6.199108332421143, 48.603775303621589 ], [ 6.19901026107162, 48.60378766253784 ], [ 6.198914488445651, 48.603806337095662 ], [ 6.198821936854873, 48.60383114745521 ], [ 6.198733497595101, 48.603861854687331 ], [ 6.198650022363671, 48.603898163074227 ], [ 6.198572315057958, 48.603939722957065 ], [ 6.198540717430132, 48.603960322228474 ], [ 6.19850670988776, 48.603941486382467 ], [ 6.198424186259853, 48.603904233405807 ], [ 6.198336554416026, 48.603872524269107 ], [ 6.198244658278818, 48.603846664338818 ], [ 6.198149382832563, 48.603826902651797 ], [ 6.198051645601489, 48.603813429517153 ], [ 6.197952387814635, 48.603806374683892 ], [ 6.197852565342598, 48.603805806091415 ], [ 6.197753139493366, 48.603811729215387 ], [ 6.197655067755822, 48.603824087014978 ], [ 6.197559294579997, 48.603842760482124 ], [ 6.19746674228282, 48.603867569787475 ], [ 6.197378302166911, 48.603898276012004 ], [ 6.197294825937851, 48.603934583447682 ], [ 6.197217117502618, 48.603976142444772 ], [ 6.197185519319765, 48.603996741355893 ], [ 6.197151512241169, 48.603977905123372 ], [ 6.197068989519923, 48.603940651208511 ], [ 6.196981358435738, 48.603908941075289 ], [ 6.196889462903844, 48.603883080099799 ], [ 6.196794187902744, 48.603863317328901 ], [ 6.196696450952381, 48.60384984308218 ], [ 6.196597193279091, 48.603842787119348 ], [ 6.196497370752375, 48.603842217390685 ], [ 6.196397944680751, 48.603848139382762 ], [ 6.196299872555242, 48.603860496065693 ], [ 6.196204098829614, 48.603879168442148 ], [ 6.196111545826094, 48.603903976693296 ], [ 6.196023104854096, 48.603934681910253 ], [ 6.195939627627453, 48.603970988394664 ], [ 6.195861918062744, 48.604012546506006 ], [ 6.195830319324857, 48.604033145056874 ], [ 6.195796312710088, 48.604014308437847 ], [ 6.195713790895549, 48.603977053584785 ], [ 6.195626160571061, 48.603945342455077 ], [ 6.195534265644536, 48.603919480434364 ], [ 6.195438991088648, 48.603899716579605 ], [ 6.195341254419055, 48.60388624122082 ], [ 6.195241996859385, 48.603879184128402 ], [ 6.195142174278053, 48.603878613263539 ], [ 6.195042747984094, 48.60388453412375 ], [ 6.194944675470676, 48.603896889690013 ], [ 6.194848901195303, 48.603915560975771 ], [ 6.194756347485489, 48.603940368172694 ], [ 6.194667905657456, 48.60397107238208 ], [ 6.194584427433274, 48.604007377915231 ], [ 6.194506716739132, 48.604048935140803 ], [ 6.194475117446246, 48.604069533331362 ], [ 6.194441111295302, 48.604050696325814 ], [ 6.194358590387524, 48.604013440534594 ], [ 6.194270960822786, 48.603981728408407 ], [ 6.194179066501687, 48.603955865342478 ], [ 6.19408379239107, 48.603936100403864 ], [ 6.193986056002305, 48.603922623933002 ], [ 6.193886798556316, 48.603915565711006 ], [ 6.193786975920422, 48.603914993709949 ], [ 6.193687549404189, 48.603920913438266 ], [ 6.19358947650292, 48.603933267887854 ], [ 6.193493701677853, 48.603951938082922 ], [ 6.1934011472618, 48.603976744225626 ], [ 6.19331270457778, 48.604007447427399 ], [ 6.193229225356107, 48.604043752009282 ], [ 6.193151513532573, 48.604085308349077 ], [ 6.193080317506682, 48.60413171624797 ], [ 6.19301632293444, 48.604182528784285 ], [ 6.192960146125149, 48.60423725661704 ], [ 6.192912328105753, 48.604295372698239 ], [ 6.192873329409935, 48.60435631734812 ], [ 6.192843525642158, 48.604419503644827 ], [ 6.19282320385939, 48.604484323076456 ], [ 6.192812559805438, 48.604550151401142 ], [ 6.192811696024508, 48.604616354658617 ], [ 6.192820620872271, 48.604682295275538 ], [ 6.192839248433962, 48.604747338205591 ], [ 6.192867399350401, 48.604810857045535 ], [ 6.192904802543978, 48.604872240067877 ], [ 6.192931309661042, 48.604905824557733 ], [ 6.192878693488576, 48.604891015660016 ], [ 6.192783418167419, 48.604871249696004 ], [ 6.192685680367995, 48.604857772168025 ], [ 6.192586421324814, 48.604850712867368 ], [ 6.192486596920572, 48.604850139776474 ], [ 6.192387168481866, 48.604856058414327 ], [ 6.192289093522512, 48.604868411783293 ], [ 6.192193316523566, 48.604887080917969 ], [ 6.192100759838776, 48.604911886030749 ], [ 6.192012314813006, 48.604942588242992 ], [ 6.19192883319912, 48.604978891885239 ], [ 6.191851118955952, 48.605020447344359 ], [ 6.191819518032308, 48.605041044813696 ], [ 6.191785512205748, 48.605022207064685 ], [ 6.191702991656378, 48.604984949462619 ], [ 6.191615362074158, 48.604953235407194 ], [ 6.191523467359851, 48.604927370312254 ], [ 6.191428192484095, 48.604907603264365 ], [ 6.191330454965621, 48.604894124624302 ], [ 6.19123119603624, 48.60488706419406 ], [ 6.191131371577551, 48.604886489966937 ], [ 6.191031942916676, 48.604892407472896 ], [ 6.190933867569568, 48.604904759725152 ], [ 6.190838090021019, 48.604923427769108 ], [ 6.190745532630068, 48.60494823182762 ], [ 6.190694891492005, 48.604965810317658 ], [ 6.190717222562147, 48.604930915879486 ], [ 6.190747029186549, 48.604867730141578 ], [ 6.19076735368793, 48.604802911084739 ], [ 6.190778000364156, 48.604737082956568 ], [ 6.190778866718069, 48.604670879720437 ], [ 6.190769944443188, 48.604604938949876 ], [ 6.190751319502306, 48.604539895688482 ], [ 6.190723171298194, 48.604476376334112 ], [ 6.190685770944561, 48.604414992606522 ], [ 6.190639478653861, 48.604356335656398 ], [ 6.190584740267243, 48.604300970372599 ], [ 6.190522082960038, 48.604249429942321 ], [ 6.190452110164213, 48.604202210716579 ], [ 6.190375495756686, 48.604159767430609 ], [ 6.190292977569497, 48.604122508824922 ], [ 6.190205350284334, 48.60409079370929 ], [ 6.190113457779846, 48.604064927507793 ], [ 6.190018185005384, 48.604045159317629 ], [ 6.189920449459452, 48.604031679510555 ], [ 6.18982119235486, 48.604024617899853 ], [ 6.18972136955564, 48.604024042490174 ], [ 6.189621942372926, 48.604029958822807 ], [ 6.189523868308442, 48.60404230992237 ], [ 6.189428091834629, 48.604060976845304 ], [ 6.189335535300173, 48.604085779825276 ], [ 6.189247090048492, 48.604116480004187 ], [ 6.189163607834623, 48.604152781732189 ], [ 6.189085892623174, 48.604194335414569 ], [ 6.189054291110446, 48.60421493216392 ], [ 6.189020286815041, 48.604196093612366 ], [ 6.188937769534816, 48.604158834068528 ], [ 6.188850143009621, 48.604127117956452 ], [ 6.188758251110781, 48.604101250709768 ], [ 6.188662978781819, 48.604081481435756 ], [ 6.188565243516948, 48.604068000516641 ], [ 6.188465986526274, 48.60406093777636 ], [ 6.188366163672727, 48.604060361230466 ], [ 6.18826673626797, 48.604066276431212 ], [ 6.188168661815863, 48.604078626414079 ], [ 6.188072884792577, 48.60409729224628 ], [ 6.187980327552092, 48.604122094171984 ], [ 6.187891881444624, 48.604152793343275 ], [ 6.187808398233449, 48.604189094119967 ], [ 6.18773068189278, 48.604230646916498 ], [ 6.187699079825127, 48.604251243305548 ], [ 6.187665075993668, 48.604232404367508 ], [ 6.18758255962046, 48.604195143885548 ], [ 6.187494933855284, 48.604163426777021 ], [ 6.187403042562148, 48.604137558485149 ], [ 6.187307770678744, 48.604117788127304 ], [ 6.187210035694993, 48.604104306096126 ], [ 6.187110778818294, 48.604097242226267 ], [ 6.187010955910481, 48.604096664544166 ], [ 6.186911528283739, 48.604102578613009 ], [ 6.186813453444064, 48.604114927479188 ], [ 6.18671767587136, 48.60413359222067 ], [ 6.186625117924899, 48.604158393092099 ], [ 6.186536670961693, 48.604189091255734 ], [ 6.186453186753258, 48.604225391081087 ], [ 6.186375469283414, 48.604266942991792 ], [ 6.186343866660851, 48.604287539020504 ], [ 6.186309863293361, 48.604268699696007 ], [ 6.18622734782722, 48.60423143827591 ], [ 6.186139722822117, 48.604199720170939 ], [ 6.186047832134743, 48.604173850833909 ], [ 6.185952560696954, 48.604154079392231 ], [ 6.185854825994382, 48.604140596248982 ], [ 6.185755569231716, 48.604133531249552 ], [ 6.185655746269696, 48.60413295243125 ], [ 6.185556318421025, 48.604138865368185 ], [ 6.185458243193841, 48.604151213117667 ], [ 6.185362465071775, 48.604169876768395 ], [ 6.185269906419389, 48.604194676585557 ], [ 6.185181458600495, 48.604225373741528 ], [ 6.185097973394849, 48.604261672615536 ], [ 6.18502025479587, 48.604303223640393 ], [ 6.184949051268299, 48.604349626668444 ], [ 6.184885048540386, 48.604400434824917 ], [ 6.184828862999963, 48.604455158811021 ], [ 6.184781035758061, 48.604513271615829 ], [ 6.184742027437169, 48.604574213591064 ], [ 6.184712213734436, 48.604637397840712 ], [ 6.184691881802511, 48.604702215872535 ], [ 6.184681227482938, 48.604768043458165 ], [ 6.184680353418786, 48.604834246644465 ], [ 6.184689268064758, 48.604900187858753 ], [ 6.184707885604341, 48.604965232049004 ], [ 6.184736026774874, 48.605028752799804 ], [ 6.184773420592613, 48.605090138365256 ], [ 6.184799922604978, 48.605123724659222 ], [ 6.184747308513318, 48.605108912170842 ], [ 6.184652035865412, 48.605089139703679 ], [ 6.184554299752575, 48.605075655503221 ], [ 6.184455041393079, 48.605068589425009 ], [ 6.184355216663039, 48.605068009516764 ], [ 6.184255786892184, 48.605073921363122 ], [ 6.18415770960716, 48.605086268031812 ], [ 6.18406192931142, 48.605104930622012 ], [ 6.183969368390455, 48.605129729409114 ], [ 6.183918724802454, 48.605147305014377 ], [ 6.183941060465145, 48.605112411852417 ], [ 6.18397087536875, 48.605049227820516 ], [ 6.183991208327829, 48.604984409930282 ], [ 6.184001863558796, 48.604918582418094 ], [ 6.184002738482103, 48.604852379241365 ], [ 6.183993824708745, 48.60478643797309 ], [ 6.183975208119636, 48.604721393661634 ], [ 6.183947068037123, 48.604657872714988 ], [ 6.183909675496698, 48.604596486868225 ], [ 6.18386339063558, 48.604537827292475 ], [ 6.183808659223369, 48.604482458901842 ], [ 6.183746008368233, 48.604430914913458 ], [ 6.183676041440013, 48.60438369171262 ], [ 6.183599432259121, 48.604341244072849 ], [ 6.183516918607268, 48.604303980776535 ], [ 6.183429295122473, 48.604272260678705 ], [ 6.183337405646788, 48.604246389251337 ], [ 6.183242135100402, 48.604226615642013 ], [ 6.183144400960362, 48.604213130274665 ], [ 6.183045144425942, 48.604206063016086 ], [ 6.182945321355683, 48.604205481925355 ], [ 6.182845893063331, 48.604211392598479 ], [ 6.182747817061294, 48.604223738114534 ], [ 6.18265203784067, 48.604242399583768 ], [ 6.182559477776596, 48.604267197292344 ], [ 6.182471028246474, 48.604297892432989 ], [ 6.182387541046543, 48.604334189404291 ], [ 6.182309820189422, 48.604375738657374 ], [ 6.182238614161602, 48.6044221400617 ], [ 6.182174608715403, 48.604472946758115 ], [ 6.182118420264837, 48.604527669461874 ], [ 6.182070589948957, 48.604585781174386 ], [ 6.182031578419854, 48.604646722257975 ], [ 6.182001761405574, 48.604709905825089 ], [ 6.181981426090655, 48.604774723390165 ], [ 6.181970768349221, 48.604840550729307 ], [ 6.181969890857293, 48.604906753891719 ], [ 6.181978802102589, 48.604972695304987 ], [ 6.181997416301344, 48.605037739915147 ], [ 6.182025554223073, 48.605101261302771 ], [ 6.182062944915322, 48.605162647715808 ], [ 6.182089445225984, 48.605196234611064 ], [ 6.182036831828178, 48.605181420925831 ], [ 6.181941560071814, 48.605161646290959 ], [ 6.181843824521642, 48.605148159866381 ], [ 6.181744566390512, 48.605141091528985 ], [ 6.181644741552342, 48.605140509348288 ], [ 6.181545311337901, 48.605146418930765 ], [ 6.18144723327811, 48.605158763366013 ], [ 6.181351451883878, 48.605177423774663 ], [ 6.181258889551274, 48.60520222045313 ], [ 6.18117043767955, 48.605232914603995 ], [ 6.181086948087491, 48.605269210635463 ], [ 6.181009224810751, 48.605310759007658 ], [ 6.180938016359121, 48.605357159598533 ], [ 6.180874008508265, 48.605407965556751 ], [ 6.180817817695352, 48.605462687604728 ], [ 6.180769985082182, 48.605520798750142 ], [ 6.180730971342975, 48.605581739360787 ], [ 6.180701152227058, 48.605644922553694 ], [ 6.180680814939209, 48.60570973984688 ], [ 6.180670155372555, 48.605775567019052 ], [ 6.180669276220693, 48.605841770121046 ], [ 6.180678185987333, 48.605907711581033 ], [ 6.180696798902948, 48.605972756344585 ], [ 6.180724935749413, 48.606036277990796 ], [ 6.180762325584631, 48.606097664765144 ], [ 6.180788825534266, 48.606131251924083 ], [ 6.180736211564963, 48.606116437675496 ], [ 6.180640938598651, 48.606096662015112 ], [ 6.18054320163836, 48.606083174533225 ], [ 6.180443941910524, 48.606076105117012 ], [ 6.180344115304433, 48.6060755218463 ], [ 6.180244683167885, 48.606081430338087 ], [ 6.180146603050306, 48.606093773692457 ], [ 6.180050819482426, 48.606112433040479 ], [ 6.179958254881241, 48.606137228688787 ], [ 6.179907608972706, 48.606154802573357 ], [ 6.179929947737813, 48.606119910192781 ], [ 6.179959768054705, 48.606056727217656 ], [ 6.179980106369796, 48.605991910066102 ], [ 6.179990766847911, 48.605926082967422 ], [ 6.179991646858975, 48.605859879875005 ], [ 6.179982737964982, 48.605793938361074 ], [ 6.179964125999861, 48.605728893476332 ], [ 6.179935990241429, 48.605665371634309 ], [ 6.179898601683536, 48.605603984578693 ], [ 6.179852320425053, 48.605545323492251 ], [ 6.179797592200888, 48.60548995330366 ], [ 6.179734944088511, 48.605438407247341 ], [ 6.17966497943135, 48.605391181728528 ], [ 6.179588372027952, 48.605348731543025 ], [ 6.179505859642914, 48.605311465497806 ], [ 6.179418236902054, 48.605279742474323 ], [ 6.179326347640265, 48.605253867972756 ], [ 6.179231076775675, 48.605234091170246 ], [ 6.1791333417884, 48.60522060252152 ], [ 6.179034083885872, 48.605213531924946 ], [ 6.178934258939806, 48.60521294747177 ], [ 6.178834828282015, 48.605218854790365 ], [ 6.178736749447681, 48.605231196992143 ], [ 6.178640966955178, 48.60524985521922 ], [ 6.178548403211148, 48.605274649789017 ], [ 6.178459949628433, 48.605305341924449 ], [ 6.178376458042296, 48.605341636053097 ], [ 6.17829873250759, 48.605383182653441 ], [ 6.178227521555852, 48.605429581620477 ], [ 6.178163510986819, 48.605480386118515 ], [ 6.178107317263834, 48.60553510688402 ], [ 6.178059481576723, 48.605593216937059 ], [ 6.178020464629305, 48.605654156655866 ], [ 6.177990642201803, 48.605717339166162 ], [ 6.177970301530888, 48.605782155992479 ], [ 6.177959638542264, 48.605847982918021 ], [ 6.177958755962487, 48.605914185996035 ], [ 6.177967662328272, 48.605980127654881 ], [ 6.177986271902852, 48.606045172838265 ], [ 6.178014405500276, 48.606108695121179 ], [ 6.17805179220974, 48.60617008274302 ], [ 6.178078290457505, 48.606203670503227 ], [ 6.178025677182271, 48.606188855057766 ], [ 6.177930405107873, 48.606169077229687 ], [ 6.177832668710612, 48.606155587523659 ], [ 6.177733409211497, 48.606148515848211 ], [ 6.177633582497621, 48.606147930304999 ], [ 6.177534149917816, 48.606153836532862 ], [ 6.17743606902578, 48.606166177653733 ], [ 6.177340284359694, 48.606184834820127 ], [ 6.177247718347136, 48.6062096283597 ], [ 6.177159262422792, 48.606240319505268 ], [ 6.177075768444473, 48.606276612693982 ], [ 6.176998040490073, 48.60631815841333 ], [ 6.176966432941625, 48.606338751918166 ], [ 6.176932431616079, 48.606319909947388 ], [ 6.176849919590902, 48.606282642091323 ], [ 6.176762296834, 48.60625091713856 ], [ 6.176670407180421, 48.606225040607889 ], [ 6.176575135552066, 48.606205261695983 ], [ 6.176477399436407, 48.606191770877857 ], [ 6.176378140051743, 48.60618469807283 ], [ 6.176278313284061, 48.60618411139334 ], [ 6.176178880482716, 48.606190016489244 ], [ 6.176080799203534, 48.606202356493334 ], [ 6.17598501398843, 48.606221012568916 ], [ 6.175892447270264, 48.606245805054122 ], [ 6.17584179989229, 48.606263377207696 ], [ 6.175864141412819, 48.606228485593036 ], [ 6.175893966697132, 48.606165303641937 ], [ 6.175914310086864, 48.606100487190744 ], [ 6.175924975697969, 48.606034660462036 ], [ 6.175925860850934, 48.605968457405666 ], [ 6.175916957058237, 48.605902515593478 ], [ 6.17589835010468, 48.605837470079081 ], [ 6.175870219219814, 48.605773947282039 ], [ 6.17583283535056, 48.605712558955247 ], [ 6.175786558550634, 48.605653896293724 ], [ 6.175731834512011, 48.60559852424133 ], [ 6.175669190271856, 48.605546976050391 ], [ 6.175599229136309, 48.605499748146741 ], [ 6.175522624870005, 48.60545729534914 ], [ 6.175440115207329, 48.605420026489703 ], [ 6.175352494747893, 48.605388300477003 ], [ 6.175260607304616, 48.605362422839981 ], [ 6.175165337778117, 48.605342642786006 ], [ 6.175067603635627, 48.605329150801104 ], [ 6.174968346076443, 48.60532207681576 ], [ 6.174868520968975, 48.605321488953898 ], [ 6.174769089646589, 48.605327392876653 ], [ 6.17467100965087, 48.605339731728165 ], [ 6.174575225511371, 48.605358386682816 ], [ 6.174482659650598, 48.605383178089568 ], [ 6.17443201263392, 48.605400749655885 ], [ 6.174454354725696, 48.605365858281132 ], [ 6.174484181219637, 48.605302676638416 ], [ 6.174504526019189, 48.605237860382211 ], [ 6.174515193226727, 48.605172033733155 ], [ 6.174516080147364, 48.605105830640404 ], [ 6.174507178276554, 48.605039888676089 ], [ 6.174488573380585, 48.604974842895324 ], [ 6.174460444669196, 48.604911319720216 ], [ 6.174423063068373, 48.604849930907342 ], [ 6.174376788609987, 48.604791267656331 ], [ 6.174322066963463, 48.604735894916772 ], [ 6.17425942514293, 48.604684345947632 ], [ 6.174189466431224, 48.604637117182172 ], [ 6.174112864569641, 48.604594663447507 ], [ 6.174030357269412, 48.604557393584749 ], [ 6.173942739107392, 48.604525666512117 ], [ 6.173850853874379, 48.604499787768809 ], [ 6.173755586449711, 48.604480006572828 ], [ 6.173657854280374, 48.604466513421158 ], [ 6.173558598546668, 48.604459438255596 ], [ 6.173458775099423, 48.604458849211362 ], [ 6.173359345256016, 48.604464751961011 ], [ 6.173261266543791, 48.604477089659973 ], [ 6.173165483479941, 48.604495743493743 ], [ 6.173072918476612, 48.604520533822047 ], [ 6.172984462958766, 48.604551221908636 ], [ 6.172900968780302, 48.604587512220085 ], [ 6.172823240021035, 48.60462905527163 ], [ 6.172791631850412, 48.604649647696753 ], [ 6.172757633123687, 48.604630804507678 ], [ 6.172675126731036, 48.604593533706883 ], [ 6.172587509329627, 48.6045618056379 ], [ 6.172495624702937, 48.604535925849476 ], [ 6.172400357724458, 48.604516143569683 ], [ 6.172302625836883, 48.604502649305999 ], [ 6.172203370217801, 48.604495573010873 ], [ 6.172103546716935, 48.604494982830403 ], [ 6.172004116652181, 48.604500884448136 ], [ 6.171906037553014, 48.604513221030345 ], [ 6.171810253940351, 48.60453187377329 ], [ 6.171717688231624, 48.604556663047241 ], [ 6.17162923185859, 48.60458735012606 ], [ 6.171545736683378, 48.604623639486057 ], [ 6.171468006795406, 48.604665181651626 ], [ 6.171396790768124, 48.604711576560476 ], [ 6.171332774450143, 48.60476237741598 ], [ 6.171276574360169, 48.60481709498972 ], [ 6.171228731749334, 48.604875202332451 ], [ 6.171189707388135, 48.604936139848576 ], [ 6.171159877128187, 48.604999320684961 ], [ 6.171139528281586, 48.605064136382296 ], [ 6.171128856852769, 48.605129962734672 ], [ 6.171127965649575, 48.605196165800834 ], [ 6.171136863291765, 48.605262108009278 ], [ 6.171155464126585, 48.605327154298379 ], [ 6.171183589052256, 48.605390678232553 ], [ 6.171220967241485, 48.605452068035206 ], [ 6.171267238748499, 48.605510732480852 ], [ 6.171321957974491, 48.605566106589158 ], [ 6.171384597958168, 48.605617657066425 ], [ 6.171415648091322, 48.605638619947065 ], [ 6.171387234411998, 48.605661167547119 ], [ 6.171331033414345, 48.605715885106179 ], [ 6.1712831900428, 48.605773992427928 ], [ 6.171244165075182, 48.605834929916931 ], [ 6.171214334368949, 48.605898110720346 ], [ 6.171193985240493, 48.605962926379156 ], [ 6.171183313696972, 48.606028752687834 ], [ 6.171182422547328, 48.606094955705537 ], [ 6.171191320410808, 48.606160897861244 ], [ 6.171209921632526, 48.606225944093829 ], [ 6.171238047106982, 48.606289467968246 ], [ 6.171275426001596, 48.606350857708513 ], [ 6.171301919994352, 48.606384446971688 ], [ 6.171249308454863, 48.606369628534125 ], [ 6.171154038611255, 48.606349845286907 ], [ 6.171056303622589, 48.606336350020499 ], [ 6.170957044696313, 48.606329272697039 ], [ 6.170857217713999, 48.606328681472512 ], [ 6.17075778402707, 48.606334582040539 ], [ 6.17065970119988, 48.606346917577483 ], [ 6.170563913789247, 48.606365569289707 ], [ 6.170471344249177, 48.606390357557366 ], [ 6.170382884048322, 48.606421043664007 ], [ 6.170299385085671, 48.60645733209536 ], [ 6.170221651487116, 48.606498873384687 ], [ 6.170190041164807, 48.606519465087544 ], [ 6.170156042160295, 48.606500621184523 ], [ 6.170073534673308, 48.606463348638172 ], [ 6.169985915719704, 48.606431618703418 ], [ 6.169894029097908, 48.606405736947011 ], [ 6.169798759700631, 48.606385952615952 ], [ 6.16970102499386, 48.606372456237487 ], [ 6.169601766182327, 48.606365377784428 ], [ 6.169501939146503, 48.606364785423644 ], [ 6.169402505238323, 48.606370684859669 ], [ 6.169304422024273, 48.606383019279846 ], [ 6.169208634064896, 48.60640166990121 ], [ 6.169116063819481, 48.606426457114445 ], [ 6.169027602763473, 48.606457142213287 ], [ 6.168944102804096, 48.606493429693117 ], [ 6.168866368076839, 48.606534970096412 ], [ 6.168834757199838, 48.606555561438839 ], [ 6.168800758659565, 48.606536717149368 ], [ 6.168718252080367, 48.606499443664987 ], [ 6.168630633887586, 48.606467712733838 ], [ 6.168538747872316, 48.606441829932315 ], [ 6.168443478921426, 48.60642204451743 ], [ 6.168345744496608, 48.606408547026909 ], [ 6.168246485799879, 48.606401467444243 ], [ 6.168146658710601, 48.606400873947194 ], [ 6.168047224581229, 48.606406772251248 ], [ 6.167949140980375, 48.606419105554615 ], [ 6.167853352472309, 48.606437755085111 ], [ 6.167760781521602, 48.606462541243943 ], [ 6.167672319610491, 48.606493225334958 ], [ 6.167588818654434, 48.606529511863265 ], [ 6.167511082798518, 48.606571051380506 ], [ 6.167439860673663, 48.606617443849892 ], [ 6.167375838187199, 48.606668242498351 ], [ 6.167319631917236, 48.606722958118631 ], [ 6.16727178317442, 48.606781063780346 ], [ 6.167232752788299, 48.606841999904113 ], [ 6.167202916668511, 48.606905179650148 ], [ 6.167182562183585, 48.606969994569702 ], [ 6.167171885392262, 48.607035820464304 ], [ 6.167170989154025, 48.60710202339714 ], [ 6.167179882137127, 48.607167965797991 ], [ 6.167198478733687, 48.60723301260338 ], [ 6.167226599882748, 48.607296537372719 ], [ 6.167263974793391, 48.607357928321441 ], [ 6.167290466722524, 48.607391518449383 ], [ 6.167237855306458, 48.607376698251585 ], [ 6.167142585146279, 48.607356911811038 ], [ 6.167044849311949, 48.607343413263074 ], [ 6.166945589019061, 48.607336332601363 ], [ 6.166845760162346, 48.607335738014086 ], [ 6.166746324111279, 48.607341635227201 ], [ 6.166648238452979, 48.607353967449463 ], [ 6.166552447771526, 48.607372615919076 ], [ 6.166459874552422, 48.607397401047443 ], [ 6.166409222895729, 48.607414969171941 ], [ 6.16643157119246, 48.607380079360489 ], [ 6.166461408513477, 48.607316899832377 ], [ 6.166481764025852, 48.60725208505459 ], [ 6.166492441728787, 48.607186259233565 ], [ 6.166493338826323, 48.6071200563104 ], [ 6.166484446715903, 48.607054113855696 ], [ 6.166465851069827, 48.606989066929231 ], [ 6.166437731008751, 48.606925541964173 ], [ 6.166400357375368, 48.60686415073431 ], [ 6.16635409012482, 48.606805484462598 ], [ 6.166299374857124, 48.60675010812767 ], [ 6.166236738524989, 48.606698555023122 ], [ 6.166166784358402, 48.606651321622081 ], [ 6.166090186054892, 48.606608862796271 ], [ 6.166007681291432, 48.606571587435852 ], [ 6.165920064620453, 48.606539854511979 ], [ 6.1658281798184, 48.60651396962021 ], [ 6.165732911760458, 48.606494182037729 ], [ 6.165635177899721, 48.606480682323081 ], [ 6.165535919432774, 48.606473600481202 ], [ 6.165436092236769, 48.606473004711617 ], [ 6.165336657665185, 48.606478900751696 ], [ 6.165238573290895, 48.606491231821458 ], [ 6.165142783685615, 48.606509879170204 ], [ 6.165050211324483, 48.606534663220152 ], [ 6.164961747703314, 48.6065653452955 ], [ 6.164878244754038, 48.606601629920732 ], [ 6.164800506640931, 48.60664316766583 ], [ 6.164729282016649, 48.606689558511079 ], [ 6.164665256812593, 48.606740355699017 ], [ 6.164609047633038, 48.606795070036483 ], [ 6.164561195816654, 48.606853174605455 ], [ 6.164522162222581, 48.606914109837021 ], [ 6.164492322791356, 48.606977288900076 ], [ 6.164471964923393, 48.607042103352377 ], [ 6.164461284710015, 48.60710792899998 ], [ 6.164460385043657, 48.607174131908458 ], [ 6.164469274625592, 48.607240074507814 ], [ 6.164487867880692, 48.607305121732658 ], [ 6.16451598578018, 48.607368647138387 ], [ 6.164553357564436, 48.607430038934261 ], [ 6.164599623349377, 48.607488705875575 ], [ 6.164654337591306, 48.607544082957979 ], [ 6.16471697337694, 48.607595636859131 ], [ 6.164786927497287, 48.607642871075306 ], [ 6.1648635262566, 48.60768533070344 ], [ 6.164946031960389, 48.607722606822556 ], [ 6.165033650020081, 48.607754340432344 ], [ 6.165125536605871, 48.607780225910886 ], [ 6.165220806774022, 48.607800013958418 ], [ 6.165318542990346, 48.607813513998565 ], [ 6.165417803967736, 48.607820596013866 ], [ 6.165517633732564, 48.607821191798109 ], [ 6.165617070832632, 48.607815295613385 ], [ 6.165715157597899, 48.607802964245273 ], [ 6.165810949364765, 48.607784316455835 ], [ 6.165903523575026, 48.607759531839882 ], [ 6.165954175734671, 48.607741963935496 ], [ 6.165931826965411, 48.607776853646946 ], [ 6.165901988743355, 48.607840033018469 ], [ 6.165881632284807, 48.607904847665822 ], [ 6.165870953667512, 48.607970673393218 ], [ 6.165870055768539, 48.608036876265395 ], [ 6.16587894727214, 48.608102818712737 ], [ 6.165897542584681, 48.608167865671327 ], [ 6.165925662657572, 48.608231390699125 ], [ 6.165963036710263, 48.608292782009016 ], [ 6.166009304836822, 48.608351448360978 ], [ 6.166064021471004, 48.608406824756337 ], [ 6.166126659676484, 48.608458377879366 ], [ 6.166196616220966, 48.608505611233845 ], [ 6.166273217385354, 48.608548069925014 ], [ 6.166355725451995, 48.608585345040893 ], [ 6.166443345809563, 48.608617077590843 ], [ 6.166535234606116, 48.608642961963149 ], [ 6.166630506876625, 48.608662748868738 ], [ 6.166728245066657, 48.608676247742189 ], [ 6.166827507870091, 48.608683328577285 ], [ 6.166927339295714, 48.6086839231792 ], [ 6.167026777875333, 48.608678025821412 ], [ 6.167124865924657, 48.608665693300743 ], [ 6.167220658767717, 48.608647044390437 ], [ 6.167313233835946, 48.608622258696045 ], [ 6.167363886357147, 48.608604690204423 ], [ 6.167341538158971, 48.608639580155732 ], [ 6.167311701146202, 48.608702759835708 ], [ 6.167291346097184, 48.608767574678104 ], [ 6.16728066907609, 48.608833400485224 ], [ 6.16727977294462, 48.608899603321071 ], [ 6.167288666370003, 48.608965545616378 ], [ 6.167307263740099, 48.60903059230867 ], [ 6.167335385986504, 48.609094116958474 ], [ 6.167372762307734, 48.609155507782333 ], [ 6.167399255216088, 48.609189097836442 ], [ 6.167346641963138, 48.609174277708611 ], [ 6.167251368491319, 48.609154491384338 ], [ 6.167153629273769, 48.609140992945598 ], [ 6.16705436555866, 48.609133912385033 ], [ 6.166954533273681, 48.609133317889828 ], [ 6.166855093821319, 48.609139215185081 ], [ 6.166757004821447, 48.60915154747871 ], [ 6.166661210890326, 48.609170196008272 ], [ 6.166568634544748, 48.609194981184579 ], [ 6.166480167318904, 48.609225664320981 ], [ 6.166396661179434, 48.609261949931749 ], [ 6.16631892032134, 48.609303488577382 ], [ 6.166287306771262, 48.609324079196632 ], [ 6.166253307350234, 48.609305234222667 ], [ 6.166170798222177, 48.609267959057867 ], [ 6.166083176940641, 48.609236226324363 ], [ 6.165991287326472, 48.609210341615814 ], [ 6.165896014301193, 48.609190554207672 ], [ 6.165798275365735, 48.609177054656826 ], [ 6.165699011765552, 48.60916997296659 ], [ 6.165599179427227, 48.609169377335071 ], [ 6.165499739753758, 48.609175273498295 ], [ 6.165401650367149, 48.609187604675057 ], [ 6.165305855887385, 48.60920625211368 ], [ 6.165213278836542, 48.609231036235499 ], [ 6.165124810755601, 48.60926171836401 ], [ 6.165041303619436, 48.609298003023184 ], [ 6.164963561632645, 48.609339540782699 ], [ 6.164931947527839, 48.609360131041491 ], [ 6.164897948571191, 48.60934128568109 ], [ 6.164815440351166, 48.609304009578253 ], [ 6.164727819830686, 48.609272275848333 ], [ 6.164635930823263, 48.609246390094626 ], [ 6.164540658244585, 48.609226601602629 ], [ 6.164442919591277, 48.60921310093967 ], [ 6.164343656106079, 48.609206018119785 ], [ 6.164243823714464, 48.609205421351938 ], [ 6.164144383819948, 48.609211316383096 ], [ 6.164046294046659, 48.609223646442992 ], [ 6.163950499018307, 48.609242292790697 ], [ 6.163857921262251, 48.609267075858007 ], [ 6.163769452326264, 48.609297756978613 ], [ 6.163685944193448, 48.609334040686186 ], [ 6.163608201078005, 48.609375577559575 ], [ 6.163576586418496, 48.609396167457902 ], [ 6.16354258792624, 48.609377321711058 ], [ 6.163460080614299, 48.609340044670184 ], [ 6.163372460854927, 48.609308309943863 ], [ 6.163280572454309, 48.609282423145004 ], [ 6.163185300322287, 48.609262633569166 ], [ 6.163087561951188, 48.60924913179408 ], [ 6.162988298581032, 48.609242047844546 ], [ 6.162888466136189, 48.60924144994037 ], [ 6.162789026020681, 48.609247343839478 ], [ 6.162690935860771, 48.6092596727825 ], [ 6.162595140283886, 48.609278318039252 ], [ 6.162502561822671, 48.609303100052067 ], [ 6.162414092031684, 48.609333780164768 ], [ 6.162330582902267, 48.609370062920739 ], [ 6.162252838658213, 48.609411598907961 ], [ 6.162221223444, 48.60943218844583 ], [ 6.162187225416178, 48.609413342312578 ], [ 6.162104719012372, 48.609376064333667 ], [ 6.162017100014161, 48.609344328610959 ], [ 6.161925212220403, 48.609318440766934 ], [ 6.161829940535095, 48.609298650107256 ], [ 6.161732202446264, 48.609285147220064 ], [ 6.161632939191211, 48.609278062140874 ], [ 6.161533106693196, 48.609277463100369 ], [ 6.161433666356757, 48.609283355867433 ], [ 6.161335575810279, 48.609295683693567 ], [ 6.161239779684918, 48.60931432785938 ], [ 6.161147200518594, 48.609339108817665 ], [ 6.161096545201334, 48.609356674654101 ], [ 6.161118897866593, 48.609321785895553 ], [ 6.161148742704042, 48.60925860779971 ], [ 6.161169105547159, 48.609193794033743 ], [ 6.161179790324552, 48.60912796879434 ], [ 6.161180694172129, 48.609061766017007 ], [ 6.161171808422332, 48.608995823270931 ], [ 6.161153218686204, 48.60893077561871 ], [ 6.161125104027496, 48.608867249500491 ], [ 6.161087735236872, 48.608805856701188 ], [ 6.161041472222844, 48.608747188458857 ], [ 6.160986760544636, 48.608691809771102 ], [ 6.160924127120388, 48.608640253954214 ], [ 6.160854175152094, 48.60859301750741 ], [ 6.160777578316115, 48.608550555331739 ], [ 6.160695074275293, 48.608513276349655 ], [ 6.16060745757511, 48.608481539567173 ], [ 6.160515571992287, 48.608455650616996 ], [ 6.160420302409536, 48.608435858815412 ], [ 6.160322566294632, 48.608422354761593 ], [ 6.160223304865872, 48.60841526850227 ], [ 6.160123474028928, 48.608414668279501 ], [ 6.16002403517234, 48.608420559873537 ], [ 6.159925945910246, 48.608432886547192 ], [ 6.15983015086143, 48.608451529592145 ], [ 6.159737572553446, 48.608476309472039 ], [ 6.15964910253938, 48.60850698755123 ], [ 6.15956559281272, 48.608543268392701 ], [ 6.159487847603006, 48.608584802602856 ], [ 6.159456231800805, 48.608605391420568 ], [ 6.159422235304953, 48.608586544485057 ], [ 6.15933973217234, 48.608549264564957 ], [ 6.159252116233401, 48.608517526786123 ], [ 6.159160231257531, 48.608491636790831 ], [ 6.159064962121596, 48.608471843905427 ], [ 6.158967226289071, 48.608458338739524 ], [ 6.158867964975528, 48.608451251350566 ], [ 6.158768134085534, 48.608450649991482 ], [ 6.15866869500814, 48.60845654045346 ], [ 6.15857060535961, 48.608468866010256 ], [ 6.158474809762447, 48.608487507964263 ], [ 6.158382230749488, 48.608512286789647 ], [ 6.158293759880606, 48.608542963860913 ], [ 6.158210249157517, 48.608579243750746 ], [ 6.158132502819362, 48.608620777074734 ], [ 6.158061269598003, 48.608667163855728 ], [ 6.157997235507624, 48.608717957375397 ], [ 6.15794101723808, 48.608772668475936 ], [ 6.157893156215571, 48.60883077027048 ], [ 6.157854113387899, 48.608891703216862 ], [ 6.157824264784519, 48.608954880505941 ], [ 6.157803897894182, 48.609019693712582 ], [ 6.157793208895097, 48.609085518654865 ], [ 6.157792300764313, 48.609151721405119 ], [ 6.157801182284623, 48.60921766439489 ], [ 6.157819767958539, 48.609282712555014 ], [ 6.1578478788303, 48.6093462394319 ], [ 6.157885244207978, 48.609407633220655 ], [ 6.157911731157603, 48.609441225378475 ], [ 6.157859120336923, 48.609426401061711 ], [ 6.157763849992103, 48.609406607150504 ], [ 6.157666112750424, 48.609393100927022 ], [ 6.157566849841031, 48.609386012458856 ], [ 6.157467017183857, 48.609385410009367 ], [ 6.157367576184968, 48.609391299380242 ], [ 6.157269484479135, 48.609403623855719 ], [ 6.157173686708671, 48.60942226474863 ], [ 6.157081105427341, 48.609447042543337 ], [ 6.156992632216863, 48.609477718624291 ], [ 6.156909119101503, 48.6095139975737 ], [ 6.156831370343435, 48.609555530016202 ], [ 6.156799752910628, 48.609576118112138 ], [ 6.156765756740697, 48.609557270433207 ], [ 6.156683253969941, 48.609519988702267 ], [ 6.156595638016917, 48.60948824899409 ], [ 6.156503752651158, 48.609462356969523 ], [ 6.156408482753282, 48.609442561974497 ], [ 6.156310745794104, 48.609429054638895 ], [ 6.15621148300005, 48.609421965041093 ], [ 6.156111650289938, 48.609421361455269 ], [ 6.156012209070351, 48.609427249694072 ], [ 6.155914116978178, 48.60943957305264 ], [ 6.155818318659458, 48.609458212854591 ], [ 6.155725736673231, 48.609482989594746 ], [ 6.155637262608004, 48.60951366466773 ], [ 6.155553748496274, 48.609549942665474 ], [ 6.155475998609811, 48.609591474221766 ], [ 6.155444380622396, 48.609612061957201 ], [ 6.155410384916992, 48.609593213891877 ], [ 6.155327883054628, 48.609555931222943 ], [ 6.155240267863035, 48.609524190518414 ], [ 6.155148383104414, 48.609498297448738 ], [ 6.155053113653542, 48.609478501369871 ], [ 6.154955376976922, 48.609464992922184 ], [ 6.154856114298265, 48.609457902194727 ], [ 6.154756281535277, 48.609457297472566 ], [ 6.154656840095047, 48.609463184579312 ], [ 6.154558747616594, 48.609475506820978 ], [ 6.15446294874967, 48.609494145531926 ], [ 6.1543703660586, 48.609518921217536 ], [ 6.154281891138675, 48.609549595282552 ], [ 6.154198376030621, 48.609585872328609 ], [ 6.154120625015804, 48.609627402998669 ], [ 6.154049386871121, 48.609673787341158 ], [ 6.153985347658168, 48.609724578661243 ], [ 6.153929124116125, 48.609779287822285 ], [ 6.153881257721973, 48.609837387956084 ], [ 6.153842209475241, 48.609898319536484 ], [ 6.153812355457568, 48.6099614957675 ], [ 6.153791983209849, 48.61002630823419 ], [ 6.153781288961884, 48.610092132761771 ], [ 6.153780375741277, 48.61015833542654 ], [ 6.153789252379837, 48.610224278660858 ], [ 6.153807833427095, 48.610289327393261 ], [ 6.153835939971849, 48.610352855164635 ], [ 6.15387330136384, 48.610414250161412 ], [ 6.153919557819079, 48.610472921108105 ], [ 6.153974263883729, 48.610528302961768 ], [ 6.154036892723269, 48.610579862354108 ], [ 6.154067938853136, 48.610600829672727 ], [ 6.15403951501168, 48.61062337304044 ], [ 6.153983290561149, 48.61067808218661 ], [ 6.153935423405466, 48.610736182299235 ], [ 6.153896374551493, 48.61079711385235 ], [ 6.153866520086723, 48.610860290050248 ], [ 6.153846147556354, 48.610925102478276 ], [ 6.153835453192912, 48.610990926962039 ], [ 6.153834540025112, 48.611057129578278 ], [ 6.153843416884256, 48.61112307275981 ], [ 6.153861998317752, 48.61118812143566 ], [ 6.15389010541068, 48.611251649147256 ], [ 6.153927467507503, 48.611313044081662 ], [ 6.153973724817444, 48.611371714963909 ], [ 6.154028431878438, 48.611427096751733 ], [ 6.154091061846366, 48.611478656077459 ], [ 6.15416101156828, 48.611525896385132 ], [ 6.154237607390794, 48.611568362713022 ], [ 6.154320111647716, 48.611605646075631 ], [ 6.154407729764417, 48.611637387402858 ], [ 6.154499617910541, 48.611663280998499 ], [ 6.154594891127331, 48.611683077484606 ], [ 6.154692631851242, 48.611696586203543 ], [ 6.154791898751753, 48.611703677054223 ], [ 6.154891735798189, 48.611704281745389 ], [ 6.154991181468224, 48.611698394453356 ], [ 6.155089278009274, 48.611686071877976 ], [ 6.155185080663585, 48.611667432696727 ], [ 6.15527766676809, 48.611642656421466 ], [ 6.155366144641351, 48.611611981669391 ], [ 6.155449662171967, 48.611575703864766 ], [ 6.15552741502568, 48.611534172393462 ], [ 6.155559034141138, 48.611513584668522 ], [ 6.15559303114684, 48.611532432661612 ], [ 6.155675536312262, 48.611569715086205 ], [ 6.155763155190491, 48.611601455417059 ], [ 6.155855043943834, 48.611627347967556 ], [ 6.155950317607687, 48.611647143369787 ], [ 6.156048058614196, 48.611660650976582 ], [ 6.15614732563012, 48.61166774069757 ], [ 6.156247162623673, 48.611668344252351 ], [ 6.156346608073038, 48.611662455828181 ], [ 6.156444704227756, 48.611650132135871 ], [ 6.156540506333792, 48.611631491863598 ], [ 6.156633091733363, 48.611606714533742 ], [ 6.15672156875182, 48.611576038773649 ], [ 6.156805085285994, 48.61153976001733 ], [ 6.156882837011227, 48.611498227659773 ], [ 6.156914455571996, 48.611477639574339 ], [ 6.1569484530423, 48.61149648718105 ], [ 6.157030959116172, 48.611533768667613 ], [ 6.157118578755873, 48.61156550800208 ], [ 6.15721046811638, 48.61159139950739 ], [ 6.157305742227238, 48.611611193825787 ], [ 6.157403483516288, 48.611624700320426 ], [ 6.157502750647566, 48.611631788911716 ], [ 6.157602587588178, 48.611632391330119 ], [ 6.157702032816815, 48.611626501773841 ], [ 6.157800128585142, 48.611614176964586 ], [ 6.157895930142849, 48.611595535601296 ], [ 6.157988514837434, 48.611570757216846 ], [ 6.158039173339311, 48.611553192734604 ], [ 6.158016817669407, 48.611588080850971 ], [ 6.157986967725251, 48.611651258040709 ], [ 6.157966599987492, 48.611716071131433 ], [ 6.157955910642501, 48.611781895942308 ], [ 6.157955002670667, 48.611848098546957 ], [ 6.157963884853251, 48.611914041378306 ], [ 6.157982471686395, 48.611979089368766 ], [ 6.158010584203176, 48.612042616066333 ], [ 6.158047951695822, 48.612104009667831 ], [ 6.158074440113801, 48.612137601714899 ], [ 6.158021826537793, 48.612122777502925 ], [ 6.157926551225355, 48.612102983765809 ], [ 6.15782880890856, 48.612089477705815 ], [ 6.15772954086543, 48.612082389389002 ], [ 6.15762970306533, 48.612081787077258 ], [ 6.157530256963855, 48.61208767657093 ], [ 6.157432160244912, 48.612100001153067 ], [ 6.157336357599089, 48.612118642135499 ], [ 6.157243771627101, 48.612143420001729 ], [ 6.157155293955835, 48.612174096135483 ], [ 6.157071776652517, 48.612210375118465 ], [ 6.156994024019651, 48.612251907575043 ], [ 6.156922784849723, 48.612298293536391 ], [ 6.1568587452142, 48.612349086292092 ], [ 6.15680252185634, 48.61240379669168 ], [ 6.156754656251354, 48.612461897855034 ], [ 6.156715609391171, 48.612522830246085 ], [ 6.156685757344084, 48.612586007061026 ], [ 6.156665387632013, 48.612650819879306 ], [ 6.156654696460349, 48.61271664452272 ], [ 6.156653786827065, 48.612782847066491 ], [ 6.15666266752943, 48.612848789944152 ], [ 6.156681253077843, 48.61291383808765 ], [ 6.156709364517751, 48.612977365043498 ], [ 6.15674673115176, 48.613038759006074 ], [ 6.156773219207817, 48.613072351316752 ], [ 6.156720605060916, 48.613057526541255 ], [ 6.156625328539487, 48.613037731778277 ], [ 6.156527584813402, 48.613024224660641 ], [ 6.156428315174251, 48.613017135264556 ], [ 6.156328475606773, 48.613016531862314 ], [ 6.156229027583581, 48.613022420264777 ], [ 6.156130928807087, 48.613034743765496 ], [ 6.156035123987693, 48.613053383686719 ], [ 6.155942535747044, 48.61307816052215 ], [ 6.155854055733876, 48.613108835665464 ], [ 6.155770536037964, 48.613145113707915 ], [ 6.155692780984857, 48.61318664528288 ], [ 6.15562153939034, 48.613233030430067 ], [ 6.155557497349237, 48.613283822446874 ], [ 6.15550127162797, 48.613338532189985 ], [ 6.155453403724503, 48.613396632785559 ], [ 6.155414354652911, 48.613457564703012 ], [ 6.155384500502779, 48.613520741143127 ], [ 6.155364128816282, 48.613585553688914 ], [ 6.155353435817823, 48.613651378164825 ], [ 6.155352524522973, 48.613717580647709 ], [ 6.155361403745006, 48.61378352357162 ], [ 6.155379988008569, 48.613848571868132 ], [ 6.155408098371498, 48.61391209908227 ], [ 6.155445464146762, 48.613973493405886 ], [ 6.155471951840832, 48.614007085980148 ], [ 6.155419337123067, 48.613992260641133 ], [ 6.155324059392672, 48.613972464852267 ], [ 6.155226314257312, 48.613958956676946 ], [ 6.155127043022145, 48.613951866201546 ], [ 6.155027201687279, 48.613951261708785 ], [ 6.15492775174235, 48.613957149019996 ], [ 6.154829650908273, 48.613969471439262 ], [ 6.154733843915265, 48.613988110299211 ], [ 6.154641253405904, 48.614012886103801 ], [ 6.154552771050771, 48.614043560256647 ], [ 6.154469248962193, 48.614079837358503 ], [ 6.154391491488761, 48.614121368051819 ], [ 6.154320247469569, 48.614167752384766 ], [ 6.15425620302279, 48.614218543662652 ], [ 6.154199974938011, 48.614273252749214 ], [ 6.154152104735959, 48.614331352776972 ], [ 6.154113053452844, 48.614392284220784 ], [ 6.154083197199552, 48.614455460285996 ], [ 6.15406282353851, 48.614520272559261 ], [ 6.15405212871314, 48.61458609686764 ], [ 6.154051215756608, 48.614652299289574 ], [ 6.154060093498187, 48.614718242259748 ], [ 6.154078676476793, 48.614783290709227 ], [ 6.15410678576263, 48.614846818181597 ], [ 6.154144150679045, 48.614908212866261 ], [ 6.154170638011037, 48.614941805704071 ], [ 6.154118022722465, 48.614926979801524 ], [ 6.154022743783132, 48.614907182986755 ], [ 6.153924997238509, 48.61489367375372 ], [ 6.153825724407329, 48.614886582198977 ], [ 6.153725881305069, 48.614885976615646 ], [ 6.153626429438384, 48.614891862835563 ], [ 6.153528326546692, 48.614904184173326 ], [ 6.153432517380029, 48.61492282197198 ], [ 6.153339924601902, 48.614947596745679 ], [ 6.153251439904739, 48.614978269907979 ], [ 6.153167915423425, 48.615014546069183 ], [ 6.153090155529588, 48.615056075880801 ], [ 6.153018909085632, 48.615102459399502 ], [ 6.152954862233078, 48.615153249938388 ], [ 6.152898631784685, 48.615207958368359 ], [ 6.152850759283943, 48.615266057828244 ], [ 6.152811705789193, 48.615326988798387 ], [ 6.152781847432625, 48.61539016448868 ], [ 6.152761471796923, 48.615454976489367 ], [ 6.152750775144523, 48.615520800630151 ], [ 6.152749860526191, 48.615587002991106 ], [ 6.152758736787202, 48.615652946007486 ], [ 6.152777318480736, 48.615717994609923 ], [ 6.152805426689369, 48.615781522340534 ], [ 6.152842790746831, 48.615842917386189 ], [ 6.152889050843464, 48.615901588470898 ], [ 6.15294376149037, 48.6159569705504 ], [ 6.153006395808902, 48.616008530254241 ], [ 6.153037444745171, 48.616029497747782 ], [ 6.153009017512816, 48.616052040768736 ], [ 6.152952786155708, 48.616106749183743 ], [ 6.152904912893235, 48.616164848622354 ], [ 6.152865858791079, 48.61622577956512 ], [ 6.152835999987279, 48.616288955222181 ], [ 6.152815624068823, 48.616353767184108 ], [ 6.152804927300877, 48.616419591281002 ], [ 6.152804012735316, 48.616485793593299 ], [ 6.152812889216914, 48.616551736556779 ], [ 6.152831471296721, 48.616616785102586 ], [ 6.152859580053601, 48.616680312773326 ], [ 6.152896944816, 48.616741707756503 ], [ 6.152923432275334, 48.616775300820954 ], [ 6.15287081549735, 48.616760474389778 ], [ 6.152775533692938, 48.616740676607066 ], [ 6.152677784047041, 48.616727166370715 ], [ 6.15257850790826, 48.616720073787015 ], [ 6.152478661323918, 48.616719467158944 ], [ 6.152379205834204, 48.616725352328373 ], [ 6.152281099213429, 48.616737672620069 ], [ 6.152185286247534, 48.616756309387114 ], [ 6.152092689636613, 48.616781083153619 ], [ 6.152004201110007, 48.616811755342837 ], [ 6.151920672839472, 48.616848030574431 ], [ 6.151842909233131, 48.616889559508863 ], [ 6.151811285409696, 48.61691014615586 ], [ 6.151777286273412, 48.616891297166603 ], [ 6.151694775497919, 48.616854012204556 ], [ 6.151607150295871, 48.61682226901759 ], [ 6.151515254525873, 48.616796373300033 ], [ 6.151419973168741, 48.616776574433366 ], [ 6.151322223805638, 48.61676306308479 ], [ 6.151222947782442, 48.616755969371297 ], [ 6.151123101145368, 48.616755361606721 ], [ 6.151023645435107, 48.616761245643936 ], [ 6.150925538428096, 48.616773564818551 ], [ 6.150829724913995, 48.616792200494451 ], [ 6.150737127598179, 48.616816973206248 ], [ 6.150648638216771, 48.616847644387327 ], [ 6.150565108949764, 48.616883918667092 ], [ 6.150487344214874, 48.616925446715129 ], [ 6.150455719836749, 48.616946033001561 ], [ 6.150421721165193, 48.616927183625855 ], [ 6.150339211298528, 48.616889897725748 ], [ 6.150251586858319, 48.616858153542324 ], [ 6.150159691695833, 48.616832256779524 ], [ 6.150064410786038, 48.616812456828917 ], [ 6.149966661705788, 48.616798944368121 ], [ 6.149867385798237, 48.616791849524823 ], [ 6.149767539108487, 48.616791240623748 ], [ 6.149668083177738, 48.616797123528741 ], [ 6.149569975784548, 48.616809441586284 ], [ 6.149474161722297, 48.616828076171032 ], [ 6.149381563701636, 48.616852847828092 ], [ 6.149293073465478, 48.616883518001039 ], [ 6.149209543202046, 48.616919791328925 ], [ 6.149131777338649, 48.616961318490596 ], [ 6.149100152405838, 48.616981904416434 ], [ 6.149066154199045, 48.616963054654313 ], [ 6.14898364524126, 48.616925767816149 ], [ 6.148896021562943, 48.616894022636281 ], [ 6.148804127008026, 48.616868124828258 ], [ 6.148708846545623, 48.616848323793697 ], [ 6.148611097748284, 48.616834810220659 ], [ 6.148511821956438, 48.616827714247577 ], [ 6.148411975214072, 48.61682710421001 ], [ 6.148312519062893, 48.616832985982768 ], [ 6.14821441128358, 48.616845302923231 ], [ 6.148118596673234, 48.61686393641682 ], [ 6.148025997947782, 48.616888707019164 ], [ 6.147937506856924, 48.616919376183944 ], [ 6.147853975597113, 48.616955648559973 ], [ 6.147776208605252, 48.616997174835234 ], [ 6.147704954812098, 48.617043555100437 ], [ 6.147640900429945, 48.617094342700014 ], [ 6.147584662344058, 48.617149048533207 ], [ 6.147536782171479, 48.617207145763807 ], [ 6.147497721044433, 48.617268074893644 ], [ 6.147467855168607, 48.61733124915034 ], [ 6.147447472199098, 48.617396060137956 ], [ 6.147436768468977, 48.617461883695945 ], [ 6.147435847097168, 48.61752808590996 ], [ 6.147444716993994, 48.617594029216725 ], [ 6.147463292773923, 48.617659078544051 ], [ 6.147491395576493, 48.617722607427098 ], [ 6.147528754787497, 48.617784004041603 ], [ 6.147575010643958, 48.61784267709649 ], [ 6.147629717697822, 48.617898061528528 ], [ 6.147692349105046, 48.617949623944575 ], [ 6.147723397064181, 48.617970592789959 ], [ 6.147694966489748, 48.6179931345063 ], [ 6.147638727494883, 48.618047840324465 ], [ 6.147590846560311, 48.61810593753372 ], [ 6.147551784825596, 48.61816686663613 ], [ 6.147521918502281, 48.61823004085953 ], [ 6.147501535249772, 48.618294851808344 ], [ 6.147490831403863, 48.618360675322378 ], [ 6.147489910084601, 48.618426877487757 ], [ 6.147498780201801, 48.618492820741587 ], [ 6.147517356367808, 48.618557870012246 ], [ 6.147545459718445, 48.618621398835408 ], [ 6.147582819634228, 48.618682795387421 ], [ 6.147629076345393, 48.618741468377799 ], [ 6.147683784395656, 48.618796852743927 ], [ 6.147746416931379, 48.618848415093304 ], [ 6.147777465445182, 48.61886938390905 ], [ 6.14774903440595, 48.618891925621575 ], [ 6.147692794502077, 48.61894663142467 ], [ 6.147644912805488, 48.619004728612595 ], [ 6.147605850463087, 48.61906565768755 ], [ 6.147575983692268, 48.619128831877653 ], [ 6.147555600156751, 48.619193642787643 ], [ 6.147544896195056, 48.619259466257731 ], [ 6.147543974928342, 48.619325668374387 ], [ 6.147552845265926, 48.619391611575288 ], [ 6.147571421818026, 48.619456660789268 ], [ 6.147599525716752, 48.619520189552539 ], [ 6.147636886337341, 48.619581586042059 ], [ 6.147683143903242, 48.61964025896792 ], [ 6.147737852949939, 48.619695643268109 ], [ 6.147800486614201, 48.619747205550809 ], [ 6.147831535682715, 48.61976817433689 ], [ 6.147803104178649, 48.6197907160456 ], [ 6.147746863365739, 48.619845421833659 ], [ 6.147698980907109, 48.619903519000211 ], [ 6.147659917957003, 48.619964448047675 ], [ 6.147630050738666, 48.620027622204489 ], [ 6.147609666920134, 48.620092433075648 ], [ 6.14759896284265, 48.620158256501725 ], [ 6.14759804162849, 48.620224458569702 ], [ 6.147606912186466, 48.620290401717639 ], [ 6.147625489124676, 48.620355450874911 ], [ 6.147653593571512, 48.62041897957829 ], [ 6.147690954896932, 48.620480376005297 ], [ 6.147737213317601, 48.620539048866597 ], [ 6.14779192336077, 48.620594433100848 ], [ 6.147854558153611, 48.620645995316849 ], [ 6.147924514496715, 48.620693238930777 ], [ 6.148001118672942, 48.620735708949098 ], [ 6.148083632935649, 48.620772996350723 ], [ 6.148171262613845, 48.620804742026699 ], [ 6.148263163765832, 48.6208306402389 ], [ 6.148358451307594, 48.620850441564954 ], [ 6.148456207537619, 48.620863955300564 ], [ 6.148555490976044, 48.620871051296383 ], [ 6.148655345432917, 48.620871661211581 ], [ 6.148754809218225, 48.620865779172107 ], [ 6.14885292440491, 48.62085346182733 ], [ 6.148948746055636, 48.620834827804302 ], [ 6.149041351324377, 48.620810056565169 ], [ 6.149092021768334, 48.620792496023107 ], [ 6.149069656190535, 48.620827382193752 ], [ 6.149039790181074, 48.620890556659056 ], [ 6.149019407771814, 48.62095536772528 ], [ 6.149008705290429, 48.621021191231165 ], [ 6.149007785843827, 48.621087393262847 ], [ 6.149016658323793, 48.621153336258779 ], [ 6.149035237319923, 48.621218385149803 ], [ 6.149063343940784, 48.621281913475229 ], [ 6.149100707535403, 48.621343309416226 ], [ 6.149146968298589, 48.621401981688159 ], [ 6.149201680735032, 48.621457365235344 ], [ 6.149264317948856, 48.621508926673194 ], [ 6.149334276717337, 48.621556169425389 ], [ 6.149410883299971, 48.62159863850669 ], [ 6.149493399926944, 48.621635924905036 ], [ 6.14958103190449, 48.621667669521116 ], [ 6.14967293526877, 48.621693566627059 ], [ 6.149768224914453, 48.621713366811093 ], [ 6.149865983119772, 48.621726879379956 ], [ 6.149965268385834, 48.621733974195529 ], [ 6.150065124505087, 48.621734582928326 ], [ 6.150164589771503, 48.621728699715725 ], [ 6.150262706243764, 48.621716381218363 ], [ 6.150358528972149, 48.621697746074382 ], [ 6.150451135100256, 48.621672973756759 ], [ 6.150501805906548, 48.621655412627419 ], [ 6.150479440899552, 48.621690299037944 ], [ 6.150449576099084, 48.621753473811729 ], [ 6.150429195099213, 48.621818285073033 ], [ 6.150418494214045, 48.621884108658662 ], [ 6.150417576535117, 48.621950310654015 ], [ 6.150426450937191, 48.622016253497904 ], [ 6.150445031991353, 48.622081302122623 ], [ 6.15047314078635, 48.62214483007007 ], [ 6.150510506650273, 48.622206225525012 ], [ 6.150556769756077, 48.622264897207529 ], [ 6.150611484585887, 48.622320280067605 ], [ 6.150674124220779, 48.62237184072724 ], [ 6.150705175997034, 48.622392808718729 ], [ 6.150676744304899, 48.622415351064539 ], [ 6.150620503675275, 48.622470058090954 ], [ 6.150572622005152, 48.622528156286833 ], [ 6.150533560441184, 48.622589086144664 ], [ 6.150503695193275, 48.622652260885104 ], [ 6.150483313910483, 48.62271707210752 ], [ 6.150472612909639, 48.622782895649131 ], [ 6.150471695283395, 48.622849097595726 ], [ 6.150480569906008, 48.622915040386609 ], [ 6.15049915134644, 48.622980088954563 ], [ 6.150527260689722, 48.623043616842033 ], [ 6.150564627258661, 48.623105012234412 ], [ 6.150610891219424, 48.623163683852326 ], [ 6.150665607045908, 48.623219066646378 ], [ 6.150728247809587, 48.623270627239265 ], [ 6.150759300140645, 48.623291595201053 ], [ 6.150730867983677, 48.623314137543041 ], [ 6.150674626444999, 48.623368844554363 ], [ 6.150626744012849, 48.623426942728834 ], [ 6.150587681841213, 48.623487872559153 ], [ 6.15055781614585, 48.623551047266218 ], [ 6.150537434580129, 48.623615858449746 ], [ 6.150526733463608, 48.623681681947311 ], [ 6.150525815890052, 48.623747883845141 ], [ 6.150534690733213, 48.623813826582989 ], [ 6.150553272559931, 48.623878875094178 ], [ 6.150581382451517, 48.623942402921671 ], [ 6.150618749725499, 48.624003798251437 ], [ 6.150665014541254, 48.624062469804727 ], [ 6.150719731364446, 48.624117852532777 ], [ 6.150782373256952, 48.624169413058866 ], [ 6.150813426142828, 48.624190380990939 ], [ 6.150784993521016, 48.624212923329097 ], [ 6.150728751073259, 48.624267630325313 ], [ 6.150680867879053, 48.624325728478375 ], [ 6.15064180509973, 48.624386658281161 ], [ 6.150611938956902, 48.624449832954852 ], [ 6.150591557108245, 48.624514644099456 ], [ 6.150580855876044, 48.624580467552974 ], [ 6.150579938355181, 48.624646669402011 ], [ 6.150588813418901, 48.624712612086824 ], [ 6.15060739563192, 48.624777660541206 ], [ 6.15063550607183, 48.624841188308707 ], [ 6.150672874050882, 48.624902583575846 ], [ 6.150699364212354, 48.624936176908534 ], [ 6.150646739861348, 48.624921349594679 ], [ 6.150551444043712, 48.624901550166001 ], [ 6.150453679732728, 48.624888038195209 ], [ 6.150354388418217, 48.62488094380528 ], [ 6.150254526293647, 48.624880335316583 ], [ 6.150155055048852, 48.624886218588955 ], [ 6.150056932609862, 48.624898536965354 ], [ 6.149961103914946, 48.624917171817394 ], [ 6.149868491815667, 48.62494194368756 ], [ 6.149779988190514, 48.624972614017388 ], [ 6.149696445356645, 48.625008887444444 ], [ 6.149618667862429, 48.625050414646587 ], [ 6.149547404739762, 48.625096795705623 ], [ 6.14948334229079, 48.625147583958331 ], [ 6.149427097478466, 48.625202290297615 ], [ 6.149379211984624, 48.625260387882477 ], [ 6.149340146992735, 48.625321317211267 ], [ 6.149310278745721, 48.62538449150972 ], [ 6.149289894921525, 48.62544930238149 ], [ 6.149279191861456, 48.625515125667128 ], [ 6.149278272678003, 48.625581327454952 ], [ 6.149287146260421, 48.625647270185752 ], [ 6.149305727187695, 48.625712318792914 ], [ 6.1493338365498, 48.62577584681847 ], [ 6.14937120366937, 48.625837242446501 ], [ 6.149417468707268, 48.625895914395379 ], [ 6.149472186127023, 48.625951297612517 ], [ 6.149534828984769, 48.626002858716525 ], [ 6.149604794003425, 48.626050101134282 ], [ 6.149681407382301, 48.62609256988376 ], [ 6.149763931286123, 48.626129855956137 ], [ 6.149851570951049, 48.626161600255223 ], [ 6.149943482339196, 48.626187497056165 ], [ 6.150038780267961, 48.626207296950177 ], [ 6.150136546935795, 48.62622080924676 ], [ 6.150235840762305, 48.626227903810417 ], [ 6.150335705457485, 48.626228512314107 ], [ 6.150435179232718, 48.626222628897409 ], [ 6.150533304064729, 48.626210310222895 ], [ 6.150629134923285, 48.62619167493046 ], [ 6.15072174887368, 48.626166902494475 ], [ 6.150810253966283, 48.626136231495202 ], [ 6.150893797827546, 48.626099957320761 ], [ 6.150971575869614, 48.626058429322043 ], [ 6.151003205550066, 48.626037843053609 ], [ 6.151037210348401, 48.626056692121438 ], [ 6.151119735161396, 48.626093977255593 ], [ 6.15120737558845, 48.626125720558058 ], [ 6.151299287584338, 48.626151616313592 ], [ 6.151394585960603, 48.626171415123459 ], [ 6.15149235291139, 48.626184926307623 ], [ 6.151591646853573, 48.626192019741289 ], [ 6.151691511496042, 48.626192627108288 ], [ 6.151790985050677, 48.626186742559163 ], [ 6.151889109496333, 48.626174422767399 ], [ 6.1519849398065, 48.626155786383613 ], [ 6.152077553051749, 48.626131012892742 ], [ 6.152128227627783, 48.626113451136213 ], [ 6.152105861800027, 48.626148337723521 ], [ 6.152075996419002, 48.626211512672221 ], [ 6.152055615697113, 48.62627632397291 ], [ 6.152044915945796, 48.626342147461997 ], [ 6.152044000245673, 48.626408349225791 ], [ 6.152052877452457, 48.626474291705392 ], [ 6.152071462110229, 48.62653933983654 ], [ 6.152099575273037, 48.6266028671659 ], [ 6.152136946226911, 48.626664261884237 ], [ 6.152183215095786, 48.626722932718657 ], [ 6.152237936306297, 48.626778314627359 ], [ 6.152300582878067, 48.626829874241501 ], [ 6.152370551498247, 48.626877115002344 ], [ 6.152447168331459, 48.626919581943802 ], [ 6.152529695509157, 48.62695686607448 ], [ 6.152617338235968, 48.62698860831685 ], [ 6.152709252444521, 48.62701450296592 ], [ 6.152804552925047, 48.627034300633603 ], [ 6.152902321851418, 48.627047810650829 ], [ 6.153001617621488, 48.627054902904064 ], [ 6.153101483926537, 48.627055509088528 ], [ 6.153200958962434, 48.627049623366119 ], [ 6.153299084693769, 48.627037302421627 ], [ 6.153394916081647, 48.627018664916797 ], [ 6.153487530186262, 48.626993890347336 ], [ 6.153576035056503, 48.626963217314021 ], [ 6.153659578320958, 48.626926941224582 ], [ 6.153737355397532, 48.626885411448335 ], [ 6.153768984489933, 48.626864824459581 ], [ 6.153802990821432, 48.626883672724915 ], [ 6.15388551890823, 48.626920955917335 ], [ 6.153973162397086, 48.626952697163055 ], [ 6.154065077213287, 48.62697859076669 ], [ 6.154160378141211, 48.626998387350199 ], [ 6.154258147350424, 48.627011896254992 ], [ 6.154357443236053, 48.627018987378214 ], [ 6.154457309488264, 48.627019592425967 ], [ 6.15455678430344, 48.627013705571116 ], [ 6.154654909648292, 48.627001383509374 ], [ 6.154750740487647, 48.626982744913199 ], [ 6.154843353886986, 48.626957969288831 ], [ 6.154894028335628, 48.62694040636768 ], [ 6.154871663997893, 48.626975293450435 ], [ 6.154841801483125, 48.62703846904931 ], [ 6.154821423863798, 48.627103280778833 ], [ 6.154810727421473, 48.627169104471264 ], [ 6.154809815204903, 48.62723530621097 ], [ 6.154818696036258, 48.627301248439259 ], [ 6.154837284424707, 48.627366296094301 ], [ 6.154865401388374, 48.627429822727358 ], [ 6.154902776176683, 48.627491216535873 ], [ 6.154949048876643, 48.62754988625575 ], [ 6.155003773877987, 48.62760526685588 ], [ 6.155066424163832, 48.627656824980043 ], [ 6.155136396385556, 48.627704064083865 ], [ 6.155213016673094, 48.627746529217198 ], [ 6.155295547124632, 48.627783811406047 ], [ 6.155383192913266, 48.627815551591631 ], [ 6.155475109942133, 48.627841444088709 ], [ 6.155570412974297, 48.627861239529942 ], [ 6.15566818415906, 48.627874747267732 ], [ 6.155767481872521, 48.627881837210474 ], [ 6.155867349787242, 48.627882441075627 ], [ 6.155966826083592, 48.627876553047443 ], [ 6.156064952714018, 48.627864229832937 ], [ 6.156160784630967, 48.627845590115697 ], [ 6.15625339888954, 48.627820813412718 ], [ 6.156304073700403, 48.62780324990424 ], [ 6.156281709933793, 48.62783813722681 ], [ 6.156251848628608, 48.627901313134068 ], [ 6.156231472419294, 48.627966125058471 ], [ 6.15622077757383, 48.628031948830483 ], [ 6.156219867125595, 48.628098150533688 ], [ 6.156228749879725, 48.628164092609715 ], [ 6.156247340326879, 48.628229139998233 ], [ 6.156275459465354, 48.628292666253053 ], [ 6.156312836523625, 48.628354059575251 ], [ 6.156359111566844, 48.628412728705442 ], [ 6.156413838962178, 48.628468108618179 ], [ 6.156476491669682, 48.628519665963871 ], [ 6.156546466317419, 48.628566904205613 ], [ 6.156623089011954, 48.628609368401598 ], [ 6.156705621828291, 48.628646649586827 ], [ 6.15679326991675, 48.628678388712196 ], [ 6.156885189158317, 48.628704280102689 ], [ 6.156980494294748, 48.628724074401617 ], [ 6.157078267455074, 48.62873758097237 ], [ 6.157177566996372, 48.628744669734573 ], [ 6.157277436573593, 48.628745272417099 ], [ 6.157376914351099, 48.628739383215553 ], [ 6.157475042267069, 48.628727058848256 ], [ 6.15757087526157, 48.6287084180099 ], [ 6.157663490379321, 48.628683640228267 ], [ 6.157714165552352, 48.62866607613249 ], [ 6.157691802356949, 48.628700963694868 ], [ 6.157661942261464, 48.628764139910423 ], [ 6.157641567462277, 48.628828952029735 ], [ 6.15763087421379, 48.628894775881292 ], [ 6.157629965534007, 48.628960977547955 ], [ 6.157638850211031, 48.629026919471684 ], [ 6.157657442717003, 48.629091966593627 ], [ 6.157685564030393, 48.629155492470169 ], [ 6.157722943358734, 48.629216885306001 ], [ 6.157769220745312, 48.629275553846469 ], [ 6.157823950534728, 48.629330933071735 ], [ 6.157886605663981, 48.629382489638907 ], [ 6.157956582737805, 48.629429727018525 ], [ 6.158033207839404, 48.629472190277092 ], [ 6.158115743020599, 48.629509470458672 ], [ 6.158203393408932, 48.629541208523797 ], [ 6.158295314863237, 48.629567098807648 ], [ 6.158390622103961, 48.629586891964202 ], [ 6.158488397239867, 48.629600397367867 ], [ 6.158587698609002, 48.62960748494951 ], [ 6.158687569848717, 48.629608086449352 ], [ 6.158787049107358, 48.629602196074423 ], [ 6.158885178308839, 48.629589870554298 ], [ 6.158981012380849, 48.629571228594799 ], [ 6.159073628357731, 48.629546449734526 ], [ 6.159162134270342, 48.629515772615591 ], [ 6.159245677737236, 48.629479492685057 ], [ 6.159323454174371, 48.629437959349247 ], [ 6.159394714544254, 48.629391572608391 ], [ 6.159458772569901, 48.629340779203872 ], [ 6.159515011344069, 48.629286068315494 ], [ 6.159562889270164, 48.62922796684996 ], [ 6.159601945277599, 48.62916703436602 ], [ 6.159631803261371, 48.629103857685259 ], [ 6.159652175703186, 48.629039045240326 ], [ 6.159662866439234, 48.62897322121519 ], [ 6.159663772548065, 48.628907019533713 ], [ 6.159654885340373, 48.628841077754487 ], [ 6.159636290441269, 48.628776030930815 ], [ 6.159608166964252, 48.628712505494839 ], [ 6.159570785784934, 48.628651113224919 ], [ 6.159544288049945, 48.628617521968742 ], [ 6.15959691863708, 48.628632345306151 ], [ 6.15969222466796, 48.628652137436646 ], [ 6.159789998393591, 48.628665641782412 ], [ 6.159889298165599, 48.628672728284528 ], [ 6.159989167636719, 48.628673328693587 ], [ 6.160088644972332, 48.628667437227108 ], [ 6.160186772114873, 48.628655110625232 ], [ 6.16028260401186, 48.62863646760416 ], [ 6.160375217718585, 48.628611687712734 ], [ 6.16046372128777, 48.628581009602975 ], [ 6.160547262360542, 48.628544728731505 ], [ 6.16062503637591, 48.628503194513719 ], [ 6.160656663736783, 48.628482605723718 ], [ 6.160690673599379, 48.628501451997373 ], [ 6.160773209142577, 48.628538730367637 ], [ 6.160860859516665, 48.628570466502886 ], [ 6.160952780580616, 48.628596354756894 ], [ 6.161048087058635, 48.628616145803171 ], [ 6.161145861066828, 48.628629649036455 ], [ 6.161245160954103, 48.628636734408516 ], [ 6.161345030372085, 48.628637333680835 ], [ 6.161444507486664, 48.6286314410819 ], [ 6.161542634242407, 48.628619113362745 ], [ 6.161638465590555, 48.62860046925033 ], [ 6.161731078591686, 48.628575688304004 ], [ 6.161819581305321, 48.628545009185956 ], [ 6.161903121380822, 48.628508727362529 ], [ 6.161980894266813, 48.628467192258256 ], [ 6.162052150960003, 48.628420803890393 ], [ 6.162116205218815, 48.628370009016017 ], [ 6.16217244017229, 48.628315296829065 ], [ 6.16222031426063, 48.628257194248754 ], [ 6.162259366450206, 48.628196260844561 ], [ 6.162289220672789, 48.628133083446919 ], [ 6.162309589446302, 48.628068270495433 ], [ 6.162320276642266, 48.628002446178918 ], [ 6.162321179373323, 48.627936244424028 ], [ 6.162312288982694, 48.627870302790072 ], [ 6.162293691126142, 48.627805256328955 ], [ 6.162265564945648, 48.627741731469335 ], [ 6.162228181342856, 48.627680339984018 ], [ 6.162201682393931, 48.627646749291955 ], [ 6.16225431275751, 48.627661571467158 ], [ 6.162349618025588, 48.627681361487426 ], [ 6.162447390623424, 48.627694863662846 ], [ 6.16254668891351, 48.627701947955416 ], [ 6.162646556562851, 48.627702546137002 ], [ 6.162746031754375, 48.627696652446609 ], [ 6.162844156451166, 48.627684323645759 ], [ 6.162939985624298, 48.62766567847185 ], [ 6.1630325963553, 48.627640896494412 ], [ 6.163121096725553, 48.627610216385655 ], [ 6.163204634406994, 48.627573933621349 ], [ 6.163282404871297, 48.627532397635186 ], [ 6.163314030600331, 48.627511808123096 ], [ 6.163348040788925, 48.627530653653189 ], [ 6.163430576693854, 48.627567930212159 ], [ 6.163518227053442, 48.627599664417559 ], [ 6.163610147726796, 48.627625550641746 ], [ 6.163705453441885, 48.627645339577811 ], [ 6.16380322632216, 48.627658840640755 ], [ 6.163902524727393, 48.627665923803292 ], [ 6.164002392323482, 48.627666520848166 ], [ 6.164101867293865, 48.627660626025339 ], [ 6.164199991603759, 48.627648296107232 ], [ 6.164295820227963, 48.627629649841992 ], [ 6.164388430253292, 48.627604866809726 ], [ 6.164439102125177, 48.627587299837437 ], [ 6.164416743872978, 48.627622188693351 ], [ 6.164386892509651, 48.627685366650908 ], [ 6.164366526457298, 48.627750179978136 ], [ 6.164355841886083, 48.627816004491969 ], [ 6.164354941730446, 48.627882206268836 ], [ 6.164363834696396, 48.62794814774967 ], [ 6.164382435176246, 48.628013193879859 ], [ 6.164410564071667, 48.62807671822533 ], [ 6.164447950517167, 48.628138109005562 ], [ 6.164494234487488, 48.628196774985639 ], [ 6.164548970263817, 48.628252151170436 ], [ 6.16461163072549, 48.628303704246278 ], [ 6.164681612425882, 48.628350937717371 ], [ 6.164758241403634, 48.628393396687862 ], [ 6.164840779673229, 48.628430672243063 ], [ 6.164928432332462, 48.62846240538812 ], [ 6.165020355218294, 48.628488290505594 ], [ 6.165115663037383, 48.628508078299191 ], [ 6.165213437892915, 48.62852157819497 ], [ 6.16531273812564, 48.628528660176876 ], [ 6.165412607383852, 48.628529256039002 ], [ 6.165512083834981, 48.62852336004272 ], [ 6.165610209429984, 48.628511028971751 ], [ 6.165706039131282, 48.628492381585332 ], [ 6.165798650015318, 48.628467597474362 ], [ 6.165849322249109, 48.628450029914731 ], [ 6.165826964568355, 48.62848491901044 ], [ 6.165797114415151, 48.628548097276237 ], [ 6.165776749773321, 48.628612910798267 ], [ 6.165766066799449, 48.628678735391546 ], [ 6.165765168412592, 48.628744937131756 ], [ 6.165774063301725, 48.628810878460172 ], [ 6.16579266584064, 48.628875924323665 ], [ 6.165820796911181, 48.62893944829073 ], [ 6.165858185626908, 48.629000838584453 ], [ 6.165904471940699, 48.629059503974631 ], [ 6.165959210111172, 48.629114879471835 ], [ 6.166021872994605, 48.629166431769001 ], [ 6.166052934949298, 48.629187395640905 ], [ 6.16602450617678, 48.629209941523229 ], [ 6.165968274288669, 48.629264655488072 ], [ 6.165920403439354, 48.629322759526147 ], [ 6.165881354671294, 48.629383694073653 ], [ 6.165851504071176, 48.629446872306048 ], [ 6.165831139147009, 48.629511685789112 ], [ 6.165820456058098, 48.629577510338244 ], [ 6.165819557724605, 48.629643712029591 ], [ 6.165828452834995, 48.629709653304829 ], [ 6.165847055760931, 48.62977469911138 ], [ 6.16587518738053, 48.629838223018282 ], [ 6.165912576802064, 48.629899613249229 ], [ 6.165958863971617, 48.62995827857457 ], [ 6.166013603139564, 48.630013654005545 ], [ 6.166076267152581, 48.630065206235692 ], [ 6.166146252529838, 48.630112438777388 ], [ 6.166222885274563, 48.630154896743683 ], [ 6.166305427364963, 48.630192171229631 ], [ 6.166393083862032, 48.630223903250624 ], [ 6.166485010565769, 48.630249787200057 ], [ 6.166580322146059, 48.630269573792894 ], [ 6.166678100669865, 48.63028307246676 ], [ 6.166777404442605, 48.630290153217352 ], [ 6.16687727707848, 48.630290747850644 ], [ 6.166976756712386, 48.630284850639818 ], [ 6.167074885264628, 48.630272518380316 ], [ 6.167170717669146, 48.630253869842832 ], [ 6.167263330976344, 48.630229084629306 ], [ 6.167351833242799, 48.63019840144306 ], [ 6.167435372122182, 48.630162115789574 ], [ 6.167513143074636, 48.630120577130334 ], [ 6.167584397115502, 48.630074185516762 ], [ 6.167648448028751, 48.630023387737232 ], [ 6.167704678975643, 48.629968673013657 ], [ 6.167752548434975, 48.629910568289667 ], [ 6.167791595417706, 48.629849633155388 ], [ 6.167821443905751, 48.629786454457928 ], [ 6.167841806472271, 48.6297216406494 ], [ 6.167852487048565, 48.62965581592686 ], [ 6.167853382811028, 48.62958961422089 ], [ 6.167844485169998, 48.629523673090304 ], [ 6.167825879851063, 48.629458627582167 ], [ 6.167797746068071, 48.629395104115979 ], [ 6.167760354795881, 48.629333714451086 ], [ 6.16773385145969, 48.629300125035797 ], [ 6.167786485052217, 48.629314944746355 ], [ 6.167881795422194, 48.629334730313204 ], [ 6.167979572535279, 48.62934822792927 ], [ 6.168078874710471, 48.629355307600392 ], [ 6.16817874557736, 48.629355901143015 ], [ 6.168278223287881, 48.629350002840766 ], [ 6.168376349780862, 48.629337669499627 ], [ 6.168472180010077, 48.629319019900684 ], [ 6.168564791046882, 48.62929423365614 ], [ 6.168653290969718, 48.629263549479205 ], [ 6.168736827454832, 48.629227262884946 ], [ 6.168814595985426, 48.629185723343866 ], [ 6.168885847600162, 48.629139330915891 ], [ 6.16894989610638, 48.629088532397233 ], [ 6.169006124688526, 48.629033817016939 ], [ 6.169053991848166, 48.628975711724948 ], [ 6.169093036618407, 48.6289147761169 ], [ 6.169122883002475, 48.62885159704441 ], [ 6.169143243593791, 48.628786782963203 ], [ 6.169153922342674, 48.628720958073011 ], [ 6.169154816443121, 48.628654756305977 ], [ 6.16914591732147, 48.628588815221541 ], [ 6.169127310717569, 48.628523769866305 ], [ 6.16909917585764, 48.628460246658292 ], [ 6.16906178372691, 48.628398857354384 ], [ 6.169035280028954, 48.628365268202657 ], [ 6.169087913049872, 48.628380087349647 ], [ 6.169183222209512, 48.628399871890551 ], [ 6.169280997911858, 48.628413368448804 ], [ 6.1693802984895, 48.628420447040526 ], [ 6.169480167587412, 48.628421039492508 ], [ 6.169579643374569, 48.628415140098888 ], [ 6.16967776780832, 48.628402805676131 ], [ 6.169773595862274, 48.628384155015794 ], [ 6.169866204628738, 48.628359367740259 ], [ 6.169954702208019, 48.628328682572707 ], [ 6.170038236298936, 48.628292395037704 ], [ 6.170116002407749, 48.628250854614834 ], [ 6.170147625882728, 48.628230263300722 ], [ 6.170181638998356, 48.62824910686841 ], [ 6.170264180902431, 48.628286378670097 ], [ 6.170351836607771, 48.628318107828107 ], [ 6.170443761921995, 48.62834398876344 ], [ 6.170539071528371, 48.628363772220077 ], [ 6.17063684751287, 48.628377267665833 ], [ 6.170736148205367, 48.6283843451275 ], [ 6.170836017249729, 48.628384936442764 ], [ 6.170935492815445, 48.628379035916701 ], [ 6.171033616861998, 48.628366700376709 ], [ 6.171129444366727, 48.628348048625071 ], [ 6.171222052427228, 48.6283232602947 ], [ 6.17131054915061, 48.628292574118937 ], [ 6.171394082243932, 48.628256285632034 ], [ 6.171471847223066, 48.628214744322769 ], [ 6.171543095160879, 48.628168350268091 ], [ 6.171607139900123, 48.628117550279853 ], [ 6.171663364661526, 48.628062833601298 ], [ 6.171711227983452, 48.628004727194835 ], [ 6.171750268935965, 48.627943790666819 ], [ 6.171780111559062, 48.627880610877753 ], [ 6.171800468482383, 48.627815796290278 ], [ 6.171811143691573, 48.627749971108976 ], [ 6.171812034414716, 48.627683769268799 ], [ 6.171803132110674, 48.627617828329896 ], [ 6.171784522549944, 48.627552783337428 ], [ 6.171756384987217, 48.627489260705985 ], [ 6.17171899043375, 48.62742787218685 ], [ 6.171672699046183, 48.627369208976873 ], [ 6.171617956656994, 48.627313836025209 ], [ 6.171555290480092, 48.627262286592874 ], [ 6.171485304032892, 48.62721505711761 ], [ 6.171408671323794, 48.627172602433347 ], [ 6.171326130361106, 48.627135331390349 ], [ 6.171238476045866, 48.627103602918218 ], [ 6.171146552517028, 48.627077722569602 ], [ 6.171051245022719, 48.627057939577945 ], [ 6.170953471395797, 48.627044444457589 ], [ 6.170854173215788, 48.627037367169244 ], [ 6.170754306742274, 48.627036775868554 ], [ 6.170654833706968, 48.62704267624985 ], [ 6.170556712053144, 48.627055011491365 ], [ 6.170460886711512, 48.627073662802225 ], [ 6.170368280501353, 48.627098450566479 ], [ 6.170317611092691, 48.627116020068065 ], [ 6.170339965195553, 48.627081130090033 ], [ 6.170369809029062, 48.627017950609186 ], [ 6.170390167363167, 48.626953136216436 ], [ 6.170400844169926, 48.626887311114515 ], [ 6.170401736662035, 48.626821109237625 ], [ 6.170392836281319, 48.626755168146225 ], [ 6.170374228779753, 48.626690122886998 ], [ 6.170346093392192, 48.626626599877042 ], [ 6.170308701108952, 48.626565210871341 ], [ 6.170282197539283, 48.626531621946064 ], [ 6.170334829069475, 48.626546440564589 ], [ 6.170430135361706, 48.626566224137832 ], [ 6.170527907960452, 48.626579719693105 ], [ 6.170627205228193, 48.626586797256124 ], [ 6.170727070841778, 48.626587388663594 ], [ 6.170826543003742, 48.626581488219749 ], [ 6.170924663706352, 48.626569152751131 ], [ 6.171020487959148, 48.626550501059384 ], [ 6.171113092891051, 48.626525712776839 ], [ 6.1712015866393, 48.626495026636341 ], [ 6.171285116939607, 48.626458738171863 ], [ 6.171362879334743, 48.626417196871891 ], [ 6.171394501211458, 48.626396605195502 ], [ 6.17142851358445, 48.626415448435758 ], [ 6.171511053484882, 48.626452719430027 ], [ 6.171598706875407, 48.626484447718674 ], [ 6.171690629585942, 48.626510327731069 ], [ 6.171785936324826, 48.626530110220095 ], [ 6.171883709205653, 48.626543604662885 ], [ 6.171983006588185, 48.626550681095885 ], [ 6.172082872148169, 48.626551271366672 ], [ 6.172182344088655, 48.626545369790435 ], [ 6.17228046440404, 48.626533033204616 ], [ 6.1723762881076, 48.626514380421611 ], [ 6.17246889233354, 48.626489591084265 ], [ 6.172519560413749, 48.626472020658461 ], [ 6.172497208023787, 48.626506911063117 ], [ 6.172467367049386, 48.626570091103694 ], [ 6.172447011436287, 48.626634905871967 ], [ 6.172436337254127, 48.626700731171042 ], [ 6.172435447337286, 48.62676693306976 ], [ 6.172444350293168, 48.626832874007881 ], [ 6.172462960417878, 48.626897918936017 ], [ 6.172491098520195, 48.626961441431646 ], [ 6.172528493645955, 48.627022829732091 ], [ 6.172574785686298, 48.627081492626303 ], [ 6.172629528844683, 48.627136865148898 ], [ 6.17269219592935, 48.627188414021425 ], [ 6.172762183429881, 48.627235642788627 ], [ 6.172838817329047, 48.627278096599895 ], [ 6.172921359593932, 48.62731536659026 ], [ 6.173009015283847, 48.627347093818443 ], [ 6.17310094020656, 48.627372972723997 ], [ 6.173196249049107, 48.627392754070478 ], [ 6.173294023904819, 48.627406247346002 ], [ 6.173393323114437, 48.627413322598279 ], [ 6.173493190336112, 48.627413911686226 ], [ 6.173592663756886, 48.627408008936442 ], [ 6.173690785356905, 48.627395671197711 ], [ 6.173786610137067, 48.627377017293462 ], [ 6.173879215221214, 48.627352226877399 ], [ 6.173929883663023, 48.627334655864239 ], [ 6.173907531844756, 48.627369546508632 ], [ 6.173877692080854, 48.627432726857386 ], [ 6.173857337878625, 48.627497541820389 ], [ 6.173846665294113, 48.62756336719881 ], [ 6.173845777146315, 48.62762956906078 ], [ 6.173854682025602, 48.627695509846376 ], [ 6.173873294209553, 48.627760554507681 ], [ 6.173901434487118, 48.62782407662479 ], [ 6.173938831883184, 48.627885464438634 ], [ 6.173985126267026, 48.627944126742833 ], [ 6.174039871819536, 48.627999498577701 ], [ 6.174102541325894, 48.62805104667143 ], [ 6.174133605854862, 48.628072008455476 ], [ 6.174105181168894, 48.628094556286982 ], [ 6.174048958925975, 48.628149274116637 ], [ 6.174001098067014, 48.628207381455439 ], [ 6.173962059538264, 48.628268318707846 ], [ 6.173932219327809, 48.628331499023226 ], [ 6.173911864843602, 48.628396313947306 ], [ 6.173901192144403, 48.628462139281616 ], [ 6.17390030405032, 48.628528341094722 ], [ 6.173909209151203, 48.628594281827148 ], [ 6.1739278217225, 48.628659326431531 ], [ 6.173955962549432, 48.628722848488472 ], [ 6.173993360651597, 48.628784236239497 ], [ 6.174039655891469, 48.628842898478837 ], [ 6.174094402441696, 48.628898270247419 ], [ 6.174157073077851, 48.628949818274073 ], [ 6.174227064255314, 48.628997046111657 ], [ 6.174303701921443, 48.629039498918566 ], [ 6.174386248007044, 48.629076767839464 ], [ 6.174473907534629, 48.62910849394337 ], [ 6.174565836275004, 48.629134371680685 ], [ 6.174661148878435, 48.629154151826178 ], [ 6.174758927402034, 48.62916764387959 ], [ 6.174858230151214, 48.629174717900334 ], [ 6.174958100750033, 48.629175305759283 ], [ 6.175057577353011, 48.629169401794776 ], [ 6.175155701909643, 48.629157062867314 ], [ 6.17525152939235, 48.62913840781183 ], [ 6.175344136898946, 48.629113616293068 ], [ 6.175394806554025, 48.629096044682392 ], [ 6.175372454960105, 48.629130935550748 ], [ 6.175342615960311, 48.629194116174304 ], [ 6.175322262887138, 48.629258931293052 ], [ 6.175311591785764, 48.629324756706673 ], [ 6.175310705460904, 48.629390958482972 ], [ 6.175319612485377, 48.629456899062831 ], [ 6.175338227116101, 48.629521943400349 ], [ 6.175366370118467, 48.629585465078684 ], [ 6.175403770491124, 48.629646852343015 ], [ 6.175450068074676, 48.629705513992256 ], [ 6.175504817019204, 48.629760885073054 ], [ 6.175567490077219, 48.629812432320826 ], [ 6.175598556238255, 48.629833393692245 ], [ 6.175570131226809, 48.629855941840439 ], [ 6.175513908623379, 48.629910660281681 ], [ 6.175466047780146, 48.629968768124279 ], [ 6.175427009643214, 48.630029705767846 ], [ 6.175397170196897, 48.630092886357993 ], [ 6.175376816841792, 48.630157701437795 ], [ 6.175366145625788, 48.630223526807292 ], [ 6.17536525935471, 48.630289728534663 ], [ 6.175374166600856, 48.630355669061323 ], [ 6.175392781619015, 48.630420713341863 ], [ 6.175420925170845, 48.630484234960001 ], [ 6.175458326249704, 48.630545622161463 ], [ 6.1755046246894, 48.630604283745825 ], [ 6.175559374631765, 48.630659654760287 ], [ 6.175622048819702, 48.630711201940954 ], [ 6.175692043674386, 48.630758428848821 ], [ 6.17576868510776, 48.630800880651236 ], [ 6.175851235014346, 48.630838148502541 ], [ 6.175938898379856, 48.630869873482069 ], [ 6.176030830938136, 48.630895750051018 ], [ 6.176126147302679, 48.630915528995452 ], [ 6.176223929494368, 48.630929019826645 ], [ 6.176323235783292, 48.630936092615798 ], [ 6.176423109759416, 48.630936679245629 ], [ 6.176522589544731, 48.630930774066336 ], [ 6.176620717058083, 48.6309184339501 ], [ 6.176716547243418, 48.630899777743323 ], [ 6.176809157172518, 48.6308749851218 ], [ 6.176859828040905, 48.630857412913635 ], [ 6.176837476671404, 48.630892304005954 ], [ 6.176807638435908, 48.630955484904234 ], [ 6.176787286492005, 48.631020300178655 ], [ 6.176776616874, 48.631086125627419 ], [ 6.176775732372327, 48.631152327317942 ], [ 6.176784641542246, 48.63121826769197 ], [ 6.176803258620019, 48.63128331170558 ], [ 6.17683140434747, 48.631346832945034 ], [ 6.176868807697005, 48.631408219659754 ], [ 6.176915108480562, 48.631466880653946 ], [ 6.176969860817403, 48.631522250980545 ], [ 6.177032537427369, 48.631573797382238 ], [ 6.177063605220572, 48.631594758340981 ], [ 6.177035179883718, 48.631617306805822 ], [ 6.176978956919893, 48.631672025858606 ], [ 6.176931096092532, 48.631730134204965 ], [ 6.176892058347587, 48.631791072239643 ], [ 6.176862219665599, 48.631854253104493 ], [ 6.176841867439808, 48.631919068339954 ], [ 6.176831197707229, 48.631984893744544 ], [ 6.176830313259403, 48.632051095386132 ], [ 6.176839222651075, 48.632117035706926 ], [ 6.176857840116371, 48.632182079663515 ], [ 6.176885986393383, 48.632245600842737 ], [ 6.176923390449226, 48.632306987494559 ], [ 6.176969692089039, 48.632365648423807 ], [ 6.177024445423835, 48.632421018684028 ], [ 6.177087123163848, 48.632472565018588 ], [ 6.177118191512412, 48.632493525947467 ], [ 6.177089765710953, 48.632516074408521 ], [ 6.177033541838729, 48.632570793446263 ], [ 6.176985680250097, 48.632628901771241 ], [ 6.176946641898343, 48.632689839778394 ], [ 6.176916802769851, 48.632753020609812 ], [ 6.176896450262161, 48.632817835806257 ], [ 6.176885780415008, 48.632883661166659 ], [ 6.176884896021035, 48.632949862759297 ], [ 6.176893805634469, 48.633015803026851 ], [ 6.176912423487302, 48.633080846926411 ], [ 6.176940570313898, 48.633144368045357 ], [ 6.176977975076076, 48.633205754634268 ], [ 6.177024277572176, 48.633264415498559 ], [ 6.177079031904966, 48.6333197856924 ], [ 6.177141710775064, 48.633371331959808 ], [ 6.177172779679008, 48.633392292858801 ], [ 6.177144353412926, 48.633414841316068 ], [ 6.177088128632274, 48.633469560338803 ], [ 6.177040266282348, 48.633527668642358 ], [ 6.177001227323765, 48.63358860662192 ], [ 6.176971387748756, 48.633651787419893 ], [ 6.176951034959161, 48.633716602577337 ], [ 6.176940364997431, 48.633782427893529 ], [ 6.176939480657315, 48.633848629437203 ], [ 6.176948390492521, 48.633914569651481 ], [ 6.176967008732909, 48.633979613493992 ], [ 6.176995156109108, 48.634043134552684 ], [ 6.177032561577647, 48.634104521078655 ], [ 6.177059073314338, 48.634138108290976 ], [ 6.177006432246126, 48.634123292736867 ], [ 6.176911109706951, 48.634103514549402 ], [ 6.176813321407191, 48.634090024317807 ], [ 6.176714009067672, 48.634082951955691 ], [ 6.176614129084326, 48.634082365571295 ], [ 6.176514643318965, 48.634088270811581 ], [ 6.17641650983745, 48.634100610807991 ], [ 6.176320673684391, 48.634119266723864 ], [ 6.176228057783182, 48.634144058898897 ], [ 6.176139554048932, 48.634174748579049 ], [ 6.176056014799865, 48.634211040215568 ], [ 6.175978244549842, 48.634252584310921 ], [ 6.175906992261018, 48.634298980784244 ], [ 6.175842944131221, 48.634349782823818 ], [ 6.17578671698554, 48.634404501189856 ], [ 6.175738852335685, 48.63446260892546 ], [ 6.175699811164423, 48.634523546431275 ], [ 6.175669969485297, 48.634586726854231 ], [ 6.175649614720411, 48.634651541739025 ], [ 6.175638942931238, 48.634717366887543 ], [ 6.175638056929126, 48.634783568370175 ], [ 6.175646965283796, 48.634849508630602 ], [ 6.175665582239359, 48.634914552626 ], [ 6.175693728538828, 48.634978073942854 ], [ 6.1757311331491, 48.635039460829795 ], [ 6.175757644524208, 48.635073048305685 ], [ 6.175705002884016, 48.635058232187994 ], [ 6.17560967913382, 48.635038452974584 ], [ 6.175511889422635, 48.635024961685204 ], [ 6.175412575484875, 48.635017888243681 ], [ 6.175312693731865, 48.63501730076861 ], [ 6.175213206042458, 48.635023204917523 ], [ 6.175115070501042, 48.635035543832302 ], [ 6.175019232172067, 48.63505419868676 ], [ 6.174926613999877, 48.635078989830767 ], [ 6.174838107921451, 48.635109678520266 ], [ 6.174754566277588, 48.635145969216005 ], [ 6.174676793605208, 48.635187512429511 ], [ 6.174605538889793, 48.635233908088409 ], [ 6.174541488352546, 48.635284709388884 ], [ 6.174485258841729, 48.635339427098174 ], [ 6.174437391891837, 48.635397534265771 ], [ 6.174398348507788, 48.63545847129776 ], [ 6.174368504724429, 48.635521651345663 ], [ 6.174348147984134, 48.635586465957758 ], [ 6.174337474367398, 48.635652290938594 ], [ 6.174336586703176, 48.635718492360127 ], [ 6.17434549357719, 48.635784432666668 ], [ 6.174364109247819, 48.635849476814933 ], [ 6.174392254470444, 48.635912998389934 ], [ 6.174429658222343, 48.63597438563783 ], [ 6.17445616923577, 48.636007973377218 ], [ 6.17440352702366, 48.635993156695982 ], [ 6.17430820206247, 48.635973376456569 ], [ 6.174210410939872, 48.635959884109376 ], [ 6.174111095403876, 48.635952809588389 ], [ 6.174011211881193, 48.635952221022642 ], [ 6.173911722267719, 48.635958124080112 ], [ 6.173813584666374, 48.635970461913246 ], [ 6.173717744161439, 48.635989115706217 ], [ 6.173625123718214, 48.636013905819176 ], [ 6.17353661529555, 48.636044593517951 ], [ 6.173453071256818, 48.636080883272847 ], [ 6.173375296162001, 48.636122425604469 ], [ 6.173304039019906, 48.636168820448908 ], [ 6.173239986075109, 48.636219621010198 ], [ 6.173183754199057, 48.636274338062719 ], [ 6.173135884949022, 48.636332444662266 ], [ 6.173096839352071, 48.636393381220387 ], [ 6.173066993464364, 48.63645656089318 ], [ 6.173046634748542, 48.63652137523254 ], [ 6.173035959304127, 48.636587200045639 ], [ 6.173035069977676, 48.636653401406043 ], [ 6.173043975370919, 48.636719341758663 ], [ 6.173062589756497, 48.636784386059759 ], [ 6.173090733902172, 48.636847907892907 ], [ 6.17312813679559, 48.636909295501731 ], [ 6.173174438253094, 48.636967957681854 ], [ 6.173229192387457, 48.637023329474779 ], [ 6.17329187190122, 48.637074877609109 ], [ 6.17332294146186, 48.637095839447653 ], [ 6.17329451152543, 48.637118386916917 ], [ 6.173238278740679, 48.637173103954311 ], [ 6.173190408729091, 48.637231210532363 ], [ 6.173151362525068, 48.637292147062851 ], [ 6.173121516190621, 48.637355326702128 ], [ 6.173101157192687, 48.637420141002387 ], [ 6.173090481633515, 48.637485965771219 ], [ 6.173089592360759, 48.637552167082575 ], [ 6.173098497975639, 48.637618107381861 ], [ 6.173117112748663, 48.637683151625872 ], [ 6.173145257443863, 48.637746673398667 ], [ 6.173182661043589, 48.637808060944515 ], [ 6.173209172185616, 48.637841648910239 ], [ 6.173156528482039, 48.637826831700579 ], [ 6.173061200652151, 48.637807050493556 ], [ 6.172963406424624, 48.63779355714334 ], [ 6.172864087577361, 48.637786481593615 ], [ 6.172764200568968, 48.637785891983285 ], [ 6.172664707328902, 48.637791793990388 ], [ 6.172566565995007, 48.637804130777496 ], [ 6.17247072168751, 48.637822783538894 ], [ 6.172378097408328, 48.637847572644603 ], [ 6.17228958515325, 48.637878259370169 ], [ 6.172206037322554, 48.637914548195312 ], [ 6.172128258512737, 48.637956089649521 ], [ 6.172096629940052, 48.637976681323259 ], [ 6.17206260981264, 48.637957838454476 ], [ 6.171980051373608, 48.637920568198098 ], [ 6.171892378597508, 48.63788884049103 ], [ 6.171800435801072, 48.637862960878586 ], [ 6.171705108417973, 48.637843178587104 ], [ 6.171607314472597, 48.637829684124199 ], [ 6.171507995740136, 48.6378226074442 ], [ 6.171408108678082, 48.637822016696958 ], [ 6.171308615216417, 48.63782791757145 ], [ 6.171210473495116, 48.637840253241109 ], [ 6.171114628638137, 48.637858904911027 ], [ 6.171022003652686, 48.637883692961736 ], [ 6.170933490541355, 48.637914378678921 ], [ 6.170849941712666, 48.637950666551987 ], [ 6.170772161772728, 48.637992207119666 ], [ 6.170700899777011, 48.638038600335037 ], [ 6.170636842016826, 48.638089399417829 ], [ 6.170580605409994, 48.638144115156621 ], [ 6.170532731559346, 48.638202220619903 ], [ 6.170493681536256, 48.63826315623016 ], [ 6.170463831439511, 48.638326335152627 ], [ 6.170443468772285, 48.63839114894639 ], [ 6.170432789672157, 48.638456973423907 ], [ 6.170431897020891, 48.638523174661934 ], [ 6.170440799452243, 48.638589115106626 ], [ 6.170459411267381, 48.638654159713319 ], [ 6.170487553258823, 48.638717682062641 ], [ 6.170524954434967, 48.638779070393262 ], [ 6.170551464363102, 48.638812658923229 ], [ 6.170498820435274, 48.638797840551213 ], [ 6.17040349184126, 48.638778057233665 ], [ 6.170305696484515, 48.638764561712847 ], [ 6.170206376153826, 48.638757483953306 ], [ 6.170106487322076, 48.638756892115268 ], [ 6.170006991936285, 48.638762791898202 ], [ 6.169908848154959, 48.638775126486081 ], [ 6.169813001121894, 48.638793777094378 ], [ 6.169720373865251, 48.638818564113883 ], [ 6.169631858409492, 48.638849248840209 ], [ 6.169548307185716, 48.638885535772296 ], [ 6.169470524823097, 48.638927075457921 ], [ 6.169438894617803, 48.638947666409457 ], [ 6.169404874816159, 48.638928822797013 ], [ 6.169322316738167, 48.638891550729099 ], [ 6.169234643946735, 48.638859821091906 ], [ 6.169142700758748, 48.638833939449377 ], [ 6.16904737261165, 48.638814155047392 ], [ 6.168949577537182, 48.638800658413857 ], [ 6.168850257321411, 48.638793579524034 ], [ 6.168750368436117, 48.638792986549056 ], [ 6.168650872828834, 48.638798885199336 ], [ 6.1685527286602, 48.638811218669773 ], [ 6.16845688107774, 48.638829868186541 ], [ 6.168364253114908, 48.63885465415099 ], [ 6.168275736802964, 48.638885337868885 ], [ 6.168192184581252, 48.638921623848887 ], [ 6.168114401088557, 48.638963162647926 ], [ 6.168043135414558, 48.639009554236154 ], [ 6.167979073885987, 48.639060351848912 ], [ 6.167922833456958, 48.63911506628903 ], [ 6.167874955767108, 48.639173170637413 ], [ 6.16783590192478, 48.639234105327326 ], [ 6.167806048065547, 48.639297283532834 ], [ 6.167785681728814, 48.639362096820001 ], [ 6.167774999087503, 48.639427921006089 ], [ 6.16777410305748, 48.639494122170746 ], [ 6.167783002305039, 48.639560062760737 ], [ 6.167801611162016, 48.639625107730055 ], [ 6.167829750449418, 48.639688630655812 ], [ 6.167867149201686, 48.639750019771149 ], [ 6.167913447275049, 48.639808683857183 ], [ 6.167968198814882, 48.639864057937032 ], [ 6.168030876548715, 48.639915608717295 ], [ 6.168100876863581, 48.639962839724298 ], [ 6.168177525618847, 48.640005296085889 ], [ 6.168260084638528, 48.640042568912534 ], [ 6.168347758820573, 48.640074299235621 ], [ 6.168439703794655, 48.640100181464909 ], [ 6.168535034054694, 48.640119966331937 ], [ 6.168632831487747, 48.640133463290923 ], [ 6.168732154217108, 48.640140542354075 ], [ 6.168832045674402, 48.640141135343683 ], [ 6.168931543813255, 48.640135236548687 ], [ 6.169029690375742, 48.640122902779808 ], [ 6.169125540122342, 48.640104252822276 ], [ 6.169218169936437, 48.640079466291731 ], [ 6.169268852265999, 48.640061897446827 ], [ 6.169246491904074, 48.640096786847977 ], [ 6.169216639255682, 48.640159965361583 ], [ 6.16919627433027, 48.640224778843347 ], [ 6.169185593287168, 48.640290603108667 ], [ 6.169184699026853, 48.640356804236383 ], [ 6.169193600198576, 48.640422744673693 ], [ 6.169212211115645, 48.64048778937601 ], [ 6.169240352579226, 48.640551311923005 ], [ 6.169277753602803, 48.6406127005515 ], [ 6.169324054020732, 48.640671364047286 ], [ 6.169378807955806, 48.640726737439159 ], [ 6.169441488112488, 48.640778287440362 ], [ 6.169472558329536, 48.640799250218414 ], [ 6.169444124722151, 48.640821796699413 ], [ 6.169387883931867, 48.640876511750882 ], [ 6.169340006257154, 48.640934616602841 ], [ 6.169300952806219, 48.640995551683652 ], [ 6.169271099710859, 48.641058730163671 ], [ 6.169250734503132, 48.641123543606248 ], [ 6.169240053345087, 48.641189367827224 ], [ 6.169239159138309, 48.641255568905848 ], [ 6.169248060531537, 48.641321509289753 ], [ 6.169266671835941, 48.641386553934908 ], [ 6.169294813848964, 48.641450076421535 ], [ 6.169332215578799, 48.641511464987012 ], [ 6.169358726125576, 48.641545053705983 ], [ 6.169306079786687, 48.641530234840658 ], [ 6.169210746666002, 48.641510450613765 ], [ 6.169112946510472, 48.641496954144614 ], [ 6.169013621155093, 48.641489875406862 ], [ 6.168913727121137, 48.641489282570156 ], [ 6.168814226405722, 48.641495181343629 ], [ 6.168716077218673, 48.641507514920939 ], [ 6.168620224755846, 48.641526164527292 ], [ 6.168527592097687, 48.641550950563143 ], [ 6.168439071320675, 48.641581634333534 ], [ 6.168355514907153, 48.641617920346675 ], [ 6.168277727536271, 48.641659459159158 ], [ 6.168246095210074, 48.641680049747215 ], [ 6.168212074061587, 48.641661205837003 ], [ 6.168129512522409, 48.64162393302729 ], [ 6.168041835876398, 48.64159220258454 ], [ 6.167949888477559, 48.641566320080358 ], [ 6.167854555803885, 48.641546534768963 ], [ 6.167756755930712, 48.641533037187031 ], [ 6.167657430690315, 48.641525957318969 ], [ 6.167557536602861, 48.641525363345281 ], [ 6.167458035665982, 48.641531260986021 ], [ 6.167359886091636, 48.641543593445817 ], [ 6.167264033079405, 48.641562241960592 ], [ 6.167171399715031, 48.641587026941323 ], [ 6.16708287808179, 48.64161770970324 ], [ 6.16699932067027, 48.641653994764226 ], [ 6.166921532169233, 48.641695532690058 ], [ 6.166889899287571, 48.641716122917479 ], [ 6.166855878604032, 48.641697278620612 ], [ 6.166773317973938, 48.641660004872307 ], [ 6.166685642089847, 48.641628273432552 ], [ 6.166593695298427, 48.641602389882593 ], [ 6.166498363071823, 48.641582603486704 ], [ 6.166400563481065, 48.641569104791998 ], [ 6.16630123835571, 48.641562023793597 ], [ 6.166201344214817, 48.64156142868292 ], [ 6.166101843056531, 48.641567325190955 ], [ 6.166003693094943, 48.64157965653321 ], [ 6.165907839533366, 48.641598303956421 ], [ 6.165815205462828, 48.641623087882031 ], [ 6.16572668297341, 48.641653769635447 ], [ 6.165643124563938, 48.641690053744263 ], [ 6.165565334932788, 48.641731590783436 ], [ 6.165533701495717, 48.64175218065018 ], [ 6.165499681277108, 48.641733335966656 ], [ 6.16541712155615, 48.641696061279745 ], [ 6.16532944643403, 48.641664328843007 ], [ 6.165237500250085, 48.641638444247263 ], [ 6.165142168470609, 48.641618656766887 ], [ 6.165044369162325, 48.641605156959422 ], [ 6.164945044152071, 48.641598074830704 ], [ 6.164845149957796, 48.641597478583009 ], [ 6.164745648578164, 48.64160337395834 ], [ 6.164647498229392, 48.64161570418306 ], [ 6.164551644118523, 48.641634350514678 ], [ 6.164459009341877, 48.641659133385161 ], [ 6.164370485996328, 48.641689814130082 ], [ 6.164286926588951, 48.641726097286721 ], [ 6.164209135827732, 48.641767633439244 ], [ 6.164137862872342, 48.641814022583226 ], [ 6.164073794119635, 48.641864817977613 ], [ 6.164017546593293, 48.641919530446529 ], [ 6.163969662001302, 48.641977633089937 ], [ 6.163930601518479, 48.642038566357485 ], [ 6.163900741344344, 48.642101743436946 ], [ 6.163880369079123, 48.642166555905192 ], [ 6.16386968095283, 48.642232379587433 ], [ 6.163868779934162, 48.642298580568117 ], [ 6.163877674737459, 48.642364521295811 ], [ 6.16389627973736, 48.642429566723202 ], [ 6.163924415792026, 48.642493090422931 ], [ 6.163961811967035, 48.642554480620767 ], [ 6.16398831959498, 48.642588070505376 ], [ 6.163935673727714, 48.642573249280055 ], [ 6.163840340737496, 48.642553460773485 ], [ 6.16374254001797, 48.642539959907992 ], [ 6.163643213409561, 48.642532876699569 ], [ 6.163543317445612, 48.642532279360914 ], [ 6.163443814141819, 48.642538173644489 ], [ 6.163345661732941, 48.64255050278723 ], [ 6.163249805445852, 48.642569148057028 ], [ 6.163157168397826, 48.642593929896094 ], [ 6.163068642707616, 48.642624609649921 ], [ 6.162985080904876, 48.642660891865368 ], [ 6.162907287720651, 48.642702427135596 ], [ 6.162836012337952, 48.642748815464742 ], [ 6.162771941177008, 48.64279961011956 ], [ 6.16271569128469, 48.642854321931317 ], [ 6.16266780439177, 48.642912424006305 ], [ 6.162628741695224, 48.642973356799629 ], [ 6.162598879415891, 48.64303653350364 ], [ 6.162578505174273, 48.643101345698845 ], [ 6.162567815219418, 48.643167169213051 ], [ 6.162566912537632, 48.643233370132336 ], [ 6.162575805859275, 48.643299310905867 ], [ 6.162594409573257, 48.643364356485883 ], [ 6.162622544550124, 48.643427880443568 ], [ 6.162659939865835, 48.643489271002188 ], [ 6.162706235409724, 48.64354793692889 ], [ 6.162760985351531, 48.643603313229114 ], [ 6.162823662434182, 48.643654866588065 ], [ 6.162854731707994, 48.64367583104157 ], [ 6.162826293686166, 48.643698375889208 ], [ 6.162770042884534, 48.643753087685681 ], [ 6.162722155229463, 48.64381118973899 ], [ 6.162683091925268, 48.643872122504533 ], [ 6.16265322919864, 48.643935299174863 ], [ 6.162632854674391, 48.644000111330833 ], [ 6.162622164604294, 48.644065934800622 ], [ 6.162621261975763, 48.644132135670759 ], [ 6.162630155518649, 48.644198076390865 ], [ 6.162648759619731, 48.644263121913681 ], [ 6.162676895145827, 48.644326645810985 ], [ 6.162714291167609, 48.644388036306552 ], [ 6.162760587567613, 48.644446702168203 ], [ 6.162815338507333, 48.644502078401992 ], [ 6.162878016720089, 48.644553631693746 ], [ 6.162909086549316, 48.644574596117344 ], [ 6.162880648062461, 48.644597140961082 ], [ 6.162824396351487, 48.644651852742243 ], [ 6.16277650793424, 48.644709954773887 ], [ 6.162737444022375, 48.644770887511591 ], [ 6.162707580848442, 48.644834064148228 ], [ 6.162687206041555, 48.644898876264953 ], [ 6.162676515856212, 48.644964699690306 ], [ 6.162675613280941, 48.645030900511266 ], [ 6.162684507045079, 48.645096841177939 ], [ 6.162703111533276, 48.645161886643535 ], [ 6.162731247608622, 48.645225410480407 ], [ 6.162768644336504, 48.645286800912942 ], [ 6.162814941592654, 48.645345466709522 ], [ 6.162869693530324, 48.64540084287686 ], [ 6.162932372873222, 48.645452396101405 ], [ 6.163002375992892, 48.645499629885933 ], [ 6.163079028721693, 48.645542089331578 ], [ 6.163161592845376, 48.645579365519097 ], [ 6.163249273212737, 48.645611099447507 ], [ 6.163341225393881, 48.645636985491834 ], [ 6.163436563813317, 48.645656774346875 ], [ 6.163534370279522, 48.645670275428465 ], [ 6.163633702828788, 48.645677358709086 ], [ 6.163733604798163, 48.645677955970406 ], [ 6.163833114040028, 48.645672061460246 ], [ 6.163931272189521, 48.645659731948037 ], [ 6.164027133895523, 48.64564108617801 ], [ 6.164119775926231, 48.645616303725511 ], [ 6.164170465330528, 48.645598737130392 ], [ 6.16414809920307, 48.645633625413772 ], [ 6.164118237239961, 48.645696802358501 ], [ 6.164097863844439, 48.645761614669802 ], [ 6.164087175257408, 48.645827438174379 ], [ 6.164086274452004, 48.645893638958384 ], [ 6.164095170140524, 48.645959579472311 ], [ 6.164113776689081, 48.646024624670879 ], [ 6.164141914940927, 48.646088148128953 ], [ 6.164179313940488, 48.646149538074603 ], [ 6.164225613541618, 48.646208203280899 ], [ 6.164280367874986, 48.646263578760191 ], [ 6.164343049641225, 48.646315131205618 ], [ 6.164413055188541, 48.64636236412742 ], [ 6.164489710325914, 48.646404822635063 ], [ 6.164572276815896, 48.646442097818323 ], [ 6.164659959484492, 48.646473830685885 ], [ 6.164751913879644, 48.646499715622994 ], [ 6.164847254404537, 48.646519503335128 ], [ 6.164945062847369, 48.646533003249111 ], [ 6.165044397225395, 48.646540085348697 ], [ 6.16514430085805, 48.646540681426863 ], [ 6.165243811581694, 48.646534785742901 ], [ 6.165341971017194, 48.646522455077495 ], [ 6.165437833801047, 48.646503808186019 ], [ 6.165530476691067, 48.646479024654589 ], [ 6.165581166457514, 48.646461457472014 ], [ 6.165558800901901, 48.646496345995082 ], [ 6.165528940149734, 48.646559523247859 ], [ 6.165508568165693, 48.646624335753721 ], [ 6.165497881177092, 48.646690159337453 ], [ 6.165496982141673, 48.64675636008451 ], [ 6.165505879754688, 48.64682230044567 ], [ 6.165524488363722, 48.646887345377131 ], [ 6.165552628792181, 48.646950868456393 ], [ 6.165590030063525, 48.647012257915094 ], [ 6.165636332009735, 48.647070922531029 ], [ 6.165691088738892, 48.647126297322266 ], [ 6.165753772928559, 48.647177848988505 ], [ 6.16578484546825, 48.647198812616388 ], [ 6.165756406794215, 48.647221358097099 ], [ 6.165700155269064, 48.647276071116075 ], [ 6.165652267643416, 48.647334174176279 ], [ 6.165613205121311, 48.647395107723376 ], [ 6.165583343921913, 48.647458284942445 ], [ 6.165562971655329, 48.647523097408985 ], [ 6.165552284551596, 48.647588920948266 ], [ 6.165551385569568, 48.647655121646082 ], [ 6.165560283403982, 48.647721061953746 ], [ 6.165578892400291, 48.647786106827951 ], [ 6.165607033378174, 48.647849629846725 ], [ 6.165644435355802, 48.647911019242315 ], [ 6.165690738158352, 48.647969683793129 ], [ 6.165745495885663, 48.648025058517831 ], [ 6.16580818120568, 48.648076610116796 ], [ 6.165839254300931, 48.648097573714779 ], [ 6.16581081516182, 48.648120119191596 ], [ 6.165754562727312, 48.64817483219521 ], [ 6.165706674339501, 48.648232935233708 ], [ 6.165667611209765, 48.648293868752944 ], [ 6.165637749563121, 48.648357045938255 ], [ 6.165617377013989, 48.648421858365509 ], [ 6.165606689795124, 48.648487681860288 ], [ 6.165605790866489, 48.648553882508878 ], [ 6.165614688922312, 48.64861982276301 ], [ 6.165633298305911, 48.648684867579924 ], [ 6.16566143983324, 48.648748390538195 ], [ 6.165698842517177, 48.648809779870675 ], [ 6.1657451461761, 48.648868444356339 ], [ 6.165799904901598, 48.648923819014499 ], [ 6.165862591352006, 48.648975370546182 ], [ 6.165893665002797, 48.648996334114223 ], [ 6.165865225398641, 48.649018879587103 ], [ 6.165808972054745, 48.649073592575348 ], [ 6.165761082904745, 48.649131695592132 ], [ 6.165722019167359, 48.64919262908348 ], [ 6.165692157073461, 48.649255806235033 ], [ 6.165671784241768, 48.649320618622966 ], [ 6.165661096907769, 48.649386442073244 ], [ 6.165660198032533, 48.649452642672571 ], [ 6.165669096309773, 48.649518582873156 ], [ 6.16568770608068, 48.649583627632779 ], [ 6.165715848157475, 48.649647150530541 ], [ 6.165753251547749, 48.649708539799867 ], [ 6.165799556063075, 48.649767204220382 ], [ 6.165854315786798, 48.649822578811985 ], [ 6.16591700336764, 48.649874130276352 ], [ 6.165948077574029, 48.649895093814507 ], [ 6.165919637504768, 48.649917639283437 ], [ 6.165863383251458, 48.649972352256327 ], [ 6.165815493339244, 48.650030455251354 ], [ 6.165776428994191, 48.650091388714834 ], [ 6.16574656645302, 48.650154565832601 ], [ 6.165726193338764, 48.650219378181205 ], [ 6.165715505889628, 48.650285201586939 ], [ 6.165714607067796, 48.650351402136991 ], [ 6.165723505566464, 48.650417342284037 ], [ 6.165742115724693, 48.65048238698634 ], [ 6.165770258350976, 48.650545909823578 ], [ 6.165807662447612, 48.650607299029744 ], [ 6.165853967819374, 48.650665963385059 ], [ 6.165908728541356, 48.650721337910106 ], [ 6.165971417252671, 48.650772889307156 ], [ 6.166002492014644, 48.650793852815369 ], [ 6.165974051480299, 48.650816398280362 ], [ 6.165917796317543, 48.650871111237855 ], [ 6.165869905643094, 48.650929214211146 ], [ 6.165830840690353, 48.650990147646702 ], [ 6.165800977701898, 48.651053324730675 ], [ 6.165780604305072, 48.651118137039909 ], [ 6.165769916740798, 48.651183960401127 ], [ 6.165769017972373, 48.651250160901881 ], [ 6.165777916692478, 48.651316100995345 ], [ 6.165796527238045, 48.651381145640329 ], [ 6.165824670413837, 48.651444668417007 ], [ 6.165862075216863, 48.651506057560006 ], [ 6.16590838144509, 48.65156472185015 ], [ 6.165963143165371, 48.651620096308598 ], [ 6.166025833007198, 48.651671647638295 ], [ 6.166056908324809, 48.651692611116601 ], [ 6.166028467325332, 48.651715156577644 ], [ 6.165972211253103, 48.651769869519761 ], [ 6.165924319816392, 48.651827972471288 ], [ 6.165885254255946, 48.65188890587892 ], [ 6.165855390820195, 48.651952082929085 ], [ 6.165835017140789, 48.65201689519894 ], [ 6.165824329461375, 48.652082718515601 ], [ 6.165823430746361, 48.652148918967043 ], [ 6.165832329687914, 48.652214859006932 ], [ 6.165850940620836, 48.652279903594554 ], [ 6.165879084346158, 48.652343426310686 ], [ 6.165916489855598, 48.652404815390483 ], [ 6.165943003729284, 48.652438404564201 ], [ 6.165890347396267, 48.652423584324318 ], [ 6.165794995717734, 48.652403797544281 ], [ 6.165697176080194, 48.652390298394103 ], [ 6.165597830506252, 48.652383216873275 ], [ 6.165497915711883, 48.652382621178226 ], [ 6.165398393894124, 48.652388517045608 ], [ 6.165300223466009, 48.652400847697081 ], [ 6.16520434982794, 48.652419494386045 ], [ 6.165111696264283, 48.652444277541001 ], [ 6.165061000543585, 48.652461844436111 ], [ 6.165083368981362, 48.65242695618025 ], [ 6.165113233620432, 48.652363779348619 ], [ 6.165133608329073, 48.652298967220936 ], [ 6.16514429692168, 48.65223314397813 ], [ 6.165145196497478, 48.652166943536464 ], [ 6.16513629843011, 48.652101003442638 ], [ 6.165117688449304, 48.652035958733691 ], [ 6.165089545813832, 48.651972435821435 ], [ 6.165052141583839, 48.651911046459908 ], [ 6.16500583600918, 48.651852381854042 ], [ 6.164951075058992, 48.651797006966447 ], [ 6.164888386125955, 48.651745455076799 ], [ 6.164818372946647, 48.651698222646473 ], [ 6.164741709786927, 48.651655764537878 ], [ 6.164659134948356, 48.651618489634259 ], [ 6.164571443658205, 48.651586756902375 ], [ 6.164479480411509, 48.651560871935921 ], [ 6.164384130838874, 48.65154108401282 ], [ 6.164286313178374, 48.651527583694858 ], [ 6.164186969433576, 48.651520500992831 ], [ 6.164087056302838, 48.651519904114515 ], [ 6.163987535967175, 48.65152579880796 ], [ 6.163889366825353, 48.651538128306157 ], [ 6.163793494265388, 48.651556773873551 ], [ 6.163700841561257, 48.651581555949505 ], [ 6.163650146202829, 48.651599122257124 ], [ 6.163672515212546, 48.651564234240944 ], [ 6.163702381062803, 48.651501057717311 ], [ 6.163722757183216, 48.651436245784126 ], [ 6.163733447374579, 48.65137042262041 ], [ 6.163734348720718, 48.651304222141682 ], [ 6.163725452578226, 48.651238281894969 ], [ 6.163706844658294, 48.651173236918844 ], [ 6.163678704199843, 48.651109713627633 ], [ 6.163641302242055, 48.651048323779051 ], [ 6.163614790550525, 48.65101473405425 ], [ 6.163667444821015, 48.651029555317002 ], [ 6.163762793190348, 48.651049343821974 ], [ 6.163860609821631, 48.651062844575023 ], [ 6.163959952653255, 48.651069927551823 ], [ 6.164059864923233, 48.651070524536927 ], [ 6.164159384384738, 48.651064629780834 ], [ 6.164257552574482, 48.651052300055341 ], [ 6.164353424044645, 48.651033654106769 ], [ 6.164446075469384, 48.651008871512111 ], [ 6.164534614538157, 48.650978190949459 ], [ 6.164618188550191, 48.650941907899067 ], [ 6.16469599262727, 48.650900371797285 ], [ 6.164767277465714, 48.650853982670959 ], [ 6.164831356552893, 48.650803187284481 ], [ 6.164887612778746, 48.650748474836725 ], [ 6.164935504378624, 48.650690372249414 ], [ 6.164974570150271, 48.6506294390921 ], [ 6.165004433894679, 48.650566262192839 ], [ 6.165024808038099, 48.650501449986407 ], [ 6.165035496400368, 48.650435626654499 ], [ 6.165036396082924, 48.650369426114239 ], [ 6.165027498458382, 48.650303485913248 ], [ 6.165008889252202, 48.65023844108962 ], [ 6.164980747715693, 48.65017491805628 ], [ 6.164943344898415, 48.650113528568411 ], [ 6.164897041036617, 48.650054863832182 ], [ 6.164842282082937, 48.649999488811446 ], [ 6.164779595410826, 48.649947936787143 ], [ 6.164709584735091, 48.649900704221984 ], [ 6.164632924297476, 48.649858245979665 ], [ 6.164550352373329, 48.649820970944695 ], [ 6.164462664161857, 48.649789238085127 ], [ 6.164370704128443, 48.649763352995862 ], [ 6.164275357872753, 48.649743564956005 ], [ 6.164177543600917, 48.649730064528505 ], [ 6.164078203283868, 48.649722981725169 ], [ 6.163978293586959, 48.649722384754774 ], [ 6.163878776658136, 48.649728279366244 ], [ 6.163780610863358, 48.649740608793365 ], [ 6.16368474155841, 48.649759254301266 ], [ 6.163592091985922, 48.649784036329876 ], [ 6.163541398332632, 48.649801602617622 ], [ 6.163563766646385, 48.649766714569431 ], [ 6.163593631601893, 48.649703537978198 ], [ 6.163614007156982, 48.649638725966298 ], [ 6.163624697117891, 48.649572902713494 ], [ 6.163625598570663, 48.649506702136186 ], [ 6.163616702870861, 48.649440761782373 ], [ 6.163598095725408, 48.649375716691601 ], [ 6.16356995636577, 48.649312193279357 ], [ 6.163532555820538, 48.649250803304469 ], [ 6.163486254304081, 48.649192137977842 ], [ 6.163431497746451, 48.649136762268967 ], [ 6.163368813498025, 48.649085209465433 ], [ 6.163298805250269, 48.649037976037441 ], [ 6.163222147221545, 48.648995516857006 ], [ 6.163139577664004, 48.648958240817677 ], [ 6.163051891754065, 48.648926506897176 ], [ 6.162959933934944, 48.648900620700616 ], [ 6.162864589784987, 48.648880831517779 ], [ 6.162766777490045, 48.648867329922602 ], [ 6.162667439002014, 48.648860245938138 ], [ 6.162567530968635, 48.648859647784555 ], [ 6.162468015521833, 48.648865541222186 ], [ 6.162369851013297, 48.648877869496062 ], [ 6.162273982786424, 48.648896513882477 ], [ 6.162181334073463, 48.648921294832121 ], [ 6.162130640782459, 48.648938860532397 ], [ 6.162153009668044, 48.648903972723915 ], [ 6.162182875834537, 48.648840796440737 ], [ 6.162203252801176, 48.648775984623349 ], [ 6.162213944360609, 48.648710161449699 ], [ 6.162214847583478, 48.648643960835393 ], [ 6.1622059538083, 48.648578020328806 ], [ 6.162187348723462, 48.648512974970906 ], [ 6.162159211540581, 48.648449451179808 ], [ 6.162121813267289, 48.648388060717977 ], [ 6.162075514096075, 48.648329394800967 ], [ 6.162020759934401, 48.648274018404003 ], [ 6.161958078109575, 48.648222464821288 ], [ 6.161927006495242, 48.64820150021346 ], [ 6.161955447352051, 48.648178955665117 ], [ 6.162011703763616, 48.648124244455119 ], [ 6.162059596155079, 48.648066142896276 ], [ 6.162098663316554, 48.648005210548234 ], [ 6.162128529035647, 48.647942034231292 ], [ 6.162148905719587, 48.647877222374596 ], [ 6.162159597163736, 48.647811399156446 ], [ 6.162160500439852, 48.647745198492906 ], [ 6.162151606885936, 48.647679257932779 ], [ 6.162133002188242, 48.647614212517638 ], [ 6.16210486555466, 48.647550688666058 ], [ 6.162067467987527, 48.647489298141117 ], [ 6.162021169672532, 48.647430632159001 ], [ 6.161966416508893, 48.647375255695529 ], [ 6.161903735814301, 48.647323702045568 ], [ 6.161833731245999, 48.647276467687462 ], [ 6.161757076986915, 48.647234007502178 ], [ 6.161674511252897, 48.647196730392935 ], [ 6.161586829183542, 48.647164995347765 ], [ 6.161494875185086, 48.647139107982618 ], [ 6.16139953479908, 48.647119317598531 ], [ 6.161301726175128, 48.647105814780993 ], [ 6.161202391229779, 48.64709872956486 ], [ 6.161102486576653, 48.64709813018213 ], [ 6.16100297431513, 48.647104022404967 ], [ 6.160904812766222, 48.647116349490126 ], [ 6.160808947244822, 48.647134992725348 ], [ 6.160716300957131, 48.647159772572422 ], [ 6.160665608880943, 48.647177337675288 ], [ 6.160687977990295, 48.64714245009052 ], [ 6.160717844920214, 48.647079274081655 ], [ 6.160738223015537, 48.647014462419541 ], [ 6.160748916058033, 48.646948639280588 ], [ 6.160749821104066, 48.646882438580114 ], [ 6.160740929474588, 48.646816497867242 ], [ 6.160722326837321, 48.646751452185043 ], [ 6.160694192380312, 48.64668792795468 ], [ 6.160656797084935, 48.646626536942854 ], [ 6.160610501115, 48.646567870370447 ], [ 6.160555750347141, 48.646512493218957 ], [ 6.160493072075981, 48.6464609387899 ], [ 6.160423069935418, 48.646413703569088 ], [ 6.160346418085007, 48.646371242445802 ], [ 6.1602638547174, 48.646333964332356 ], [ 6.160176174949401, 48.646302228226375 ], [ 6.16008422316509, 48.646276339754046 ], [ 6.159988884884693, 48.646256548227072 ], [ 6.159891078237541, 48.646243044241992 ], [ 6.159791745121142, 48.646235957844844 ], [ 6.159691842131508, 48.646235357279018 ], [ 6.159592331351997, 48.646241248328081 ], [ 6.159494171089351, 48.646253574260093 ], [ 6.159398306646077, 48.646272216373887 ], [ 6.159305661217993, 48.646296995142059 ], [ 6.159254969504107, 48.646314559657498 ], [ 6.159277339185184, 48.646279672312403 ], [ 6.159307207325812, 48.646216496611629 ], [ 6.159327586832402, 48.646151685144112 ], [ 6.159338281473126, 48.646085862084384 ], [ 6.159339188288956, 48.646019661346998 ], [ 6.159330298583804, 48.645953720481444 ], [ 6.15931169800685, 48.64588867453223 ], [ 6.159283565726303, 48.645825149923127 ], [ 6.159246172702575, 48.645763758424444 ], [ 6.159199879077599, 48.645705091261789 ], [ 6.159145130705429, 48.645649713422365 ], [ 6.159082454857613, 48.645598158214234 ], [ 6.159051385953823, 48.645577192810755 ], [ 6.159079826623161, 48.645554648899378 ], [ 6.159136083219969, 48.645499938927188 ], [ 6.159183976402488, 48.645441838396906 ], [ 6.159223044953216, 48.645380906858286 ], [ 6.159252912646369, 48.645317731123797 ], [ 6.15927329187016, 48.645252919617 ], [ 6.15928398639549, 48.645187096512828 ], [ 6.159284893264438, 48.645120895726237 ], [ 6.159276003780399, 48.645054954807215 ], [ 6.159257403590432, 48.644989908800802 ], [ 6.159229271859007, 48.644926384131253 ], [ 6.159191879541255, 48.644864992569559 ], [ 6.159145586772304, 48.644806325341868 ], [ 6.159090839397966, 48.64475094743598 ], [ 6.159028164680176, 48.644699392160675 ], [ 6.158958166218619, 48.644652156009947 ], [ 6.158881518137416, 48.644609693881996 ], [ 6.158798958592919, 48.644572414698814 ], [ 6.158711282665124, 48.644540677468356 ], [ 6.158619334701123, 48.644514787827632 ], [ 6.158524000184355, 48.644494995099592 ], [ 6.158426197207907, 48.644481489892307 ], [ 6.15832686763394, 48.644474402263626 ], [ 6.158226968024355, 48.644473800468795 ], [ 6.158127460429958, 48.644479690303207 ], [ 6.15802930312682, 48.644492015046616 ], [ 6.15793344138895, 48.644510656009324 ], [ 6.157840798386108, 48.644535433674967 ], [ 6.15775226629439, 48.64456610942927 ], [ 6.157668697705093, 48.644602387857574 ], [ 6.157590897414619, 48.644643919589555 ], [ 6.157559259079217, 48.6446645072891 ], [ 6.157525239839216, 48.644645660374508 ], [ 6.157442681204251, 48.644608380252727 ], [ 6.157355006038824, 48.644576642025285 ], [ 6.157263058682689, 48.64455075133877 ], [ 6.157167724613433, 48.6445309575262 ], [ 6.157069921919833, 48.644517451206099 ], [ 6.156970592461326, 48.644510362447051 ], [ 6.156870692798702, 48.644509759515152 ], [ 6.156771184983276, 48.644515648216789 ], [ 6.156673027293249, 48.644527971842571 ], [ 6.156577165006353, 48.644546611713587 ], [ 6.15648452129764, 48.644571388324017 ], [ 6.15643383030852, 48.644588951664559 ], [ 6.156456201132804, 48.644554064798925 ], [ 6.156486071694506, 48.644490889714447 ], [ 6.156506454023277, 48.644426078636222 ], [ 6.156517151860105, 48.644360255735037 ], [ 6.156518062215181, 48.64429405492394 ], [ 6.156509176358322, 48.644228113753108 ], [ 6.156490579901656, 48.644163067270007 ], [ 6.156462451973701, 48.644099541903529 ], [ 6.156425063492957, 48.644038149431331 ], [ 6.156378774557601, 48.64397948108833 ], [ 6.156324030976528, 48.643924101873118 ], [ 6.156261359975142, 48.643872545107037 ], [ 6.156191365117338, 48.643825307298442 ], [ 6.156114720492535, 48.643782843361542 ], [ 6.156032164223803, 48.643745562235686 ], [ 6.15594449135959, 48.643713822947582 ], [ 6.155852546217488, 48.643687931154048 ], [ 6.155757214253762, 48.643668136198734 ], [ 6.155659413536915, 48.643654628711211 ], [ 6.155560085907351, 48.643647538771262 ], [ 6.155460187908242, 48.643646934656388 ], [ 6.155360681574891, 48.643652822184343 ], [ 6.15526252517122, 48.643665144657085 ], [ 6.155166663962576, 48.643683783406736 ], [ 6.155074021113626, 48.643708558938314 ], [ 6.154985488798982, 48.643739232658071 ], [ 6.154901919612084, 48.643775509170936 ], [ 6.154824118355088, 48.643817039125011 ], [ 6.154792479431083, 48.643837626104116 ], [ 6.154758461725216, 48.643818778386638 ], [ 6.154675906366087, 48.643781496322248 ], [ 6.154588234264327, 48.643749756037174 ], [ 6.154496289730186, 48.643723863197877 ], [ 6.154400958214074, 48.643704067158083 ], [ 6.154303157780185, 48.643690558557765 ], [ 6.154203830266196, 48.643683467487456 ], [ 6.15410393221417, 48.643682862235543 ], [ 6.154004425659914, 48.643688748630701 ], [ 6.153906268869485, 48.643701069985845 ], [ 6.153810407111949, 48.643719707643818 ], [ 6.153717763557259, 48.643744482120169 ], [ 6.15362923038682, 48.64377515483131 ], [ 6.15354566020232, 48.643811430391871 ], [ 6.153467857815516, 48.643852959459153 ], [ 6.153436218336217, 48.643873546077501 ], [ 6.153402201095504, 48.643854697973396 ], [ 6.15331964664603, 48.643817414970442 ], [ 6.153231975306776, 48.643785673688441 ], [ 6.153140031380651, 48.643759779803375 ], [ 6.153044700312211, 48.64373998267908 ], [ 6.152946900161337, 48.643726472965987 ], [ 6.152847572762984, 48.64371938076534 ], [ 6.152747674658099, 48.643718774376367 ], [ 6.152648167883, 48.643724659638742 ], [ 6.152550010705866, 48.643736979876273 ], [ 6.152454148399493, 48.643755616442569 ], [ 6.152361504139116, 48.643780389863686 ], [ 6.152272970112935, 48.64381106156619 ], [ 6.152189398930878, 48.643847336174453 ], [ 6.152111595414308, 48.643888864354928 ], [ 6.152079955379699, 48.643909450612547 ], [ 6.152045938604195, 48.643890602121807 ], [ 6.151963385064428, 48.643853318180312 ], [ 6.151875714487735, 48.64382157590137 ], [ 6.151783771169682, 48.643795680970563 ], [ 6.151688440548972, 48.64377588276178 ], [ 6.151590640681172, 48.643762371935914 ], [ 6.151491313398513, 48.643755278604893 ], [ 6.151391415240827, 48.643754671078888 ], [ 6.151291908244942, 48.643760555208466 ], [ 6.151193750681164, 48.64377287432837 ], [ 6.151097887826007, 48.643791509802988 ], [ 6.151005242859995, 48.643816282168864 ], [ 6.150916707978123, 48.643846952862724 ], [ 6.150833135798554, 48.64388322651866 ], [ 6.150755331152262, 48.643924753812307 ], [ 6.1507236905624, 48.643945339709155 ], [ 6.150689674252083, 48.643926490831795 ], [ 6.150607121622074, 48.643889205951794 ], [ 6.150519451807996, 48.643857462675896 ], [ 6.150427509098071, 48.643831566699347 ], [ 6.150332178925147, 48.643811767406085 ], [ 6.150234379340481, 48.643798255467445 ], [ 6.150135052173574, 48.643791161006057 ], [ 6.150035153963148, 48.643790552343013 ], [ 6.149935646746535, 48.643796435339809 ], [ 6.149837488796168, 48.643808753342078 ], [ 6.149741625392284, 48.643827387724997 ], [ 6.149648979720689, 48.643852159035617 ], [ 6.149560443983175, 48.643882828720827 ], [ 6.149476870806143, 48.643919101424451 ], [ 6.14939906503017, 48.643960627831234 ], [ 6.149367423885053, 48.643981213367347 ], [ 6.149333408039968, 48.643962364103359 ], [ 6.149250856319767, 48.643925078284845 ], [ 6.149163187268357, 48.643893334012013 ], [ 6.149071245166617, 48.64386743698973 ], [ 6.148975915441537, 48.643847636611994 ], [ 6.148878116140062, 48.643834123560573 ], [ 6.148778789088968, 48.64382702796884 ], [ 6.148678890825859, 48.643826418168736 ], [ 6.148579383388577, 48.643832300032734 ], [ 6.148481225051677, 48.643844616917377 ], [ 6.148385361099121, 48.643863250208589 ], [ 6.148292714721999, 48.643888020463947 ], [ 6.148204178128891, 48.643918689140506 ], [ 6.148120603954442, 48.643954960891783 ], [ 6.148042797048832, 48.643996486411723 ], [ 6.148011155348464, 48.644017071587065 ], [ 6.147977139968645, 48.643998221936485 ], [ 6.147894589158303, 48.643960935179457 ], [ 6.147806920869615, 48.643929189909713 ], [ 6.147714979376117, 48.643903291841703 ], [ 6.147619650098938, 48.643883490379487 ], [ 6.147521851080714, 48.643869976215285 ], [ 6.147422524145491, 48.643862879493192 ], [ 6.147322625829759, 48.643862268556042 ], [ 6.147223118171865, 48.643868149287258 ], [ 6.14712495944849, 48.643880465054259 ], [ 6.147029094947317, 48.643899097253765 ], [ 6.146936447864717, 48.643923866453854 ], [ 6.146847910416068, 48.64395453412174 ], [ 6.146764335244248, 48.643990804920662 ], [ 6.146686527209044, 48.644032329553738 ], [ 6.146615235636473, 48.644078708127552 ], [ 6.146551147102662, 48.644129494002797 ], [ 6.146494878821782, 48.644184198095296 ], [ 6.146446972701683, 48.64424229358567 ], [ 6.146407890124497, 48.644303220992462 ], [ 6.146378007502515, 48.644366393559892 ], [ 6.146357612652139, 48.644431202908308 ], [ 6.146346902020891, 48.644497024892921 ], [ 6.146345978794199, 48.644563225614583 ], [ 6.146354851900285, 48.644629167524336 ], [ 6.146373435922748, 48.644694215563497 ], [ 6.14640155192178, 48.64475774327957 ], [ 6.146438929156121, 48.644819138859603 ], [ 6.146465426682133, 48.644852732578315 ], [ 6.14641278350096, 48.644837903639093 ], [ 6.146317453013872, 48.644818101150499 ], [ 6.14621965258516, 48.644804585928043 ], [ 6.146120324052456, 48.644797488125981 ], [ 6.146020423967631, 48.644796876097566 ], [ 6.145920914386072, 48.644802755736713 ], [ 6.145822753602982, 48.64481507042138 ], [ 6.145726886925878, 48.644833701558724 ], [ 6.145634237572087, 48.644858469727005 ], [ 6.145545697778854, 48.644889136403421 ], [ 6.145462120211639, 48.644925406260732 ], [ 6.145384309753294, 48.64496693001113 ], [ 6.145352666420266, 48.644987514463821 ], [ 6.145318651367285, 48.644968664069594 ], [ 6.145236100920399, 48.644931375500953 ], [ 6.145148432618719, 48.644899628300941 ], [ 6.145056490735909, 48.644873728202583 ], [ 6.144961160696851, 48.644853924629501 ], [ 6.144863360551513, 48.64484040829425 ], [ 6.1447640321348, 48.644833309361829 ], [ 6.144664131997465, 48.644832696196325 ], [ 6.144564622195402, 48.644838574702668 ], [ 6.144466461025935, 48.64485088826968 ], [ 6.144370593800304, 48.644869518315268 ], [ 6.144277943741114, 48.644894285428258 ], [ 6.144189403092408, 48.644924951095966 ], [ 6.14410582452788, 48.644961220000866 ], [ 6.144028012939986, 48.645002742864371 ], [ 6.143996369051758, 48.64502332695627 ], [ 6.143962354464098, 48.645004476175423 ], [ 6.143879804927255, 48.644967186668289 ], [ 6.143792137388484, 48.644935438471371 ], [ 6.1437001961141, 48.644909537327266 ], [ 6.143604866523129, 48.644889732669725 ], [ 6.143507066661225, 48.644876215221679 ], [ 6.143407738360561, 48.644869115158883 ], [ 6.143307838170777, 48.644868500856319 ], [ 6.143208328148267, 48.644874378229822 ], [ 6.14311016659248, 48.644886690679165 ], [ 6.143014298818376, 48.644905319633011 ], [ 6.142921648053843, 48.644930085690682 ], [ 6.142870952165583, 48.644947643255932 ], [ 6.142893332185545, 48.644912758947584 ], [ 6.142923219326531, 48.64484958728287 ], [ 6.14294361859369, 48.64478477854496 ], [ 6.142954333564883, 48.644718956882095 ], [ 6.14295526108528, 48.64465275619537 ], [ 6.142946392259395, 48.644586814033808 ], [ 6.142927812535335, 48.644521765454414 ], [ 6.14289970088048, 48.64445823690626 ], [ 6.142862328056618, 48.644396840197643 ], [ 6.142816054011154, 48.644338166604314 ], [ 6.142761324409591, 48.644282781175392 ], [ 6.142698666342718, 48.644231217292067 ], [ 6.142667604815603, 48.644210247593357 ], [ 6.142696051800031, 48.644187707567191 ], [ 6.142752324056043, 48.644133005268792 ], [ 6.142800234177999, 48.644074911258592 ], [ 6.142839320785245, 48.644013985023562 ], [ 6.142869207478091, 48.643950813325091 ], [ 6.142889606461764, 48.64388600454788 ], [ 6.142900321316857, 48.643820182840564 ], [ 6.142901248889657, 48.64375398210467 ], [ 6.142892380284168, 48.643688039889717 ], [ 6.142873800946377, 48.643622991253181 ], [ 6.142845689839942, 48.64355946264471 ], [ 6.142808317721369, 48.643498065873182 ], [ 6.142762044531268, 48.643439392214937 ], [ 6.142707315926903, 48.643384006719728 ], [ 6.142644658989464, 48.643332442769399 ], [ 6.142613598017507, 48.643311473040903 ], [ 6.142642044536589, 48.643288933010751 ], [ 6.142698315882531, 48.643234230696898 ], [ 6.142746225241548, 48.643176136664927 ], [ 6.14278531124033, 48.643115210401994 ], [ 6.142815197485048, 48.643052038669765 ], [ 6.142835596185244, 48.642987229853283 ], [ 6.142846310924239, 48.642921408101529 ], [ 6.142847238549437, 48.642855207316515 ], [ 6.142838370164335, 48.642789265048158 ], [ 6.142819791212797, 48.642724216354502 ], [ 6.142791680654761, 48.642660687685719 ], [ 6.142754309241449, 48.642599290851294 ], [ 6.142708036906678, 48.642540617128141 ], [ 6.14265330929948, 48.642485231566674 ], [ 6.142590653491429, 48.642433667549341 ], [ 6.14252067290012, 48.642386421654372 ], [ 6.142444041477582, 48.642343948873801 ], [ 6.142361497219759, 48.642306658232179 ], [ 6.142273835059436, 48.642274908847824 ], [ 6.142181899211136, 48.642249006474827 ], [ 6.142086575041628, 48.642229200558702 ], [ 6.141988780544362, 48.642215681834578 ], [ 6.141889457499849, 48.642208580490419 ], [ 6.141789562407114, 48.642207964913602 ], [ 6.141690057273467, 48.642213841032195 ], [ 6.141591900351281, 48.642226152258111 ], [ 6.14149603691089, 48.642244780031717 ], [ 6.141403390138451, 48.642269544963767 ], [ 6.141314852246349, 48.642300208562567 ], [ 6.141231275881736, 48.642336475530527 ], [ 6.141153465915878, 48.642377996607685 ], [ 6.141082171693382, 48.642424371934844 ], [ 6.141018079815892, 48.642475154903984 ], [ 6.140961807529772, 48.642529856458907 ], [ 6.140913896781439, 48.642587949804657 ], [ 6.140874808997592, 48.642648875480468 ], [ 6.140844920640662, 48.642712046747192 ], [ 6.140824519582274, 48.64277685523772 ], [ 6.140813802329737, 48.642842676815548 ], [ 6.140812872132234, 48.642908877585413 ], [ 6.140821737985124, 48.642974819997939 ], [ 6.140840314541855, 48.643039868989547 ], [ 6.140868422934518, 48.643103398098596 ], [ 6.140905792495106, 48.643164795498727 ], [ 6.140932285631121, 48.643198390494078 ], [ 6.140879645682415, 48.643183559089955 ], [ 6.140784320303369, 48.643163752147444 ], [ 6.140686524395981, 48.643150232364988 ], [ 6.140587199754346, 48.643143129940825 ], [ 6.140487302892863, 48.643142513272686 ], [ 6.140387795835879, 48.643148388299188 ], [ 6.140289636854289, 48.643160698442706 ], [ 6.140193771238256, 48.643179325154087 ], [ 6.140101122194888, 48.643204089054279 ], [ 6.140050427032442, 48.64322164544479 ], [ 6.140072808194526, 48.643186761616015 ], [ 6.140102697754713, 48.643123590567939 ], [ 6.140123099842264, 48.643058782219718 ], [ 6.140133818007877, 48.642992960715851 ], [ 6.140134749065953, 48.642926759955927 ], [ 6.140125884086932, 48.642860817489662 ], [ 6.140107308481874, 48.642795768376985 ], [ 6.14007920117849, 48.642732239072096 ], [ 6.14004183289666, 48.642670841390611 ], [ 6.139995563540046, 48.642612166617617 ], [ 6.139940838728996, 48.642556779813631 ], [ 6.139878185508165, 48.642505214373053 ], [ 6.139847126135871, 48.642484243908974 ], [ 6.139875573396876, 48.642461704523768 ], [ 6.139931846745196, 48.642407003478745 ], [ 6.139979758418094, 48.642348910519111 ], [ 6.140018847019973, 48.642287985121733 ], [ 6.140048736131929, 48.642224814039899 ], [ 6.140069137935894, 48.642160005652407 ], [ 6.140079855985291, 48.642094184104131 ], [ 6.140080787095642, 48.642027983295094 ], [ 6.140071922336882, 48.641962040775446 ], [ 6.140053347117949, 48.641896991605677 ], [ 6.140025240362832, 48.641833462240513 ], [ 6.139987872786132, 48.641772064496159 ], [ 6.139941604284718, 48.641713389658307 ], [ 6.139886880470701, 48.641658002788077 ], [ 6.139824228379136, 48.641606437280565 ], [ 6.139754251391818, 48.641559189728298 ], [ 6.139677623426079, 48.641516715139304 ], [ 6.13959508244457, 48.641479422555555 ], [ 6.139507423348528, 48.641447671114065 ], [ 6.139415490322966, 48.641421766588728 ], [ 6.139320168707474, 48.64140195844579 ], [ 6.139222376470905, 48.641388437441812 ], [ 6.139123055372004, 48.641381333786754 ], [ 6.139023161891058, 48.641380715890193 ], [ 6.138923658019855, 48.641386589702591 ], [ 6.13882550199861, 48.641398898658004 ], [ 6.138729639088986, 48.64141752421876 ], [ 6.138636992472023, 48.641442287016837 ], [ 6.13854845435861, 48.641472948581111 ], [ 6.138464877398027, 48.641509213633618 ], [ 6.13838706646728, 48.641550732932792 ], [ 6.138355422447665, 48.64157131558585 ], [ 6.138321412136012, 48.641552463140592 ], [ 6.138238872064633, 48.641515169618444 ], [ 6.138151213731619, 48.641483417180147 ], [ 6.138059281314633, 48.641457511609161 ], [ 6.137963960147406, 48.641437702381843 ], [ 6.137866168194476, 48.641424180265155 ], [ 6.137766847211854, 48.641417075479801 ], [ 6.137666953678709, 48.641416456446251 ], [ 6.137567449587332, 48.641422329125866 ], [ 6.137469293180058, 48.641434636963673 ], [ 6.137373429722266, 48.641453261432716 ], [ 6.137280782400275, 48.641478023175523 ], [ 6.137192243431764, 48.641508683731118 ], [ 6.137108665474245, 48.641544947831228 ], [ 6.137030853414325, 48.641586466243496 ], [ 6.136999208839662, 48.641607048535747 ], [ 6.136965198993396, 48.64158819570396 ], [ 6.136882659832199, 48.641550901243427 ], [ 6.136795002262264, 48.64151914780831 ], [ 6.136703070453911, 48.641493241191689 ], [ 6.136607749735007, 48.641473430879984 ], [ 6.136509958065774, 48.641459907650606 ], [ 6.13641063719949, 48.641452801734957 ], [ 6.136310743614205, 48.641452181564389 ], [ 6.136211239302712, 48.641458053111251 ], [ 6.136113082509466, 48.64147035983143 ], [ 6.136017218503561, 48.641488983208767 ], [ 6.135924570476596, 48.64151374389629 ], [ 6.135836030653036, 48.641544403443177 ], [ 6.135752451698629, 48.64158066659089 ], [ 6.135674638509579, 48.641622184116258 ], [ 6.135642993379897, 48.641642766047674 ], [ 6.135608983999022, 48.641623912829338 ], [ 6.13552644574806, 48.641586617430441 ], [ 6.135438788941261, 48.641554862998511 ], [ 6.135346857741596, 48.641528955336256 ], [ 6.135251537471072, 48.641509143940176 ], [ 6.135153746085595, 48.641495619598089 ], [ 6.135054425335708, 48.641488512552151 ], [ 6.134954531698341, 48.64148789124458 ], [ 6.13485502716679, 48.64149376165868 ], [ 6.134756869987629, 48.64150606726124 ], [ 6.134661005433666, 48.641524689546863 ], [ 6.134568356701779, 48.641549449179081 ], [ 6.13447981602322, 48.641580107717267 ], [ 6.134396236071972, 48.641616369912576 ], [ 6.134318421753836, 48.641657886550988 ], [ 6.134247122455327, 48.641704257816066 ], [ 6.134183024826967, 48.641755037138893 ], [ 6.134126746170502, 48.64180973549842 ], [ 6.134078828493689, 48.641867826130444 ], [ 6.134039733289946, 48.641928749600318 ], [ 6.134009837093156, 48.641991919190176 ], [ 6.133989427850445, 48.642056726549043 ], [ 6.13397870214793, 48.642122547551317 ], [ 6.133977763316182, 48.642188748307284 ], [ 6.1339866204337, 48.642254691267674 ], [ 6.134005188238063, 48.642319741363664 ], [ 6.134033287945656, 48.642383272122991 ], [ 6.134070648972111, 48.642444671703366 ], [ 6.134097137355255, 48.642478268238499 ], [ 6.134044500068437, 48.642463433805915 ], [ 6.133949178588773, 48.642443621383343 ], [ 6.133851385793554, 48.642430095982903 ], [ 6.133752063446905, 48.642422987856875 ], [ 6.133652168041128, 48.642422365457904 ], [ 6.133552661586551, 48.642428234779814 ], [ 6.133454502348265, 48.642440539299884 ], [ 6.133358635618905, 48.64245916052316 ], [ 6.133265984616302, 48.642483919123443 ], [ 6.133177441593572, 48.642514576669974 ], [ 6.133093859247272, 48.64255083792348 ], [ 6.133016042506266, 48.642592353679042 ], [ 6.132944740780402, 48.642638724128702 ], [ 6.132880640743578, 48.642689502711413 ], [ 6.132824359720733, 48.64274420041319 ], [ 6.132776439742413, 48.642802290476247 ], [ 6.132737342324202, 48.642863213471365 ], [ 6.132707444021306, 48.642926382685296 ], [ 6.132687032801137, 48.642991189770633 ], [ 6.132676305268859, 48.643057010604437 ], [ 6.13267536477266, 48.643123211298608 ], [ 6.132684220407076, 48.643189154304487 ], [ 6.132702786923965, 48.643254204552804 ], [ 6.132730885552116, 48.643317735569816 ], [ 6.132768245717558, 48.643379135510791 ], [ 6.132814507648163, 48.643437813052543 ], [ 6.132869225837407, 48.643493203088667 ], [ 6.132931873334036, 48.643544772172056 ], [ 6.133001846816322, 48.643592023652793 ], [ 6.133078472402075, 48.643634502461524 ], [ 6.133161012138475, 48.643671799492573 ], [ 6.133248671109208, 48.643703555544214 ], [ 6.133340605090468, 48.643729464778389 ], [ 6.13343592868206, 48.643749277666586 ], [ 6.133533723835276, 48.643762803393159 ], [ 6.133633048695377, 48.643769911693262 ], [ 6.13373294667347, 48.64377053410756 ], [ 6.133832455660372, 48.643764664641651 ], [ 6.13393061729368, 48.643752359823779 ], [ 6.134026486188715, 48.643733738160343 ], [ 6.134119139044425, 48.643708978994503 ], [ 6.134169836668868, 48.643691425134698 ], [ 6.134147451355799, 48.643726307839927 ], [ 6.134117554262042, 48.643789477362255 ], [ 6.134097144451633, 48.643854284642536 ], [ 6.134086418516159, 48.643920105555964 ], [ 6.134085479788435, 48.643986306213648 ], [ 6.134094337345964, 48.644052249067293 ], [ 6.134112905922087, 48.644117299049114 ], [ 6.134141006725759, 48.644180829687905 ], [ 6.134178369162062, 48.64424222914257 ], [ 6.134224633436994, 48.644300906094642 ], [ 6.134279354021454, 48.644356295443373 ], [ 6.134342003941126, 48.644407863748278 ], [ 6.134373062248908, 48.644428835613716 ], [ 6.134344611548353, 48.644451373648238 ], [ 6.134288330160802, 48.644506071961231 ], [ 6.13424041019421, 48.644564162527764 ], [ 6.134201313164048, 48.644625085913837 ], [ 6.134171415621788, 48.64468825540235 ], [ 6.134151005527518, 48.644753062643332 ], [ 6.134140279475562, 48.644818883512308 ], [ 6.134139340799857, 48.644885084120837 ], [ 6.134148198577405, 48.644951026921092 ], [ 6.134166767539432, 48.645016076845778 ], [ 6.134194868891176, 48.645079607424279 ], [ 6.134232232032441, 48.645141006816075 ], [ 6.134258721884264, 48.645174603239788 ], [ 6.134206081839255, 48.64515976891191 ], [ 6.13411075538651, 48.645139956663122 ], [ 6.134012957510278, 48.645126431425666 ], [ 6.133913630023616, 48.645119323450288 ], [ 6.133813729468324, 48.64511870118816 ], [ 6.133714217904317, 48.645124570631801 ], [ 6.133616053645888, 48.645136875257329 ], [ 6.133520182034021, 48.645155496568769 ], [ 6.133427526333557, 48.645180255239019 ], [ 6.133338978842859, 48.64521091283671 ], [ 6.133255392301504, 48.64524717412209 ], [ 6.133177571678763, 48.645288689889867 ], [ 6.133106266421861, 48.645335060332009 ], [ 6.133042163238706, 48.645385838887513 ], [ 6.132985879484534, 48.645440536542715 ], [ 6.132937957216201, 48.645498626540203 ], [ 6.132898857971345, 48.645559549451448 ], [ 6.132868958322768, 48.645622718563963 ], [ 6.132848546250843, 48.645687525531358 ], [ 6.132837818368941, 48.6457533462318 ], [ 6.132836878028621, 48.645819546778498 ], [ 6.132845734322921, 48.645885489624199 ], [ 6.13286430199735, 48.645950539701161 ], [ 6.132892402269549, 48.646014070537326 ], [ 6.132929764549722, 48.646075470289674 ], [ 6.132976029045373, 48.646134147636843 ], [ 6.133030750225278, 48.646189537474321 ], [ 6.133093401109387, 48.646241106356889 ], [ 6.133124460004857, 48.646262078515704 ], [ 6.13309600776971, 48.646284616217642 ], [ 6.133039723105037, 48.646339313857283 ], [ 6.132991800073318, 48.646397403832893 ], [ 6.132952700219543, 48.646458326716143 ], [ 6.132922800122379, 48.646521495794836 ], [ 6.13290238776652, 48.646586302722874 ], [ 6.132891659768074, 48.646652123378843 ], [ 6.132890719479721, 48.646718323876335 ], [ 6.132899575994004, 48.646784266668597 ], [ 6.13291814405431, 48.646849316688424 ], [ 6.132946244874567, 48.646912847464264 ], [ 6.132983607859704, 48.646974247153715 ], [ 6.133029873210432, 48.647032924436004 ], [ 6.133084595387297, 48.647088314207224 ], [ 6.133147247400646, 48.647139883022817 ], [ 6.13317830685123, 48.647160855151895 ], [ 6.133149854150521, 48.647183392849811 ], [ 6.133093568575319, 48.647238090473884 ], [ 6.133045644780189, 48.64729618042761 ], [ 6.133006544317476, 48.64735710328285 ], [ 6.132976643771713, 48.647420272327679 ], [ 6.132956231131914, 48.647485079216359 ], [ 6.13294550301692, 48.64755089982782 ], [ 6.132944562780541, 48.647617100276108 ], [ 6.132953419514814, 48.647683043014922 ], [ 6.132971987961013, 48.647748092977587 ], [ 6.13300008932935, 48.647811623693102 ], [ 6.133037453019473, 48.647873023319605 ], [ 6.133083719225313, 48.647931700537008 ], [ 6.133138442399174, 48.647987090241955 ], [ 6.133201095541803, 48.648038658990579 ], [ 6.133271075277096, 48.648085910136153 ], [ 6.133347707662645, 48.648128388612591 ], [ 6.133430254680143, 48.648165685317394 ], [ 6.133517921343153, 48.648197441051934 ], [ 6.133609863353781, 48.648223349981301 ], [ 6.133705195234505, 48.648243162579838 ], [ 6.133802998856781, 48.648256688034742 ], [ 6.1339023322843, 48.648263796083725 ], [ 6.134002238845655, 48.648264418269925 ], [ 6.134101756348997, 48.648258548601135 ], [ 6.134199926349899, 48.648246243607502 ], [ 6.134295803383087, 48.648227621797183 ], [ 6.134388464069134, 48.648202862514694 ], [ 6.134477016008289, 48.64817220421363 ], [ 6.134560606375813, 48.648135942159797 ], [ 6.134638430135948, 48.648094425587395 ], [ 6.134670079562794, 48.648073844033426 ], [ 6.134704092797767, 48.648092697418427 ], [ 6.134786640725807, 48.648129993184732 ], [ 6.134874308152223, 48.64816174792238 ], [ 6.134966250771768, 48.648187655805998 ], [ 6.135061583101056, 48.648207467320034 ], [ 6.135159387007221, 48.648220991662093 ], [ 6.135258720551223, 48.648228098580653 ], [ 6.135358627060528, 48.648228719629707 ], [ 6.135458144343795, 48.648222848828006 ], [ 6.135556313958706, 48.648210542716626 ], [ 6.135652190443716, 48.64819191981443 ], [ 6.135744850424673, 48.648167159476515 ], [ 6.135795551823414, 48.648149604990266 ], [ 6.135773165686834, 48.648184487871241 ], [ 6.135743268008415, 48.648247657566614 ], [ 6.135722858472601, 48.648312464884427 ], [ 6.135712133668342, 48.648378285699479 ], [ 6.135711196917561, 48.64844448612385 ], [ 6.135720057278731, 48.648510428611466 ], [ 6.135738629458197, 48.648575478098067 ], [ 6.13576673463022, 48.648639008117264 ], [ 6.135804102157813, 48.648700406833861 ], [ 6.135850372197949, 48.648759082936543 ], [ 6.135905099166006, 48.648814471332713 ], [ 6.13596775602619, 48.64886603859108 ], [ 6.13599881763197, 48.648887009954784 ], [ 6.135970365207544, 48.648909548293652 ], [ 6.135914080724037, 48.648964247171143 ], [ 6.135866158479336, 48.649022338175449 ], [ 6.135827060010856, 48.649083261868363 ], [ 6.135797161883927, 48.649146431529886 ], [ 6.135776752064275, 48.649211238808306 ], [ 6.135766027143583, 48.649277059578814 ], [ 6.1357650904449, 48.649343259953937 ], [ 6.135773951026198, 48.649409202388085 ], [ 6.135792523591703, 48.64947425181748 ], [ 6.135820629311956, 48.649537781776289 ], [ 6.135857997544698, 48.649599180429924 ], [ 6.135884490697614, 48.649632776367277 ], [ 6.135831845706304, 48.649617942812775 ], [ 6.13573651051538, 48.649598131938269 ], [ 6.135638703885743, 48.649584608085419 ], [ 6.135539367714742, 48.649577501491649 ], [ 6.135439458627804, 48.649576880594822 ], [ 6.135339938767005, 48.64958275137429 ], [ 6.135241766526533, 48.649595057293332 ], [ 6.135145887324237, 48.649613679843483 ], [ 6.135053224498057, 48.649638439685752 ], [ 6.134964670414973, 48.64966909837748 ], [ 6.134881077878052, 48.649705360668328 ], [ 6.134803251914301, 48.649746877343368 ], [ 6.13477160152782, 48.649767458903945 ], [ 6.134737587179763, 48.649748605564589 ], [ 6.134655036732966, 48.649711309814677 ], [ 6.134567366843231, 48.649679554956784 ], [ 6.134475421799516, 48.649653646797681 ], [ 6.134380087057147, 48.649633834838632 ], [ 6.134282280711392, 48.64962030987293 ], [ 6.134182944656861, 48.6496132021487 ], [ 6.134083035517864, 48.649612580114699 ], [ 6.133983515436976, 48.649618449761235 ], [ 6.133885342810506, 48.649630754562466 ], [ 6.133789463060019, 48.649649376020747 ], [ 6.133696799528732, 48.649674134807555 ], [ 6.133608244590417, 48.649704792490411 ], [ 6.133524651056375, 48.649741053828691 ], [ 6.133446823963216, 48.649782569616669 ], [ 6.133415173021547, 48.649803150816368 ], [ 6.133381159139089, 48.64978429709042 ], [ 6.133298609602893, 48.649747000402023 ], [ 6.133210940476618, 48.64971524454721 ], [ 6.13311899604187, 48.649689335342345 ], [ 6.133023661748116, 48.649669522298744 ], [ 6.1329258556863, 48.649655996220197 ], [ 6.132826519748299, 48.649648887365501 ], [ 6.132726610557302, 48.649648264194319 ], [ 6.132627090256384, 48.649654132707909 ], [ 6.132528917243972, 48.64966643639135 ], [ 6.132433036945348, 48.649685056757725 ], [ 6.132340372709008, 48.649709814489093 ], [ 6.132251816915511, 48.649740471163049 ], [ 6.132168222384397, 48.649776731548769 ], [ 6.13209039416187, 48.649818246449648 ], [ 6.132019081768351, 48.649864616065955 ], [ 6.131954971980471, 48.649915393844687 ], [ 6.131898682217075, 48.649970090779632 ], [ 6.131850754592892, 48.650028180120351 ], [ 6.131811650697143, 48.650089102444582 ], [ 6.131781747147425, 48.650152271045542 ], [ 6.131761331961686, 48.650217077581729 ], [ 6.131750601783288, 48.65028289793549 ], [ 6.131749659985913, 48.650349098223359 ], [ 6.131758515676639, 48.65041504090059 ], [ 6.131777083606794, 48.650480090901077 ], [ 6.131805184991562, 48.650543621753449 ], [ 6.131842549230439, 48.650605021614574 ], [ 6.131869040314214, 48.65063861841633 ], [ 6.131816395449341, 48.650623783100443 ], [ 6.131721059946186, 48.65060396903025 ], [ 6.131623252474301, 48.650590441893165 ], [ 6.131523914939143, 48.650583331958209 ], [ 6.131424003979278, 48.650582707695456 ], [ 6.131324481754817, 48.650588575116622 ], [ 6.13122630668271, 48.650600877717366 ], [ 6.131130424208074, 48.650619497021168 ], [ 6.131037757700358, 48.650644253720316 ], [ 6.130949199561995, 48.650674909402383 ], [ 6.1308656026351, 48.650711168846044 ], [ 6.130787771988959, 48.650752682863782 ], [ 6.130716457167323, 48.650799051664393 ], [ 6.13065234497021, 48.650849828702732 ], [ 6.130596052839665, 48.65090452497968 ], [ 6.130548122913214, 48.650962613751148 ], [ 6.13050901680225, 48.651023535600409 ], [ 6.130479111145702, 48.651086703825172 ], [ 6.130458693981808, 48.651151510087615 ], [ 6.130447961972985, 48.651217330272701 ], [ 6.130447018510542, 48.651283530498596 ], [ 6.130455872717592, 48.651349473221146 ], [ 6.130474439359757, 48.651414523373795 ], [ 6.130502539664624, 48.651478054483746 ], [ 6.130539903042089, 48.651539454705336 ], [ 6.130586169689098, 48.651598132712728 ], [ 6.130640894053716, 48.651653523394984 ], [ 6.130703549125225, 48.651705093298808 ], [ 6.130734610306389, 48.65172606598486 ], [ 6.130706154070312, 48.651748603013367 ], [ 6.130649861028988, 48.651803299274675 ], [ 6.130601930338898, 48.651861388024145 ], [ 6.13056282361879, 48.651922309845311 ], [ 6.130532917513461, 48.651985478036138 ], [ 6.130512500065473, 48.652050284259126 ], [ 6.130501767939976, 48.652116104399639 ], [ 6.130500824529409, 48.652182304576222 ], [ 6.130509678956384, 48.652248247245247 ], [ 6.130528245984404, 48.652313297340655 ], [ 6.130556346837345, 48.652376828390203 ], [ 6.130593710919826, 48.652438228548803 ], [ 6.130620202129895, 48.652471825576725 ], [ 6.130567555774471, 48.652456989731867 ], [ 6.130472217403772, 48.652437174692999 ], [ 6.130374406827658, 48.652423646551668 ], [ 6.130275065981482, 48.65241653558661 ], [ 6.130175151535695, 48.652415910277803 ], [ 6.130075625683972, 48.65242177664706 ], [ 6.1299774468782, 48.652434078200123 ], [ 6.129881560599445, 48.652452696470618 ], [ 6.129788890253792, 48.652477452160724 ], [ 6.129700328280631, 48.652508106867785 ], [ 6.129616727559009, 48.652544365379839 ], [ 6.129538893194749, 48.652585878518359 ], [ 6.129467574767414, 48.65263224650058 ], [ 6.129403459111741, 48.65268302278924 ], [ 6.129347163703085, 48.65273771839248 ], [ 6.129299230710543, 48.652795806572662 ], [ 6.129260121775031, 48.652856727918746 ], [ 6.129230213562686, 48.652919895733319 ], [ 6.129209794136361, 48.652984701682506 ], [ 6.129199060180261, 48.653050521654272 ], [ 6.129198115104452, 48.653116721768846 ], [ 6.129206968047586, 48.653182664483118 ], [ 6.129225533787461, 48.653247714730668 ], [ 6.129253633560356, 48.653311246037738 ], [ 6.129290996781293, 48.653372646556804 ], [ 6.129317487627888, 48.653406243847968 ], [ 6.129264840701634, 48.653391407439251 ], [ 6.129169501121543, 48.65337159137372 ], [ 6.12907168913534, 48.653358062173808 ], [ 6.128972346691954, 48.653350950128406 ], [ 6.12887243047722, 48.653350323727913 ], [ 6.128772902701848, 48.653356189004668 ], [ 6.128674721836247, 48.653368489474936 ], [ 6.128578833381318, 48.653387106682736 ], [ 6.128486160764104, 48.653411861340523 ], [ 6.128397596445869, 48.653442515055545 ], [ 6.128313993328243, 48.653478772625405 ], [ 6.12823615654012, 48.653520284880663 ], [ 6.128204501287423, 48.653540864632134 ], [ 6.128170486852751, 48.653522009477868 ], [ 6.128087935133777, 48.653484709296592 ], [ 6.128000262907128, 48.65345294970772 ], [ 6.127908314484272, 48.653427036563592 ], [ 6.127812975353078, 48.653407219413452 ], [ 6.127715163651078, 48.653393689100639 ], [ 6.127615821324465, 48.653386575924699 ], [ 6.12751590505795, 48.653385948386955 ], [ 6.127416377062741, 48.653391812530678 ], [ 6.127318195811363, 48.653404111883056 ], [ 6.127222306808435, 48.653422727998858 ], [ 6.127129633486272, 48.65344748160107 ], [ 6.127078924045805, 48.65346503232248 ], [ 6.127101318238718, 48.653430151228854 ], [ 6.127131229313187, 48.653366983975502 ], [ 6.127151651463457, 48.653302178403187 ], [ 6.127162388047021, 48.653236358629691 ], [ 6.127163335700917, 48.653170158537911 ], [ 6.127154485335772, 48.653104215671149 ], [ 6.127135922221921, 48.653039165093197 ], [ 6.127107825166799, 48.652975633272391 ], [ 6.127070464791607, 48.652914232048538 ], [ 6.127024200923879, 48.652855552740867 ], [ 6.126969479131121, 48.652800160453552 ], [ 6.126906826428941, 48.652748588633827 ], [ 6.126836846205029, 48.652701333935056 ], [ 6.126760212407898, 48.652658851434062 ], [ 6.126677663056367, 48.65262155024903 ], [ 6.126589993132288, 48.652589789599794 ], [ 6.126498046924958, 48.652563875348925 ], [ 6.126402709900908, 48.652544057056325 ], [ 6.126304900177382, 48.652530525576317 ], [ 6.126205559681519, 48.652523411219711 ], [ 6.126105645080401, 48.652522782499176 ], [ 6.126006118569198, 48.652528645469417 ], [ 6.125907938606145, 48.652540943668868 ], [ 6.125812050683454, 48.652559558663434 ], [ 6.125719378223037, 48.652584311186892 ], [ 6.125668669146107, 48.652601861320903 ], [ 6.125691063909796, 48.652566980467093 ], [ 6.125720976193474, 48.65250381352211 ], [ 6.125741399753667, 48.652439008144704 ], [ 6.125752137934287, 48.652373188450753 ], [ 6.125753087356991, 48.65230698832243 ], [ 6.125744238915369, 48.65224104530337 ], [ 6.125725677861233, 48.65217599445883 ], [ 6.125697582982179, 48.652112462259709 ], [ 6.125660224878449, 48.652051060549475 ], [ 6.125613963355706, 48.651992380652011 ], [ 6.125559243958871, 48.651936987677225 ], [ 6.125496593680477, 48.651885415078922 ], [ 6.125426615884874, 48.651838159517986 ], [ 6.125349984497192, 48.651795676079551 ], [ 6.125267437513045, 48.651758373890786 ], [ 6.12517976989149, 48.651726612181257 ], [ 6.125087825899647, 48.651700696823674 ], [ 6.124992490982716, 48.651680877388664 ], [ 6.124894683237649, 48.651667344741497 ], [ 6.124795344572533, 48.651660229204275 ], [ 6.12469543163682, 48.651659599300999 ], [ 6.124595906609643, 48.651665461097764 ], [ 6.124497727934946, 48.651677758144324 ], [ 6.124401841092532, 48.651696372017675 ], [ 6.124309169493914, 48.651721123462409 ], [ 6.124258460780597, 48.651738673009049 ], [ 6.124280856114963, 48.651703792395089 ], [ 6.124310769607734, 48.651640625758496 ], [ 6.124331194577732, 48.651575820576006 ], [ 6.12434193435529, 48.651510000961672 ], [ 6.124342885546683, 48.651443800796834 ], [ 6.12433403902847, 48.651377857625512 ], [ 6.124315480033934, 48.651312806514433 ], [ 6.124287387330835, 48.651249273937033 ], [ 6.124250031498464, 48.651187871740468 ], [ 6.124203772320605, 48.65112919125329 ], [ 6.1241490553196, 48.651073797591067 ], [ 6.124086407464907, 48.651022224214238 ], [ 6.12405534936669, 48.651001249783143 ], [ 6.124083808061077, 48.650978714328701 ], [ 6.124140107079326, 48.650924021131438 ], [ 6.124188044084873, 48.650865934935517 ], [ 6.124227157438148, 48.650805015152649 ], [ 6.124257070481882, 48.650741848482099 ], [ 6.124277495167523, 48.650677043260153 ], [ 6.124288234828144, 48.650611223601217 ], [ 6.124289186071143, 48.650545023387117 ], [ 6.124280339772579, 48.650479080162292 ], [ 6.124261781163623, 48.650414028994007 ], [ 6.124233689008319, 48.650350496356253 ], [ 6.124196333880682, 48.650289094096749 ], [ 6.124150075557705, 48.650230413544662 ], [ 6.124095359553499, 48.650175019816196 ], [ 6.124032712827922, 48.650123446372426 ], [ 6.123962738711109, 48.650076189882363 ], [ 6.123886111092761, 48.650033705440102 ], [ 6.123803567932199, 48.649996402182488 ], [ 6.123715904151652, 48.649964639349342 ], [ 6.123623963981255, 48.649938722824238 ], [ 6.12352863282941, 48.649918902189022 ], [ 6.123430828756806, 48.649905368320539 ], [ 6.123331493636173, 48.649898251552642 ], [ 6.123231584082822, 48.649897620421186 ], [ 6.123132062243322, 48.649903481004081 ], [ 6.123033886530913, 48.649915776862798 ], [ 6.12293800239688, 48.649934389585766 ], [ 6.122845333226644, 48.649959139928626 ], [ 6.122756771448282, 48.649989789540172 ], [ 6.122673169938956, 48.650026043257562 ], [ 6.122595333812073, 48.65006755194841 ], [ 6.122563678429676, 48.650088130260919 ], [ 6.122529668272618, 48.650069273442384 ], [ 6.122447126023064, 48.650031969246342 ], [ 6.122359463006409, 48.650000205416333 ], [ 6.122267523445429, 48.649974287845502 ], [ 6.122172192742657, 48.649954466125799 ], [ 6.122074388954462, 48.649940931144471 ], [ 6.12197505395083, 48.649933813246122 ], [ 6.121875144345952, 48.64993318097747 ], [ 6.121775622286886, 48.649939040427398 ], [ 6.121677446188992, 48.649951335168268 ], [ 6.121581561507264, 48.649969946799295 ], [ 6.121488891632399, 48.649994696086623 ], [ 6.121400328999255, 48.650025344689219 ], [ 6.121316726493228, 48.65006159745392 ], [ 6.121238889237324, 48.650103105257593 ], [ 6.121167566838941, 48.650149468368809 ], [ 6.121103446171056, 48.650200240297217 ], [ 6.121047144757286, 48.650254932092942 ], [ 6.12099920482455, 48.650313017055041 ], [ 6.120960088080595, 48.650373935803451 ], [ 6.120930171266751, 48.650437101665808 ], [ 6.120909742528695, 48.650501906326987 ], [ 6.120898998640308, 48.650567725687395 ], [ 6.120898043107302, 48.65063392587313 ], [ 6.120906885169037, 48.650699869340443 ], [ 6.120925439708098, 48.6507649210156 ], [ 6.120953528068638, 48.650828454411148 ], [ 6.120990879775585, 48.650889857659415 ], [ 6.121017364034973, 48.650923456865108 ], [ 6.120964721961008, 48.650908616759097 ], [ 6.120869390049402, 48.650888794012673 ], [ 6.120771584851668, 48.650875257972707 ], [ 6.120672248251364, 48.650868138993943 ], [ 6.120572336878056, 48.650867505633563 ], [ 6.120472812895835, 48.65087336399089 ], [ 6.120374634738579, 48.650885657648885 ], [ 6.120278747881108, 48.650904268217126 ], [ 6.12018607573508, 48.650929016472041 ], [ 6.120135366406527, 48.650946564275898 ], [ 6.120157764150616, 48.650911684413693 ], [ 6.120187682168361, 48.650848518770289 ], [ 6.120208111936117, 48.650783714251659 ], [ 6.120218856738006, 48.65071789496541 ], [ 6.120219813131917, 48.650651694789772 ], [ 6.120210971944302, 48.650585751268849 ], [ 6.120192418357109, 48.650520699472693 ], [ 6.120164331086025, 48.650457165881441 ], [ 6.120126980658022, 48.650395762351906 ], [ 6.120080726804846, 48.650337080225562 ], [ 6.120026014997558, 48.65028168463369 ], [ 6.119963372155601, 48.650230109055386 ], [ 6.119893401571715, 48.65018285018018 ], [ 6.119816777101581, 48.650140363125146 ], [ 6.1197342366742, 48.650103057052284 ], [ 6.11964657518549, 48.650071291228556 ], [ 6.119554636843511, 48.650045371566314 ], [ 6.119459307039061, 48.650025547677593 ], [ 6.119361503819857, 48.650012010470604 ], [ 6.119262169050409, 48.650004890311351 ], [ 6.119162259342648, 48.650004255768323 ], [ 6.119062736844628, 48.650010112952309 ], [ 6.118964559975934, 48.650022405457484 ], [ 6.118868674198979, 48.650041014904602 ], [ 6.118776002915013, 48.650065762080828 ], [ 6.118725293950212, 48.650083309297329 ], [ 6.118747692264784, 48.650048429675003 ], [ 6.118777611491253, 48.649985264340074 ], [ 6.118798042668447, 48.649920460016453 ], [ 6.118808789066917, 48.649854640809885 ], [ 6.118809747229172, 48.649788440597838 ], [ 6.118800907964635, 48.649722496924767 ], [ 6.118782356436732, 48.6496574448622 ], [ 6.118754271341314, 48.649593910892811 ], [ 6.118716923184406, 48.649532506877101 ], [ 6.118670671675877, 48.649473824161163 ], [ 6.118615962264208, 48.649418427882011 ], [ 6.118553321845776, 48.649366851525329 ], [ 6.118522266948376, 48.649345875623304 ], [ 6.118550727125467, 48.649323341459088 ], [ 6.118607030146275, 48.649268650800245 ], [ 6.118654971777772, 48.649210566749822 ], [ 6.118694090335835, 48.649149648698895 ], [ 6.118724009113062, 48.649086483330017 ], [ 6.118744440005679, 48.649021678966953 ], [ 6.118755186286979, 48.648955859715826 ], [ 6.118756144500596, 48.648889659454532 ], [ 6.118747305455456, 48.648823715727993 ], [ 6.118728754312875, 48.648758663608277 ], [ 6.118700669764989, 48.648695129578577 ], [ 6.11866332231255, 48.648633725499991 ], [ 6.118617071658639, 48.64857504271923 ], [ 6.118562363243512, 48.648519646373913 ], [ 6.118499723953942, 48.648468069950354 ], [ 6.118429757048458, 48.648420810146263 ], [ 6.118353136347319, 48.648378322087645 ], [ 6.118270599743229, 48.648341014946155 ], [ 6.118182942095284, 48.648309247999052 ], [ 6.118091007574566, 48.648283327169509 ], [ 6.117995681535068, 48.648263502080823 ], [ 6.117897881988254, 48.648249963652731 ], [ 6.11779855076327, 48.648242842262995 ], [ 6.117698644437914, 48.648242206491965 ], [ 6.117599125127668, 48.648248062462258 ], [ 6.117500951221419, 48.648260353779733 ], [ 6.117405068153054, 48.648278962076603 ], [ 6.117312399297734, 48.648303708151083 ], [ 6.117223837080497, 48.648334353693116 ], [ 6.117140234382734, 48.648370603578989 ], [ 6.117062396329288, 48.648412108713281 ], [ 6.116991072535242, 48.648458469390299 ], [ 6.116926949887008, 48.648509239143124 ], [ 6.116870645927267, 48.648563929042844 ], [ 6.116822702907456, 48.648622012406761 ], [ 6.116783582565047, 48.648682929870219 ], [ 6.116753661676017, 48.648746094773166 ], [ 6.116733228425295, 48.648810898809813 ], [ 6.116722479630205, 48.648876717886544 ], [ 6.11672151884372, 48.648942918132185 ], [ 6.116730355355787, 48.649008862002404 ], [ 6.116748904102436, 48.649073914419596 ], [ 6.116776986483601, 48.649137448889157 ], [ 6.1168143320818, 48.649198853533107 ], [ 6.116840812803143, 48.649232453714369 ], [ 6.116788173615227, 48.649217611742507 ], [ 6.116692846367195, 48.649197785627116 ], [ 6.116595045411144, 48.649184246140337 ], [ 6.116495712589783, 48.649177123670171 ], [ 6.116395804496289, 48.649176486807377 ], [ 6.116296283263168, 48.649182341685069 ], [ 6.116198107297825, 48.649194631919627 ], [ 6.116102222053974, 48.649213239153681 ], [ 6.116009550927729, 48.649237984195722 ], [ 6.115920986365993, 48.649268628745588 ], [ 6.115837381272734, 48.649304877689168 ], [ 6.115759540795866, 48.649346381940077 ], [ 6.115727883161344, 48.649366958449107 ], [ 6.115693875936847, 48.649348099668416 ], [ 6.115611339699141, 48.649310790715319 ], [ 6.115523682041086, 48.649279021837813 ], [ 6.115431747133858, 48.649253098977709 ], [ 6.115336420335178, 48.649233271777845 ], [ 6.115238619663818, 48.64921973117827 ], [ 6.115139286959754, 48.64921260757766 ], [ 6.115039378815029, 48.649211969577699 ], [ 6.114939857362645, 48.64921782332241 ], [ 6.114841681012116, 48.649230112439135 ], [ 6.114745795220868, 48.649248718581227 ], [ 6.114653123390282, 48.649273462567699 ], [ 6.114564557974048, 48.649304106108588 ], [ 6.114480951884357, 48.649340354099458 ], [ 6.114403110278722, 48.649381857463105 ], [ 6.114371452089298, 48.649402433611201 ], [ 6.114337445330657, 48.649383574443952 ], [ 6.114254910004239, 48.649346264552527 ], [ 6.114167253110375, 48.649314494678208 ], [ 6.114075318812881, 48.649288570772434 ], [ 6.113979992463605, 48.649268742488111 ], [ 6.113882192076999, 48.649255200775713 ], [ 6.113782859490288, 48.649248076044692 ], [ 6.113682951294393, 48.649247436907544 ], [ 6.113583429622802, 48.649253289519301 ], [ 6.113485252887147, 48.649265577518172 ], [ 6.113389366548556, 48.649284182568309 ], [ 6.113296694013683, 48.649308925499192 ], [ 6.113208127742999, 48.649339568031074 ], [ 6.113124520656926, 48.649375815069249 ], [ 6.113046677922566, 48.649417317545641 ], [ 6.112975349200076, 48.64946367578019 ], [ 6.112911221423332, 48.649514443329544 ], [ 6.112854912184399, 48.649569131285936 ], [ 6.112806963785551, 48.649627212985443 ], [ 6.112767838016064, 48.649688129079408 ], [ 6.11273791170418, 48.649751292921003 ], [ 6.112717473087046, 48.649816096214607 ], [ 6.112706719033675, 48.649881914873788 ], [ 6.112705753147671, 48.649948115031407 ], [ 6.112714584768103, 48.650014059143956 ], [ 6.112733128878107, 48.650079112131536 ], [ 6.112761206922276, 48.650142647494029 ], [ 6.112798548524896, 48.650204053344829 ], [ 6.112825027175997, 48.650237654390175 ], [ 6.112772388116026, 48.650222810656963 ], [ 6.112677060558386, 48.650202981345856 ], [ 6.112579258762687, 48.650189438574742 ], [ 6.112479924579727, 48.650182312763206 ], [ 6.112380014615795, 48.650181672534202 ], [ 6.112280491021407, 48.650187524053258 ], [ 6.112182312226709, 48.650199810969127 ], [ 6.112086423712659, 48.65021841495637 ], [ 6.111993748906861, 48.650243156854721 ], [ 6.111943037495689, 48.65026070118261 ], [ 6.11196544040754, 48.650225822840312 ], [ 6.111995367923413, 48.650162659217749 ], [ 6.112015807570317, 48.650097856066751 ], [ 6.112026562537233, 48.650032037481772 ], [ 6.112027529284148, 48.6499658373343 ], [ 6.112018698537812, 48.649899893168183 ], [ 6.112000155379617, 48.649834840059697 ], [ 6.111972078424812, 48.649771304501556 ], [ 6.111934738101027, 48.649709898369615 ], [ 6.111888494042697, 48.649651213030317 ], [ 6.111833791626562, 48.649595813645945 ], [ 6.111771157681631, 48.649544233732087 ], [ 6.111740105398079, 48.649523256065862 ], [ 6.111768568592561, 48.649500723524774 ], [ 6.111824878893352, 48.649446036078572 ], [ 6.111872828216373, 48.64938795476543 ], [ 6.111911954803421, 48.649327038950055 ], [ 6.111941881869762, 48.649263875293514 ], [ 6.111962321231797, 48.649199072103045 ], [ 6.111973076081246, 48.649133253473515 ], [ 6.111974042879229, 48.649067053276802 ], [ 6.111965212352001, 48.649001109057217 ], [ 6.111946669578841, 48.648936055891589 ], [ 6.111918593171293, 48.64887252027318 ], [ 6.111881253551712, 48.648811114078391 ], [ 6.111835010347751, 48.6487524286743 ], [ 6.111780308927923, 48.648697029223818 ], [ 6.111717676111639, 48.648645449243162 ], [ 6.111647715095095, 48.648598185464273 ], [ 6.111571099641838, 48.648555693051442 ], [ 6.11148856759404, 48.648518381218281 ], [ 6.111400913766928, 48.648486609287197 ], [ 6.111308982294785, 48.648460683229402 ], [ 6.111213658502255, 48.648440852718529 ], [ 6.111115860379162, 48.648427308726482 ], [ 6.111016529740945, 48.648420181684671 ], [ 6.110916623159752, 48.648419540227856 ], [ 6.110817102753528, 48.648425390533397 ], [ 6.110718926921716, 48.648437676261743 ], [ 6.110623041116741, 48.648456279098845 ], [ 6.110530368740117, 48.648481019895584 ], [ 6.110441802250792, 48.648511660392685 ], [ 6.110358194571289, 48.648547905515066 ], [ 6.110280350874428, 48.648589406213127 ], [ 6.1102486915432, 48.648609981279556 ], [ 6.110214686785702, 48.648591120923392 ], [ 6.110132155649318, 48.648553808151924 ], [ 6.110044502586533, 48.64852203522409 ], [ 6.109952571724273, 48.648496108120654 ], [ 6.109857248381308, 48.648476276525322 ], [ 6.109759450543137, 48.64846273142053 ], [ 6.10966012002245, 48.648455603248287 ], [ 6.109560213390266, 48.648454960654313 ], [ 6.109460692765023, 48.648460809826901 ], [ 6.109362516548268, 48.648473094437378 ], [ 6.109266630196137, 48.648491696182525 ], [ 6.109173957115411, 48.648516435923696 ], [ 6.109085389771817, 48.648547075411791 ], [ 6.109001781096107, 48.648583319581441 ], [ 6.108923936270689, 48.648624819392197 ], [ 6.10889227638468, 48.648645394097635 ], [ 6.108858272093078, 48.648626533354943 ], [ 6.108775741868159, 48.648589219645189 ], [ 6.108688089569754, 48.648557445720584 ], [ 6.108596159317433, 48.64853151757152 ], [ 6.108500836424093, 48.648511684891773 ], [ 6.108403038870899, 48.648498138674192 ], [ 6.108303708467803, 48.648491009371547 ], [ 6.108203801784687, 48.648490365640392 ], [ 6.108104280940482, 48.648496213680033 ], [ 6.108006104338841, 48.648508497172664 ], [ 6.107910217439608, 48.648527097825848 ], [ 6.107817543654835, 48.648551836511423 ] ], [ [ 6.19113696237471, 48.636597976437848 ], [ 6.191193175826549, 48.63654325092773 ], [ 6.191241025219342, 48.636485137084541 ], [ 6.191280049757322, 48.636424194586198 ], [ 6.191309873638585, 48.636361010350754 ], [ 6.191330209673288, 48.636296192883613 ], [ 6.191340862048262, 48.636230366417116 ], [ 6.191341728211511, 48.636164164898581 ], [ 6.19133279985844, 48.636098225885029 ], [ 6.191314163010413, 48.636033184403139 ], [ 6.191285997184923, 48.635969666833596 ], [ 6.191248573665413, 48.635908284879001 ], [ 6.191222051926038, 48.635874700874304 ], [ 6.191274698779322, 48.635889510125196 ], [ 6.191370029998072, 48.635909276790173 ], [ 6.191467825447638, 48.635922755052512 ], [ 6.191567143270419, 48.635929815104539 ], [ 6.191667026945291, 48.635930388951557 ], [ 6.191766514500832, 48.635924471066922 ], [ 6.191864647781055, 48.635912118445169 ], [ 6.191960481674365, 48.635893450053125 ], [ 6.192053093216837, 48.635868645683978 ], [ 6.19214159048205, 48.635837944225479 ], [ 6.19222512117186, 48.63580164135913 ], [ 6.192302880825292, 48.635760086712125 ], [ 6.192374120566525, 48.635713680489921 ], [ 6.192438154317268, 48.635662869621548 ], [ 6.192494365404091, 48.635608143454974 ], [ 6.192542212497077, 48.635550029044055 ], [ 6.192581234822607, 48.635489086072177 ], [ 6.192611056600086, 48.635425901461936 ], [ 6.192631390659927, 48.635361083722351 ], [ 6.192642041207983, 48.635295257088394 ], [ 6.19264290570985, 48.635229055508979 ], [ 6.192633975876929, 48.63516311654174 ], [ 6.192615337744841, 48.635098075212873 ], [ 6.192587170843438, 48.635034557901641 ], [ 6.192549746466522, 48.634973176308108 ], [ 6.192503425057943, 48.634914521562415 ], [ 6.192448652739291, 48.634859158532201 ], [ 6.192385957012694, 48.634807620382915 ], [ 6.192354881176213, 48.634786663476447 ], [ 6.192383301633626, 48.634764111415841 ], [ 6.192439511812512, 48.634709385234324 ], [ 6.192487358144745, 48.634651270802038 ], [ 6.192526379864034, 48.634590327802641 ], [ 6.192556201195619, 48.634527143158969 ], [ 6.192576534974208, 48.63446232538039 ], [ 6.192587185408361, 48.634396498702195 ], [ 6.192588049964771, 48.634330297073788 ], [ 6.19257912035431, 48.63426435805323 ], [ 6.192560482610456, 48.634199316667249 ], [ 6.192532316259322, 48.634135799295656 ], [ 6.19249489258941, 48.634074417639077 ], [ 6.192448572037758, 48.634015762828298 ], [ 6.192393800717705, 48.633960399731549 ], [ 6.192331106121761, 48.633908861514946 ], [ 6.192300030840903, 48.63388790457855 ], [ 6.192328450833891, 48.633865352514206 ], [ 6.192384660104868, 48.633810626317732 ], [ 6.192432505676372, 48.633752511864117 ], [ 6.192471526789437, 48.633691568837243 ], [ 6.192501347675142, 48.633628384160154 ], [ 6.192521681172487, 48.633563566342573 ], [ 6.192532331492739, 48.633497739620175 ], [ 6.192533196103686, 48.633431537942776 ], [ 6.192524266715677, 48.633365598868927 ], [ 6.192505629360042, 48.633300557425841 ], [ 6.192477463559156, 48.633237039993901 ], [ 6.192440040596221, 48.633175658274304 ], [ 6.192393720901466, 48.633117003398439 ], [ 6.192338950579973, 48.633061640235177 ], [ 6.19227625711464, 48.633010101951278 ], [ 6.192206244285667, 48.632962884877081 ], [ 6.192129586355504, 48.632920443727144 ], [ 6.192047021575335, 48.63288318722136 ], [ 6.191959345075546, 48.632851474149305 ], [ 6.191867401208726, 48.632825609915358 ], [ 6.191772075418845, 48.632805843597751 ], [ 6.19167428571494, 48.63279236555028 ], [ 6.191574973831352, 48.632785305569193 ], [ 6.191475096159625, 48.632784731643518 ], [ 6.191375614539306, 48.632790649300219 ], [ 6.191277486996344, 48.63280300155116 ], [ 6.191181658518167, 48.632821669441697 ], [ 6.191089051954259, 48.632846473196189 ], [ 6.191000559129821, 48.632877173949083 ], [ 6.190917032258023, 48.63291347604499 ], [ 6.190839275733533, 48.632955029885643 ], [ 6.190807657545498, 48.632975626611561 ], [ 6.190773633933386, 48.632956789007856 ], [ 6.190691070061112, 48.632919531563424 ], [ 6.190603394322057, 48.632887817494392 ], [ 6.190511451061482, 48.632861952214704 ], [ 6.190416125717516, 48.632842184812702 ], [ 6.190318336294905, 48.632828705652585 ], [ 6.190219024525285, 48.63282164454133 ], [ 6.190119146799096, 48.632821069478837 ], [ 6.190019664956414, 48.632826986003067 ], [ 6.189921537025328, 48.632839337136723 ], [ 6.189825707997001, 48.632858003935965 ], [ 6.189733100726219, 48.632882806635642 ], [ 6.189644607044987, 48.632913506380362 ], [ 6.189561079174723, 48.632949807524462 ], [ 6.189483321519717, 48.632991360478833 ], [ 6.189451702776132, 48.633011956844236 ], [ 6.189417679628438, 48.632993118853847 ], [ 6.189335116664113, 48.632955860470787 ], [ 6.189247441685845, 48.632924145404779 ], [ 6.189155499031568, 48.632898279079363 ], [ 6.189060174133576, 48.63287851059296 ], [ 6.18896238499232, 48.632865030320175 ], [ 6.188863073336722, 48.632857968078774 ], [ 6.188763195556131, 48.632857391879476 ], [ 6.188663713491145, 48.632863307271201 ], [ 6.188565585171991, 48.632875657287585 ], [ 6.188469755593572, 48.632894322995504 ], [ 6.188377147615967, 48.632919124640374 ], [ 6.188326478618928, 48.632936701717306 ], [ 6.188348823202211, 48.632901808528807 ], [ 6.188378648614957, 48.632838624842407 ], [ 6.188398986911147, 48.632773807686085 ], [ 6.188409642255828, 48.632707981289222 ], [ 6.188410512068403, 48.632641779598444 ], [ 6.188401588009119, 48.632575840172457 ], [ 6.188382956057993, 48.632510798041871 ], [ 6.188354795685346, 48.632447279593663 ], [ 6.188317378122111, 48.632385896538885 ], [ 6.188271063746511, 48.632327240021716 ], [ 6.188216298612407, 48.632271874926857 ], [ 6.188153610152742, 48.632220334439658 ], [ 6.18808360209951, 48.632173114911737 ], [ 6.188006948669178, 48.632130671081192 ], [ 6.187924388069593, 48.632093411693788 ], [ 6.187836715390885, 48.63206169556684 ], [ 6.187744774948848, 48.632035828134164 ], [ 6.187649452154472, 48.632016058504774 ], [ 6.187551664987949, 48.632002577064362 ], [ 6.187452355159189, 48.631995513641861 ], [ 6.187352479039944, 48.631994936259403 ], [ 6.187252998454817, 48.632000850477318 ], [ 6.187154871419783, 48.632013199340513 ], [ 6.187059042917379, 48.632031863926997 ], [ 6.186966435797321, 48.63205666449295 ], [ 6.186877941890166, 48.632087362203528 ], [ 6.186794413419505, 48.63212366143263 ], [ 6.186716654795406, 48.632165212609621 ], [ 6.186685035462192, 48.63218580825481 ], [ 6.186651013847349, 48.632166969461373 ], [ 6.186568454155784, 48.632129709135384 ], [ 6.186480782237949, 48.632097992011509 ], [ 6.186388842402303, 48.632072123533106 ], [ 6.186293520054003, 48.632052352819358 ], [ 6.186195733168944, 48.632038870266307 ], [ 6.186096423454326, 48.632031805713659 ], [ 6.185996547280801, 48.632031227194418 ], [ 6.185897066473493, 48.632037140279834 ], [ 6.185798939050521, 48.632049488025771 ], [ 6.185703109998154, 48.632068151520954 ], [ 6.185610502171408, 48.632092951032106 ], [ 6.18552200740764, 48.632123647734488 ], [ 6.185438477938691, 48.632159946011761 ], [ 6.185360718184242, 48.632201496302436 ], [ 6.185329098295553, 48.632222091587096 ], [ 6.185295077145172, 48.632203252407002 ], [ 6.185212518361681, 48.632165991142415 ], [ 6.18512484720477, 48.632134273021599 ], [ 6.185032907975574, 48.632108403497512 ], [ 6.184937586073407, 48.632088631699382 ], [ 6.18483979946987, 48.632075148033707 ], [ 6.184740489869451, 48.632068082350919 ], [ 6.184640613641705, 48.632067502694888 ], [ 6.184541132612278, 48.63207341464782 ], [ 6.184443004801423, 48.632085761276485 ], [ 6.18434717519915, 48.63210442368036 ], [ 6.184254566665766, 48.632129222136655 ], [ 6.184166071045434, 48.632159917830876 ], [ 6.184082540578244, 48.632196215156306 ], [ 6.184004779693489, 48.632237764560635 ], [ 6.183973159249335, 48.632258359484787 ], [ 6.183939138563449, 48.632239519918009 ], [ 6.183856580688083, 48.632202257714859 ], [ 6.18376891029215, 48.632170538597109 ], [ 6.183676971669459, 48.632144668027337 ], [ 6.183581650213482, 48.632124895144827 ], [ 6.183483863891527, 48.632111410366562 ], [ 6.183384554405366, 48.632104343553607 ], [ 6.183284678123458, 48.632103762760785 ], [ 6.183185196871968, 48.63210967358124 ], [ 6.18308706867329, 48.63212201909262 ], [ 6.182991238521164, 48.632140680405179 ], [ 6.182898629281196, 48.632165477806652 ], [ 6.182847959174036, 48.632183052564365 ], [ 6.182870307087895, 48.632148160381746 ], [ 6.182900138684746, 48.632084978027592 ], [ 6.182920483472636, 48.632020161766221 ], [ 6.182931145554093, 48.631954335818378 ], [ 6.182932022283633, 48.63188813412637 ], [ 6.182923105254894, 48.631822194248933 ], [ 6.182904480380182, 48.631757151220995 ], [ 6.18287632706167, 48.631693631438203 ], [ 6.182838916462357, 48.631632246624442 ], [ 6.182812402286016, 48.631598660628619 ], [ 6.182865042458383, 48.631613473648237 ], [ 6.182960362712232, 48.631633247112553 ], [ 6.183058148005959, 48.631646732325883 ], [ 6.183157456579774, 48.631653799413613 ], [ 6.183257332001637, 48.6316543803133 ], [ 6.183356812379613, 48.631648469430395 ], [ 6.183454939626839, 48.631636123691976 ], [ 6.183550768689828, 48.631617461998594 ], [ 6.183643376651172, 48.63159266407888 ], [ 6.183731871618939, 48.631561968758525 ], [ 6.183815401317105, 48.63152567165988 ], [ 6.183893161294245, 48.631484122354635 ], [ 6.183964402671411, 48.63143772099675 ], [ 6.184028439354549, 48.631386914468429 ], [ 6.18408465464198, 48.631332192075867 ], [ 6.184132507163324, 48.631274080836533 ], [ 6.184171536092673, 48.631213140403311 ], [ 6.184201365585823, 48.63114995767431 ], [ 6.184221708398876, 48.631085141140467 ], [ 6.184232368653371, 48.631019315025128 ], [ 6.184233243721424, 48.630953113272227 ], [ 6.18422432521267, 48.630887173441074 ], [ 6.184205699053665, 48.630822130566152 ], [ 6.184177544658953, 48.630758611041649 ], [ 6.184140133201891, 48.630697226588921 ], [ 6.184113618664216, 48.630663640856646 ], [ 6.184166258264495, 48.630678453312782 ], [ 6.184261577307095, 48.630698225751225 ], [ 6.184359361189206, 48.630711709906919 ], [ 6.184458668164632, 48.63071877591539 ], [ 6.184558541816729, 48.630719355724601 ], [ 6.184658020270605, 48.630713443750494 ], [ 6.18475614545793, 48.630701096930679 ], [ 6.184851972345055, 48.630682434176109 ], [ 6.184944578035532, 48.630657635225624 ], [ 6.185033070659297, 48.630626938914865 ], [ 6.185116597962903, 48.630590640875702 ], [ 6.185194355517988, 48.630549090688881 ], [ 6.185265594468931, 48.630502688516891 ], [ 6.185329628745044, 48.630451881249741 ], [ 6.185385841667832, 48.630397158200722 ], [ 6.185433691889686, 48.630339046393665 ], [ 6.185472718606846, 48.630278105486909 ], [ 6.185502545996411, 48.630214922383118 ], [ 6.18552288683474, 48.63015010557686 ], [ 6.185533545262395, 48.630084279294053 ], [ 6.185534418669078, 48.630018077480301 ], [ 6.185525498680424, 48.62995213769544 ], [ 6.185506871237241, 48.629887094973569 ], [ 6.185478715766438, 48.629823575707363 ], [ 6.185441303451734, 48.629762191615725 ], [ 6.185394994620808, 48.62970353385284 ], [ 6.185340235274124, 48.629648167315402 ], [ 6.185277552788888, 48.629596625202673 ], [ 6.185246482892475, 48.629575666351492 ], [ 6.185274903583046, 48.629553115889287 ], [ 6.185331115597814, 48.62949839282534 ], [ 6.185378965058789, 48.629440280996988 ], [ 6.185417991169539, 48.629379340062755 ], [ 6.185447818113002, 48.629316156925626 ], [ 6.18546815866983, 48.629251340080415 ], [ 6.185478816983297, 48.629185513753491 ], [ 6.185479690444201, 48.629119311890825 ], [ 6.185470770677656, 48.629053372052759 ], [ 6.185452143622331, 48.628988329273895 ], [ 6.185423988701395, 48.628924809947449 ], [ 6.185386577093271, 48.6288634257929 ], [ 6.185340269118834, 48.628804767965065 ], [ 6.185285510770299, 48.628749401361247 ], [ 6.185222829415257, 48.628697859181337 ], [ 6.185191760074252, 48.62867690030027 ], [ 6.185220180300394, 48.628654349834328 ], [ 6.185276391407172, 48.628599626755452 ], [ 6.185324240107294, 48.628541514905805 ], [ 6.185363265611652, 48.628480573944138 ], [ 6.185393092109025, 48.628417390773656 ], [ 6.185413432384359, 48.628352573889543 ], [ 6.185424090583639, 48.628286747518501 ], [ 6.185424964098762, 48.628220545606943 ], [ 6.185416044554317, 48.628154605715679 ], [ 6.185397417886831, 48.628089562879836 ], [ 6.18536926351574, 48.628026043493165 ], [ 6.185331852614173, 48.62796465927574 ], [ 6.185285545496193, 48.627906001382939 ], [ 6.185230788145771, 48.627850634712772 ], [ 6.185168107920881, 48.627799092465693 ], [ 6.185137039135245, 48.627778133554756 ], [ 6.18516545889699, 48.627755583085062 ], [ 6.185221669095807, 48.627700859991279 ], [ 6.185269517035097, 48.627642748120358 ], [ 6.185308541933082, 48.627581807131243 ], [ 6.185338367984379, 48.627518623927436 ], [ 6.185358707978228, 48.627453807004422 ], [ 6.185369366063322, 48.627387980589283 ], [ 6.185370239632658, 48.627321778628861 ], [ 6.185361320310303, 48.62725583868442 ], [ 6.185342694030643, 48.627190795791627 ], [ 6.185314540209377, 48.627127276344737 ], [ 6.185277130014337, 48.627065892064437 ], [ 6.185250616586566, 48.627032306484224 ], [ 6.185303252856759, 48.627047118482487 ], [ 6.185398565716182, 48.62706689007063 ], [ 6.185496343107526, 48.627080373333584 ], [ 6.185595643347107, 48.627087438415472 ], [ 6.185695510083157, 48.627088017273202 ], [ 6.185794981507393, 48.627082104331848 ], [ 6.18589309961919, 48.627069756538368 ], [ 6.185988919453048, 48.627051092813041 ], [ 6.186081518180445, 48.627026292904119 ], [ 6.186170003998385, 48.626995595656432 ], [ 6.186253524718967, 48.626959296710901 ], [ 6.186331275977228, 48.626917745656961 ], [ 6.186402508978192, 48.626871342665488 ], [ 6.186466537708477, 48.626820534634355 ], [ 6.186522745542994, 48.626765810884251 ], [ 6.186570591183138, 48.626707698445728 ], [ 6.186609613869268, 48.626646756983192 ], [ 6.186639437817307, 48.626583573404709 ], [ 6.186659775836748, 48.626518756209364 ], [ 6.186670432095299, 48.626452929626858 ], [ 6.186671304003546, 48.626386727605656 ], [ 6.186662383201554, 48.62632078770762 ], [ 6.186643755637953, 48.626255744967928 ], [ 6.186615600740808, 48.626192225779413 ], [ 6.18657818968831, 48.62613084186021 ], [ 6.186551675899377, 48.626097256543616 ], [ 6.186604311597469, 48.626112067978404 ], [ 6.186699623245726, 48.626131838540793 ], [ 6.186797399225579, 48.626145320746183 ], [ 6.186896697866938, 48.626152384748934 ], [ 6.186996562833426, 48.626152962516315 ], [ 6.187096032333806, 48.626147048483901 ], [ 6.187194148385983, 48.626134699609153 ], [ 6.18728996604429, 48.6261160348228 ], [ 6.187382562501162, 48.626091233883272 ], [ 6.187471045975471, 48.626060535645337 ], [ 6.187554564301887, 48.626024235759459 ], [ 6.187632313138506, 48.625982683824148 ], [ 6.187703543713676, 48.62593628001872 ], [ 6.187767570037375, 48.625885471248921 ], [ 6.187823775507693, 48.625830746842553 ], [ 6.187871618848797, 48.625772633836476 ], [ 6.187910639323188, 48.625711691900577 ], [ 6.187940461168082, 48.625648507947439 ], [ 6.187960797213234, 48.6255836904798 ], [ 6.187971451645359, 48.625517863729975 ], [ 6.187972321892635, 48.625451661648036 ], [ 6.187963399611119, 48.625385721796427 ], [ 6.187944770763693, 48.625320679209871 ], [ 6.187916614790779, 48.625257160279737 ], [ 6.187879202880929, 48.625195776721689 ], [ 6.187852688730886, 48.625162191668693 ], [ 6.187905323856865, 48.625177002540042 ], [ 6.188000634293928, 48.62519677207667 ], [ 6.188098408862275, 48.625210253224559 ], [ 6.18819770590541, 48.625217316148174 ], [ 6.188297569102345, 48.625217892825248 ], [ 6.18839703667889, 48.625211977701817 ], [ 6.188495150671477, 48.62519962774585 ], [ 6.188590966154278, 48.625180961898515 ], [ 6.188683560340678, 48.625156159928444 ], [ 6.188734221686573, 48.625138582586331 ], [ 6.188711880674022, 48.62517347607151 ], [ 6.188682060030886, 48.625236660242599 ], [ 6.188661725013652, 48.625301477851991 ], [ 6.188651071493605, 48.625367304675336 ], [ 6.188650202106143, 48.625433506766853 ], [ 6.188659125260963, 48.625499446564419 ], [ 6.18867775505963, 48.625564489029621 ], [ 6.188705912121448, 48.62562800776368 ], [ 6.188743325309657, 48.625689391040119 ], [ 6.188789634341428, 48.625748047696263 ], [ 6.188844393256574, 48.625803412826784 ], [ 6.188907074711572, 48.62585495322449 ], [ 6.188938143865207, 48.625875911185446 ], [ 6.188909726749284, 48.625898462590307 ], [ 6.18885352234156, 48.625953187506042 ], [ 6.188805679925526, 48.626011300897822 ], [ 6.188766660269827, 48.626072243111835 ], [ 6.188736839180796, 48.62613542724965 ], [ 6.188716503882242, 48.626200244820183 ], [ 6.188705850248161, 48.626266071599467 ], [ 6.188704980915053, 48.626332273642156 ], [ 6.188713904292086, 48.626398213386558 ], [ 6.188732534478694, 48.626463255794839 ], [ 6.188760692090445, 48.626526774468701 ], [ 6.188798105985277, 48.626588157682292 ], [ 6.188844415873564, 48.626646814273492 ], [ 6.188899175786868, 48.626702179337656 ], [ 6.188961858372052, 48.626753719668173 ], [ 6.188992928081072, 48.626774677599251 ], [ 6.188964510500838, 48.62679722900041 ], [ 6.188908305185351, 48.626851953901273 ], [ 6.188860462008676, 48.626910067271837 ], [ 6.188821441746781, 48.626971009458444 ], [ 6.188791620211843, 48.62703419356297 ], [ 6.188771284631961, 48.627099011094636 ], [ 6.188760630883846, 48.627164837829859 ], [ 6.188759761605094, 48.627231039823698 ], [ 6.188768685204354, 48.627296979514945 ], [ 6.188787315778917, 48.627362021866247 ], [ 6.188815473940619, 48.627425540479905 ], [ 6.188852888542104, 48.627486923630599 ], [ 6.188899199286938, 48.627545580156863 ], [ 6.188953960198436, 48.627600945154654 ], [ 6.189016643913849, 48.627652485417997 ], [ 6.189086646762583, 48.627699704574518 ], [ 6.189163294579582, 48.627742147866179 ], [ 6.189245849197881, 48.627779406529342 ], [ 6.1893335155578, 48.627811121731789 ], [ 6.189425449364342, 48.627836988028882 ], [ 6.189520765218973, 48.627856756305619 ], [ 6.189618545147483, 48.627870236176001 ], [ 6.189717847441756, 48.627877297816816 ], [ 6.189817715730228, 48.627877873218125 ], [ 6.18991718818967, 48.627871956838291 ], [ 6.190015306809485, 48.627859605657349 ], [ 6.190111126619279, 48.62784093862826 ], [ 6.190203724790768, 48.62781613553107 ], [ 6.190292209526307, 48.627785435241286 ], [ 6.190375728648423, 48.627749133429184 ], [ 6.190453477807551, 48.62770757971176 ], [ 6.190485092952795, 48.627686982989914 ], [ 6.190519113035671, 48.627705820758301 ], [ 6.190601668561742, 48.627743078482922 ], [ 6.190689335682301, 48.62777479268847 ], [ 6.190781270095016, 48.62780065793995 ], [ 6.190876586395519, 48.627820425132377 ], [ 6.190974366605305, 48.627833903890206 ], [ 6.191073669013548, 48.627840964400967 ], [ 6.191173537247587, 48.627841538665571 ], [ 6.191273009484716, 48.627835621153331 ], [ 6.19137112771648, 48.627823268855224 ], [ 6.191466946976225, 48.627804600734947 ], [ 6.19155954444096, 48.627779796583035 ], [ 6.191610207360369, 48.627762218055871 ], [ 6.191587867145208, 48.627797112004707 ], [ 6.191558048478988, 48.627860296758577 ], [ 6.191537716003867, 48.62792511471816 ], [ 6.191527065566654, 48.627990941655732 ], [ 6.19152619977306, 48.628057143624424 ], [ 6.191535126998175, 48.628123083063294 ], [ 6.191553761304368, 48.628188124937367 ], [ 6.19158192326754, 48.62825164285357 ], [ 6.191619341703722, 48.628313025093291 ], [ 6.19166565627955, 48.628371680503854 ], [ 6.191720420981445, 48.628427044191916 ], [ 6.191783108410148, 48.628478582964163 ], [ 6.191814180272599, 48.628499540129404 ], [ 6.191785762971447, 48.628522092171394 ], [ 6.191729558753493, 48.628576818325286 ], [ 6.191681717132538, 48.628634932745975 ], [ 6.191642698869579, 48.628695875769687 ], [ 6.191612879757539, 48.628759060490239 ], [ 6.191592547001194, 48.62882387841092 ], [ 6.191581896450062, 48.62888970530441 ], [ 6.19158103071095, 48.62895590722421 ], [ 6.191589958158426, 48.629021846609866 ], [ 6.191608592852721, 48.629086888426947 ], [ 6.191636755365995, 48.629150406282889 ], [ 6.191674174508988, 48.629211788459706 ], [ 6.191720489941527, 48.629270443805261 ], [ 6.19177525564178, 48.629325807426895 ], [ 6.191837944200882, 48.629377346131918 ], [ 6.191907951901583, 48.629424563562921 ], [ 6.191984604532103, 48.629467004978508 ], [ 6.192067163879114, 48.629504261633102 ], [ 6.192154834837397, 48.629535974713818 ], [ 6.19224677306766, 48.629561838796477 ], [ 6.192342093128767, 48.62958160478739 ], [ 6.192439877005993, 48.629595082322574 ], [ 6.19253918295319, 48.629602141601318 ], [ 6.192639054563613, 48.629602714636391 ], [ 6.192738529982036, 48.629596795908981 ], [ 6.192836651169365, 48.629584442421738 ], [ 6.192932473130479, 48.629565773149814 ], [ 6.193025073016371, 48.629540967894862 ], [ 6.193075737148243, 48.629523388770046 ], [ 6.193053397158416, 48.629558282942789 ], [ 6.193023579258, 48.629621467971319 ], [ 6.193003247913597, 48.629686286086475 ], [ 6.192992598961133, 48.629752113059034 ], [ 6.192991734992019, 48.629818314941787 ], [ 6.193000664363777, 48.629884254174577 ], [ 6.193019301118109, 48.629949295724479 ], [ 6.193047465807336, 48.63001281320151 ], [ 6.193084887221239, 48.630074194891293 ], [ 6.19313120499778, 48.630132849646429 ], [ 6.19318597309255, 48.630188212579903 ], [ 6.193248664073622, 48.630239750505694 ], [ 6.193279737568375, 48.630260707258046 ], [ 6.1932513199425, 48.63028325961676 ], [ 6.193195115365739, 48.630337986382273 ], [ 6.193147273762233, 48.630396101306744 ], [ 6.193108255892807, 48.630457044721553 ], [ 6.193078437546603, 48.630520229716765 ], [ 6.19305810592102, 48.630585047792991 ], [ 6.193047456854691, 48.630650874721418 ], [ 6.193046592940128, 48.630717076555243 ], [ 6.193055522534327, 48.630783015734799 ], [ 6.193074159676847, 48.630848057227666 ], [ 6.193102324916276, 48.630911574644408 ], [ 6.193139747037095, 48.630972956271222 ], [ 6.193186065670457, 48.631031610961323 ], [ 6.193240834763707, 48.631086973828339 ], [ 6.193303526875298, 48.631138511686842 ], [ 6.193373538253773, 48.631185728187589 ], [ 6.193450194651928, 48.63122816859812 ], [ 6.193532757820148, 48.63126542418258 ], [ 6.193620432616412, 48.631297136138357 ], [ 6.193712374664466, 48.631322999052095 ], [ 6.193807698486402, 48.631342763841396 ], [ 6.193905486031273, 48.631356240153835 ], [ 6.194004795517609, 48.631363298200469 ], [ 6.194104670504574, 48.631363870005927 ], [ 6.194204149104427, 48.631357950063276 ], [ 6.194302273247428, 48.631345595386833 ], [ 6.194398097909991, 48.631326924963219 ], [ 6.194490700217094, 48.63130211860517 ], [ 6.194541365561471, 48.631284538882682 ], [ 6.194519025797046, 48.631319433279337 ], [ 6.194489208662625, 48.631382618582492 ], [ 6.194468878449154, 48.631447436853151 ], [ 6.194458230981667, 48.631513263860619 ], [ 6.194457368837281, 48.631579465657325 ], [ 6.194466300355947, 48.631645404683965 ], [ 6.194484939558691, 48.63171044590959 ], [ 6.194513106974256, 48.631773962947356 ], [ 6.194550531366172, 48.631835344087065 ], [ 6.194596852343718, 48.631893998186676 ], [ 6.194651623831662, 48.631949360365468 ], [ 6.194714318365394, 48.632000897444641 ], [ 6.194784332170129, 48.632048113082483 ], [ 6.194860990975296, 48.632090552554843 ], [ 6.194943556508099, 48.632127807134843 ], [ 6.195031233603742, 48.63215951802961 ], [ 6.195123177863826, 48.632185379836002 ], [ 6.195218503789135, 48.632205143482246 ], [ 6.195316293308467, 48.632218618626936 ], [ 6.195415604621332, 48.632225675492407 ], [ 6.195515481269307, 48.632226246114641 ], [ 6.195614961348647, 48.632220324998109 ], [ 6.195713086775369, 48.632207969168412 ], [ 6.195808912513519, 48.63218929762332 ], [ 6.195901515677718, 48.632164490186312 ], [ 6.195990004422238, 48.632133785774769 ], [ 6.196073526530998, 48.632097480098579 ], [ 6.196151277625672, 48.632055922812036 ], [ 6.196222508912869, 48.632009514145984 ], [ 6.196286534395714, 48.631958701053016 ], [ 6.19634273748041, 48.631903972902499 ], [ 6.196390576914101, 48.631845856767406 ], [ 6.196429591996935, 48.631784912347733 ], [ 6.196459407018066, 48.631721726580011 ], [ 6.196479734872972, 48.631656907984414 ], [ 6.19649037982726, 48.631591080804128 ], [ 6.196491239400392, 48.631524878993368 ], [ 6.196482305351231, 48.631458940111983 ], [ 6.196463663755996, 48.631393899185319 ], [ 6.196435494177883, 48.631330382588771 ], [ 6.196398067936472, 48.631269002015522 ], [ 6.196371545243789, 48.631235419027952 ], [ 6.196424188887499, 48.631250226060253 ], [ 6.19651951360088, 48.631269988680756 ], [ 6.196617301707954, 48.631283462767946 ], [ 6.196716611421828, 48.631290518554287 ], [ 6.19681648629948, 48.631291088086222 ], [ 6.19691596445422, 48.631285165878666 ], [ 6.197014087820596, 48.631272808967758 ], [ 6.197109911382504, 48.631254136361655 ], [ 6.197202512275518, 48.631229327894111 ], [ 6.19729099867579, 48.631198622492377 ], [ 6.197374518389814, 48.631162315875891 ], [ 6.197452267062331, 48.631120757708018 ], [ 6.197483881514979, 48.63110015918695 ], [ 6.197517906335142, 48.631118994903126 ], [ 6.197600472226419, 48.631156247671676 ], [ 6.197688149304236, 48.631187956636516 ], [ 6.197780093170365, 48.631213816413087 ], [ 6.197875418329383, 48.631233577949189 ], [ 6.197973206717469, 48.63124705092374 ], [ 6.198072516545024, 48.631254105579949 ], [ 6.198172391367933, 48.631254673975107 ], [ 6.198271869300029, 48.631248750635095 ], [ 6.198369992278009, 48.631236392606986 ], [ 6.198465815289503, 48.631217718909646 ], [ 6.198558415475396, 48.631192909387359 ], [ 6.198646901018642, 48.631162202977521 ], [ 6.198730419733996, 48.631125895409326 ], [ 6.198808167275815, 48.631084336355258 ], [ 6.198839781172848, 48.631063737473731 ], [ 6.198873806457278, 48.631082572803216 ], [ 6.198956373256137, 48.631119824633103 ], [ 6.199044051094365, 48.631151532600938 ], [ 6.199135995566405, 48.631177391331775 ], [ 6.199231321171005, 48.631197151783475 ], [ 6.199329109840042, 48.631210623645401 ], [ 6.199428419781221, 48.631217677171463 ], [ 6.199528294549326, 48.631218244429853 ], [ 6.199627772258721, 48.631212319957406 ], [ 6.199725894848245, 48.631199960812054 ], [ 6.199821717309275, 48.631181286023505 ], [ 6.199914316787991, 48.631156475446481 ], [ 6.19996498016961, 48.631138893415198 ], [ 6.199942644083244, 48.631173788833081 ], [ 6.199912833579284, 48.631236975501245 ], [ 6.199892510139083, 48.631301794705173 ], [ 6.199881869522446, 48.631367622205204 ], [ 6.199881014240513, 48.63143382404899 ], [ 6.199889952567144, 48.63149976267681 ], [ 6.199908598457801, 48.631564803061544 ], [ 6.19993677237682, 48.631628318824411 ], [ 6.199974203025089, 48.631689698267515 ], [ 6.200020529951637, 48.631748350265148 ], [ 6.200075307023932, 48.631803709956863 ], [ 6.200138006723579, 48.631855244187747 ], [ 6.200208025226043, 48.631902456643573 ], [ 6.2002846882155, 48.63194489263082 ], [ 6.200367257378852, 48.631982143456163 ], [ 6.200454937516341, 48.632013850362895 ], [ 6.200546884200261, 48.632039707986266 ], [ 6.200642211908054, 48.632059467294837 ], [ 6.200740002551348, 48.632072937988944 ], [ 6.200839314318828, 48.632079990333757 ], [ 6.20093919074769, 48.632080556408859 ], [ 6.2010386699363, 48.63207463076246 ], [ 6.201136793809254, 48.632062270463827 ], [ 6.201232617345565, 48.632043594553728 ], [ 6.20132521768106, 48.632018782897717 ], [ 6.201413702997259, 48.631988074453794 ], [ 6.201497221111098, 48.63195176497068 ], [ 6.201574967682737, 48.631910204139345 ], [ 6.201646193962338, 48.63186379222477 ], [ 6.201710214001265, 48.631812976210789 ], [ 6.201766411258151, 48.631758245494972 ], [ 6.201814244536272, 48.631700127174938 ], [ 6.20185325319506, 48.631639180971753 ], [ 6.201883061585538, 48.631575993839114 ], [ 6.201903382667046, 48.631511174310333 ], [ 6.201914020770424, 48.631445346637612 ], [ 6.201914873481111, 48.631379144779871 ], [ 6.201905932624062, 48.631313206297413 ], [ 6.201887284341056, 48.631248166211762 ], [ 6.201859108259695, 48.631184650890219 ], [ 6.201821675762186, 48.63112327201366 ], [ 6.20179514966349, 48.631089690229643 ], [ 6.20184779469482, 48.631104494866925 ], [ 6.201943121190403, 48.631124253149814 ], [ 6.202040910421175, 48.631137722786455 ], [ 6.202140220589421, 48.631144774052245 ], [ 6.202240095247744, 48.631145339037111 ], [ 6.20233957251156, 48.63113941229976 ], [ 6.202437694324005, 48.631127050920021 ], [ 6.202533515683936, 48.631108373949019 ], [ 6.202626113748143, 48.631083561262571 ], [ 6.202714596720019, 48.631052851828557 ], [ 6.202798112439083, 48.631016541405273 ], [ 6.202875856588551, 48.630974979692688 ], [ 6.202907468818632, 48.630954379729843 ], [ 6.202941495495724, 48.630973213899161 ], [ 6.203024065017025, 48.631010462913025 ], [ 6.20311174513616, 48.631042167889831 ], [ 6.203203691425603, 48.631068023483422 ], [ 6.203299018366593, 48.631087780681888 ], [ 6.203396807878143, 48.631101249205891 ], [ 6.203496118159835, 48.631108299341534 ], [ 6.203595992763177, 48.631108863189638 ], [ 6.203695469804118, 48.631102935319852 ], [ 6.203793591227938, 48.631090572822906 ], [ 6.203889412037237, 48.631071894760709 ], [ 6.203982009394109, 48.63104708101956 ], [ 6.204032671303342, 48.631029497256733 ], [ 6.20401033797565, 48.631064393440404 ], [ 6.203980532444675, 48.63112758113212 ], [ 6.203960214084502, 48.631192401035818 ], [ 6.203949578606019, 48.631258228905061 ], [ 6.203948728470881, 48.631324430783984 ], [ 6.203957671903381, 48.631390369112488 ], [ 6.203976322809809, 48.631455408866337 ], [ 6.204004501606192, 48.631518923672843 ], [ 6.20404193694645, 48.631580301843329 ], [ 6.204088268334417, 48.631638952264325 ], [ 6.204143049594595, 48.631694310090545 ], [ 6.204205753168255, 48.63174584218509 ], [ 6.204275775193544, 48.631793052254267 ], [ 6.204352441320713, 48.631835485627562 ], [ 6.204435013206441, 48.631872733636811 ], [ 6.204522695624745, 48.631904437552436 ], [ 6.204614644125956, 48.631930292038511 ], [ 6.204709973170008, 48.631950048093771 ], [ 6.204807764655659, 48.631963515449904 ], [ 6.20490707676348, 48.631970564404234 ], [ 6.205006953027388, 48.631971127068994 ], [ 6.205106431547341, 48.631965198025213 ], [ 6.205204554254372, 48.631952834374928 ], [ 6.205300376138726, 48.631934155191153 ], [ 6.20539297435214, 48.631909340370981 ], [ 6.205443636622002, 48.631891756020678 ], [ 6.20542130386708, 48.631926652443973 ], [ 6.205391499548496, 48.631989840443531 ], [ 6.205371182601014, 48.632054660541513 ], [ 6.205360548721915, 48.632120488489662 ], [ 6.205359700357455, 48.632186690331288 ], [ 6.205368645714874, 48.632252628506706 ], [ 6.205387298681928, 48.632317667993114 ], [ 6.205415479654796, 48.632381182420431 ], [ 6.20545291726644, 48.63244256010362 ], [ 6.205499250998819, 48.632501209933885 ], [ 6.205554034653855, 48.632556567071653 ], [ 6.205616740649756, 48.632608098386662 ], [ 6.205647820502475, 48.632629051871405 ], [ 6.205619406920339, 48.632651607136019 ], [ 6.205563212733386, 48.632706339628839 ], [ 6.205515382698684, 48.632764459405621 ], [ 6.205476377465661, 48.632825406751024 ], [ 6.205446572701768, 48.632888594717251 ], [ 6.20542625547361, 48.632953414776303 ], [ 6.205415621481174, 48.63301924268027 ], [ 6.205414773171806, 48.63308544447294 ], [ 6.205423718752219, 48.633151382595052 ], [ 6.205442372108021, 48.63321642202434 ], [ 6.20547055363165, 48.633279936391268 ], [ 6.205507991950762, 48.633341314011382 ], [ 6.205534521572876, 48.633374894905863 ], [ 6.205481873215043, 48.633360091925752 ], [ 6.205386541311354, 48.633340336511296 ], [ 6.20528874710424, 48.633326869645664 ], [ 6.205189432371409, 48.633319821017444 ], [ 6.205089553531835, 48.633319258506305 ], [ 6.204990072436314, 48.633325187529309 ], [ 6.204891947105744, 48.633337550988855 ], [ 6.204796122506247, 48.633356229822375 ], [ 6.204703521449962, 48.633381044148813 ], [ 6.204615035709056, 48.633411755000814 ], [ 6.20453151742849, 48.633448066625746 ], [ 6.204453770920208, 48.63348962933356 ], [ 6.204422157767453, 48.633510229663443 ], [ 6.204388128908135, 48.633491395956682 ], [ 6.204305554502057, 48.633454147964954 ], [ 6.204217869619036, 48.633422443930264 ], [ 6.204125918692383, 48.633396589169948 ], [ 6.204030587234048, 48.63337683267104 ], [ 6.203932793307651, 48.63336336469272 ], [ 6.203833478688195, 48.633356314934289 ], [ 6.203733599793568, 48.633355751286352 ], [ 6.203634118475094, 48.633361679176879 ], [ 6.203535992755814, 48.63337404151919 ], [ 6.203440167605597, 48.633392719261451 ], [ 6.203347565841884, 48.633417532533151 ], [ 6.203296901390893, 48.633435115969768 ], [ 6.203319236205908, 48.633400219988452 ], [ 6.203349043829491, 48.633337032581309 ], [ 6.203369363779163, 48.633272212897175 ], [ 6.203380000396661, 48.633206385189695 ], [ 6.203380851281745, 48.633140183418192 ], [ 6.203371908276948, 48.63307424514209 ], [ 6.203353257544737, 48.633009205380937 ], [ 6.203325078736303, 48.632945690498921 ], [ 6.203287643260118, 48.632884312172671 ], [ 6.203241311666906, 48.632825661500888 ], [ 6.203186530176335, 48.632770303311943 ], [ 6.203123826378855, 48.632718770724722 ], [ 6.203053804154159, 48.632671560014693 ], [ 6.202977137855177, 48.632629125835088 ], [ 6.202894565813675, 48.632591876838703 ], [ 6.202806883229964, 48.632560171742789 ], [ 6.202714934515213, 48.632534315874921 ], [ 6.202619605160073, 48.632514558232764 ], [ 6.202521813207913, 48.632501089086539 ], [ 6.202422500414723, 48.63249403814681 ], [ 6.202322623180803, 48.632493473315506 ], [ 6.202223143341486, 48.632499400032025 ], [ 6.202125018905568, 48.632511761220982 ], [ 6.202029194830561, 48.632530437841659 ], [ 6.201936593923551, 48.632555250034351 ], [ 6.201848107955263, 48.632585958852218 ], [ 6.201764589072851, 48.632622268562223 ], [ 6.201686841594052, 48.632663829492749 ], [ 6.201615614261744, 48.632710241400837 ], [ 6.201551593033442, 48.632761057326157 ], [ 6.201495394475173, 48.632815787895112 ], [ 6.201447559823364, 48.632873906033339 ], [ 6.201408549771903, 48.632934852041238 ], [ 6.201378740034641, 48.632998038983921 ], [ 6.201358417726081, 48.633062858343244 ], [ 6.201347778595133, 48.633128685878042 ], [ 6.201346925138631, 48.633194887635639 ], [ 6.201355865612856, 48.633260826057125 ], [ 6.201374513952593, 48.633325866117367 ], [ 6.201402690598588, 48.633389381440722 ], [ 6.201440124225476, 48.633450760333567 ], [ 6.201486454353597, 48.633509411675419 ], [ 6.201541234819586, 48.633564770612161 ], [ 6.201603938072367, 48.633616303996206 ], [ 6.201635016917208, 48.633637258510284 ], [ 6.201606601058431, 48.633659812798911 ], [ 6.201550401592629, 48.633714543353001 ], [ 6.201502566180472, 48.633772661469955 ], [ 6.201463555523169, 48.63383360745042 ], [ 6.201433745340413, 48.633896794359742 ], [ 6.201413422750996, 48.633961613680107 ], [ 6.20140278350653, 48.634027441170701 ], [ 6.201401930104948, 48.634093642879314 ], [ 6.201410870802003, 48.634159581247495 ], [ 6.201429519530334, 48.634224621250603 ], [ 6.201457696726946, 48.634288136513575 ], [ 6.201495131061172, 48.634349515343331 ], [ 6.201521658619583, 48.634383097103367 ], [ 6.201469010382573, 48.634368292362218 ], [ 6.201373678157289, 48.634348533753119 ], [ 6.201275883098989, 48.634335063604631 ], [ 6.201176566993581, 48.63432801163696 ], [ 6.201076686273256, 48.634327445761919 ], [ 6.200977202806924, 48.634333371429001 ], [ 6.200879074638309, 48.634345731572886 ], [ 6.200783246760865, 48.63436440716292 ], [ 6.200690642018294, 48.634389218349348 ], [ 6.200602152218262, 48.634419926195008 ], [ 6.200518629544818, 48.63445623497622 ], [ 6.200440878352207, 48.634497795030356 ], [ 6.200409263011013, 48.634518394278096 ], [ 6.200375234940297, 48.634499559440876 ], [ 6.200292661799666, 48.634462308698858 ], [ 6.200204977658577, 48.634430601737115 ], [ 6.200113026943203, 48.634404743901136 ], [ 6.200017695163456, 48.634384984207571 ], [ 6.199919900386059, 48.634371512946373 ], [ 6.199820584394206, 48.634364459848491 ], [ 6.199720703619, 48.634363892836632 ], [ 6.199621219929877, 48.634369817371194 ], [ 6.199523091372708, 48.6343821763978 ], [ 6.199427262944686, 48.634400850896562 ], [ 6.19933465749482, 48.634425661028196 ], [ 6.199246166837582, 48.634456367865731 ], [ 6.199162643165274, 48.634492675695185 ], [ 6.199084890841764, 48.634534234863082 ], [ 6.199053274944871, 48.634554833750329 ], [ 6.199019247338448, 48.634535998526367 ], [ 6.198936675105464, 48.634498746845644 ], [ 6.198848991724833, 48.634467038886832 ], [ 6.198757041615403, 48.634441180005048 ], [ 6.198661710281254, 48.634421419227017 ], [ 6.198563915784814, 48.634407946853123 ], [ 6.198464599906576, 48.634400892625031 ], [ 6.198364719076547, 48.634400324476331 ], [ 6.198265235164693, 48.634406247878374 ], [ 6.198167106219025, 48.634418605787715 ], [ 6.198071277240484, 48.63443727919519 ], [ 6.197978671083373, 48.634462088272016 ], [ 6.197890179568978, 48.634492794101405 ], [ 6.197806654897855, 48.634529100979094 ], [ 6.197728901443488, 48.634570659260746 ], [ 6.1976576680063, 48.634617068728879 ], [ 6.197593640602594, 48.634667882446671 ], [ 6.197537435857867, 48.634722611061804 ], [ 6.197489595068121, 48.634780727518724 ], [ 6.197450578986354, 48.63484167213403 ], [ 6.197420763384494, 48.634904857986214 ], [ 6.197400435433522, 48.634969676567685 ], [ 6.197389790936688, 48.635035503644723 ], [ 6.197388932442504, 48.635101705269101 ], [ 6.19739786825577, 48.635167643883179 ], [ 6.197416512356162, 48.63523268445995 ], [ 6.197444685225259, 48.635296200618818 ], [ 6.197482115574069, 48.635357580658116 ], [ 6.197508641068403, 48.635391163283543 ], [ 6.197455992952597, 48.635376356781364 ], [ 6.197360660406255, 48.635356594977559 ], [ 6.197262864497282, 48.635343121546136 ], [ 6.197163547019778, 48.635336066238892 ], [ 6.197063664419148, 48.635335496999836 ], [ 6.19696417858241, 48.635341419310841 ], [ 6.19686604757611, 48.635353776138899 ], [ 6.196770216421032, 48.635372448485313 ], [ 6.196677607992439, 48.635397256531519 ], [ 6.196589114133493, 48.635427961370659 ], [ 6.196505587067323, 48.635464267307952 ], [ 6.196427831190482, 48.63550582470819 ], [ 6.196356595326718, 48.635552233362318 ], [ 6.196292565515702, 48.635603046341394 ], [ 6.196236358406115, 48.635657774300206 ], [ 6.196188515316734, 48.635715890189502 ], [ 6.196149497022701, 48.635776834331367 ], [ 6.196119679317251, 48.635840019808867 ], [ 6.196099349391624, 48.635904838117995 ], [ 6.196088703068086, 48.635970665027635 ], [ 6.196087842912744, 48.636036866591198 ], [ 6.1960967772464, 48.636102805251646 ], [ 6.196115420062974, 48.636167845981504 ], [ 6.196143591856416, 48.636231362398718 ], [ 6.196181021348095, 48.636292742799093 ], [ 6.196207546481499, 48.63632632568811 ], [ 6.196154897793051, 48.636311518622449 ], [ 6.196059564034542, 48.636291755792882 ], [ 6.195961766713053, 48.636278281303881 ], [ 6.195862447636284, 48.636271224917458 ], [ 6.195762563265047, 48.63627065458801 ], [ 6.195663075503402, 48.636276575807912 ], [ 6.19556494243644, 48.63628893155466 ], [ 6.195469109104782, 48.63630760283997 ], [ 6.195376498404658, 48.636332409855513 ], [ 6.195288002201094, 48.636363113704334 ], [ 6.195204472739808, 48.636399418701224 ], [ 6.195126714440409, 48.636440975219962 ], [ 6.19505547614998, 48.636487383060057 ], [ 6.194991443931558, 48.636538195300361 ], [ 6.194935234457009, 48.636592922602794 ], [ 6.194887389067884, 48.636651037924423 ], [ 6.194848368561473, 48.636711981592811 ], [ 6.194818548752318, 48.636775166695557 ], [ 6.194798216851919, 48.636839984732283 ], [ 6.194787568701559, 48.636905811474506 ], [ 6.194786706884943, 48.636972012977239 ], [ 6.194795639738869, 48.637037951684007 ], [ 6.194814281271514, 48.637102992566923 ], [ 6.19484245198919, 48.637166509242448 ], [ 6.194879880623629, 48.637227890003899 ], [ 6.194906405396057, 48.637261473156521 ], [ 6.194853756134982, 48.637246665527371 ], [ 6.194758421164331, 48.63722690167198 ], [ 6.194660622430341, 48.637213426125371 ], [ 6.194561301754312, 48.637206368659747 ], [ 6.194461415612456, 48.637205797239879 ], [ 6.194361925925886, 48.637211717368622 ], [ 6.19426379079823, 48.637224072034023 ], [ 6.19416795528995, 48.637242742258216 ], [ 6.194075342318237, 48.637267548243031 ], [ 6.193986843769997, 48.637298251101477 ], [ 6.19390331191352, 48.637334555157878 ], [ 6.193825551191483, 48.637376110795095 ], [ 6.193754310474299, 48.637422517821115 ], [ 6.193690275848376, 48.637473329322589 ], [ 6.193634064008762, 48.637528055968602 ], [ 6.193586216319784, 48.6375861707225 ], [ 6.193547193600883, 48.637647113917367 ], [ 6.193517371687909, 48.637710298645324 ], [ 6.19349703781262, 48.637775116409593 ], [ 6.193486387835322, 48.637840942984383 ], [ 6.193485524357313, 48.637907144426229 ], [ 6.193494455731394, 48.637973083179297 ], [ 6.193513095979994, 48.63803812421525 ], [ 6.193541265621795, 48.638101641149049 ], [ 6.19357869339889, 48.638163022271563 ], [ 6.193605217810301, 48.638196605687767 ], [ 6.193552567976603, 48.638181797495122 ], [ 6.193457231793836, 48.638162032613906 ], [ 6.193359431647358, 48.638148556009661 ], [ 6.193260109372072, 48.638141497464801 ], [ 6.193160221459589, 48.638140924954463 ], [ 6.193060729848076, 48.638146843992033 ], [ 6.192962592659693, 48.638159197576044 ], [ 6.192866754974752, 48.638177866739028 ], [ 6.192774139731398, 48.638202671693087 ], [ 6.192723467095703, 48.638220250562988 ], [ 6.19274581100316, 48.638185356702976 ], [ 6.192775634118396, 48.6381221721931 ], [ 6.192795969022036, 48.638057354570641 ], [ 6.192806619911809, 48.637991528069442 ], [ 6.192807484250026, 48.637925326637152 ], [ 6.192798553749664, 48.637859387829963 ], [ 6.192779914452776, 48.637794346672564 ], [ 6.192751745900438, 48.637730829542527 ], [ 6.192714319402355, 48.63766944813819 ], [ 6.192667995422802, 48.637610793587854 ], [ 6.192613220108138, 48.637555430757324 ], [ 6.192550520989342, 48.637503892810081 ], [ 6.192480501901062, 48.637456676073299 ], [ 6.192403837166033, 48.637414235258206 ], [ 6.192321265100968, 48.637376979081523 ], [ 6.19223358090641, 48.637345266329646 ], [ 6.192141629009048, 48.637319402403868 ], [ 6.192046294930186, 48.637299636379467 ], [ 6.191948496758683, 48.637286158607367 ], [ 6.191849176310424, 48.637279098881223 ], [ 6.191749290059428, 48.637278525187568 ], [ 6.191649799927857, 48.637284443051151 ], [ 6.191551664023623, 48.637296795481859 ], [ 6.191455827414671, 48.637315463523265 ], [ 6.191363213028787, 48.637340267398308 ], [ 6.191312540754232, 48.637357845680725 ], [ 6.191334885234197, 48.637322952060352 ], [ 6.191364709561437, 48.637259767858374 ], [ 6.191385045877465, 48.637194950430278 ], [ 6.191395698366403, 48.63712912400802 ], [ 6.191396564475162, 48.637062922538533 ], [ 6.191387635899667, 48.636996983578328 ], [ 6.191368998663432, 48.636931942153581 ], [ 6.191340832287685, 48.636868424644454 ], [ 6.191303408061172, 48.636807042752899 ], [ 6.19125708642629, 48.636748387611988 ], [ 6.191202313506816, 48.636693024093077 ], [ 6.191139616810666, 48.636641485366432 ], [ 6.191108540384339, 48.636620528166773 ], [ 6.19113696237471, 48.636597976437848 ] ], [ [ 6.188335269916498, 48.610396244054954 ], [ 6.188365082526289, 48.610333059197146 ], [ 6.188385412097647, 48.610268240838025 ], [ 6.188396062879616, 48.610202413218502 ], [ 6.188396932335504, 48.610136210297021 ], [ 6.188388012128967, 48.610070269644119 ], [ 6.188369388202883, 48.610005226302228 ], [ 6.188341239950261, 48.609941706669986 ], [ 6.188303838485281, 48.609880322469827 ], [ 6.188257544031111, 48.609821664857002 ], [ 6.188202802449739, 48.60976629872674 ], [ 6.18814014094727, 48.609714757274389 ], [ 6.188070162996078, 48.609667536860819 ], [ 6.187993542522729, 48.60962509223269 ], [ 6.187911017417682, 48.609587832143433 ], [ 6.187823382429252, 48.609556115417142 ], [ 6.187731481510266, 48.609530247493367 ], [ 6.18763619969111, 48.609510477485912 ], [ 6.18753845455739, 48.609496995784042 ], [ 6.187439187414244, 48.609489932219269 ], [ 6.187339354222369, 48.609489354815054 ], [ 6.187239916392987, 48.609495269131955 ], [ 6.187141831530344, 48.609507618213904 ], [ 6.187046044210862, 48.609526283136852 ], [ 6.186953476887671, 48.609551084153701 ], [ 6.186902830025132, 48.609568660964378 ], [ 6.186925165585241, 48.609533767369406 ], [ 6.186954979405516, 48.609470582819839 ], [ 6.186975310387543, 48.609405764655499 ], [ 6.186985962766776, 48.609339937115408 ], [ 6.186986833991142, 48.609273734157284 ], [ 6.186977915707264, 48.60920779335197 ], [ 6.186959293839502, 48.609142749743427 ], [ 6.186931147761042, 48.609079229732806 ], [ 6.186893748565124, 48.609017845046218 ], [ 6.186847456453066, 48.608959186843592 ], [ 6.186792717264301, 48.608903820025823 ], [ 6.186730058181889, 48.608852277794874 ], [ 6.186660082654901, 48.608805056519145 ], [ 6.186583464586558, 48.608762610953598 ], [ 6.186500941844159, 48.608725349860663 ], [ 6.186413309153265, 48.608693632074115 ], [ 6.186321410444581, 48.608667763043698 ], [ 6.186226130727207, 48.608647991893911 ], [ 6.186128387566511, 48.608634509025009 ], [ 6.186029122248628, 48.608627444279705 ], [ 6.185929290716683, 48.608626865692884 ], [ 6.185829854365907, 48.608632778836437 ], [ 6.185731770786313, 48.608645126765644 ], [ 6.185635984541962, 48.608663790567519 ], [ 6.185543418075635, 48.608688590505771 ], [ 6.18545496282639, 48.608719287751619 ], [ 6.185371470645541, 48.608755586683415 ], [ 6.185293745593676, 48.608797137733433 ], [ 6.185262139811566, 48.608817733398389 ], [ 6.185228133891496, 48.608798893835051 ], [ 6.185145612056359, 48.60876163180393 ], [ 6.185057980125713, 48.608729913020866 ], [ 6.184966082022939, 48.60870404294522 ], [ 6.184870802751304, 48.608684270711507 ], [ 6.184773059871879, 48.608670786730436 ], [ 6.184673794668098, 48.608663720855468 ], [ 6.184573963081982, 48.608663141132347 ], [ 6.184474526509288, 48.608669053143899 ], [ 6.18437644254216, 48.608681399956311 ], [ 6.184280655748399, 48.60870006266736 ], [ 6.184188088576069, 48.608724861551245 ], [ 6.184099632471028, 48.608755557789323 ], [ 6.184016139292832, 48.608791855769717 ], [ 6.183938413111672, 48.608833405933765 ], [ 6.18390680677463, 48.608854001238335 ], [ 6.183872801318605, 48.608835161288475 ], [ 6.183790280390785, 48.608797898319182 ], [ 6.183702649220439, 48.608766178539611 ], [ 6.183610751723632, 48.608740307418714 ], [ 6.183515472897791, 48.608720534101089 ], [ 6.183417730299698, 48.608707049007883 ], [ 6.183318465210076, 48.608699982003245 ], [ 6.183218633569848, 48.608699401143824 ], [ 6.183119196775293, 48.608705312023361 ], [ 6.183021112420692, 48.608717657718984 ], [ 6.182925325077571, 48.608736319339172 ], [ 6.182832757199291, 48.608761117168683 ], [ 6.182782109717692, 48.608778692238062 ], [ 6.182804447686743, 48.60874379939343 ], [ 6.182834266029463, 48.608680615834643 ], [ 6.18285460180555, 48.608615798331876 ], [ 6.182865259204291, 48.608549971117768 ], [ 6.182866135625267, 48.608483768146883 ], [ 6.182857222665055, 48.608417826990213 ], [ 6.182838606196744, 48.608352782695071 ], [ 6.182810465541519, 48.608289261669256 ], [ 6.182773071740398, 48.608227875648645 ], [ 6.182726784942739, 48.608169215806001 ], [ 6.182672050936802, 48.608113847058043 ], [ 6.182609396855735, 48.608062302625299 ], [ 6.182539426100446, 48.608015078897381 ], [ 6.182462812528208, 48.60797263065286 ], [ 6.182380293963022, 48.607935366679989 ], [ 6.182292665090225, 48.607903645840246 ], [ 6.182200769803756, 48.607877773612827 ], [ 6.18210549307976, 48.607857999152955 ], [ 6.182007752454778, 48.607844512892783 ], [ 6.181908489190531, 48.607837444707712 ], [ 6.181808659210367, 48.607836862665728 ], [ 6.181709223894575, 48.60784277237201 ], [ 6.181611140823197, 48.607855116914934 ], [ 6.181515354555404, 48.607873777414106 ], [ 6.181422787534199, 48.607898574165077 ], [ 6.181334331203981, 48.607929268369709 ], [ 6.181250837426473, 48.607965564435716 ], [ 6.181173110277638, 48.608007112822875 ], [ 6.181141503351697, 48.60802770740743 ], [ 6.181107499427248, 48.608008866655084 ], [ 6.181024981769451, 48.607971601744069 ], [ 6.180937353657039, 48.607939879907853 ], [ 6.180845458976629, 48.607914006635205 ], [ 6.180750182698529, 48.607894231091443 ], [ 6.180652442354988, 48.607880743719157 ], [ 6.180553179205019, 48.607873674404445 ], [ 6.180453349170864, 48.607873091226175 ], [ 6.180353913633337, 48.607878999800462 ], [ 6.180255830174613, 48.607891343226584 ], [ 6.180160043357594, 48.607910002634924 ], [ 6.18006747563057, 48.607934798331513 ], [ 6.179979018444738, 48.607965491528383 ], [ 6.179895523670059, 48.608001786642937 ], [ 6.179817795392098, 48.608043334144135 ], [ 6.179786187911292, 48.608063928368303 ], [ 6.179752184450936, 48.608045087229435 ], [ 6.17966966770058, 48.608007821380284 ], [ 6.179582040348605, 48.607976098547589 ], [ 6.179490146274309, 48.607950224229732 ], [ 6.179394870442165, 48.607930447602094 ], [ 6.179297130380124, 48.607916959117688 ], [ 6.179197867344489, 48.607909888673333 ], [ 6.179098037256405, 48.60790930435877 ], [ 6.1789986014972, 48.607915211801057 ], [ 6.178900517651187, 48.60792755411039 ], [ 6.178804730284996, 48.60794621242789 ], [ 6.178712161852205, 48.607971007070077 ], [ 6.178661513751887, 48.607988580398143 ], [ 6.178683854129601, 48.607953688303915 ], [ 6.178713676994316, 48.60789050573608 ], [ 6.178734017564056, 48.607825688895041 ], [ 6.178744679981938, 48.607759862007093 ], [ 6.178745561599206, 48.607693659023617 ], [ 6.17873665396239, 48.60762771751579 ], [ 6.178718042893313, 48.607562672534272 ], [ 6.178689907661165, 48.607499150493467 ], [ 6.178652519254733, 48.607437763139046 ], [ 6.178606237771427, 48.607379101656598 ], [ 6.178551508948328, 48.607323730978635 ], [ 6.178488859868674, 48.607272184344318 ], [ 6.178457805935476, 48.607251223336455 ], [ 6.178486217432979, 48.607228674078634 ], [ 6.178542412577403, 48.607173953210406 ], [ 6.178590249172604, 48.607115843038805 ], [ 6.178629266546028, 48.607054903206425 ], [ 6.178659088964736, 48.606991720605599 ], [ 6.178679429252925, 48.606926903726013 ], [ 6.178690091556422, 48.606861076794345 ], [ 6.178690973227571, 48.606794873762382 ], [ 6.178682065812382, 48.606728932201776 ], [ 6.178663455130545, 48.606663887163677 ], [ 6.178635320447515, 48.60660036506308 ], [ 6.178597932746793, 48.606538977646181 ], [ 6.178571433996053, 48.606505390010859 ], [ 6.178624047743723, 48.606520205211297 ], [ 6.178719320718923, 48.606539982478658 ], [ 6.178817058062021, 48.606553471452621 ], [ 6.178916318475057, 48.606560542222333 ], [ 6.17901614598984, 48.606561126689904 ], [ 6.179115579175837, 48.606555219226379 ], [ 6.179213660400713, 48.606542876725982 ], [ 6.179309445054224, 48.606524218057999 ], [ 6.17940201064668, 48.606499422921985 ], [ 6.179452657058193, 48.606481849257449 ], [ 6.17943031782066, 48.606516741538108 ], [ 6.179400496602991, 48.606579924356751 ], [ 6.179380157342095, 48.606644741377984 ], [ 6.179369495950102, 48.60671056838315 ], [ 6.179368615138193, 48.606776771424705 ], [ 6.179377523426057, 48.606842712931375 ], [ 6.179396135058418, 48.60690775784829 ], [ 6.179424270829509, 48.606971279753068 ], [ 6.179461659807591, 48.607032666888699 ], [ 6.179507941942981, 48.607091328055326 ], [ 6.17956267153451, 48.607146698304241 ], [ 6.179625321521053, 48.607198244378864 ], [ 6.179695288556847, 48.607245469850902 ], [ 6.179771898821744, 48.607287919901474 ], [ 6.179854414510435, 48.607325185701832 ], [ 6.17994204093818, 48.607356908351029 ], [ 6.180033934194566, 48.607382782332742 ], [ 6.180129209271608, 48.607402558457935 ], [ 6.180226948587838, 48.60741604626503 ], [ 6.180326210826285, 48.60742311585436 ], [ 6.180426040001178, 48.607423699139432 ], [ 6.180525474665999, 48.607417790502723 ], [ 6.180623557174163, 48.607405446849668 ], [ 6.180719342903075, 48.607386787060726 ], [ 6.180811909352684, 48.607361990846201 ], [ 6.180900365030863, 48.607331297015349 ], [ 6.180983858039984, 48.607295001176169 ], [ 6.181061584281969, 48.607253452888244 ], [ 6.181132795202766, 48.607207052295735 ], [ 6.181196805001624, 48.607156246273462 ], [ 6.181252997235773, 48.607101524122747 ], [ 6.181300830756827, 48.607043412858729 ], [ 6.181339844921846, 48.60698247213454 ], [ 6.181369664028785, 48.606919288851081 ], [ 6.18139000093374, 48.606854471504633 ], [ 6.181400659815123, 48.60678864432635 ], [ 6.181401538058232, 48.606722441270428 ], [ 6.181392627242094, 48.606656499908723 ], [ 6.181374013219147, 48.606591455290456 ], [ 6.181345875287025, 48.606527933826598 ], [ 6.181308484460518, 48.606466547257206 ], [ 6.181281984007902, 48.60643296022316 ], [ 6.181334598449622, 48.60644777422673 ], [ 6.181429872316688, 48.606467549326368 ], [ 6.18152761022275, 48.606481036076161 ], [ 6.181626870864418, 48.606488104586624 ], [ 6.181726698271301, 48.606488686781667 ], [ 6.181826131013907, 48.606482777054225 ], [ 6.181924211464168, 48.606470432320286 ], [ 6.182019995019307, 48.606451771470695 ], [ 6.182112559200211, 48.606426974225975 ], [ 6.182163204631989, 48.606409399407433 ], [ 6.18214086723145, 48.606444292198702 ], [ 6.182111049325504, 48.606507475699942 ], [ 6.182090713447807, 48.606572293188023 ], [ 6.182080055477906, 48.606638120439776 ], [ 6.182079178094021, 48.606704323505291 ], [ 6.182088089782837, 48.606770264813029 ], [ 6.182106704756313, 48.6068353093101 ], [ 6.182134843776513, 48.60689883057811 ], [ 6.182172235880402, 48.606960216866199 ], [ 6.182218520988192, 48.607018876982686 ], [ 6.182273253370088, 48.607074245988954 ], [ 6.182335905938088, 48.60712579064041 ], [ 6.182405875321566, 48.607173014522438 ], [ 6.182482487677761, 48.607215462831476 ], [ 6.182565005181224, 48.607252726755576 ], [ 6.182652633129733, 48.607284447411857 ], [ 6.182744527598228, 48.607310319303153 ], [ 6.18283980356705, 48.6073300932606 ], [ 6.182937543446138, 48.607343578843455 ], [ 6.183036805913104, 48.607350646173536 ], [ 6.18313663497997, 48.607351227186058 ], [ 6.183236069201264, 48.607345316285375 ], [ 6.18333415093467, 48.607332970398751 ], [ 6.183429935565058, 48.607314308428165 ], [ 6.183522500602955, 48.607289510104913 ], [ 6.183610954569833, 48.607258814258586 ], [ 6.183694445584544, 48.607222516516586 ], [ 6.183772169568226, 48.607180966456781 ], [ 6.183843377988569, 48.607134564240425 ], [ 6.183907385068915, 48.607083756757987 ], [ 6.183963574392668, 48.607029033324828 ], [ 6.184011404839481, 48.606970920968458 ], [ 6.184050415796017, 48.606909979352523 ], [ 6.184080231591137, 48.606846795386517 ], [ 6.184100565112831, 48.606781977573291 ], [ 6.184111220572093, 48.606716150148465 ], [ 6.184112095387179, 48.606649947068661 ], [ 6.184103181170131, 48.606584005905894 ], [ 6.184084563806137, 48.60651896170755 ], [ 6.184056422625011, 48.606455440880509 ], [ 6.184019028672822, 48.606394055158695 ], [ 6.183992526518387, 48.606360468725931 ], [ 6.184045141654039, 48.606375281532628 ], [ 6.184140416412743, 48.606395054464521 ], [ 6.184238154881531, 48.606408538990124 ], [ 6.184337415751597, 48.606415605241359 ], [ 6.184437243050345, 48.60641618516388 ], [ 6.18453667534933, 48.606410273172521 ], [ 6.18463475502475, 48.606397926205084 ], [ 6.184730537481296, 48.606379263173899 ], [ 6.184823100250434, 48.606354463820495 ], [ 6.184911551875488, 48.606323766984396 ], [ 6.184995040497864, 48.60628746830254 ], [ 6.185072762061738, 48.606245917361854 ], [ 6.185104366366079, 48.606225321703647 ], [ 6.185138370570402, 48.60624416134219 ], [ 6.185220888433197, 48.606281423455414 ], [ 6.185308516365098, 48.606313142182401 ], [ 6.185400410441209, 48.606339012044586 ], [ 6.185495685645646, 48.606358783892631 ], [ 6.185593424395711, 48.606372267306106 ], [ 6.185692685379887, 48.606379332427743 ], [ 6.18579251262448, 48.606379911214013 ], [ 6.185891944701566, 48.606373998090696 ], [ 6.185990023989481, 48.606361650006484 ], [ 6.186085805896647, 48.606342985884503 ], [ 6.186178367959825, 48.606318185476816 ], [ 6.186229011921754, 48.60630060892732 ], [ 6.186206677276815, 48.606335502484413 ], [ 6.186176864338555, 48.60639868700941 ], [ 6.186156533535712, 48.606463505197603 ], [ 6.186145880698957, 48.606529332819086 ], [ 6.186145008457081, 48.606595535920377 ], [ 6.186153925247244, 48.606661476929624 ], [ 6.186172545232282, 48.606726520796762 ], [ 6.186200689125984, 48.60679004110952 ], [ 6.186238085918385, 48.60685142612617 ], [ 6.186284375484543, 48.606910084667312 ], [ 6.186339112051715, 48.606965451809494 ], [ 6.186401768491596, 48.607016994326081 ], [ 6.186432825465595, 48.607037953266058 ], [ 6.186404417493613, 48.60706050442348 ], [ 6.186348230686876, 48.607115229007043 ], [ 6.186300402701566, 48.607173342295212 ], [ 6.186261394167337, 48.607234284635126 ], [ 6.186231580783398, 48.607297469127168 ], [ 6.186211249699329, 48.607362287276842 ], [ 6.186200596748514, 48.607428114854635 ], [ 6.186199724560844, 48.607494317907438 ], [ 6.186208641572954, 48.607560258863884 ], [ 6.186227261945547, 48.60762530267445 ], [ 6.186255406388682, 48.607688822927358 ], [ 6.1862928038871, 48.607750207881494 ], [ 6.186339094309062, 48.607808866358049 ], [ 6.186393831873586, 48.607864233434185 ], [ 6.186456489442761, 48.607915775883924 ], [ 6.186526463597789, 48.607962997313805 ], [ 6.186603080449956, 48.608005442943949 ], [ 6.186685602130508, 48.60804270398814 ], [ 6.186773233896991, 48.608074421591262 ], [ 6.186865131787576, 48.608100290285563 ], [ 6.18696041074964, 48.608120060932933 ], [ 6.187058153164293, 48.608133543124566 ], [ 6.187157417684725, 48.608140607014882 ], [ 6.187257248303183, 48.608141184572261 ], [ 6.187356683559248, 48.608135270234314 ], [ 6.18745476580064, 48.608122920961449 ], [ 6.187550550407334, 48.608104255688175 ], [ 6.18764311489009, 48.608079454177677 ], [ 6.187693760063754, 48.608061877030615 ], [ 6.187671425643653, 48.608096770811947 ], [ 6.187641613470058, 48.608159955612258 ], [ 6.187621283796506, 48.608224773956749 ], [ 6.1876106324428, 48.608290601614009 ], [ 6.18760976202345, 48.608356804630212 ], [ 6.187618680958064, 48.608422745434318 ], [ 6.187637303388829, 48.608487788978252 ], [ 6.187665450005988, 48.608551308852832 ], [ 6.187702849773339, 48.608612693320588 ], [ 6.187749142537295, 48.60867135120737 ], [ 6.187803882494321, 48.608726717596042 ], [ 6.18786654248346, 48.608778259267226 ], [ 6.187936519062612, 48.608825479834991 ], [ 6.188013138319711, 48.608867924527701 ], [ 6.188095662362845, 48.60890518456825 ], [ 6.188183296426803, 48.608936901111129 ], [ 6.188275196527626, 48.608962768698809 ], [ 6.188370477591409, 48.608982538203861 ], [ 6.188468221979017, 48.608996019228442 ], [ 6.188567488324636, 48.609003081938219 ], [ 6.188667320602936, 48.609003658312986 ], [ 6.188766757337512, 48.608997742801684 ], [ 6.188864840861842, 48.608985392376042 ], [ 6.188960626543547, 48.608966725981716 ], [ 6.189053191883033, 48.608941923392635 ], [ 6.189103837417543, 48.608924345658274 ], [ 6.189081503569208, 48.608959239679372 ], [ 6.18905169260607, 48.609022424787916 ], [ 6.189031364343153, 48.609087243327203 ], [ 6.189020714586674, 48.609153071063908 ], [ 6.189019845935762, 48.609219274043483 ], [ 6.189028766792997, 48.609285214695198 ], [ 6.189047391282049, 48.609350257972473 ], [ 6.189075540073339, 48.609413777468674 ], [ 6.18911294210973, 48.609475161449993 ], [ 6.18915923721578, 48.609533818746954 ], [ 6.1892139795654, 48.609589184448112 ], [ 6.189276641974589, 48.609640725340689 ], [ 6.189346620977942, 48.609687945046268 ], [ 6.18942324264004, 48.609730388801538 ], [ 6.189505769045813, 48.609767647838382 ], [ 6.189593405407294, 48.609799363320946 ], [ 6.189685307718396, 48.609825229801977 ], [ 6.189780590883922, 48.60984499816464 ], [ 6.189878337244498, 48.609858478022126 ], [ 6.189977605415309, 48.609865539551365 ], [ 6.190077439353443, 48.609866114743447 ], [ 6.190176877566508, 48.609860198058769 ], [ 6.190274962373747, 48.609847846480342 ], [ 6.190370749130419, 48.609829178964901 ], [ 6.190463315326583, 48.609804375297223 ], [ 6.190513961221906, 48.609786796975548 ], [ 6.190491627945395, 48.609821691236412 ], [ 6.190461818192831, 48.609884876653183 ], [ 6.190441491340664, 48.609949695387215 ], [ 6.190430843181529, 48.610015523203337 ], [ 6.190429976299172, 48.610081726146234 ], [ 6.190438899079142, 48.610147666645531 ], [ 6.190457525626597, 48.610212709656103 ], [ 6.190485676592128, 48.610276228773891 ], [ 6.190523080897664, 48.610337612268715 ], [ 6.19054958925383, 48.610371197137972 ], [ 6.190496968263081, 48.610356387254264 ], [ 6.190401683896527, 48.610336619473152 ], [ 6.190303936508656, 48.610323140050568 ], [ 6.190204667426315, 48.610316078796032 ], [ 6.190104832628878, 48.610315503710844 ], [ 6.190005393543021, 48.610321420333129 ], [ 6.189907307785094, 48.610333771684694 ], [ 6.18981151994014, 48.610352438819575 ], [ 6.189718952466352, 48.61037724196941 ], [ 6.189630496812491, 48.610407942274435 ], [ 6.189547004833772, 48.610444244083638 ], [ 6.189469280588836, 48.610485797801445 ], [ 6.189437675429879, 48.610506394546107 ], [ 6.189403666910819, 48.61048755620142 ], [ 6.189321139443067, 48.610450297115911 ], [ 6.189233502157053, 48.610418581449913 ], [ 6.189141599027726, 48.610392714632816 ], [ 6.189046315106764, 48.610372945767722 ], [ 6.188948568, 48.610359465232953 ], [ 6.188849299031593, 48.610352402848733 ], [ 6.188749464179799, 48.610351826627195 ], [ 6.188650024871829, 48.610357742117451 ], [ 6.188551938726169, 48.610370092352206 ], [ 6.188456150331595, 48.610388758396233 ], [ 6.188363582151593, 48.610413560491679 ], [ 6.188312934928176, 48.610431137889648 ], [ 6.188335269916498, 48.610396244054954 ] ], [ [ 6.163090139558943, 48.719988920123377 ], [ 6.162992194088602, 48.719975419525476 ], [ 6.162892720375847, 48.719968336155006 ], [ 6.162792676370607, 48.71996773822621 ], [ 6.162693025514192, 48.719973631497233 ], [ 6.162594727462258, 48.719985959214796 ], [ 6.162498728844203, 48.720004602660467 ], [ 6.162405954147935, 48.72002938229403 ], [ 6.162355191941563, 48.720046947033133 ], [ 6.162377591120071, 48.720012061281224 ], [ 6.162407497661201, 48.719948888742209 ], [ 6.162427902081096, 48.719884080785178 ], [ 6.162438607908102, 48.71981826155087 ], [ 6.162439512075559, 48.719752064916975 ], [ 6.162430605912985, 48.719686128393477 ], [ 6.162411975228167, 48.719621086983089 ], [ 6.162383799479358, 48.71955756706582 ], [ 6.162346350045683, 48.719496180366868 ], [ 6.162319804455829, 48.719462592299656 ], [ 6.162372527337047, 48.719477413276017 ], [ 6.162468000124147, 48.719497201670698 ], [ 6.162565944562557, 48.719510702704355 ], [ 6.162665417359731, 48.719517786349996 ], [ 6.162765460501951, 48.719518384385694 ], [ 6.162865110481917, 48.719512491051887 ], [ 6.162963407579284, 48.71950016310663 ], [ 6.163059405104687, 48.719481519279078 ], [ 6.163152178518223, 48.719456739125874 ], [ 6.163202939883232, 48.719439174038889 ], [ 6.163180541501412, 48.719474059962835 ], [ 6.163150636166755, 48.719537232721279 ], [ 6.163130232778791, 48.719602040821151 ], [ 6.163119527867365, 48.719667860129711 ], [ 6.163118624562931, 48.719734056773525 ], [ 6.163127531601952, 48.719799993242951 ], [ 6.163146163241337, 48.719865034531665 ], [ 6.163174340082798, 48.719928554252199 ], [ 6.163211790799207, 48.719989940668562 ], [ 6.163238337230426, 48.720023528522169 ], [ 6.163185613552514, 48.720008707935271 ], [ 6.163090139558943, 48.719988920123377 ] ], [ [ 6.115046934216217, 48.651015387848858 ], [ 6.114948754517752, 48.651027677035351 ], [ 6.114852865470191, 48.651046283235679 ], [ 6.114760190506275, 48.651071027268259 ], [ 6.114709479220353, 48.651088572761232 ], [ 6.114731880642482, 48.651053693922968 ], [ 6.114761805292062, 48.650990529649377 ], [ 6.114782241835864, 48.650925726068735 ], [ 6.114792993492755, 48.650859907279653 ], [ 6.114793956754607, 48.650793707155565 ], [ 6.114785122381726, 48.650727763240077 ], [ 6.114766575490434, 48.650662710607079 ], [ 6.114738494731935, 48.650599175744688 ], [ 6.114701150570485, 48.65053777052205 ], [ 6.11467467056262, 48.650504169901993 ], [ 6.114727310445349, 48.65051901279147 ], [ 6.114822639355813, 48.650538840457287 ], [ 6.114920442385295, 48.650552381383335 ], [ 6.115019777603205, 48.650559505158377 ], [ 6.115119688320891, 48.650560143174076 ], [ 6.115219212306472, 48.650554289285722 ], [ 6.115317391053085, 48.650541999871571 ], [ 6.115413279011227, 48.650523393289632 ], [ 6.115505952696242, 48.650498648737866 ], [ 6.115556663143234, 48.650481102897352 ], [ 6.115534262516146, 48.650515981907255 ], [ 6.115504339070553, 48.650579146399849 ], [ 6.11548390355652, 48.650643950123076 ], [ 6.115473152813178, 48.65070976898636 ], [ 6.115472190412259, 48.650775969120581 ], [ 6.115481025659261, 48.650841912982493 ], [ 6.115499573502404, 48.650906965494556 ], [ 6.115527655350323, 48.650970500161272 ], [ 6.115565000790674, 48.651031905102712 ], [ 6.115591481637475, 48.651065505510196 ], [ 6.115538840959699, 48.651050663009194 ], [ 6.115443510845251, 48.651030835924757 ], [ 6.115345706785996, 48.651017295433398 ], [ 6.115246370654536, 48.651010171932739 ], [ 6.115146459075921, 48.651009534023501 ], [ 6.115046934216217, 48.651015387848858 ] ], [ [ 6.105294686712424, 48.661567383649043 ], [ 6.105345411314664, 48.661549842316312 ], [ 6.105322999138947, 48.661584719083422 ], [ 6.105293057031278, 48.661647880426301 ], [ 6.105272604542739, 48.66171268179756 ], [ 6.105261838675943, 48.661778499129269 ], [ 6.105260863148282, 48.661844698567087 ], [ 6.105269687391691, 48.661910642574455 ], [ 6.105288226460372, 48.66197569607246 ], [ 6.105316301847485, 48.66203923255609 ], [ 6.105353643202926, 48.662100640127932 ], [ 6.105380123093722, 48.662134242492748 ], [ 6.105327474174768, 48.662119395618923 ], [ 6.105232127759219, 48.662099560550082 ], [ 6.105134305648176, 48.662086011804 ], [ 6.105034949888069, 48.662078879857816 ], [ 6.104935017292977, 48.662078233393572 ], [ 6.104835470231349, 48.662084078636823 ], [ 6.104737267359313, 48.662096359296783 ], [ 6.104641354389686, 48.662114957108216 ], [ 6.104548654985579, 48.662139692970378 ], [ 6.104497929544139, 48.662157233955369 ], [ 6.104520342515296, 48.662122357360133 ], [ 6.104550285827608, 48.662059196236498 ], [ 6.104570739346472, 48.661994395008016 ], [ 6.104581506127286, 48.661928577750643 ], [ 6.104582482516282, 48.66186237832305 ], [ 6.104573659147363, 48.661796434262136 ], [ 6.104555121030891, 48.661731380643218 ], [ 6.104527046733581, 48.661667843963905 ], [ 6.104489706657488, 48.66160643611083 ], [ 6.104463227605891, 48.661572833533377 ], [ 6.104515875729406, 48.661587680795705 ], [ 6.104611220940312, 48.661607516445983 ], [ 6.104709042021032, 48.661621065626775 ], [ 6.104808396867117, 48.661628197847357 ], [ 6.104908328600875, 48.661628844417997 ], [ 6.105007874788014, 48.661622999111657 ], [ 6.105106076707841, 48.661610718223905 ], [ 6.105201988587662, 48.661592120030654 ], [ 6.105294686712424, 48.661567383649043 ] ], [ [ 6.106811667976024, 48.66422834125936 ], [ 6.106862394650038, 48.664210799320259 ], [ 6.106839982345649, 48.664245676294712 ], [ 6.106810040546555, 48.664308837877591 ], [ 6.106789588896921, 48.664373639364413 ], [ 6.106778824391289, 48.664439456686146 ], [ 6.106777850733941, 48.664505655988521 ], [ 6.106786677338807, 48.664571599736306 ], [ 6.106805219237349, 48.664636652853062 ], [ 6.106833297895479, 48.664700188837465 ], [ 6.10687064293159, 48.664761595796911 ], [ 6.106897125144059, 48.66479519774964 ], [ 6.106844473116086, 48.664780351579054 ], [ 6.106749121274662, 48.664760517767931 ], [ 6.106651293794118, 48.664746970297045 ], [ 6.106551932772595, 48.664739839631245 ], [ 6.106451995074832, 48.664739194440223 ], [ 6.106352443118418, 48.664745040937298 ], [ 6.106254235606618, 48.664757322819568 ], [ 6.10615831829693, 48.664775921810076 ], [ 6.106065614894257, 48.6648006587967 ], [ 6.106014887380952, 48.664818200388041 ], [ 6.106037300480847, 48.664783323585489 ], [ 6.106067243484684, 48.664720162221876 ], [ 6.10608769616473, 48.664655360877838 ], [ 6.106098461584463, 48.664589543630449 ], [ 6.106099436103226, 48.664523344338285 ], [ 6.106090610372939, 48.664457400536946 ], [ 6.10607206942671, 48.664392347299255 ], [ 6.106043991858506, 48.66432881111912 ], [ 6.106006648101886, 48.664267403878391 ], [ 6.105980166728712, 48.664233801712953 ], [ 6.106032817961178, 48.664248648272114 ], [ 6.106128168597857, 48.664268482664724 ], [ 6.10622599504799, 48.664282030570369 ], [ 6.106325355155414, 48.664289161510595 ], [ 6.106425291991759, 48.664289806808021 ], [ 6.106524843073594, 48.664283960247879 ], [ 6.106623049633082, 48.66427167813778 ], [ 6.106718965852843, 48.664253078765455 ], [ 6.106811667976024, 48.66422834125936 ] ], [ [ 6.123054593124486, 48.653919774339272 ], [ 6.123028106039905, 48.653886175670472 ], [ 6.123080751695244, 48.653901014828087 ], [ 6.123176089933605, 48.653920835755606 ], [ 6.123273901447094, 48.653934369787741 ], [ 6.123373244223403, 48.653941486579654 ], [ 6.123473161501084, 48.653942117590205 ], [ 6.123572690985079, 48.653936256742234 ], [ 6.123670874115565, 48.653923960480945 ], [ 6.123766765300819, 48.653905347230378 ], [ 6.123859441025104, 48.653880596252613 ], [ 6.123910151948373, 48.653863046907198 ], [ 6.123887755442524, 48.653897927388535 ], [ 6.123857840148329, 48.653961093799744 ], [ 6.12383741366074, 48.65402589877187 ], [ 6.123826672731965, 48.654091718202288 ], [ 6.123825720839221, 48.65415791821647 ], [ 6.123834567186815, 48.654223861272257 ], [ 6.123853126616061, 48.654288912299926 ], [ 6.12388122042402, 48.654352444818244 ], [ 6.123918578083162, 48.654413846967962 ], [ 6.123945066006773, 48.654447445424012 ], [ 6.123892419556413, 48.654432606654971 ], [ 6.123797080114033, 48.654412786308974 ], [ 6.123699267570738, 48.654399252711634 ], [ 6.123599923880827, 48.654392136194211 ], [ 6.123500005742135, 48.654391505290171 ], [ 6.123400475383902, 48.654397366075209 ], [ 6.123302291301408, 48.654409662108876 ], [ 6.123206399026533, 48.654428274977867 ], [ 6.123113722023099, 48.654453025436474 ], [ 6.1230630102608, 48.654470574434349 ], [ 6.123085407561671, 48.654435694124722 ], [ 6.123115324059886, 48.654372527932473 ], [ 6.12313575157728, 48.654307723102896 ], [ 6.123146493419656, 48.654241903746623 ], [ 6.123147446173411, 48.654175703742531 ], [ 6.123138600700056, 48.654109760633098 ], [ 6.123120042222819, 48.654044709484403 ], [ 6.123091949504484, 48.653981176770323 ], [ 6.123054593124486, 48.653919774339272 ] ], [ [ 6.124554630175785, 48.66464830170586 ], [ 6.124532229481603, 48.664683181993034 ], [ 6.124502308797236, 48.664746347995063 ], [ 6.124481878896226, 48.664811152491886 ], [ 6.124471136563662, 48.664876971385432 ], [ 6.124470185290302, 48.664943170806346 ], [ 6.124479034274498, 48.66500911321819 ], [ 6.124497598332189, 48.665074163557456 ], [ 6.124525698715875, 48.665137695349507 ], [ 6.124563064834713, 48.665199096742121 ], [ 6.124589558634104, 48.665232694751175 ], [ 6.124536901145239, 48.665217856400979 ], [ 6.1244415417997, 48.665198036749693 ], [ 6.124343708920768, 48.665184503803609 ], [ 6.124244344658568, 48.665177387887681 ], [ 6.124144405909044, 48.665176757529601 ], [ 6.124044855099913, 48.665182618799797 ], [ 6.123946650923393, 48.665194915253132 ], [ 6.123850739104869, 48.665213528472293 ], [ 6.123758043296366, 48.665238279208189 ], [ 6.123707321293484, 48.66525582832157 ], [ 6.123729722783009, 48.665220948206183 ], [ 6.123759644671883, 48.665157782423265 ], [ 6.123780075603118, 48.665092978069097 ], [ 6.123790818849653, 48.665027159249746 ], [ 6.123791770984377, 48.664960959838936 ], [ 6.123782922874781, 48.664895017373404 ], [ 6.123764359769495, 48.664829966913068 ], [ 6.123736260475884, 48.664766434925127 ], [ 6.123698895636726, 48.664705033251046 ], [ 6.123672402676715, 48.664671435029128 ], [ 6.123725059370235, 48.664686273768012 ], [ 6.123820417511268, 48.664706094000962 ], [ 6.123918249359977, 48.664719627381956 ], [ 6.124017612708204, 48.66472674357243 ], [ 6.124117550596364, 48.664727374037057 ], [ 6.124217100530896, 48.664721512703906 ], [ 6.124315303755011, 48.664709216022885 ], [ 6.124411214483459, 48.664690602422056 ], [ 6.124503909012282, 48.664665851166887 ], [ 6.124554630175785, 48.66464830170586 ] ], [ [ 6.120832528642093, 48.706445781527457 ], [ 6.120823677242847, 48.706379841157712 ], [ 6.120805103085896, 48.706314792520629 ], [ 6.120776985085096, 48.706251262065848 ], [ 6.120739594063434, 48.706189861620032 ], [ 6.120693290143646, 48.706131182494929 ], [ 6.120638519279007, 48.706075789792934 ], [ 6.120575808957751, 48.706024216965282 ], [ 6.120544719582816, 48.706003242593134 ], [ 6.120573209740859, 48.705980709023308 ], [ 6.120629571681878, 48.705926020023703 ], [ 6.120677563037797, 48.705867937936588 ], [ 6.120716721645663, 48.705807022134103 ], [ 6.120746670412429, 48.70574385927717 ], [ 6.120767120945577, 48.705679057665364 ], [ 6.120777876329319, 48.705613241378295 ], [ 6.120778833019712, 48.705547044265344 ], [ 6.120769981840428, 48.705481103841073 ], [ 6.120751408069721, 48.705416055145768 ], [ 6.120723290617724, 48.705352524629639 ], [ 6.120685900302139, 48.705291124119945 ], [ 6.120659388705592, 48.705257526382319 ], [ 6.120712085434877, 48.705272365942456 ], [ 6.120807516484865, 48.705292187904831 ], [ 6.120905423525988, 48.705305723293606 ], [ 6.121004863625892, 48.705312841750889 ], [ 6.121104879085777, 48.705313474719532 ], [ 6.121204506664964, 48.705307616103482 ], [ 6.121302786858847, 48.705295322326478 ], [ 6.121398773140863, 48.705276711788606 ], [ 6.121491541079378, 48.705251963725843 ], [ 6.121542302642498, 48.705234416149217 ], [ 6.121519882542421, 48.705269294672433 ], [ 6.121489934982078, 48.705332457749023 ], [ 6.121469485480788, 48.70539725950389 ], [ 6.121458731012464, 48.70546307586541 ], [ 6.121457775184784, 48.705529272988571 ], [ 6.121466627240024, 48.705595213359103 ], [ 6.121485201964603, 48.705660261933104 ], [ 6.121513320508348, 48.705723792253004 ], [ 6.121550712105573, 48.705785192480711 ], [ 6.121597016681513, 48.705843871290355 ], [ 6.121651788319007, 48.705899263563282 ], [ 6.121714499552112, 48.705950835830841 ], [ 6.121784546445307, 48.705998091412468 ], [ 6.121861254409431, 48.706040575199317 ], [ 6.12194388469831, 48.706077878037739 ], [ 6.122031641523538, 48.706109640670093 ], [ 6.122123679718873, 48.706135557194955 ], [ 6.122219112880435, 48.70615537801357 ], [ 6.122317021904225, 48.706168912233935 ], [ 6.122416463838793, 48.7061760295094 ], [ 6.12251648096767, 48.706176661294165 ], [ 6.122616110034103, 48.706170801503632 ], [ 6.12271439151916, 48.706158506572805 ], [ 6.122810378883841, 48.706139894912901 ], [ 6.122903147686087, 48.706115145770731 ], [ 6.122953909613653, 48.706097597606387 ], [ 6.12293149008534, 48.706132476369234 ], [ 6.122901543736424, 48.706195639753666 ], [ 6.1228810956477, 48.706260441702781 ], [ 6.122870342779474, 48.7063262581431 ], [ 6.122869388724022, 48.706392455228823 ], [ 6.122878242706548, 48.706458395446056 ], [ 6.122896819494914, 48.706523443752396 ], [ 6.122924940219073, 48.706586973692794 ], [ 6.122962334092338, 48.70664837343287 ], [ 6.122988847874948, 48.706681970618874 ], [ 6.122936149077855, 48.706667132082224 ], [ 6.122840714709853, 48.706647311845828 ], [ 6.122742804654186, 48.706633778060777 ], [ 6.12264336180418, 48.706626661060092 ], [ 6.122543343812567, 48.706626029381944 ], [ 6.122443713870149, 48.706631889109431 ], [ 6.122345431431183, 48.706644183812315 ], [ 6.122249442974708, 48.706662795090118 ], [ 6.122156672890764, 48.706687543712427 ], [ 6.122068014579219, 48.706718191344613 ], [ 6.121984321846859, 48.706754442842872 ], [ 6.121906400685585, 48.706795949096211 ], [ 6.121874710671563, 48.706816526240338 ], [ 6.121840663846713, 48.706797670128111 ], [ 6.12175803249345, 48.70676036724111 ], [ 6.121670274741818, 48.70672860442513 ], [ 6.121578235726904, 48.706702687563599 ], [ 6.121482801808981, 48.706682866241579 ], [ 6.121384892038369, 48.706669331342532 ], [ 6.121285449305651, 48.706662213210244 ], [ 6.121185431262426, 48.706661580393707 ], [ 6.121085801099998, 48.706667438987054 ], [ 6.120987518274738, 48.706679732570926 ], [ 6.120891529269406, 48.706698342755651 ], [ 6.120798758479329, 48.706723090321312 ], [ 6.12074799522061, 48.7067406375593 ], [ 6.12077041646703, 48.706705759224903 ], [ 6.120800365683928, 48.706642596402915 ], [ 6.120820816502182, 48.706577794831567 ], [ 6.120831572003261, 48.706511978590129 ], [ 6.120832528642093, 48.706445781527457 ] ], [ [ 6.12400702884611, 48.692602066439598 ], [ 6.12396073329422, 48.692543387904394 ], [ 6.12390597320365, 48.692487996062184 ], [ 6.123843275958863, 48.692436424355947 ], [ 6.123812193353856, 48.692415450592883 ], [ 6.123840674698129, 48.69239291598231 ], [ 6.123897018570983, 48.692338224806981 ], [ 6.123944993822414, 48.692280140734198 ], [ 6.123984138444555, 48.692219223155192 ], [ 6.124014075479037, 48.692156058748047 ], [ 6.124034516646317, 48.692091255827236 ], [ 6.124045265120789, 48.69202543848499 ], [ 6.124046217425033, 48.691959240580829 ], [ 6.124037364424942, 48.691893299636966 ], [ 6.124018791416286, 48.69182825069867 ], [ 6.12399067730184, 48.691764720218494 ], [ 6.123953292867142, 48.691703320023336 ], [ 6.123926786061586, 48.691669722623566 ], [ 6.123979470021374, 48.691684560911945 ], [ 6.12407487750568, 48.691704380489711 ], [ 6.124172759944615, 48.691717913353465 ], [ 6.124272174642778, 48.691725029169604 ], [ 6.124372164146014, 48.69172565940643 ], [ 6.124471765463644, 48.69171979799421 ], [ 6.124570019343995, 48.691707501383597 ], [ 6.124665979513932, 48.691688888001941 ], [ 6.124758721793317, 48.691664137112674 ], [ 6.124809469065729, 48.691646587943112 ], [ 6.124787056972947, 48.691681467483384 ], [ 6.124757121144213, 48.691744632109973 ], [ 6.124736681008217, 48.691809435173688 ], [ 6.124725933448659, 48.691875252590286 ], [ 6.124724982006668, 48.691941450504579 ], [ 6.124733835882261, 48.692007391394725 ], [ 6.124752409844309, 48.692072440211781 ], [ 6.12478052504996, 48.692135970495833 ], [ 6.124817910765661, 48.692197370409154 ], [ 6.124864206973272, 48.692256048628884 ], [ 6.124918967836209, 48.69231144004204 ], [ 6.124981665992286, 48.69236301118827 ], [ 6.125012749035313, 48.692383984647513 ], [ 6.124984268201151, 48.692406519538132 ], [ 6.12492792539217, 48.6924612112239 ], [ 6.124879951066704, 48.692519295683141 ], [ 6.124840807263765, 48.692580213540623 ], [ 6.12481087098531, 48.692643378132537 ], [ 6.124790430564531, 48.692708181156043 ], [ 6.124779682887871, 48.692773998527294 ], [ 6.124778731497585, 48.692840196391543 ], [ 6.124787585593198, 48.692906137227411 ], [ 6.124806159941459, 48.692971185986487 ], [ 6.124834275695802, 48.693034716209404 ], [ 6.124871662117386, 48.693096116059053 ], [ 6.12489817025346, 48.693129713208144 ], [ 6.124845484576478, 48.693114875343774 ], [ 6.124750074225736, 48.69309505640615 ], [ 6.124652189058747, 48.693081524032003 ], [ 6.124552771729156, 48.693074408540809 ], [ 6.124452779643939, 48.693073778456103 ], [ 6.124353175744425, 48.693079639845749 ], [ 6.124254919234084, 48.693091936263414 ], [ 6.124158956342266, 48.693110549292179 ], [ 6.124066211212829, 48.693135299684698 ], [ 6.124015462245731, 48.693152848515837 ], [ 6.12403787548415, 48.693117969164128 ], [ 6.124067812968392, 48.693054804791686 ], [ 6.12408825442049, 48.692990001911085 ], [ 6.124099003012097, 48.692924184614192 ], [ 6.124099955264663, 48.692857986760082 ], [ 6.124091102044584, 48.69279204587049 ], [ 6.124072528649745, 48.692726996990167 ], [ 6.124044413986645, 48.692663466571098 ], [ 6.12400702884611, 48.692602066439598 ] ], [ [ 6.134288823385127, 48.675712433530869 ], [ 6.134189253657294, 48.675718303220698 ], [ 6.134091032081689, 48.675730607921906 ], [ 6.133995104551246, 48.675749229137814 ], [ 6.133902394869301, 48.675773987542271 ], [ 6.133851666052096, 48.675791540816249 ], [ 6.133874065288436, 48.675756659104096 ], [ 6.133903980952172, 48.675693491335473 ], [ 6.133924403428356, 48.675628685817792 ], [ 6.133935136071371, 48.675562866668336 ], [ 6.133936075556239, 48.675496667763973 ], [ 6.133927212872289, 48.675430726636577 ], [ 6.133908633408526, 48.675365678333165 ], [ 6.133880516129866, 48.675302149300187 ], [ 6.133843131852301, 48.675240751350614 ], [ 6.133816627037528, 48.675207155681321 ], [ 6.133869297217773, 48.675221989807554 ], [ 6.133964678414504, 48.675241801749848 ], [ 6.134062532597728, 48.675255326685431 ], [ 6.13416191734417, 48.675262434357094 ], [ 6.134261875488158, 48.675263056311557 ], [ 6.134361444341035, 48.675257186558852 ], [ 6.13445966496381, 48.675244881629958 ], [ 6.134555591403661, 48.675226260032368 ], [ 6.134648299805313, 48.675201501108582 ], [ 6.134699027782743, 48.675183947486936 ], [ 6.134676629341982, 48.67521882937092 ], [ 6.13464671488309, 48.675281997358681 ], [ 6.134626293437424, 48.675346803019018 ], [ 6.13461556170867, 48.675412622242689 ], [ 6.134614623085475, 48.675478821157093 ], [ 6.134623486644379, 48.675544762230714 ], [ 6.134642067060974, 48.675609810412901 ], [ 6.134670185430224, 48.675673339249805 ], [ 6.134707570988083, 48.675734736917661 ], [ 6.134734076642627, 48.675768332373949 ], [ 6.134681405666808, 48.675753498636567 ], [ 6.134586023265232, 48.675733687276185 ], [ 6.13448816805149, 48.675720162775697 ], [ 6.134388782390786, 48.675713055378708 ], [ 6.134288823385127, 48.675712433530869 ] ], [ [ 6.135239257818861, 48.674562216336888 ], [ 6.135230393650034, 48.674496275254427 ], [ 6.135211812897277, 48.674431227102858 ], [ 6.135183694537918, 48.67436769832716 ], [ 6.135146309398351, 48.674306300737825 ], [ 6.135119804220031, 48.674272705331809 ], [ 6.135172473828745, 48.674287538894042 ], [ 6.135267853814823, 48.674307349809425 ], [ 6.135365706586532, 48.674320873686128 ], [ 6.135465089734192, 48.674327980277148 ], [ 6.135565046107526, 48.674328601139564 ], [ 6.135664613034935, 48.674322730293959 ], [ 6.13576283159597, 48.674310424281849 ], [ 6.135858755857666, 48.674291801621131 ], [ 6.135951461985728, 48.674267041664571 ], [ 6.13600218861926, 48.674249487474654 ], [ 6.135979791447985, 48.674284369630897 ], [ 6.135949879097746, 48.674347537995367 ], [ 6.135929459631916, 48.674412343929951 ], [ 6.135918729735113, 48.674478163322753 ], [ 6.135917792778339, 48.67454436229955 ], [ 6.135926657822089, 48.674610303328237 ], [ 6.135945239527649, 48.674675351358573 ], [ 6.135973358977571, 48.674738879938189 ], [ 6.136010745397397, 48.674800277245808 ], [ 6.136037251415492, 48.674833872438839 ], [ 6.135984581011215, 48.674819039265458 ], [ 6.135889199820354, 48.674799228931981 ], [ 6.13579134601818, 48.674785705490379 ], [ 6.135691961956301, 48.674778599174061 ], [ 6.135592004721332, 48.67477797841827 ], [ 6.135492436918998, 48.674783849200999 ], [ 6.135394217405161, 48.674796154985451 ], [ 6.135298292052902, 48.674814777264501 ], [ 6.135205584644579, 48.674839536701761 ], [ 6.135154857171279, 48.674857090544009 ], [ 6.135177255138111, 48.674822208559561 ], [ 6.135207168693134, 48.674759040414195 ], [ 6.135227589189431, 48.674694234622265 ], [ 6.135238320000451, 48.674628415303658 ], [ 6.135239257818861, 48.674562216336888 ] ], [ [ 6.139413852890724, 48.709282189786578 ], [ 6.139502505377389, 48.709251529332192 ], [ 6.139586189954567, 48.709215265623136 ], [ 6.13966410067918, 48.709173747909524 ], [ 6.139695785117191, 48.709153166082089 ], [ 6.139729839918283, 48.709172017060546 ], [ 6.139812487911144, 48.709209307422533 ], [ 6.139900260853078, 48.709241056825562 ], [ 6.139992313422622, 48.709266959495658 ], [ 6.140087759077439, 48.709286765967462 ], [ 6.140185678593207, 48.709300285487139 ], [ 6.14028512891742, 48.709307387849634 ], [ 6.140385152252805, 48.709308004652797 ], [ 6.140484785282828, 48.709302129956271 ], [ 6.140583068450391, 48.709289820338654 ], [ 6.140679055200287, 48.709271194352596 ], [ 6.140771821096387, 48.709246431382859 ], [ 6.140822580064066, 48.709228875663065 ], [ 6.140800171118946, 48.709263757689655 ], [ 6.140770244573714, 48.709326925388872 ], [ 6.140749817417873, 48.709391730225747 ], [ 6.14073908641015, 48.709457548098989 ], [ 6.140738154932295, 48.709523745148999 ], [ 6.140747031992088, 48.709589683862241 ], [ 6.140765632135142, 48.709654729210754 ], [ 6.140793776266491, 48.709718254767992 ], [ 6.140831193374018, 48.709779648741794 ], [ 6.140857720232665, 48.709813241866101 ], [ 6.140805013205428, 48.709798411262376 ], [ 6.140709566344284, 48.709778605372996 ], [ 6.140611645796725, 48.709765086288805 ], [ 6.140512194557109, 48.709757984201246 ], [ 6.140412170358953, 48.709757367504807 ], [ 6.140312536452832, 48.709763242138408 ], [ 6.140214252331171, 48.709775551528203 ], [ 6.140118264489216, 48.709794177132316 ], [ 6.140025497311096, 48.709818939582313 ], [ 6.139936844168703, 48.709849600410458 ], [ 6.139853158819051, 48.709885864345814 ], [ 6.139775247182954, 48.70992738215763 ], [ 6.139743562306839, 48.709947963992548 ], [ 6.139709506995124, 48.709929113030476 ], [ 6.139626857937352, 48.709891822620094 ], [ 6.139539084068494, 48.709860073033582 ], [ 6.139447030678837, 48.70983417002693 ], [ 6.139351584267073, 48.709814363051805 ], [ 6.139253664003834, 48.709800842853525 ], [ 6.139154212880742, 48.709793739634257 ], [ 6.13905418863019, 48.709793121799407 ], [ 6.138954554503258, 48.709798995298833 ], [ 6.138856269994498, 48.709811303569616 ], [ 6.138760281602882, 48.709829928080637 ], [ 6.138667513717833, 48.709854689474028 ], [ 6.138616753418341, 48.709872244267608 ], [ 6.138639164081793, 48.709837362669234 ], [ 6.138669093495296, 48.70977419553212 ], [ 6.138689523380912, 48.709709391072664 ], [ 6.138700257021714, 48.70964357339794 ], [ 6.138701191083164, 48.709577376370632 ], [ 6.138692316606869, 48.709511437504517 ], [ 6.138673719095446, 48.709446391824848 ], [ 6.138645577687668, 48.709382865752787 ], [ 6.138608163431936, 48.709321471072798 ], [ 6.138581638269005, 48.709287877434257 ], [ 6.13863434415032, 48.709302709026623 ], [ 6.138729789355734, 48.709322516584152 ], [ 6.138827708587165, 48.709336037217916 ], [ 6.138927158794844, 48.709343140712114 ], [ 6.139027182182618, 48.709343758653695 ], [ 6.139126815433451, 48.709337885091323 ], [ 6.139225098988117, 48.709325576592732 ], [ 6.139321086287683, 48.709306951699716 ], [ 6.139413852890724, 48.709282189786578 ] ], [ [ 6.142393051043347, 48.645309422101661 ], [ 6.142363162999649, 48.645372593609174 ], [ 6.142342762784392, 48.645437402215961 ], [ 6.142332046896765, 48.645503223784416 ], [ 6.142331118572814, 48.645569424419364 ], [ 6.142339986789856, 48.645635366572698 ], [ 6.142358566178574, 48.645700415183363 ], [ 6.14238667784379, 48.645763943793398 ], [ 6.142424051085982, 48.645825340581226 ], [ 6.142450546543884, 48.645858935164519 ], [ 6.14239790348826, 48.645844104464025 ], [ 6.142302572687545, 48.645824298780049 ], [ 6.142204771415301, 48.645810780273685 ], [ 6.14210544151728, 48.64580367913085 ], [ 6.142005539558506, 48.645803063736942 ], [ 6.141906027612405, 48.645808940018306 ], [ 6.141807863996957, 48.645821251385236 ], [ 6.141711994046947, 48.645839879276799 ], [ 6.141619341011222, 48.645864644302598 ], [ 6.141568643780504, 48.645882201300104 ], [ 6.141591025068434, 48.645847317263495 ], [ 6.141620914315489, 48.645784145974652 ], [ 6.141641315559997, 48.64571933751018 ], [ 6.141652032360778, 48.645653516015706 ], [ 6.141652961545384, 48.645587315390699 ], [ 6.141644094202301, 48.645521373183605 ], [ 6.14162551576536, 48.645456324451828 ], [ 6.141597405189544, 48.645392795645918 ], [ 6.141560033226255, 48.645331398576694 ], [ 6.141533538607242, 48.64529780378065 ], [ 6.141586180868226, 48.64531263486974 ], [ 6.141681510465585, 48.645332441135302 ], [ 6.141779310708578, 48.645345960076533 ], [ 6.141878639693444, 48.645353061493935 ], [ 6.141978540791563, 48.645353676994461 ], [ 6.142078051863704, 48.64534780065032 ], [ 6.142176214527378, 48.645335489055945 ], [ 6.142272083387985, 48.645316860783055 ], [ 6.142364735144808, 48.645292095238418 ], [ 6.14241543153665, 48.645274537893592 ], [ 6.142393051043347, 48.645309422101661 ] ], [ [ 6.161652836390365, 48.649300715405964 ], [ 6.161622969321334, 48.649363891532047 ], [ 6.161602591406913, 48.649428703218383 ], [ 6.161591898931532, 48.649494526297701 ], [ 6.161590994905779, 48.649560726860258 ], [ 6.161599888072963, 48.649626667358675 ], [ 6.161618492823496, 48.649691712747789 ], [ 6.161646630017942, 48.64975523660069 ], [ 6.16168402871092, 48.649816627141583 ], [ 6.161710538555816, 48.649850217329529 ], [ 6.16165788602653, 48.649835395187566 ], [ 6.161562540665618, 48.649815604978414 ], [ 6.161464726959156, 48.649802102325069 ], [ 6.161365386872632, 48.64979501726075 ], [ 6.161265477069181, 48.649794418016022 ], [ 6.161165959697773, 48.649800310361712 ], [ 6.161067793128633, 48.649812637553403 ], [ 6.160971922724995, 48.649831280877777 ], [ 6.160879271740076, 48.649856060795791 ], [ 6.160828577106232, 48.649873625928457 ], [ 6.160850947259696, 48.649838738391594 ], [ 6.160880815531987, 48.649775562484052 ], [ 6.16090119447559, 48.649710750939917 ], [ 6.160911887864109, 48.649644927934453 ], [ 6.160912792750577, 48.649578727381709 ], [ 6.160903900457489, 48.649512786829391 ], [ 6.160885296658962, 48.64944774131898 ], [ 6.160857160554224, 48.649384217270025 ], [ 6.160819763140528, 48.649322826447474 ], [ 6.160793254134744, 48.64928923604662 ], [ 6.16084590586945, 48.649304058577357 ], [ 6.160941250027101, 48.649323849368301 ], [ 6.16103906270438, 48.649337352456712 ], [ 6.161138401877766, 48.649344437795754 ], [ 6.161238310820504, 48.649345037147235 ], [ 6.161337827317812, 48.649339144738896 ], [ 6.16143599293495, 48.649326817319903 ], [ 6.161531862248878, 48.649308173614322 ], [ 6.161624511954514, 48.649283393177619 ], [ 6.161675205749253, 48.649265827697704 ], [ 6.161652836390365, 48.649300715405964 ] ], [ [ 6.182635216257763, 48.605512751194972 ], [ 6.182730488914826, 48.605532525269062 ], [ 6.182828225410704, 48.605546010961582 ], [ 6.182927484455591, 48.605553078393228 ], [ 6.183027310094472, 48.605553659498256 ], [ 6.183126740914886, 48.605547748680145 ], [ 6.183224819307275, 48.605535402865357 ], [ 6.183320600688684, 48.60551674095516 ], [ 6.183413162600935, 48.60549194268031 ], [ 6.183463806691909, 48.605474367295066 ], [ 6.183441470556831, 48.605509260357096 ], [ 6.18341165475255, 48.605572444232578 ], [ 6.183391320847798, 48.605637261992541 ], [ 6.18338066470312, 48.605703089411264 ], [ 6.18337978897916, 48.605769292537168 ], [ 6.183388702146611, 48.605835233798203 ], [ 6.183407318403198, 48.605900278141874 ], [ 6.18343545849862, 48.605963799151304 ], [ 6.183472851459486, 48.606025185078082 ], [ 6.183499353110931, 48.606058771635759 ], [ 6.18344673844768, 48.606043958584046 ], [ 6.183351464589685, 48.606024185091371 ], [ 6.183253727066599, 48.606010699833668 ], [ 6.183154467110274, 48.606003632676654 ], [ 6.183054640612204, 48.606003051678442 ], [ 6.182955208919146, 48.606008962434124 ], [ 6.182857129576254, 48.606021308022022 ], [ 6.182761347106796, 48.606039969551638 ], [ 6.182668783917197, 48.606064767308617 ], [ 6.182618138988404, 48.606082342347165 ], [ 6.182640475916536, 48.606047449456007 ], [ 6.18267029292175, 48.605984265798298 ], [ 6.18269062785371, 48.605919448179932 ], [ 6.182701284909824, 48.605853620834679 ], [ 6.182702161492974, 48.605787417718332 ], [ 6.182693249198167, 48.605721476403325 ], [ 6.182674633892084, 48.605656431938449 ], [ 6.182646494884711, 48.605592910733193 ], [ 6.182609103201193, 48.605531524525105 ], [ 6.182582602387562, 48.605497937754748 ], [ 6.182635216257763, 48.605512751194972 ] ], [ [ 6.224854806120081, 48.695772033811537 ], [ 6.224875123672324, 48.695707213860054 ], [ 6.224885745912557, 48.695641387685981 ], [ 6.224886570579087, 48.695575189233871 ], [ 6.224877589767037, 48.69550925603118 ], [ 6.224858890003063, 48.695444223048597 ], [ 6.224830651410634, 48.695380716584978 ], [ 6.224793145974035, 48.695319348235934 ], [ 6.224766572544286, 48.695285773377506 ], [ 6.224819288729826, 48.695300567065324 ], [ 6.224914740969694, 48.695320305901554 ], [ 6.225012656205647, 48.69533375595568 ], [ 6.22511209142638, 48.695340787691642 ], [ 6.225212088980078, 48.695341333387496 ], [ 6.225311685798519, 48.695335387787708 ], [ 6.225409922673373, 48.695323008153728 ], [ 6.225505853495309, 48.695304313712555 ], [ 6.225598554366871, 48.695279484508205 ], [ 6.225687132501311, 48.695248759667663 ], [ 6.22577073482165, 48.695212435097595 ], [ 6.225848556177066, 48.695170860634235 ], [ 6.225880198174428, 48.695150255686158 ], [ 6.225914274913075, 48.695169082278476 ], [ 6.225996962199177, 48.695206313361616 ], [ 6.226084763922737, 48.695237999721023 ], [ 6.226176834485046, 48.695263836189838 ], [ 6.226272287170449, 48.69528357394033 ], [ 6.226370202686882, 48.69529702288046 ], [ 6.226469638020341, 48.695304053484946 ], [ 6.226569635517923, 48.695304598042696 ], [ 6.226669232111947, 48.69529865130918 ], [ 6.226767468596247, 48.695286270556757 ], [ 6.226863398865248, 48.69526757502318 ], [ 6.226956099026825, 48.695242744762993 ], [ 6.227044676301071, 48.695212018913367 ], [ 6.227128277619282, 48.695175693390659 ], [ 6.227206097840298, 48.695134118040308 ], [ 6.227237739280323, 48.695113512731453 ], [ 6.227271816483915, 48.695132338936496 ], [ 6.227354504678777, 48.695169569079717 ], [ 6.227442307163501, 48.695201254440803 ], [ 6.22753437833205, 48.695227089862541 ], [ 6.227629831462928, 48.695246826527246 ], [ 6.227727747259785, 48.695260274353402 ], [ 6.22782718270591, 48.695267303826391 ], [ 6.227927180147317, 48.695267847246058 ], [ 6.228026776516867, 48.695261899378828 ], [ 6.228125012610552, 48.69524951750796 ], [ 6.228220942326566, 48.695230820881974 ], [ 6.228313641778107, 48.695205989565977 ], [ 6.228402218192103, 48.695175262707274 ], [ 6.228485818508143, 48.695138936231963 ], [ 6.228563637594715, 48.695097359994612 ], [ 6.228634926003638, 48.695050934408606 ], [ 6.228698997187955, 48.695000106589475 ], [ 6.22875523411378, 48.694945366048429 ], [ 6.228803095202418, 48.694887239977739 ], [ 6.228842119545533, 48.694826288173097 ], [ 6.228871931343186, 48.694763097642159 ], [ 6.228892243521989, 48.694698276950938 ], [ 6.228902860498613, 48.694632450362811 ], [ 6.228903680062053, 48.694566251826267 ], [ 6.228894694356577, 48.694500318869622 ], [ 6.228875989955966, 48.694435286461172 ], [ 6.228847747028339, 48.694371780894251 ], [ 6.228810237599727, 48.694310413755808 ], [ 6.228763822933108, 48.694251776036793 ], [ 6.228708950048217, 48.694196432440819 ], [ 6.228646147415698, 48.694144915946204 ], [ 6.228615021772866, 48.69412396954398 ], [ 6.228643458844376, 48.694101409959671 ], [ 6.228699694861542, 48.694046669403043 ], [ 6.228747555189115, 48.693988543310283 ], [ 6.228786578926091, 48.693927591477298 ], [ 6.228816390278364, 48.693864400912005 ], [ 6.228836702176836, 48.693799580180773 ], [ 6.228847319040875, 48.693733753547363 ], [ 6.22884813866056, 48.693667554960697 ], [ 6.228839153179616, 48.693601621949547 ], [ 6.228820449169661, 48.693536589482768 ], [ 6.228792206795048, 48.693473083854236 ], [ 6.228754698076486, 48.693411716651504 ], [ 6.22870828427011, 48.693353078866146 ], [ 6.228653412387372, 48.693297735202393 ], [ 6.228590610889261, 48.693246218639239 ], [ 6.228520484596375, 48.693199025297865 ], [ 6.228443708863857, 48.693156609664186 ], [ 6.228361023077335, 48.69311938021243 ], [ 6.228273223532497, 48.693087695471611 ], [ 6.228181155766845, 48.693061860573266 ], [ 6.228085706417477, 48.693042124313145 ], [ 6.227987794683287, 48.693028676755517 ], [ 6.227888363473743, 48.693021647403057 ], [ 6.227788370329472, 48.693021103949818 ], [ 6.227688778202, 48.693027051629301 ], [ 6.227590546181442, 48.693039433164266 ], [ 6.227494620261332, 48.693058129318032 ], [ 6.227401924229524, 48.693082960042787 ], [ 6.227351210046297, 48.693100552827453 ], [ 6.227373554295398, 48.693065654085729 ], [ 6.227403366864186, 48.693002463827384 ], [ 6.227423680179865, 48.692937643289362 ], [ 6.227434298648152, 48.692871816733586 ], [ 6.227435120043678, 48.692805618108203 ], [ 6.227426136493061, 48.692739684942381 ], [ 6.227407434549328, 48.692674652206449 ], [ 6.227379194356936, 48.692611146196889 ], [ 6.227341687915572, 48.692549778504912 ], [ 6.227315114256876, 48.692516204135345 ], [ 6.227367828370705, 48.692530996731584 ], [ 6.227463276515791, 48.69255073357477 ], [ 6.227561187219878, 48.692564181568422 ], [ 6.227660617515307, 48.692571211196359 ], [ 6.2277606097977, 48.692571754756926 ], [ 6.227860201049606, 48.69256580701515 ], [ 6.227958432116306, 48.692553425253138 ], [ 6.22805435694441, 48.69253472871835 ], [ 6.228147051694192, 48.692509897474977 ], [ 6.228235623637863, 48.692479170669642 ], [ 6.228319219758065, 48.692442844227941 ], [ 6.2283970349637, 48.692401268004119 ], [ 6.228428674280163, 48.692380662331551 ], [ 6.228462750131201, 48.692399488240028 ], [ 6.228545434851511, 48.692436717644021 ], [ 6.228633233467997, 48.69246840220196 ], [ 6.228725300411878, 48.692494236764354 ], [ 6.228820749002344, 48.692513972521802 ], [ 6.228918659986772, 48.692527419401529 ], [ 6.229018090394805, 48.692534447898041 ], [ 6.229118082620977, 48.692534990320581 ], [ 6.22921767364838, 48.692529041445134 ], [ 6.229315904324458, 48.692516658564728 ], [ 6.229411828599583, 48.692497960937608 ], [ 6.229504522639354, 48.692473128638476 ], [ 6.229593093722822, 48.69244240082412 ], [ 6.229676688840916, 48.692406073429844 ], [ 6.229754502912184, 48.692364496319108 ], [ 6.229825786536749, 48.692318069913675 ], [ 6.22988985321373, 48.692267241336943 ], [ 6.22994608595265, 48.692212500107438 ], [ 6.229993943215134, 48.692154373424067 ], [ 6.230032964129697, 48.692093421088423 ], [ 6.23006277292941, 48.692030230113239 ], [ 6.230083082569761, 48.691965409068871 ], [ 6.230093697491861, 48.691899582222057 ], [ 6.230094515504489, 48.691833383523793 ], [ 6.230085528766844, 48.691767450503917 ], [ 6.230066823862644, 48.691702418131385 ], [ 6.230038580964851, 48.691638912699133 ], [ 6.230001072099209, 48.691577545792853 ], [ 6.229954658523266, 48.691518908401235 ], [ 6.229899787246257, 48.691463565224758 ], [ 6.229836986723331, 48.691412049237684 ], [ 6.229805862230484, 48.691391103097644 ], [ 6.229834297301518, 48.691368543177099 ], [ 6.22989052913192, 48.691313801932061 ], [ 6.229938385633465, 48.691255675226657 ], [ 6.229977405941999, 48.69119472286274 ], [ 6.230007214296429, 48.691131531853266 ], [ 6.23002752365653, 48.691066710768936 ], [ 6.230038138466109, 48.691000883876882 ], [ 6.230038956535028, 48.690934685128539 ], [ 6.230029970021944, 48.690868752054222 ], [ 6.230011265508409, 48.690803719623403 ], [ 6.229983023163624, 48.69074021412959 ], [ 6.229945515008002, 48.690678847159063 ], [ 6.229918940628084, 48.690645273316349 ], [ 6.229971653592134, 48.690660064785256 ], [ 6.230067099304297, 48.690679799576017 ], [ 6.230165007174094, 48.69069324545351 ], [ 6.230264434261164, 48.690700272921944 ], [ 6.230364422992026, 48.690700814300435 ], [ 6.230464010383438, 48.690694864375068 ], [ 6.230562237317861, 48.690682480448935 ], [ 6.230658157781704, 48.690663781790342 ], [ 6.230750847977277, 48.690638948483986 ], [ 6.230839415220654, 48.690608219696301 ], [ 6.230923006539746, 48.690571891372002 ], [ 6.231000816889693, 48.690530313383455 ], [ 6.231032454047531, 48.690509706987477 ], [ 6.23106652961667, 48.690528532181929 ], [ 6.231149213232031, 48.690565759839899 ], [ 6.231237010284376, 48.690597442531406 ], [ 6.231329075219983, 48.690623275124899 ], [ 6.231424521377384, 48.690643008829973 ], [ 6.231522429527391, 48.690656453593583 ], [ 6.231621856726941, 48.69066347993062 ], [ 6.231721845401474, 48.690664020171113 ], [ 6.231821432568286, 48.690658069112125 ], [ 6.231919659112005, 48.690645684067654 ], [ 6.232015579022802, 48.690626984316786 ], [ 6.232108268508311, 48.690602149954699 ], [ 6.232196834891448, 48.690571420158065 ], [ 6.23228042520841, 48.690535090881241 ], [ 6.232358234423988, 48.690493512005837 ], [ 6.232389871024503, 48.690472905249131 ], [ 6.232423947058452, 48.690491730056344 ], [ 6.232506631582218, 48.690528956774443 ], [ 6.232594429395391, 48.690560638467673 ], [ 6.23268649493692, 48.690586470014154 ], [ 6.232781941539502, 48.690606202633532 ], [ 6.23287984996966, 48.690619646283224 ], [ 6.232979277281632, 48.690626671488872 ], [ 6.233079265899775, 48.69062721059138 ], [ 6.23317885284193, 48.690621258398771 ], [ 6.233277078994886, 48.69060887223597 ], [ 6.233372998352581, 48.69059017139282 ], [ 6.233465687127975, 48.690565335975037 ], [ 6.233554252650823, 48.690534605169447 ], [ 6.233637841965608, 48.690498274940126 ], [ 6.233715650046776, 48.690456695177851 ], [ 6.233747286089947, 48.69043608806043 ], [ 6.23378136258868, 48.690454912480412 ], [ 6.233864048020801, 48.690492138258605 ], [ 6.233951846594747, 48.690523818953565 ], [ 6.234043912742144, 48.690549649453011 ], [ 6.234139359789848, 48.690569380986702 ], [ 6.234237268500096, 48.690582823522476 ], [ 6.234336695924433, 48.690589847596733 ], [ 6.234436684486128, 48.690590385561272 ], [ 6.234536271203567, 48.690584432235035 ], [ 6.234634496965706, 48.690572044953903 ], [ 6.234730415770241, 48.690553343018486 ], [ 6.234823103835466, 48.690528506545014 ], [ 6.234911668497976, 48.690497774730474 ], [ 6.234995256810538, 48.690461443548671 ], [ 6.235073063757251, 48.690419862899553 ], [ 6.235104699243063, 48.69039925542144 ], [ 6.23513877620656, 48.690418079454162 ], [ 6.235221462546982, 48.690455304292428 ], [ 6.235309261881651, 48.690486983989118 ], [ 6.235401328634857, 48.690512813441543 ], [ 6.235496776127626, 48.690532543889525 ], [ 6.235594685117907, 48.69054598531141 ], [ 6.235694112654548, 48.690553008254241 ], [ 6.235794101159735, 48.690553545080789 ], [ 6.2358936876524, 48.690547590620945 ], [ 6.235991913023662, 48.690535202221504 ], [ 6.236087831274986, 48.690516499193812 ], [ 6.23618051862999, 48.690491661664666 ], [ 6.236269082432109, 48.690460928841176 ], [ 6.236352669742401, 48.690424596706904 ], [ 6.236430475554617, 48.690383015170937 ], [ 6.236462110483053, 48.690362407332145 ], [ 6.236496187911293, 48.690381230977607 ], [ 6.236578875159966, 48.69041845487596 ], [ 6.2366666752553, 48.690450133574359 ], [ 6.236758742614259, 48.690475961979736 ], [ 6.236854190552036, 48.690495691342022 ], [ 6.236952099822293, 48.690509131649982 ], [ 6.237051527471177, 48.690516153461431 ], [ 6.2371515159198, 48.690516689149995 ], [ 6.237251102187631, 48.69051073355655 ], [ 6.23734932716796, 48.69049834403878 ], [ 6.237445244866016, 48.690479639918841 ], [ 6.237537931510744, 48.690454801334013 ], [ 6.237626494452425, 48.69042406750161 ], [ 6.237710080760401, 48.690387734414855 ], [ 6.237787885438077, 48.690346151992074 ], [ 6.237859159176048, 48.690299720706157 ], [ 6.237923215568652, 48.690248887727535 ], [ 6.237979437724469, 48.690194142617116 ], [ 6.238027284207045, 48.690136012611184 ], [ 6.23806629424872, 48.690075057543289 ], [ 6.238096092187279, 48.690011864452543 ], [ 6.238116391082811, 48.689947041929599 ], [ 6.238126995479905, 48.689881214255493 ], [ 6.238127803288701, 48.689815015389165 ], [ 6.238118806766665, 48.689749082862079 ], [ 6.238100092591735, 48.689684051638416 ], [ 6.238071841026157, 48.689620548000079 ], [ 6.238034324179139, 48.689559183515456 ], [ 6.238007745173852, 48.689525611443344 ], [ 6.238060459297254, 48.689540399351174 ], [ 6.238155906018178, 48.689560127687344 ], [ 6.238253813870937, 48.689573566937362 ], [ 6.238353239915334, 48.689580587669191 ], [ 6.23845322658793, 48.689581122266894 ], [ 6.238552810925304, 48.6895751655818 ], [ 6.238651033839335, 48.68956277498215 ], [ 6.238746949355155, 48.689544069800512 ], [ 6.238839633722729, 48.689519230184381 ], [ 6.238890340565251, 48.689501632461642 ], [ 6.238868005527661, 48.689536533466011 ], [ 6.238838208793091, 48.689599726775079 ], [ 6.238817910927418, 48.689664549439946 ], [ 6.238807307444246, 48.689730377187566 ], [ 6.238806500497187, 48.689796576063252 ], [ 6.238815497894693, 48.689862508535825 ], [ 6.238834213023416, 48.689927539637388 ], [ 6.238862465680954, 48.689991043078606 ], [ 6.238899983809953, 48.690052407280255 ], [ 6.238946406116985, 48.690111041263343 ], [ 6.23900128555097, 48.690166380340919 ], [ 6.239064093607719, 48.690217891556642 ], [ 6.239095221111323, 48.690238835301365 ], [ 6.239066790651337, 48.69026139745128 ], [ 6.239010569561854, 48.690316143071158 ], [ 6.238962724007767, 48.690374273462687 ], [ 6.238923714788032, 48.690435228808312 ], [ 6.238893917608577, 48.690498422083152 ], [ 6.238873619463049, 48.690563244708109 ], [ 6.238863015867743, 48.690629072410538 ], [ 6.238862208977355, 48.690695271236166 ], [ 6.238871206599791, 48.690761203654269 ], [ 6.23888992211954, 48.690826234697546 ], [ 6.238918175330432, 48.690889738077168 ], [ 6.238955694169788, 48.690951102214534 ], [ 6.239002117337341, 48.691009736131278 ], [ 6.239056997773719, 48.69106507514104 ], [ 6.239119806965084, 48.691116586288167 ], [ 6.239150935026098, 48.691137530002372 ], [ 6.239122504101432, 48.691160092148372 ], [ 6.239066282103805, 48.691214837752774 ], [ 6.239018435789163, 48.691272968122362 ], [ 6.238979425963786, 48.691333923439743 ], [ 6.238949628339434, 48.691397116680342 ], [ 6.238929329914042, 48.69146193926538 ], [ 6.238918726206602, 48.691527766922569 ], [ 6.238917919372889, 48.691593965698118 ], [ 6.238926917220266, 48.691659898061779 ], [ 6.238945633131055, 48.691724929046735 ], [ 6.238973886895324, 48.691788432364767 ], [ 6.239011406445064, 48.691849796437836 ], [ 6.239057830473166, 48.69190843028818 ], [ 6.239112711911977, 48.691963769230121 ], [ 6.239175522237996, 48.692015280308645 ], [ 6.239245656561276, 48.692062467432407 ], [ 6.239322439450541, 48.692104876151902 ], [ 6.239405131437945, 48.692142098036364 ], [ 6.239492936140792, 48.692173774607845 ], [ 6.239585007931677, 48.692199600793749 ], [ 6.239680460083101, 48.692219327865345 ], [ 6.239778373308146, 48.692232765833502 ], [ 6.239877804614868, 48.692239785278538 ], [ 6.239977796389149, 48.692240318596888 ], [ 6.240077385618428, 48.692234360652236 ], [ 6.240175613167475, 48.692221968824953 ], [ 6.240271533016776, 48.692203262459394 ], [ 6.24036422137456, 48.692178421714495 ], [ 6.240414930283205, 48.692160823383233 ], [ 6.240392595127328, 48.692195724594406 ], [ 6.240362798720033, 48.692258918141853 ], [ 6.24034250171234, 48.692323740919988 ], [ 6.240331899609594, 48.692389568654711 ], [ 6.240331094552118, 48.692455767391387 ], [ 6.240340094330168, 48.692521699600206 ], [ 6.240358812307475, 48.69258673031586 ], [ 6.240387068254204, 48.692650233252671 ], [ 6.24042459008133, 48.692711596836311 ], [ 6.24047101645981, 48.692770230093707 ], [ 6.240525900299356, 48.692825568344922 ], [ 6.240588713053346, 48.692877078641544 ], [ 6.24061984275114, 48.692898021941069 ], [ 6.240591411503004, 48.692920584403517 ], [ 6.240535189150305, 48.692975330618573 ], [ 6.240487342857763, 48.693033461490572 ], [ 6.240448333431452, 48.693094417197351 ], [ 6.240418536579291, 48.693157610710529 ], [ 6.240398239291782, 48.69322243344871 ], [ 6.240387637076957, 48.693288261138164 ], [ 6.240386832076223, 48.693354459824739 ], [ 6.240395832079292, 48.69342039197906 ], [ 6.240414550447728, 48.693485422636371 ], [ 6.240442806947931, 48.693548925511536 ], [ 6.240480329485547, 48.693610289030822 ], [ 6.240506912155602, 48.693643860435579 ], [ 6.240454193202225, 48.693629073660524 ], [ 6.240358738184681, 48.693609347231749 ], [ 6.240260822232059, 48.693595909755743 ], [ 6.240161388294451, 48.693588890638082 ], [ 6.240061393938749, 48.693588357474248 ], [ 6.239961802128147, 48.693594315398691 ], [ 6.239863571949708, 48.693606707035478 ], [ 6.239767649379232, 48.693625413050654 ], [ 6.239674958172317, 48.693650253301449 ], [ 6.239624247569757, 48.693667851295842 ], [ 6.239646583867599, 48.693632950272153 ], [ 6.23967638192389, 48.693569756977325 ], [ 6.239696680241383, 48.69350493438111 ], [ 6.23970728337024, 48.693439106765183 ], [ 6.239708089232822, 48.693372908087959 ], [ 6.239699090105343, 48.693306975879061 ], [ 6.239680372690838, 48.693241945099636 ], [ 6.239652117282753, 48.693178442027296 ], [ 6.239614596027307, 48.693117078224979 ], [ 6.239568170301367, 48.69305844465147 ], [ 6.23951328723117, 48.693003105970504 ], [ 6.239450475385434, 48.692951595113037 ], [ 6.2393803396844, 48.692904408145324 ], [ 6.239303555573809, 48.692861999491889 ], [ 6.239220862519963, 48.692824777559707 ], [ 6.239133056888527, 48.692793100805439 ], [ 6.239040984275613, 48.692767274283675 ], [ 6.238945531364998, 48.692747546709455 ], [ 6.23884761738986, 48.692734108063497 ], [ 6.238748185281252, 48.69272708776257 ], [ 6.238648192588452, 48.692726553413578 ], [ 6.238548602258642, 48.692732510162386 ], [ 6.238450373364624, 48.692744900644371 ], [ 6.23835445186983, 48.692763605536697 ], [ 6.238261761519498, 48.692788444707425 ], [ 6.238211051277223, 48.692806042113865 ], [ 6.238233388150319, 48.692771141329303 ], [ 6.238263187423689, 48.692707948341329 ], [ 6.238283487158916, 48.69264312593819 ], [ 6.238294091892508, 48.692577298399755 ], [ 6.238294899531367, 48.692511099683664 ], [ 6.238285902334599, 48.692445167319946 ], [ 6.238267186986648, 48.69238013627119 ], [ 6.238238933761053, 48.692316632817644 ], [ 6.238201414783018, 48.692255268525891 ], [ 6.238154991407475, 48.692196634359448 ], [ 6.238100110738023, 48.692141294987756 ], [ 6.238037301320266, 48.692089783348415 ], [ 6.23796716805106, 48.692042595515197 ], [ 6.237890386352727, 48.692000185921003 ], [ 6.237807695668341, 48.691962962981869 ], [ 6.237719892340751, 48.691931285164095 ], [ 6.237627821943879, 48.691905457532528 ], [ 6.237532371140163, 48.691885728812956 ], [ 6.237434459142496, 48.691872288997054 ], [ 6.237335028862885, 48.691865267512917 ], [ 6.237235037832997, 48.691864731978796 ], [ 6.237135448983998, 48.691870687552004 ], [ 6.237037221374433, 48.691883076879222 ], [ 6.236941300955363, 48.691901780648742 ], [ 6.236848611461666, 48.691926618739416 ], [ 6.236760045517174, 48.691957351955047 ], [ 6.236676456039225, 48.691993684327585 ], [ 6.236598648025433, 48.692035265967206 ], [ 6.236567012138506, 48.692055873812983 ], [ 6.236532933593115, 48.692037050214488 ], [ 6.236450243816988, 48.691999826335383 ], [ 6.236362441250062, 48.69196814751929 ], [ 6.236270371458938, 48.691942318840674 ], [ 6.236174921100221, 48.691922589035379 ], [ 6.23607700938252, 48.69190914810553 ], [ 6.235977579215142, 48.691902125489953 ], [ 6.235877588128676, 48.691901588817842 ], [ 6.235777999054835, 48.6919075432574 ], [ 6.235679771054325, 48.691919931466266 ], [ 6.235583850081974, 48.691938634143497 ], [ 6.235491159877987, 48.691963471178475 ], [ 6.235402593073034, 48.691994203385136 ], [ 6.235319002592743, 48.692030534805184 ], [ 6.235241193444375, 48.692072115557941 ], [ 6.235169914964736, 48.692118545209546 ], [ 6.235105853603944, 48.692169376628762 ], [ 6.235049626314572, 48.692224120292813 ], [ 6.2350017746098, 48.692282249001217 ], [ 6.234962759347819, 48.692343202952586 ], [ 6.234932956292743, 48.692406395135492 ], [ 6.234912652494809, 48.692471216981346 ], [ 6.234902043524748, 48.692537044224991 ], [ 6.234901231589017, 48.692603242916583 ], [ 6.234910224544117, 48.692669175526724 ], [ 6.234928935819485, 48.692734207086218 ], [ 6.234957185249836, 48.692797711301296 ], [ 6.2349947008089, 48.692859076585279 ], [ 6.235021279574014, 48.692892649233912 ], [ 6.234968562930036, 48.692877860024858 ], [ 6.234873111354455, 48.69285812919339 ], [ 6.234775198219231, 48.692844687205536 ], [ 6.234675766447329, 48.692837663510282 ], [ 6.234575773584783, 48.692837125747211 ], [ 6.234476182580413, 48.692843079095042 ], [ 6.234377952513514, 48.692855466221928 ], [ 6.234282029358813, 48.692874167837353 ], [ 6.234189336877531, 48.692899003840907 ], [ 6.234100767722266, 48.69292973505646 ], [ 6.23401717484128, 48.692966065535281 ], [ 6.233939363264954, 48.69300764540575 ], [ 6.233868082353471, 48.69305407424249 ], [ 6.233804018580372, 48.693104904922123 ], [ 6.233747788921458, 48.693159647928994 ], [ 6.233699934912731, 48.693217776068948 ], [ 6.233660917434569, 48.693278729546066 ], [ 6.233631112272429, 48.693341921353479 ], [ 6.233610806496839, 48.693406742926243 ], [ 6.233600195697577, 48.693472570001816 ], [ 6.233599382098719, 48.693538768631981 ], [ 6.233608373572783, 48.69360470128791 ], [ 6.233627083563472, 48.693669732999986 ], [ 6.233655331917872, 48.693733237472955 ], [ 6.233692846620083, 48.693794603117709 ], [ 6.233739266409679, 48.693853238941308 ], [ 6.233794144259836, 48.693908580239075 ], [ 6.23385695168162, 48.693960094033315 ], [ 6.233927083813056, 48.694007284206556 ], [ 6.234003865243985, 48.694049696279869 ], [ 6.234086556520606, 48.694086921790252 ], [ 6.234174361267077, 48.694118602224769 ], [ 6.234266433855571, 48.694144432473692 ], [ 6.234361887550912, 48.694164163769088 ], [ 6.23445980305131, 48.694177606081205 ], [ 6.234559237342913, 48.694184629948488 ], [ 6.234659232782852, 48.694185167724832 ], [ 6.234758826323264, 48.694179214230921 ], [ 6.234857058787391, 48.69416682680427 ], [ 6.234952984108385, 48.694148124746924 ], [ 6.235045678441772, 48.694123288176229 ], [ 6.235096391027411, 48.694105692135281 ], [ 6.235074051489677, 48.694140592292797 ], [ 6.235044247544399, 48.694203784407108 ], [ 6.235023943186349, 48.69426860617299 ], [ 6.235013333991655, 48.694334433326119 ], [ 6.235012522168941, 48.69440063191746 ], [ 6.235021515573623, 48.694466564418605 ], [ 6.235040227630809, 48.69453159586142 ], [ 6.235068478167689, 48.69459509995324 ], [ 6.235105995147337, 48.694656465108572 ], [ 6.235152417287403, 48.694715100339288 ], [ 6.23520729753842, 48.694770440946371 ], [ 6.235270107388335, 48.694821953958787 ], [ 6.235301236113393, 48.694842898611817 ], [ 6.235272801511884, 48.694865459769161 ], [ 6.235216571497355, 48.694920203386637 ], [ 6.235168717510212, 48.694978332028967 ], [ 6.235129700430631, 48.695039285895433 ], [ 6.23509989604023, 48.695102477975418 ], [ 6.23507959140211, 48.695167299701311 ], [ 6.235068982095099, 48.695233126809136 ], [ 6.2350681703289, 48.695299325350334 ], [ 6.235077163958389, 48.695365257796951 ], [ 6.235095876406508, 48.695430289181395 ], [ 6.235124127496683, 48.695493793211568 ], [ 6.235161645186663, 48.695555158302568 ], [ 6.235208068187256, 48.695613793466862 ], [ 6.23526294944071, 48.695669134006096 ], [ 6.235325760425316, 48.695720646949859 ], [ 6.235395896244786, 48.695767836188885 ], [ 6.235472681453444, 48.695810247253242 ], [ 6.235555376561102, 48.695847471689667 ], [ 6.235643185155022, 48.695879150995552 ], [ 6.235735261570324, 48.695904980071973 ], [ 6.235830719034971, 48.695924710162409 ], [ 6.235928638210875, 48.695938151248633 ], [ 6.236028076048779, 48.695945173880929 ], [ 6.236128074871661, 48.695945710425036 ], [ 6.236227671599074, 48.695939755713567 ], [ 6.236325907023567, 48.695927367095756 ], [ 6.23642183504978, 48.695908663885071 ], [ 6.236514531807185, 48.695883826210022 ], [ 6.236603104548664, 48.695853093279169 ], [ 6.236686700249177, 48.695816761077083 ], [ 6.236764513821672, 48.695775179513497 ], [ 6.236796151881678, 48.695754571680418 ], [ 6.236830232945447, 48.6957733951443 ], [ 6.236912928961533, 48.695810618640692 ], [ 6.237000738316263, 48.695842296948193 ], [ 6.237092815337428, 48.695868124977501 ], [ 6.237188273247162, 48.695887853982114 ], [ 6.237286192703083, 48.6959012939543 ], [ 6.237385630653241, 48.695908315455085 ], [ 6.237485629419531, 48.695908850861116 ], [ 6.23758522592205, 48.695902895015941 ], [ 6.237683460955516, 48.695890505279692 ], [ 6.237779388428332, 48.695871800976633 ], [ 6.237872084475303, 48.69584696224581 ], [ 6.237960656356151, 48.695816228305929 ], [ 6.23804425105413, 48.695779895151269 ], [ 6.23812206349184, 48.69573831270079 ], [ 6.238193344285142, 48.695691881427649 ], [ 6.238257406960428, 48.695641048502175 ], [ 6.238313634565771, 48.69558630348476 ], [ 6.238361485612241, 48.695528173610754 ], [ 6.238400499288228, 48.695467218712501 ], [ 6.238430299896525, 48.695404025827408 ], [ 6.238450600471513, 48.695339203544222 ], [ 6.238461205541615, 48.695273376141607 ], [ 6.238462013010498, 48.695207177575931 ], [ 6.238453015138909, 48.695141245375723 ], [ 6.23843429861779, 48.695076214502038 ], [ 6.238406043731989, 48.695012711233417 ], [ 6.238368522622696, 48.694951347134683 ], [ 6.238341940661064, 48.694917775290612 ], [ 6.238394660316618, 48.694932562983077 ], [ 6.238490117009229, 48.694952290961545 ], [ 6.238588035047344, 48.69496572987569 ], [ 6.238687471392668, 48.694972750296778 ], [ 6.23878746838255, 48.69497328461182 ], [ 6.2388870629542, 48.694967327674881 ], [ 6.238985295920932, 48.694954936856647 ], [ 6.239081221211053, 48.694936231491759 ], [ 6.23917391498039, 48.694911391729512 ], [ 6.239262484510605, 48.694880656798517 ], [ 6.239346076807588, 48.694844322702643 ], [ 6.239423886817066, 48.694802739369862 ], [ 6.239455523240093, 48.694782130814389 ], [ 6.239489604627463, 48.694800953533964 ], [ 6.239572300998823, 48.694838175217342 ], [ 6.239660110331596, 48.694869851593261 ], [ 6.239752186953778, 48.694895677591006 ], [ 6.239847644091345, 48.694915404483673 ], [ 6.239945562409352, 48.694928842283801 ], [ 6.24004499886681, 48.694935861573391 ], [ 6.240144995799986, 48.694936394750357 ], [ 6.240244590146638, 48.694930436679741 ], [ 6.240342822722242, 48.694918044743098 ], [ 6.240438747458878, 48.694899338285886 ], [ 6.240531440517703, 48.694874497467879 ], [ 6.240620009187221, 48.694843761527899 ], [ 6.24070360048161, 48.694807426479514 ], [ 6.240781409356259, 48.694765842259855 ], [ 6.240852686461339, 48.694719409359188 ], [ 6.240916745358768, 48.694668574963458 ], [ 6.240972969133004, 48.694613828647242 ], [ 6.241020816332013, 48.694555697658416 ], [ 6.241059826181241, 48.694494741840046 ], [ 6.241089623020335, 48.694431548238391 ], [ 6.241109919919975, 48.694366725449093 ], [ 6.24112052144398, 48.694300897755717 ], [ 6.241121325530167, 48.694234699117388 ], [ 6.241112324471858, 48.694168767063374 ], [ 6.241093604990686, 48.694103736553309 ], [ 6.2410653474, 48.694040233862225 ], [ 6.24102782386704, 48.693978870549387 ], [ 6.241001240692091, 48.693945299270283 ], [ 6.241053960119123, 48.69396008579956 ], [ 6.24114941603947, 48.69397981166609 ], [ 6.241247332939592, 48.693993248408241 ], [ 6.241346767792151, 48.694000266618175 ], [ 6.241446762948876, 48.694000798704224 ], [ 6.241546355364631, 48.693994839541922 ], [ 6.241644585873491, 48.693982446523343 ], [ 6.24174050842744, 48.693963739004381 ], [ 6.241833199208659, 48.693938897155014 ], [ 6.241921765527588, 48.693908160224012 ], [ 6.242005354421044, 48.693871824234456 ], [ 6.24208316086754, 48.693830239132595 ], [ 6.242114795653617, 48.693809629854798 ], [ 6.242148877364459, 48.693828451830051 ], [ 6.242231574090824, 48.693865671700451 ], [ 6.242319383401379, 48.693897346144794 ], [ 6.242411459624335, 48.693923170111013 ], [ 6.242506915989511, 48.693942894891741 ], [ 6.2426048331694, 48.693956330519917 ], [ 6.242704268133973, 48.693963347598377 ], [ 6.242804263233878, 48.69396387854637 ], [ 6.242903855424526, 48.693957918250398 ], [ 6.243002085542162, 48.69394552411346 ], [ 6.243098007542537, 48.693926815502188 ], [ 6.243190697613164, 48.693901972597104 ], [ 6.243241407242147, 48.693884373089908 ], [ 6.243219073236982, 48.693919274779297 ], [ 6.243189279264142, 48.693982468940369 ], [ 6.243168985092205, 48.694047292104635 ], [ 6.243158386199203, 48.694113119994249 ], [ 6.243157584694554, 48.69417931865312 ], [ 6.243166588334301, 48.694245250552179 ], [ 6.243185310444983, 48.694310280729056 ], [ 6.243213570756965, 48.694373782903313 ], [ 6.24325109713918, 48.694435145507931 ], [ 6.243297528218716, 48.694493777579304 ], [ 6.243352416860012, 48.694549114448876 ], [ 6.243415234470203, 48.694600623181572 ], [ 6.243446366326816, 48.694621565712737 ], [ 6.243417935361241, 48.694644128815931 ], [ 6.243361714115049, 48.694698876283198 ], [ 6.243313869388194, 48.694757008203972 ], [ 6.243274861971676, 48.694817964745944 ], [ 6.243245067554061, 48.694881158872718 ], [ 6.243224773102408, 48.694945981997009 ], [ 6.243214174097444, 48.695011809841333 ], [ 6.243213372649663, 48.695078008450061 ], [ 6.243222376514566, 48.695143940294571 ], [ 6.243241099016525, 48.695208970413084 ], [ 6.243269359882134, 48.695272472525659 ], [ 6.243306886974997, 48.695333835065881 ], [ 6.243333472336795, 48.695367405791501 ], [ 6.243280750845665, 48.695352620287444 ], [ 6.243185291614191, 48.69533289614963 ], [ 6.243087371706557, 48.695319461013689 ], [ 6.242987934110941, 48.695312444262697 ], [ 6.242887936429459, 48.695311913469276 ], [ 6.242788341657334, 48.695317873745111 ], [ 6.242690108910147, 48.695330267691581 ], [ 6.242594184188436, 48.695348975952513 ], [ 6.242501491268516, 48.6953738183635 ], [ 6.24241292280721, 48.695404555686714 ], [ 6.242329331746103, 48.695440891914586 ], [ 6.242251523098055, 48.695482477120152 ], [ 6.242180246195055, 48.695528910826624 ], [ 6.242116187472045, 48.695579745863775 ], [ 6.242059963856205, 48.695634492673939 ], [ 6.242012116825343, 48.69569262402635 ], [ 6.241973107192643, 48.695753580094163 ], [ 6.241943310668021, 48.695816773845536 ], [ 6.241923014238822, 48.695881596696807 ], [ 6.241912413404823, 48.695947424373124 ], [ 6.241911610294131, 48.696013622920475 ], [ 6.241920612678265, 48.696079554810851 ], [ 6.241939333895858, 48.696144585081989 ], [ 6.241967593685875, 48.696208087452497 ], [ 6.24200511992228, 48.696269450353512 ], [ 6.242051551233571, 48.696328082818546 ], [ 6.242106440481954, 48.696383420175238 ], [ 6.24216925906872, 48.696434929483864 ], [ 6.242200391518594, 48.696455872307602 ], [ 6.242171959017521, 48.696478435078639 ], [ 6.242115734493464, 48.696533181873285 ], [ 6.24206788670201, 48.696591313203662 ], [ 6.242028876463671, 48.696652269243167 ], [ 6.241999079494189, 48.696715462960221 ], [ 6.241978782785202, 48.696780285771474 ], [ 6.241968181839177, 48.696846113402501 ], [ 6.241967378785306, 48.696912311899666 ], [ 6.241976381394558, 48.696978243735472 ], [ 6.2419951030034, 48.697043273948175 ], [ 6.242023363347031, 48.697106776256987 ], [ 6.242060890294087, 48.69716813909357 ], [ 6.242107322466218, 48.697226771492112 ], [ 6.242162212717344, 48.697282108780897 ], [ 6.242225032439097, 48.697333618020778 ], [ 6.242256165446578, 48.697354560813991 ], [ 6.24222773248074, 48.69737712358107 ], [ 6.242171507048438, 48.697431870360191 ], [ 6.24212365849637, 48.697490001668541 ], [ 6.242084647652368, 48.697550957679724 ], [ 6.242054850238016, 48.697614151362451 ], [ 6.242034553249232, 48.697678974133659 ], [ 6.242023952191182, 48.697744801719345 ], [ 6.242023149194133, 48.697811000166311 ], [ 6.242032152028512, 48.697876931947548 ], [ 6.242050874028621, 48.697941962101822 ], [ 6.242079134925889, 48.698005464348881 ], [ 6.242116662583619, 48.698066827121046 ], [ 6.242143248571042, 48.698100398033972 ], [ 6.242090524659999, 48.698085612038199 ], [ 6.241995060886521, 48.698065886993646 ], [ 6.241897136165027, 48.698052450911824 ], [ 6.241797693530048, 48.698045433184866 ], [ 6.241697690632233, 48.69804490139483 ], [ 6.241598090517036, 48.698050860662995 ], [ 6.241499852351488, 48.698063253600438 ], [ 6.241403922188307, 48.698081960860684 ], [ 6.241311223856209, 48.698106802289004 ], [ 6.241222650064136, 48.698137538657008 ], [ 6.241139053805005, 48.69817387396634 ], [ 6.241061240141735, 48.698215458298854 ], [ 6.240989958454612, 48.698261891186178 ], [ 6.240925895224654, 48.698312725466003 ], [ 6.240869667422439, 48.698367471587936 ], [ 6.240821816566096, 48.698425602327816 ], [ 6.240782803505654, 48.698486557864719 ], [ 6.240753003984036, 48.698549751171953 ], [ 6.240732705017458, 48.698614573670085 ], [ 6.240722102130132, 48.698680401087671 ], [ 6.240721297469947, 48.69874659947321 ], [ 6.240730298823343, 48.698812531300227 ], [ 6.240749019538889, 48.698877561607077 ], [ 6.240777279360386, 48.698941064112049 ], [ 6.240814806161501, 48.699002427244935 ], [ 6.240861238565295, 48.699061060037067 ], [ 6.240916129423456, 48.699116397812944 ], [ 6.240978950121777, 48.69916790762872 ], [ 6.241010083722532, 48.699188850714478 ], [ 6.240981649221013, 48.699211413149357 ], [ 6.240925420510442, 48.6992661592557 ], [ 6.240877568893382, 48.699324289973518 ], [ 6.240838555227186, 48.699385245482063 ], [ 6.240808755260614, 48.699448438754928 ], [ 6.240788456014165, 48.699513261212985 ], [ 6.240777853014751, 48.699579088585203 ], [ 6.240777048411339, 48.699645286920507 ], [ 6.240786049989826, 48.699711218692919 ], [ 6.240804771096611, 48.699776248941305 ], [ 6.240833031471733, 48.699839751384516 ], [ 6.240870558983524, 48.699901114452956 ], [ 6.240897145103579, 48.699934685591231 ], [ 6.240844419694791, 48.699919899067723 ], [ 6.240748953041416, 48.699900173056697 ], [ 6.240651025203736, 48.699886735972868 ], [ 6.240551579246287, 48.699879717218039 ], [ 6.240451572851716, 48.699879184384159 ], [ 6.240351969099146, 48.699885142602547 ], [ 6.24025372719064, 48.699897534494383 ], [ 6.240157793214956, 48.699916240723319 ], [ 6.240065091037523, 48.699941081144466 ], [ 6.239976513404318, 48.699971816539211 ], [ 6.239892913345244, 48.700008150918535 ], [ 6.239815095959814, 48.700049734373259 ], [ 6.239783456490232, 48.700070342931824 ], [ 6.239749371561176, 48.700051520380548 ], [ 6.239666666815443, 48.700014298984883 ], [ 6.239578848836196, 48.699982622752316 ], [ 6.239486763338458, 48.699956796732458 ], [ 6.239391297130084, 48.699937069635531 ], [ 6.239293369572313, 48.699923631437592 ], [ 6.239193923726994, 48.699916611551167 ], [ 6.239093917275688, 48.699916077579104 ], [ 6.238994313298067, 48.699922034663693 ], [ 6.23889607099836, 48.699934425437036 ], [ 6.238800136469092, 48.699953130573519 ], [ 6.238707433581024, 48.699977969938843 ], [ 6.238618855086974, 48.700008704324496 ], [ 6.238535254025136, 48.700045037751195 ], [ 6.238457435504677, 48.700086620318949 ], [ 6.23842579547746, 48.700107228516778 ], [ 6.238391711013275, 48.700088405578164 ], [ 6.238309007176009, 48.70005118324238 ], [ 6.238221189957589, 48.700019506011365 ], [ 6.238129105065711, 48.699993678944267 ], [ 6.238033639302395, 48.699973950761446 ], [ 6.237935712024596, 48.699960511449397 ], [ 6.237836266291464, 48.699953490431369 ], [ 6.237736259783483, 48.699952955321145 ], [ 6.237636655580867, 48.699958911271928 ], [ 6.237538412890016, 48.699971300926748 ], [ 6.23744247780722, 48.699990004970807 ], [ 6.237349774208571, 48.700014843280279 ], [ 6.237299056648281, 48.700032440190903 ], [ 6.237321397218536, 48.699997539791454 ], [ 6.237351201714405, 48.699934347419372 ], [ 6.237371505387189, 48.699869525569518 ], [ 6.237382112735487, 48.699803698516391 ], [ 6.237382921641029, 48.699737500212976 ], [ 6.237373924350733, 48.699671568185302 ], [ 6.237355207549951, 48.699606537392754 ], [ 6.237326951526228, 48.699543034113077 ], [ 6.237289428431721, 48.699481669911222 ], [ 6.237242999661015, 48.69942303574981 ], [ 6.237188112369676, 48.699367696298239 ], [ 6.237125295167081, 48.699316184494876 ], [ 6.23709416304708, 48.699295240397525 ], [ 6.237122599272223, 48.699272678890956 ], [ 6.237178831972772, 48.699217934577497 ], [ 6.237226687605927, 48.699159805338198 ], [ 6.237265705315911, 48.699098850999292 ], [ 6.237295509366668, 48.699035658592827 ], [ 6.237315812759432, 48.698970836702891 ], [ 6.23732641999549, 48.698905009604388 ], [ 6.23732722895766, 48.698838811250738 ], [ 6.237318231892305, 48.698772879168466 ], [ 6.237299515482618, 48.698707848317447 ], [ 6.237271260012369, 48.698644344976046 ], [ 6.237233737628388, 48.698582980709759 ], [ 6.237187309718415, 48.69852434648184 ], [ 6.237132423429727, 48.698469006962334 ], [ 6.237069607362043, 48.69841749509029 ], [ 6.236999466476269, 48.698370306941683 ], [ 6.236922676268077, 48.698327896952456 ], [ 6.236839976262496, 48.698290673542473 ], [ 6.23675216289214, 48.698258995182549 ], [ 6.236660081827647, 48.698233166942792 ], [ 6.236564619834178, 48.698213437554763 ], [ 6.236466696232391, 48.698199997016651 ], [ 6.236367254046033, 48.698192974763472 ], [ 6.236267250921432, 48.698192438420897 ], [ 6.236167649906228, 48.698198393154001 ], [ 6.236069410176118, 48.698210781617568 ], [ 6.235973477798884, 48.698229484508218 ], [ 6.235880776624562, 48.698254321713279 ], [ 6.235830060277969, 48.698271918025711 ], [ 6.235852401076601, 48.698237017849095 ], [ 6.235882206344566, 48.698173825749414 ], [ 6.235902511155241, 48.698109004052533 ], [ 6.23591311999626, 48.698043177031472 ], [ 6.235913930734977, 48.697976978638884 ], [ 6.23590493560065, 48.6979110464017 ], [ 6.235886221257869, 48.6978460152813 ], [ 6.235857967970503, 48.697782511558593 ], [ 6.235820447864356, 48.69772114680277 ], [ 6.235774022305232, 48.697662511981832 ], [ 6.235719138417769, 48.697607171771494 ], [ 6.235656324778562, 48.697555659117469 ], [ 6.235625194295691, 48.697534714605354 ], [ 6.235653630197146, 48.697512153415175 ], [ 6.235709862542204, 48.697457409712243 ], [ 6.235757718197144, 48.697399280975254 ], [ 6.235796736305974, 48.697338327025598 ], [ 6.235826541128797, 48.697275134891534 ], [ 6.235846845659405, 48.697210313154606 ], [ 6.235857454388129, 48.697144486088192 ], [ 6.235858265183404, 48.697078287645411 ], [ 6.235849270273942, 48.697012355353671 ], [ 6.235830556322164, 48.696947324174843 ], [ 6.235802303588176, 48.696883820390426 ], [ 6.235764784192449, 48.696822455570221 ], [ 6.235718359493946, 48.696763820682825 ], [ 6.235663476609014, 48.696708480404602 ], [ 6.235600664104593, 48.696656967681896 ], [ 6.235530526907273, 48.69660977859894 ], [ 6.235453740477208, 48.696567367600622 ], [ 6.23537104430304, 48.696530143116533 ], [ 6.235283234780489, 48.696498463627826 ], [ 6.235191157543136, 48.696472634215475 ], [ 6.235095699319294, 48.696452903622394 ], [ 6.234997779393312, 48.69643946185829 ], [ 6.234898340753545, 48.696432438370046 ], [ 6.234798341012167, 48.69643190079519 ], [ 6.234698743184235, 48.696437854310687 ], [ 6.234600506414758, 48.696450241583044 ], [ 6.234504576743007, 48.696468943320362 ], [ 6.234411877992961, 48.696493779421047 ], [ 6.234361162860061, 48.696511375135266 ], [ 6.23438350388696, 48.696476475181562 ], [ 6.23441330992683, 48.69641328335436 ], [ 6.234433615875182, 48.696348461810508 ], [ 6.234444226208688, 48.696282634821578 ], [ 6.234445038780329, 48.696216436339924 ], [ 6.23443604580171, 48.696150503893321 ], [ 6.234417333916653, 48.696085472445162 ], [ 6.234389083365359, 48.696021968279524 ], [ 6.234351566247281, 48.695960602969855 ], [ 6.234305143899447, 48.695901967489498 ], [ 6.234250263415563, 48.695846626520513 ], [ 6.234187453339449, 48.695795113015926 ], [ 6.23411731857431, 48.695747923067444 ], [ 6.234040534556875, 48.695705511128338 ], [ 6.233957840752558, 48.695668285637225 ], [ 6.233870033534254, 48.695636605084999 ], [ 6.233777958513357, 48.695610774562844 ], [ 6.233682502396832, 48.695591042824354 ], [ 6.233584584448738, 48.695577599890292 ], [ 6.233485147638383, 48.695570575218788 ], [ 6.233385149560326, 48.695570036458783 ], [ 6.233285553213605, 48.695575988798652 ], [ 6.233187317728965, 48.695588374916227 ], [ 6.233091389133302, 48.695607075530695 ], [ 6.232998691240235, 48.695631910551313 ], [ 6.232910116754478, 48.695662640811413 ], [ 6.232826518675623, 48.695698970371438 ], [ 6.232748702084105, 48.695740549368651 ], [ 6.232717062436964, 48.695761156128398 ], [ 6.232682982862389, 48.695742331489122 ], [ 6.232600289966602, 48.695705105058025 ], [ 6.23251248350922, 48.695673423507436 ], [ 6.232420409094314, 48.695647591938162 ], [ 6.232324953423013, 48.69562785911387 ], [ 6.232227035755089, 48.695614415065812 ], [ 6.232127599057151, 48.695607389262804 ], [ 6.232027600922676, 48.695606849364722 ], [ 6.231928004351246, 48.695612800570863 ], [ 6.231829768475769, 48.695625185569995 ], [ 6.231733839326906, 48.695643885092089 ], [ 6.231641140723603, 48.695668719056911 ], [ 6.231552565377408, 48.695699448307934 ], [ 6.231468966296204, 48.695735776915384 ], [ 6.231391148570077, 48.695777355025633 ], [ 6.231319861618434, 48.695823782230249 ], [ 6.231255791972984, 48.695874611421623 ], [ 6.231199556666081, 48.695929353098386 ], [ 6.231151697288118, 48.695987480079182 ], [ 6.231112674771182, 48.696048432579303 ], [ 6.231082864949258, 48.69611162360129 ], [ 6.23106255493775, 48.696176444587699 ], [ 6.231051940367236, 48.696242271281712 ], [ 6.231051123498112, 48.696308469738725 ], [ 6.231060112234396, 48.696374402431623 ], [ 6.231078820046161, 48.696439434390413 ], [ 6.231107066801483, 48.696502939317476 ], [ 6.231144580499862, 48.696564305619304 ], [ 6.231171158676146, 48.696597879020224 ], [ 6.231118439384778, 48.696583088156025 ], [ 6.231022982496645, 48.696563354305496 ], [ 6.230925063411194, 48.696549909199319 ], [ 6.230825625108682, 48.696542882316521 ], [ 6.230725625198039, 48.696542341327344 ], [ 6.230626026695949, 48.696548291441637 ], [ 6.230527788753916, 48.696560675358626 ], [ 6.230431857422498, 48.696579373818757 ], [ 6.230339156541659, 48.696604206751985 ], [ 6.23025057884488, 48.696634935011744 ], [ 6.230166977362679, 48.696671262677789 ], [ 6.230089157208265, 48.696712839905572 ], [ 6.230057515924163, 48.696733445942826 ], [ 6.230023436673494, 48.696714620559263 ], [ 6.229940744133662, 48.696677392315145 ], [ 6.22985293765501, 48.696645708832932 ], [ 6.229760862841811, 48.696619875232059 ], [ 6.229665406399031, 48.696600140295743 ], [ 6.229567487593873, 48.696586694075535 ], [ 6.229468049403897, 48.696579666061218 ], [ 6.22936804943695, 48.696579123933937 ], [ 6.229268450710259, 48.696585072914473 ], [ 6.229170212377488, 48.696597455713011 ], [ 6.229074280492958, 48.696616153080726 ], [ 6.22898157890196, 48.696640984958108 ], [ 6.228893000344815, 48.69667171220879 ], [ 6.228809397860321, 48.696708038922182 ], [ 6.228731576571342, 48.696749615262974 ], [ 6.228699934729818, 48.696770220939456 ], [ 6.228665855944097, 48.696751395168612 ], [ 6.228583164312978, 48.69671416598451 ], [ 6.228495358595436, 48.696682481503956 ], [ 6.228403284388413, 48.696656646855949 ], [ 6.228307828391045, 48.696636910833838 ], [ 6.22820990986624, 48.696623463499606 ], [ 6.22811047178886, 48.696616434353778 ], [ 6.228010471765669, 48.696615891088385 ], [ 6.227910872814435, 48.696621838935151 ], [ 6.227812634090982, 48.696634220615245 ], [ 6.227716701653396, 48.696652916890535 ], [ 6.227623999352292, 48.69667774771208 ], [ 6.227535419934829, 48.696708473953656 ], [ 6.22745181644809, 48.696744799714416 ], [ 6.227373994024589, 48.696786375168173 ], [ 6.22734235162566, 48.696806980483885 ], [ 6.227308273304908, 48.696788154325766 ], [ 6.227225582582554, 48.696750924201694 ], [ 6.227137777626175, 48.696719238722807 ], [ 6.227045704025389, 48.696693403027695 ], [ 6.226950248473488, 48.696673665919775 ], [ 6.226852330229094, 48.696660217471525 ], [ 6.22675289226437, 48.696653187194165 ], [ 6.226652892184994, 48.696652642790674 ], [ 6.226553293009273, 48.696658589503706 ], [ 6.226455053895195, 48.696670970065291 ], [ 6.226359120904609, 48.696689665248172 ], [ 6.226266417893452, 48.696714495013865 ], [ 6.226215699804752, 48.696732087261459 ], [ 6.226238046364297, 48.696697188840105 ], [ 6.22626786237696, 48.696633999060474 ], [ 6.226288178511974, 48.696569178915773 ], [ 6.226298799147906, 48.696503352664095 ], [ 6.226299622038515, 48.69643715425071 ], [ 6.226290639296031, 48.69637122120271 ], [ 6.226271937465698, 48.696306188489302 ], [ 6.226243696690887, 48.696242682406748 ], [ 6.226206188976903, 48.696181314546941 ], [ 6.226159775570211, 48.696122675907816 ], [ 6.226104903478418, 48.696067331201832 ], [ 6.22604210116453, 48.696015813418001 ], [ 6.225971973457005, 48.695968618689257 ], [ 6.225895195724611, 48.695926201514908 ], [ 6.225812507372241, 48.695888970383997 ], [ 6.225724704720289, 48.695857283841704 ], [ 6.225632633336184, 48.695831447036909 ], [ 6.225537179891869, 48.695811708783737 ], [ 6.225439263625673, 48.695798259165656 ], [ 6.22533982749071, 48.695791227705172 ], [ 6.225239829075032, 48.695790682116616 ], [ 6.225140231380933, 48.695796627654104 ], [ 6.22504199355213, 48.695809007060973 ], [ 6.224946061638091, 48.69582770112109 ], [ 6.224853359484391, 48.695852529806764 ], [ 6.224802641756469, 48.69587012146642 ], [ 6.22482498889091, 48.69583522328422 ], [ 6.224854806120081, 48.695772033811537 ] ], [ [ 6.225768446524345, 48.688545704821728 ], [ 6.225788760135448, 48.688480884317187 ], [ 6.22579937975708, 48.688415057658183 ], [ 6.225800203152756, 48.688348858793908 ], [ 6.225791222429832, 48.688282925255791 ], [ 6.22577252411409, 48.688217892017754 ], [ 6.225744288315044, 48.688154385381125 ], [ 6.225706786990068, 48.688093016943164 ], [ 6.22568021664663, 48.688059442082476 ], [ 6.225732925804144, 48.688074235457194 ], [ 6.225828365195359, 48.688093973683301 ], [ 6.225926267132309, 48.688107423069887 ], [ 6.226025688731777, 48.688114454087341 ], [ 6.226125672473136, 48.688114999020598 ], [ 6.226225255421194, 48.688109052621527 ], [ 6.226323478501213, 48.688096672159261 ], [ 6.226419395736722, 48.688077976868733 ], [ 6.22651208336112, 48.688053146802204 ], [ 6.226600648715244, 48.688022421094921 ], [ 6.226684238845199, 48.687986095661905 ], [ 6.226762048717577, 48.687944520347692 ], [ 6.226793685981319, 48.687923915030972 ], [ 6.226827758338748, 48.687942741477698 ], [ 6.226910434846184, 48.687979972155802 ], [ 6.226998224987256, 48.688011658037027 ], [ 6.227090283274804, 48.688037493959136 ], [ 6.227185723111392, 48.688057231099613 ], [ 6.227283625328705, 48.688070679372373 ], [ 6.227383047040828, 48.688077709258472 ], [ 6.227483030726046, 48.688078253053803 ], [ 6.227582613449711, 48.688072305521167 ], [ 6.227680836139244, 48.688059923940592 ], [ 6.227776752821933, 48.688041227557832 ], [ 6.227869439736507, 48.6880163964356 ], [ 6.227920148813539, 48.687998803354724 ], [ 6.22789780709482, 48.688033702348818 ], [ 6.227867997957041, 48.688096892996988 ], [ 6.227847687073098, 48.688161713876738 ], [ 6.227837070081959, 48.688227540732235 ], [ 6.22783624926732, 48.688293739617365 ], [ 6.227845232571184, 48.688359673000868 ], [ 6.227863933515933, 48.688424705906087 ], [ 6.227892172035764, 48.688488212026314 ], [ 6.227929676209483, 48.688549579756518 ], [ 6.227976084878064, 48.688608218083765 ], [ 6.22803095112178, 48.688663562279224 ], [ 6.228093746563477, 48.688715079337278 ], [ 6.228124868777197, 48.688736025971615 ], [ 6.228096434400347, 48.68875858553497 ], [ 6.228040203439765, 48.688813326052703 ], [ 6.227992347063466, 48.6888714521168 ], [ 6.227953326174617, 48.688932403951334 ], [ 6.22792351659152, 48.688995594565263 ], [ 6.227903205427265, 48.689060415405102 ], [ 6.22789258832352, 48.68912624221543 ], [ 6.227891767565072, 48.689192441050515 ], [ 6.227900751093379, 48.689258374379619 ], [ 6.227919452428665, 48.68932340722661 ], [ 6.227947691501368, 48.689386913285333 ], [ 6.227985196384967, 48.689448280951353 ], [ 6.228011768914583, 48.689481855259004 ], [ 6.227959057693035, 48.689467062909095 ], [ 6.227863614990745, 48.689447326411063 ], [ 6.22776571004623, 48.689433878630126 ], [ 6.227666285703574, 48.689426849071097 ], [ 6.22756629943728, 48.689426305430018 ], [ 6.227466714132636, 48.689432252942211 ], [ 6.227368488814058, 48.689444634332027 ], [ 6.227272569410542, 48.689463330364227 ], [ 6.227179879647184, 48.689488160992134 ], [ 6.227129168876423, 48.689505753736015 ], [ 6.227151511737322, 48.689470854929482 ], [ 6.227181322524539, 48.689407664533952 ], [ 6.227201634718759, 48.68934284383613 ], [ 6.227212252736492, 48.689277017099407 ], [ 6.227213074356701, 48.689210818273736 ], [ 6.22720409170384, 48.68914488489019 ], [ 6.227185391322281, 48.689079851921186 ], [ 6.227157153341431, 48.689016345665451 ], [ 6.22711964973968, 48.68895497771657 ], [ 6.227073241723881, 48.688896339073317 ], [ 6.22701837624972, 48.688840994448178 ], [ 6.226955581716463, 48.688789476829427 ], [ 6.226885462877633, 48.688742282348365 ], [ 6.226808695016591, 48.688699865501938 ], [ 6.226726017443161, 48.688662634775987 ], [ 6.226638226373935, 48.688630948711875 ], [ 6.226546167264794, 48.688605112453835 ], [ 6.226450726669479, 48.688585374810692 ], [ 6.226352823702582, 48.688571925860082 ], [ 6.226253401189143, 48.688564895118077 ], [ 6.226153416586048, 48.688564350292076 ], [ 6.226053832762573, 48.688570296628875 ], [ 6.225955608728865, 48.688582676864101 ], [ 6.225859690401549, 48.688601371773629 ], [ 6.22576700149536, 48.688626201321604 ], [ 6.225716291085227, 48.688643793477596 ], [ 6.225738634520907, 48.688608894910232 ], [ 6.225768446524345, 48.688545704821728 ] ], [ [ 6.224204081414516, 48.669826460686387 ], [ 6.224116323492103, 48.669794772261866 ], [ 6.224024298784839, 48.669768933646239 ], [ 6.223928893515174, 48.669749193671016 ], [ 6.223831026457518, 48.669735742436316 ], [ 6.223731640091115, 48.669728709480204 ], [ 6.223631691524756, 48.669728162531392 ], [ 6.223532143280694, 48.669734106857092 ], [ 6.223433954026452, 48.669746485212336 ], [ 6.223338069343735, 48.669765178391081 ], [ 6.223245412623281, 48.669790006374178 ], [ 6.223194719628864, 48.669807597737773 ], [ 6.22321705669992, 48.669772699087822 ], [ 6.223246861012941, 48.66970950862467 ], [ 6.223267170433193, 48.669644687518755 ], [ 6.223277789403877, 48.669578860037468 ], [ 6.223278615694749, 48.66951266013784 ], [ 6.223269641385254, 48.669446725361361 ], [ 6.223250952939387, 48.669381690693818 ], [ 6.223222730371584, 48.669318182450333 ], [ 6.223185245511775, 48.669256812243631 ], [ 6.223138859386301, 48.669198171094195 ], [ 6.22308401874002, 48.669142823738696 ], [ 6.223021251733083, 48.669091303191649 ], [ 6.222951162853921, 48.669044105612613 ], [ 6.222874427097365, 48.669001685528343 ], [ 6.222791783464064, 48.668964451455878 ], [ 6.222704027843768, 48.668932761968769 ], [ 6.222612005350979, 48.668906922244247 ], [ 6.222516602186825, 48.668887181124532 ], [ 6.222418737105437, 48.668873728720712 ], [ 6.222319352567033, 48.668866694582114 ], [ 6.222219405662798, 48.668866146448892 ], [ 6.222119858898981, 48.668872089599645 ], [ 6.222021670928848, 48.668884466800677 ], [ 6.221925787321736, 48.668903158857105 ], [ 6.22183313145803, 48.668927985760547 ], [ 6.221782438824127, 48.66894557653638 ], [ 6.221804776469389, 48.668910678125727 ], [ 6.221834581997503, 48.668847487969842 ], [ 6.221854892833374, 48.668782667057535 ], [ 6.221865513406567, 48.668716839654302 ], [ 6.221866341471405, 48.668650639716489 ], [ 6.221857369090246, 48.668584704785872 ], [ 6.221838682708513, 48.668519669849815 ], [ 6.221810462320763, 48.668456161225961 ], [ 6.221772979735928, 48.668394790530726 ], [ 6.221746421925126, 48.668361214235432 ], [ 6.221799110117907, 48.668376009594716 ], [ 6.22189451207881, 48.668395751297105 ], [ 6.221992376130977, 48.668409204136651 ], [ 6.222091759756069, 48.668416238550535 ], [ 6.222191705799199, 48.668416786790985 ], [ 6.222291251688262, 48.668410843577973 ], [ 6.22238943870544, 48.668398466149981 ], [ 6.222485321221595, 48.668379773712715 ], [ 6.222577975804511, 48.66835494629094 ], [ 6.222666510113253, 48.668324222994436 ], [ 6.222750071492923, 48.668287899715004 ], [ 6.222827855186998, 48.668246326276481 ], [ 6.222899112088147, 48.668199903065251 ], [ 6.222963155952846, 48.668149077173958 ], [ 6.223019370010303, 48.668094338095287 ], [ 6.223067212902032, 48.668036213007404 ], [ 6.223106223894926, 48.667975261696533 ], [ 6.22313602731758, 48.667912071165553 ], [ 6.22315633617723, 48.667847249980547 ], [ 6.223166954922474, 48.667781422409604 ], [ 6.223167781325235, 48.667715222410678 ], [ 6.22315880746388, 48.667649287526181 ], [ 6.223140119798083, 48.667584252742969 ], [ 6.223111898334768, 48.667520744377249 ], [ 6.223074414893222, 48.667459374042934 ], [ 6.223028030486131, 48.667400732761735 ], [ 6.222973191841798, 48.667345385271595 ], [ 6.222910427101097, 48.667293864588345 ], [ 6.222879319734914, 48.667272916214209 ], [ 6.22290774468121, 48.667250357485699 ], [ 6.222963957830729, 48.667195618391787 ], [ 6.223011799961952, 48.667137493282219 ], [ 6.223050810349093, 48.667076541943452 ], [ 6.223080613326584, 48.667013351378586 ], [ 6.223100921905944, 48.666948530154045 ], [ 6.223111540538469, 48.666882702538302 ], [ 6.223112366997168, 48.666816502489766 ], [ 6.223103393359867, 48.666750567551276 ], [ 6.223084706084084, 48.666685532710247 ], [ 6.223056485172978, 48.666622024283434 ], [ 6.223019002440526, 48.666560653885341 ], [ 6.222992444761124, 48.666527077815843 ], [ 6.223045131458758, 48.666541872647237 ], [ 6.223140530544462, 48.66656161338291 ], [ 6.223238391485266, 48.666575065220357 ], [ 6.223337771792796, 48.666582098606334 ], [ 6.223437714344121, 48.666582645803011 ], [ 6.223537256600765, 48.6665767015404 ], [ 6.223635439879896, 48.666564323067092 ], [ 6.223731318588376, 48.666545629598865 ], [ 6.223823969330664, 48.666520801170392 ], [ 6.223912499802815, 48.666490076901198 ], [ 6.223996057386881, 48.666453752692412 ], [ 6.224073837362893, 48.666412178376817 ], [ 6.224145090659332, 48.666365754349272 ], [ 6.22420913106739, 48.66631492771026 ], [ 6.224265341849563, 48.666260187959672 ], [ 6.224313181678911, 48.666202062282146 ], [ 6.224352189851815, 48.666141110469596 ], [ 6.22438199072403, 48.666077919529734 ], [ 6.224402297327353, 48.666013098032536 ], [ 6.224412914132105, 48.665947270249148 ], [ 6.2244137389289, 48.665881070139548 ], [ 6.224404763811568, 48.665815135247207 ], [ 6.224386075251876, 48.665750100559073 ], [ 6.22435785326535, 48.665686592390429 ], [ 6.224320369676319, 48.665625222353285 ], [ 6.224293811636485, 48.665591646547306 ], [ 6.224346497759956, 48.665606440815182 ], [ 6.224441895630648, 48.665626180524931 ], [ 6.224539755155938, 48.665639631304657 ], [ 6.224639133861085, 48.665646663611263 ], [ 6.224739074638586, 48.665647209717328 ], [ 6.224838614967052, 48.665641264363394 ], [ 6.224936796182222, 48.665628884808541 ], [ 6.225032672710837, 48.665610190278947 ], [ 6.22512532117835, 48.665585360819556 ], [ 6.225213849302726, 48.665554635559765 ], [ 6.225297404488627, 48.665518310410285 ], [ 6.225375182039185, 48.665476735212955 ], [ 6.2254068062591, 48.665456129873618 ], [ 6.225440863481145, 48.665474957073414 ], [ 6.225523503486619, 48.665512189418649 ], [ 6.225611255076087, 48.665543876921419 ], [ 6.225703273133681, 48.665569714403844 ], [ 6.225798671449422, 48.665589453028417 ], [ 6.225896531254895, 48.665602902694737 ], [ 6.225995910072659, 48.665609933870485 ], [ 6.22609585079413, 48.665610478839092 ], [ 6.226195390898454, 48.665604532352042 ], [ 6.226293571723532, 48.665592151679334 ], [ 6.226389447699861, 48.665573456057956 ], [ 6.226482095458215, 48.665548625543316 ], [ 6.226570622723388, 48.665517899274988 ], [ 6.226654176908318, 48.665481573173409 ], [ 6.226731953325778, 48.665439997089543 ], [ 6.22676357698899, 48.665419391389626 ], [ 6.226797634675473, 48.665438218202361 ], [ 6.226880275588691, 48.665475449608181 ], [ 6.226968027938478, 48.665507136113163 ], [ 6.227060046601643, 48.665532972549073 ], [ 6.227155445362375, 48.665552710088491 ], [ 6.227253305447971, 48.665566158641404 ], [ 6.227352684378293, 48.665573188686274 ], [ 6.227452625043675, 48.665573732517409 ], [ 6.2275521649238, 48.665567784897256 ], [ 6.227650345358729, 48.665555403106723 ], [ 6.227746220782717, 48.665536706393532 ], [ 6.227838867831858, 48.665511874823657 ], [ 6.227889555100834, 48.665494281421793 ], [ 6.227867222974573, 48.665529181072671 ], [ 6.227837426625689, 48.665592372912876 ], [ 6.227817124442945, 48.665657195018078 ], [ 6.227806511981476, 48.665723023120648 ], [ 6.22780569148133, 48.665789223262443 ], [ 6.227814670881448, 48.665855157900104 ], [ 6.227833363741774, 48.665920192044922 ], [ 6.227861590074333, 48.665983699378216 ], [ 6.227899078075276, 48.666045068283317 ], [ 6.227945466741304, 48.666103707735935 ], [ 6.22800030934531, 48.666159052996413 ], [ 6.22806307773779, 48.666210571048893 ], [ 6.228133167432638, 48.666257765734869 ], [ 6.228209903428389, 48.666300182532012 ], [ 6.228292546708818, 48.666337412931789 ], [ 6.228380301360334, 48.666369098374197 ], [ 6.228472322237576, 48.666394933701234 ], [ 6.228567723103408, 48.666414670096131 ], [ 6.228665585164855, 48.66642811747996 ], [ 6.228764965922744, 48.666435146342359 ], [ 6.228864908249809, 48.66643568898909 ], [ 6.22896444960973, 48.666429740193969 ], [ 6.229062631328316, 48.666417357249223 ], [ 6.229158507827458, 48.666398659413716 ], [ 6.229251155732896, 48.666373826764207 ], [ 6.229339682768007, 48.666343098460814 ], [ 6.22942323634795, 48.666306770443562 ], [ 6.229501011791323, 48.666265192581889 ], [ 6.229532634862535, 48.666244586161696 ], [ 6.22956669408305, 48.666263412170252 ], [ 6.229649338271151, 48.666300641630563 ], [ 6.2297370936829, 48.666332326075164 ], [ 6.229829115165621, 48.666358160355649 ], [ 6.229924516476341, 48.666377895665327 ], [ 6.230022378817801, 48.666391341935736 ], [ 6.230121759688133, 48.66639836966727 ], [ 6.230221701958985, 48.666398911176493 ], [ 6.230321243094581, 48.666392961248256 ], [ 6.230419424422887, 48.666380577185677 ], [ 6.230515300369557, 48.666361878258371 ], [ 6.23060794756565, 48.666337044553615 ], [ 6.230696473741377, 48.666306315241705 ], [ 6.230780026320172, 48.666269986272383 ], [ 6.230857800630277, 48.666228407524208 ], [ 6.230929047654744, 48.666181979434775 ], [ 6.230993081245176, 48.666131149143709 ], [ 6.231049284729728, 48.666076406186043 ], [ 6.231097116851751, 48.666018277777297 ], [ 6.231136116981855, 48.665957323735675 ], [ 6.231165909553255, 48.665894131090383 ], [ 6.231186207677693, 48.665829308427817 ], [ 6.23119681590715, 48.665763480030328 ], [ 6.231197632114826, 48.665697279863814 ], [ 6.231188648477265, 48.665631345472285 ], [ 6.231169951548291, 48.665566311837892 ], [ 6.231141721424028, 48.665502805265724 ], [ 6.23110423000717, 48.665441437352442 ], [ 6.231057838387199, 48.665382799096463 ], [ 6.231002993361876, 48.665327455206558 ], [ 6.230940223133517, 48.665275938663868 ], [ 6.230909113751633, 48.665254992349645 ], [ 6.230937534137928, 48.665232431668358 ], [ 6.230993736714911, 48.665177688695557 ], [ 6.231041568076797, 48.665119560265204 ], [ 6.231080567601524, 48.66505860619575 ], [ 6.231110359728131, 48.664995413516628 ], [ 6.231130657572645, 48.664930590814578 ], [ 6.231141265689743, 48.664864762372325 ], [ 6.231142081953702, 48.664798562156236 ], [ 6.231133098540525, 48.664732627710762 ], [ 6.231114402001872, 48.664667594018553 ], [ 6.23108617243011, 48.664604087385293 ], [ 6.231048681722608, 48.664542719408217 ], [ 6.231002290962016, 48.66448408108635 ], [ 6.230947446937821, 48.664428737129121 ], [ 6.230884677842695, 48.664377220518311 ], [ 6.230853569017594, 48.664356274173784 ], [ 6.230881988939509, 48.664333713488745 ], [ 6.230938190608949, 48.664278970500796 ], [ 6.230986021210726, 48.66422084204887 ], [ 6.231025020130093, 48.664159887951584 ], [ 6.231054811811922, 48.664096695238655 ], [ 6.231075109376518, 48.664031872497141 ], [ 6.231085717381257, 48.663966044010174 ], [ 6.231086533701496, 48.663899843744488 ], [ 6.231077550512691, 48.663833909245071 ], [ 6.231058854364345, 48.66376887549508 ], [ 6.231030625345062, 48.663705368800741 ], [ 6.230993135346889, 48.663644000759895 ], [ 6.230966574029789, 48.663610426384793 ], [ 6.231019260044786, 48.663625217728054 ], [ 6.231114656819932, 48.663644952130596 ], [ 6.231212514354127, 48.663658397454867 ], [ 6.231311890191808, 48.663665424210322 ], [ 6.231411827253091, 48.663665964723023 ], [ 6.231511363052375, 48.663660013787364 ], [ 6.231609538969024, 48.66364762871617 ], [ 6.231705409480809, 48.663628928788782 ], [ 6.231798051271137, 48.663604094102091 ], [ 6.231848735359635, 48.663586498988614 ], [ 6.231826406689564, 48.663621399437055 ], [ 6.231796616210633, 48.66368459236805 ], [ 6.231776319674958, 48.66374941525131 ], [ 6.231765712583294, 48.663815243811719 ], [ 6.231764897123966, 48.663881444086755 ], [ 6.23177388118737, 48.663947378531738 ], [ 6.231792578288537, 48.664012412159828 ], [ 6.231820808398646, 48.664075918657346 ], [ 6.231858299677463, 48.664137286415631 ], [ 6.231904691090118, 48.664195924421442 ], [ 6.231959535883047, 48.664251267949076 ], [ 6.232022305885661, 48.664302783999339 ], [ 6.232092396596344, 48.664349976433044 ], [ 6.232169133003842, 48.664392390749505 ], [ 6.232251776087966, 48.664429618464105 ], [ 6.232339529937008, 48.664461301042699 ], [ 6.232431549413336, 48.664487133354875 ], [ 6.232526948293306, 48.664506866612896 ], [ 6.232624807803066, 48.664520310768012 ], [ 6.23272418546802, 48.664527336341017 ], [ 6.232824124190688, 48.664527875669307 ], [ 6.232923661469467, 48.664521923558667 ], [ 6.233021838669471, 48.664509537333267 ], [ 6.233117710256113, 48.664490836283555 ], [ 6.233210352902447, 48.66446600051723 ], [ 6.233261037351043, 48.664448404815992 ], [ 6.23323870925538, 48.664483305503744 ], [ 6.233208919991832, 48.664546498741913 ], [ 6.233188624871999, 48.664611321818739 ], [ 6.233178019382998, 48.664677150457173 ], [ 6.233177205697725, 48.664743350693939 ], [ 6.233186191689489, 48.66480928498477 ], [ 6.233204890854751, 48.664874318344275 ], [ 6.233233123144814, 48.664937824461347 ], [ 6.233270616698447, 48.664999191730999 ], [ 6.233317010458878, 48.665057829144722 ], [ 6.233371857649926, 48.665113171982497 ], [ 6.233434630077912, 48.665164687251789 ], [ 6.233465740417451, 48.665185632908504 ], [ 6.233437321147102, 48.665208194193411 ], [ 6.233381121094867, 48.665262938316864 ], [ 6.233333292201936, 48.665321067678931 ], [ 6.233294295106782, 48.665382022471924 ], [ 6.233264505398543, 48.665445215676307 ], [ 6.233244209998878, 48.665510038713641 ], [ 6.233233604397607, 48.665575867307339 ], [ 6.233232790768706, 48.665642067494524 ], [ 6.233241776984942, 48.665708001731382 ], [ 6.233260476540615, 48.66577303503307 ], [ 6.233288709383271, 48.665836541089043 ], [ 6.233326203646358, 48.665897908294887 ], [ 6.233352767639722, 48.665931482079671 ], [ 6.233300078641763, 48.66591669179644 ], [ 6.233204676898687, 48.665896959180515 ], [ 6.233106814664207, 48.665883515516967 ], [ 6.233007434371117, 48.665876490270954 ], [ 6.232907493069724, 48.665875951096972 ], [ 6.232807953212319, 48.665881903187334 ], [ 6.232709773385666, 48.665894289222301 ], [ 6.232613899080683, 48.665912989921878 ], [ 6.232521253588176, 48.665937825194469 ], [ 6.232432729108239, 48.665968555870997 ], [ 6.232349178158908, 48.66600488600789 ], [ 6.232271405366751, 48.666046465736848 ], [ 6.232200159718448, 48.666092894633827 ], [ 6.232136127347933, 48.666143725574912 ], [ 6.232079924928575, 48.666198469041902 ], [ 6.23203209373403, 48.666256597836188 ], [ 6.231993094424936, 48.666317552155604 ], [ 6.231963302611752, 48.666380744985148 ], [ 6.231943005236411, 48.666445567749989 ], [ 6.231932397807757, 48.666511396176162 ], [ 6.231931582517367, 48.666577596302425 ], [ 6.231940567254012, 48.666643530585532 ], [ 6.231959265526243, 48.666708564040214 ], [ 6.231987497293966, 48.666772070354412 ], [ 6.232024990700985, 48.666833437921284 ], [ 6.232051554334254, 48.66686701196965 ], [ 6.231998864761802, 48.666852221122916 ], [ 6.231903461803229, 48.666832487481159 ], [ 6.231805598152788, 48.666819042759968 ], [ 6.231706216256907, 48.666812016434704 ], [ 6.231606273181327, 48.666811476170238 ], [ 6.231506731395426, 48.666817427169384 ], [ 6.231408549504536, 48.666829812122934 ], [ 6.231312673019454, 48.666848511761287 ], [ 6.23122002525198, 48.666873346003072 ], [ 6.231131498424119, 48.666904075689125 ], [ 6.231047945076511, 48.666940404885459 ], [ 6.230970169858823, 48.666981983732796 ], [ 6.23089892178109, 48.667028411815586 ], [ 6.230834887000644, 48.667079242017735 ], [ 6.230778682214062, 48.66713398482819 ], [ 6.230730848717794, 48.667192113054675 ], [ 6.23069184719465, 48.667253066900443 ], [ 6.230662053276405, 48.667316259355083 ], [ 6.230641753925268, 48.667381081847395 ], [ 6.230631144669114, 48.667446910106008 ], [ 6.230630327717119, 48.667513110171313 ], [ 6.230639310974056, 48.667579044500641 ], [ 6.230658007962731, 48.667644078108282 ], [ 6.23068623865541, 48.667707584680713 ], [ 6.230723731206255, 48.667768952608583 ], [ 6.230750294479337, 48.667802526920475 ], [ 6.230697604332445, 48.667787735510245 ], [ 6.230602200158404, 48.667768000842628 ], [ 6.230504335092016, 48.667754555063773 ], [ 6.230404951593346, 48.667747527659202 ], [ 6.23030500674357, 48.667746986304209 ], [ 6.230205463029152, 48.667752936212118 ], [ 6.230107279073993, 48.667765320084193 ], [ 6.230011400408772, 48.66778401866128 ], [ 6.229918750366279, 48.667808851872216 ], [ 6.229830221190428, 48.667839580567772 ], [ 6.229746665444471, 48.667875908823461 ], [ 6.22966888780117, 48.667917486789122 ], [ 6.229597637293919, 48.667963914057658 ], [ 6.229533600103444, 48.668014743520864 ], [ 6.229477392949535, 48.668069485674728 ], [ 6.229429557151438, 48.668127613333333 ], [ 6.229390553414127, 48.668188566705425 ], [ 6.229360757390707, 48.668251758785132 ], [ 6.229340456063658, 48.668316581004873 ], [ 6.229329844979887, 48.668382409095905 ], [ 6.229329026366167, 48.668448609100182 ], [ 6.229338008143281, 48.668514543475716 ], [ 6.229356703848285, 48.668579577236279 ], [ 6.229384933465812, 48.6686430840669 ], [ 6.229422425160376, 48.668704452355747 ], [ 6.229448988073221, 48.668738026931202 ], [ 6.229396297351901, 48.668723234957433 ], [ 6.229300891962416, 48.668703499263941 ], [ 6.229203025480097, 48.668690052427372 ], [ 6.229103640378641, 48.66868302394348 ], [ 6.229003693754661, 48.668682481497925 ], [ 6.228904148111705, 48.668688430314553 ], [ 6.228805962092247, 48.668700813105112 ], [ 6.228710081246842, 48.668719510620896 ], [ 6.228617428929277, 48.66874434280092 ], [ 6.228528897405374, 48.66877507050593 ], [ 6.228445339260994, 48.668811397820953 ], [ 6.228367559191998, 48.668852974904873 ], [ 6.228335934084632, 48.668873580970804 ], [ 6.228301873607347, 48.668854754651917 ], [ 6.228219226342504, 48.668817524337392 ], [ 6.228131467680416, 48.668785838841629 ], [ 6.228039442764878, 48.668760003303412 ], [ 6.227944037820345, 48.668740266524658 ], [ 6.227846171618094, 48.668726818574648 ], [ 6.22774678662913, 48.668719788959812 ], [ 6.227646839948981, 48.668719245376721 ], [ 6.227547294081735, 48.668725193060183 ], [ 6.22744910767203, 48.668737574732852 ], [ 6.227353226274173, 48.668756271156767 ], [ 6.227260573247273, 48.668781102281493 ], [ 6.227172040863985, 48.668811828977923 ], [ 6.227088481718441, 48.668848155340783 ], [ 6.227010700516146, 48.668889731538158 ], [ 6.226939446324764, 48.668936157179985 ], [ 6.226875405360499, 48.668986985173703 ], [ 6.22681919437948, 48.669041726029484 ], [ 6.226771354737812, 48.669099852573908 ], [ 6.226732347177483, 48.669160805026429 ], [ 6.226702547388413, 48.669223996390045 ], [ 6.226682242389348, 48.669288818104071 ], [ 6.226671627762555, 48.669354645904619 ], [ 6.226670805768938, 48.669420845836477 ], [ 6.226679784361823, 48.669486780358334 ], [ 6.22669847710894, 48.669551814482539 ], [ 6.226726704023404, 48.669615321890653 ], [ 6.226764193295767, 48.669676690965268 ], [ 6.226790754995921, 48.669710266105533 ], [ 6.226738064046948, 48.669695472968996 ], [ 6.226642657887068, 48.669675735164311 ], [ 6.226544790268966, 48.669662286156552 ], [ 6.22644540367728, 48.669655255462345 ], [ 6.226345455222972, 48.669654710788635 ], [ 6.226245907427218, 48.669660657380746 ], [ 6.226147718953221, 48.669673037971826 ], [ 6.226051835375173, 48.669691733334368 ], [ 6.225959180073175, 48.669716563428132 ], [ 6.225870645341787, 48.669747289133916 ], [ 6.225787083797759, 48.669783614556039 ], [ 6.22570930016969, 48.669825189871595 ], [ 6.225677673427099, 48.669845795215501 ], [ 6.225643613273571, 48.669826968152542 ], [ 6.225560966364744, 48.669789736025628 ], [ 6.225473207681833, 48.669758048598958 ], [ 6.225381182368833, 48.669732211029924 ], [ 6.225285776654033, 48.669712472139963 ], [ 6.225187909316125, 48.669699022018719 ], [ 6.22508852283705, 48.66969199019357 ], [ 6.224988574326688, 48.669691444382302 ], [ 6.224889026306751, 48.669697389841211 ], [ 6.224790837442602, 48.669709769314387 ], [ 6.224694953312191, 48.669728463585024 ], [ 6.224602297300939, 48.669753292623469 ], [ 6.224513761710233, 48.669784017320623 ], [ 6.224430199165099, 48.669820341790569 ], [ 6.224352414403775, 48.669861916219517 ], [ 6.224320787104386, 48.66988252120283 ], [ 6.224286727415401, 48.669863693752795 ], [ 6.224204081414516, 48.669826460686387 ] ], [ [ 6.206909747513251, 48.633652750483144 ], [ 6.20688741498448, 48.633687647130245 ], [ 6.206857611433137, 48.633750835404264 ], [ 6.206837295617839, 48.633815655657564 ], [ 6.206826663224962, 48.63388148364038 ], [ 6.206825816686451, 48.633947685395711 ], [ 6.20683476419197, 48.634013623364666 ], [ 6.206853419608582, 48.634078662526477 ], [ 6.206881603308883, 48.634142176514139 ], [ 6.206919043899568, 48.634203553646877 ], [ 6.206965380833904, 48.634262202821198 ], [ 6.207020167882981, 48.634317559203822 ], [ 6.207082877432319, 48.634369089671786 ], [ 6.20711395891775, 48.634390042743398 ], [ 6.207085545011442, 48.634412598324722 ], [ 6.207029350466967, 48.634467331429114 ], [ 6.206981520451061, 48.634525451709607 ], [ 6.206942515612971, 48.634586399445958 ], [ 6.206912711616352, 48.634649587686624 ], [ 6.206892395520421, 48.634714407900972 ], [ 6.206881763014262, 48.634780235839585 ], [ 6.206880916530912, 48.63484643754591 ], [ 6.206889864259503, 48.634912375461539 ], [ 6.206908520064951, 48.63497741456618 ], [ 6.20693670431611, 48.635040928493417 ], [ 6.206974145614368, 48.635102305563024 ], [ 6.207000677069915, 48.635135886081954 ], [ 6.206948026525867, 48.635121083771423 ], [ 6.206852690861061, 48.635101329559099 ], [ 6.206754892986149, 48.635087863916723 ], [ 6.206655574714157, 48.635080816521061 ], [ 6.206555692498139, 48.635080255239949 ], [ 6.20645620822141, 48.63508618547862 ], [ 6.206358079935498, 48.635098550127694 ], [ 6.206262252634987, 48.635117230113195 ], [ 6.206169649158028, 48.63514204554297 ], [ 6.206118983985777, 48.635159630154604 ], [ 6.206141317655057, 48.63512473369417 ], [ 6.206171122853604, 48.635061545671419 ], [ 6.206191439977608, 48.634996725598768 ], [ 6.206202073396028, 48.634930897733604 ], [ 6.206202920739431, 48.634864696036743 ], [ 6.206193973884463, 48.634798758066928 ], [ 6.206175319030672, 48.634733718840728 ], [ 6.206147135868945, 48.634670204717182 ], [ 6.206109695849677, 48.634608827365625 ], [ 6.206063359567345, 48.634550177875383 ], [ 6.206008573286776, 48.634494821063413 ], [ 6.205945864644546, 48.634443290035342 ], [ 6.205914783595137, 48.63442233665991 ], [ 6.205943198011297, 48.634399781357985 ], [ 6.20599939361912, 48.63434504876286 ], [ 6.206047224560809, 48.634286928867986 ], [ 6.2060862302183, 48.6342259814096 ], [ 6.206116034971529, 48.634162793353482 ], [ 6.206136351814866, 48.63409797324185 ], [ 6.206146985119973, 48.634032145332476 ], [ 6.206147832518506, 48.633965943586624 ], [ 6.20613888588658, 48.633900005563468 ], [ 6.206120231421594, 48.633834966280119 ], [ 6.206092048810688, 48.633771452096148 ], [ 6.206054609498949, 48.633710074681495 ], [ 6.206028079373236, 48.633676493912162 ], [ 6.206080728203836, 48.633691296647008 ], [ 6.206176061008816, 48.633711051500192 ], [ 6.206273856162091, 48.633724517633148 ], [ 6.206373171808903, 48.633731565354957 ], [ 6.206473051449088, 48.633732126789724 ], [ 6.206572533150085, 48.633726196530333 ], [ 6.206670658812289, 48.633713831690521 ], [ 6.206766483397483, 48.633695151354758 ], [ 6.206859084031393, 48.633670335431255 ], [ 6.206909747513251, 48.633652750483144 ] ], [ [ 6.220481508130881, 48.690293082107161 ], [ 6.220472533781894, 48.69022714827733 ], [ 6.220453841387109, 48.690162114312741 ], [ 6.220425610999022, 48.690098606521659 ], [ 6.220388114522899, 48.690037236512509 ], [ 6.22034171309698, 48.689978595303863 ], [ 6.220286853613489, 48.689923247632947 ], [ 6.220224064414011, 48.689871726517346 ], [ 6.220192944689975, 48.6898507778415 ], [ 6.220221383071251, 48.689828220183493 ], [ 6.22027762331012, 48.689773483399577 ], [ 6.220325489089458, 48.689715360475873 ], [ 6.220364519455744, 48.689654411177756 ], [ 6.22039433855102, 48.689591222488751 ], [ 6.220414659231611, 48.689526402957156 ], [ 6.220425285832298, 48.68946057683516 ], [ 6.220426116049383, 48.689394378066794 ], [ 6.220417141924529, 48.689328444182571 ], [ 6.220398449919979, 48.689263410159739 ], [ 6.220370220084469, 48.689199902307173 ], [ 6.220332724317945, 48.689138532233848 ], [ 6.22030615689448, 48.689104956205675 ], [ 6.220358865585326, 48.689119751942386 ], [ 6.220454304855992, 48.689139494451581 ], [ 6.220552207368101, 48.68915294823779 ], [ 6.220651630232894, 48.689159983729049 ], [ 6.220751615917561, 48.689160533167232 ], [ 6.220851201468193, 48.68915459126076 ], [ 6.220949427784985, 48.689142215235535 ], [ 6.221045348860292, 48.689123524283765 ], [ 6.221138040890526, 48.68909869841589 ], [ 6.221226611174094, 48.689067976726733 ], [ 6.221310206709621, 48.689031655092649 ], [ 6.22138802241163, 48.688990083321563 ], [ 6.221419662426106, 48.688969479448758 ], [ 6.221453733529659, 48.688988307414114 ], [ 6.221536407863321, 48.689025541784638 ], [ 6.221624196502847, 48.68905723159363 ], [ 6.221716253975546, 48.689083071641022 ], [ 6.221811693691828, 48.689102813064594 ], [ 6.221909596484543, 48.689116265736956 ], [ 6.222009019462229, 48.689123300096846 ], [ 6.222109005090988, 48.689123848397074 ], [ 6.222208590417449, 48.689117905356987 ], [ 6.222306816343968, 48.689105528213432 ], [ 6.222402736866655, 48.689086836169373 ], [ 6.222495428187251, 48.689062009245752 ], [ 6.222546140086801, 48.689044418465507 ], [ 6.222523794333925, 48.689079316421832 ], [ 6.222493978104439, 48.689142505670645 ], [ 6.222473660151143, 48.689207325577591 ], [ 6.222463036181082, 48.689273151896202 ], [ 6.222462208545166, 48.689339350685536 ], [ 6.222471185251091, 48.689405284415251 ], [ 6.222489879884786, 48.689470318105393 ], [ 6.222518112441224, 48.689533825441643 ], [ 6.222555611056651, 48.689595194807296 ], [ 6.222582180173927, 48.689628770320411 ], [ 6.222529470340682, 48.689613975572698 ], [ 6.222434029420194, 48.68959423473207 ], [ 6.222336125597445, 48.689580782495653 ], [ 6.222236701705721, 48.689573748411163 ], [ 6.222136715215176, 48.68957320021822 ], [ 6.222037129013265, 48.689579143195978 ], [ 6.221938902133037, 48.689591520112465 ], [ 6.22184298051853, 48.689610211775481 ], [ 6.22175028791613, 48.689635038180477 ], [ 6.221661716979598, 48.689665760243763 ], [ 6.22157812067434, 48.689702082104716 ], [ 6.221500304063706, 48.689743653974737 ], [ 6.221429016556356, 48.689790075505478 ], [ 6.221364944689337, 48.689840899643947 ], [ 6.221308705516388, 48.689895636937472 ], [ 6.221260840665124, 48.689953760246894 ], [ 6.221221811120328, 48.690014709822854 ], [ 6.221191992783657, 48.69007789869606 ], [ 6.221171672852505, 48.690142718329795 ], [ 6.221161047052967, 48.690208544480235 ], [ 6.221160217753574, 48.690274743208022 ], [ 6.22116919297804, 48.690340676983453 ], [ 6.221187886326563, 48.690405710826077 ], [ 6.221216117806499, 48.690469218420183 ], [ 6.22125361556446, 48.69053058814653 ], [ 6.22128018432092, 48.690564163923071 ], [ 6.221227473913033, 48.690549368611649 ], [ 6.221132031776522, 48.690529626744762 ], [ 6.221034126537068, 48.690516173450227 ], [ 6.220934701041598, 48.690509138285918 ], [ 6.22083471277571, 48.690508589001858 ], [ 6.220735124643958, 48.690514530887739 ], [ 6.220636895697972, 48.69052690672207 ], [ 6.220540971901684, 48.690545597323087 ], [ 6.220448277022489, 48.690570422696474 ], [ 6.220397562936776, 48.690588012561932 ], [ 6.220419910753868, 48.690553115048615 ], [ 6.220449730294806, 48.690489926393916 ], [ 6.220470051256046, 48.690425106902275 ], [ 6.220480677969665, 48.69035928082549 ], [ 6.220481508130881, 48.690293082107161 ] ], [ [ 6.219309133636431, 48.65045692532113 ], [ 6.219282586512184, 48.650423347972158 ], [ 6.219335255944011, 48.650438144642806 ], [ 6.219430624266511, 48.650457888613722 ], [ 6.219528454132289, 48.650471343678213 ], [ 6.219627803352264, 48.650478380251947 ], [ 6.219727715102913, 48.650478930566415 ], [ 6.219827227142411, 48.650472989321564 ], [ 6.219925381078959, 48.650460613736954 ], [ 6.220021231602022, 48.650441923000521 ], [ 6.220113855587518, 48.650417097120659 ], [ 6.220164530830147, 48.650399506781156 ], [ 6.220142199994071, 48.650434405425926 ], [ 6.220112402911528, 48.650497596133931 ], [ 6.220092097015198, 48.650562417742812 ], [ 6.22008147789596, 48.650628245989729 ], [ 6.220080647857953, 48.650694446915139 ], [ 6.220089614931955, 48.650760382968173 ], [ 6.220108292796597, 48.650825419146457 ], [ 6.220136501608303, 48.650888929111765 ], [ 6.220173969731945, 48.650950301222046 ], [ 6.220200517695649, 48.65098387835765 ], [ 6.220147847469721, 48.650969082076173 ], [ 6.220052477944758, 48.650949338687653 ], [ 6.219954647050439, 48.650935884058718 ], [ 6.219855296917758, 48.650928847760163 ], [ 6.219755384306585, 48.650928297552866 ], [ 6.21965587139293, 48.650934238735452 ], [ 6.219557716504093, 48.650946614093208 ], [ 6.219461864890841, 48.650965304448938 ], [ 6.219369239625456, 48.65099012981068 ], [ 6.219318563543365, 48.65100771980331 ], [ 6.219340895173545, 48.650972821329582 ], [ 6.219370693458549, 48.650909630839571 ], [ 6.219391000383421, 48.650844809372416 ], [ 6.219401620415367, 48.65077898119894 ], [ 6.219402451313895, 48.650712780282937 ], [ 6.21939348511405, 48.650646844175569 ], [ 6.219374808201699, 48.650581807875554 ], [ 6.219346600480182, 48.650518297713674 ], [ 6.219309133636431, 48.65045692532113 ] ], [ [ 6.215439902638717, 48.624937991781785 ], [ 6.21534043864442, 48.624943929489113 ], [ 6.215242331470248, 48.624956301559827 ], [ 6.215146525907486, 48.624974988848422 ], [ 6.215053944584953, 48.624999811392421 ], [ 6.215003292213991, 48.625017399930066 ], [ 6.21502561563325, 48.624982501510985 ], [ 6.21505540433242, 48.624919310734796 ], [ 6.215075706518486, 48.624854488602537 ], [ 6.215086326704255, 48.624788659391513 ], [ 6.215087162647721, 48.624722457075421 ], [ 6.215078206335299, 48.624656519219002 ], [ 6.215059544057608, 48.624591480837736 ], [ 6.215031355577011, 48.624527968282493 ], [ 6.214993912395109, 48.624466593207536 ], [ 6.214947575136825, 48.624407946680215 ], [ 6.214892790076365, 48.624352593489014 ], [ 6.214830084838547, 48.624301066704653 ], [ 6.214760063316919, 48.624253862546752 ], [ 6.214683399857631, 48.624211435605424 ], [ 6.214600832765091, 48.624174194463734 ], [ 6.214513157191946, 48.624142497763344 ], [ 6.214421217481844, 48.624116650750928 ], [ 6.214325899038718, 48.624096902338913 ], [ 6.214228119800852, 48.624083442708589 ], [ 6.214128821401793, 48.624076401478909 ], [ 6.214028960103233, 48.624075846458268 ], [ 6.213929497587046, 48.624081782991617 ], [ 6.213831391695214, 48.624094153909013 ], [ 6.213735587206671, 48.624112840076059 ], [ 6.213643006739891, 48.62413766154107 ], [ 6.213592354729121, 48.624155249491245 ], [ 6.213614678721323, 48.624120351311745 ], [ 6.213644468633074, 48.624057160843378 ], [ 6.213664772231928, 48.623992338905417 ], [ 6.213675394017087, 48.623926509773248 ], [ 6.213676231731137, 48.623860307419882 ], [ 6.213667277343447, 48.623794369410348 ], [ 6.213648617126092, 48.62372933076167 ], [ 6.213620430821595, 48.623665817827245 ], [ 6.213582989910599, 48.623604442264991 ], [ 6.213556460077147, 48.623570862891249 ], [ 6.213609100872653, 48.623585662422848 ], [ 6.213704418114467, 48.62360541141684 ], [ 6.213802196324781, 48.6236188714824 ], [ 6.213901493812021, 48.623625912987045 ], [ 6.21400135425092, 48.62362646811475 ], [ 6.21410081589385, 48.623620531519173 ], [ 6.214198920834392, 48.623608160375007 ], [ 6.214294724233905, 48.623589473827494 ], [ 6.214387303422162, 48.623564651844653 ], [ 6.214475766784359, 48.623533933483891 ], [ 6.214559262348879, 48.623497614589475 ], [ 6.214636985993054, 48.623456044942991 ], [ 6.214668589053974, 48.623435441731047 ], [ 6.214702615074831, 48.623454272657966 ], [ 6.214785181104271, 48.623491513751262 ], [ 6.214872855751822, 48.623523210268473 ], [ 6.214964794642653, 48.62354905694496 ], [ 6.215060112329253, 48.623568804854649 ], [ 6.215157890819759, 48.623582263807684 ], [ 6.215257188419902, 48.623589304182339 ], [ 6.215357048803326, 48.623589858173439 ], [ 6.215456510222936, 48.623583920445597 ], [ 6.215554614774467, 48.62357154818443 ], [ 6.215650417623023, 48.623552860545914 ], [ 6.215742996103685, 48.623528037508592 ], [ 6.215793646784973, 48.623510448634718 ], [ 6.215771324505495, 48.62354534724021 ], [ 6.215741537452387, 48.623608538267241 ], [ 6.215721236574034, 48.623673360579772 ], [ 6.215710617412953, 48.623739189908129 ], [ 6.215709782273651, 48.623805392282414 ], [ 6.215718739235989, 48.62387133013776 ], [ 6.215737402075946, 48.623936368454466 ], [ 6.215765591094609, 48.623999880873683 ], [ 6.215803034847434, 48.62406125572975 ], [ 6.215849372757227, 48.624119901941079 ], [ 6.215904158585664, 48.624175254702948 ], [ 6.215966864730007, 48.624226780927224 ], [ 6.215997943749205, 48.624247731856975 ], [ 6.215969539176272, 48.624270289746605 ], [ 6.215913364808862, 48.624325027501186 ], [ 6.215865553924223, 48.624383151836554 ], [ 6.215826566987357, 48.624444102993436 ], [ 6.215796779489519, 48.624507293987328 ], [ 6.215776478331024, 48.624572116261085 ], [ 6.215765859057091, 48.624637945545452 ], [ 6.215765023973312, 48.624704147870915 ], [ 6.215773981159018, 48.624770085673113 ], [ 6.215792644388038, 48.624835123932812 ], [ 6.215820833957711, 48.624898636291768 ], [ 6.21585827841819, 48.624960011084838 ], [ 6.215884810432253, 48.624993589907312 ], [ 6.215832167577524, 48.624978791398732 ], [ 6.215736847032238, 48.624959044129923 ], [ 6.215639065821187, 48.624945585667469 ], [ 6.215539765596926, 48.624938545619088 ], [ 6.215439902638717, 48.624937991781785 ] ], [ [ 6.236270386167697, 48.713894383201435 ], [ 6.236321117528689, 48.713876786936261 ], [ 6.236298770356481, 48.713911686735109 ], [ 6.236268956615541, 48.713974878090681 ], [ 6.236248646094301, 48.714039698972833 ], [ 6.236238034428272, 48.714105525125682 ], [ 6.236237223849908, 48.71417172260989 ], [ 6.236246222202663, 48.714237653907659 ], [ 6.236264942864026, 48.714302684062481 ], [ 6.236293205578345, 48.714366186794066 ], [ 6.236330738191446, 48.714427550530061 ], [ 6.236357328785731, 48.714461122263998 ], [ 6.23630459000406, 48.71444633391723 ], [ 6.236209098525043, 48.714426604517548 ], [ 6.236111144631153, 48.714413163873438 ], [ 6.23601167163785, 48.714406141420938 ], [ 6.235911637488128, 48.714405604787672 ], [ 6.235812005528387, 48.714411559141482 ], [ 6.235713735232322, 48.714423947140837 ], [ 6.235617772962055, 48.714442649486806 ], [ 6.235525042855491, 48.714467486071946 ], [ 6.235474310652935, 48.714485081989764 ], [ 6.235496658621013, 48.714450182362448 ], [ 6.235526473567104, 48.714386991225531 ], [ 6.235546785119193, 48.714322170485573 ], [ 6.235557397700018, 48.714256344406401 ], [ 6.235558209140935, 48.714190146931614 ], [ 6.235549211664465, 48.714124215579282 ], [ 6.235530491957776, 48.714059185302247 ], [ 6.235502230336415, 48.71399568237333 ], [ 6.235464699006467, 48.71393431835407 ], [ 6.235438109253742, 48.713900746406075 ], [ 6.235490847239547, 48.713915535142718 ], [ 6.235586337513416, 48.713935265125805 ], [ 6.235684290376455, 48.713948706206246 ], [ 6.235783762454962, 48.713955728934401 ], [ 6.235883795742133, 48.713956265675073 ], [ 6.235983426825586, 48.713950311258991 ], [ 6.236081696166979, 48.713937923032525 ], [ 6.236177657344286, 48.713919220305378 ], [ 6.236270386167697, 48.713894383201435 ] ], [ [ 6.243947937918122, 48.695958229047712 ], [ 6.243938932997805, 48.695892297303573 ], [ 6.243920209382957, 48.695827267332369 ], [ 6.243891947426738, 48.695763765403925 ], [ 6.24385441933843, 48.695702403070179 ], [ 6.243827833471694, 48.695668832470233 ], [ 6.243880555436491, 48.695683617728513 ], [ 6.243976015570785, 48.695703341304025 ], [ 6.244073936425911, 48.695716775706053 ], [ 6.244173374936448, 48.695723791549298 ], [ 6.244273373418888, 48.695724321264869 ], [ 6.244372968796068, 48.695718359751126 ], [ 6.244471201873537, 48.695705964422828 ], [ 6.244567126578543, 48.69568725465804 ], [ 6.244659819072551, 48.695662410648453 ], [ 6.244710529914706, 48.695644810542973 ], [ 6.244688196138269, 48.695679712455288 ], [ 6.244658402938101, 48.695742906888853 ], [ 6.244638109904551, 48.695807730206134 ], [ 6.244627512504695, 48.695873558127857 ], [ 6.24462671283357, 48.695939756697619 ], [ 6.244635718629564, 48.696005688387167 ], [ 6.244654443198455, 48.6960707182362 ], [ 6.244682706246932, 48.696134219967405 ], [ 6.244720235617578, 48.696195582018028 ], [ 6.244746822325341, 48.696229152404051 ], [ 6.244694099565296, 48.696214367535525 ], [ 6.244598638226816, 48.696194644543262 ], [ 6.244500716341655, 48.696181210577429 ], [ 6.24440127691703, 48.696174195009803 ], [ 6.244301277572673, 48.696173665401673 ], [ 6.244201681319816, 48.696179626853237 ], [ 6.244103447288302, 48.696192021954595 ], [ 6.244007521491039, 48.696210731338439 ], [ 6.243914827714694, 48.696235574829565 ], [ 6.243864116031511, 48.696253174587923 ], [ 6.243886450603196, 48.696218272846906 ], [ 6.243916245007551, 48.696155078631698 ], [ 6.243936539071133, 48.696090255456348 ], [ 6.243947137385079, 48.696024427608144 ], [ 6.243947937918122, 48.695958229047712 ] ], [ [ 6.277455212487253, 48.657893956035004 ], [ 6.277551056049936, 48.657875219148437 ], [ 6.27764366587036, 48.657850348715769 ], [ 6.277694328955516, 48.657832734027096 ], [ 6.277672033331393, 48.657867643225714 ], [ 6.277642301515611, 48.657930847908432 ], [ 6.277622064025873, 48.657995678899645 ], [ 6.277611515794298, 48.658061511846107 ], [ 6.277610758442361, 48.65812771274301 ], [ 6.27761979930084, 48.658193644039741 ], [ 6.277638551337785, 48.658258670779723 ], [ 6.27766683399529, 48.658322166715578 ], [ 6.277704374927028, 48.658383520340379 ], [ 6.277730963582555, 48.658417084442412 ], [ 6.277678269614216, 48.658402313683133 ], [ 6.27758286485022, 48.658382616461736 ], [ 6.277485005283781, 48.658369209147374 ], [ 6.277385633321993, 48.658362220855125 ], [ 6.277285705934932, 48.658361718883654 ], [ 6.277186185440896, 48.658367708066976 ], [ 6.277088030240184, 48.658380130728162 ], [ 6.276992185586582, 48.658398867234489 ], [ 6.276899574485362, 48.658423737149512 ], [ 6.276848910560217, 48.658441351491632 ], [ 6.276871206978153, 48.658406442463765 ], [ 6.276900939995899, 48.658343237998565 ], [ 6.276921178513794, 48.6582784071487 ], [ 6.276931727657868, 48.658212574275289 ], [ 6.276932485870349, 48.658146373387403 ], [ 6.27692344588629, 48.658080442035946 ], [ 6.276904694802148, 48.658015415173743 ], [ 6.276876413235565, 48.65795191904072 ], [ 6.276838873584619, 48.657890565132952 ], [ 6.276812285769082, 48.657857000817124 ], [ 6.27686497894361, 48.657871771966008 ], [ 6.276960382505643, 48.657891469770455 ], [ 6.277058241043924, 48.657904877520913 ], [ 6.277157612093209, 48.657911866088789 ], [ 6.277257538619729, 48.657912368167857 ], [ 6.277357058239343, 48.657906378922647 ], [ 6.277455212487253, 48.657893956035004 ] ] ], [ [ [ 6.092967974076462, 48.661518419203553 ], [ 6.09287015623001, 48.66150486038633 ], [ 6.092770803247103, 48.661497718214278 ], [ 6.092670871915071, 48.661497061467877 ], [ 6.092571324590203, 48.661502896471738 ], [ 6.092473119931162, 48.661515167033649 ], [ 6.092377203667971, 48.661533754985655 ], [ 6.092284499495451, 48.66155848132194 ], [ 6.092195900178734, 48.661589107922531 ], [ 6.092112258956462, 48.661625339846132 ], [ 6.09203438132447, 48.661666828170283 ], [ 6.091963017278972, 48.661713173351174 ], [ 6.091898854094001, 48.661763929071164 ], [ 6.091842509702611, 48.661818606536464 ], [ 6.091794526745598, 48.66187667918409 ], [ 6.09175536734505, 48.661937587752647 ], [ 6.091725408653083, 48.662000745667754 ], [ 6.091704939218692, 48.66206554469089 ], [ 6.091694156207682, 48.662131360776741 ], [ 6.091693163502554, 48.662197560082944 ], [ 6.091701970700666, 48.662263505074229 ], [ 6.091720493020381, 48.662328560662203 ], [ 6.091748552116171, 48.662392100321739 ], [ 6.091785877794822, 48.662453512124834 ], [ 6.091832110616384, 48.662512204634133 ], [ 6.091886805354712, 48.662567612599041 ], [ 6.091949435284446, 48.662619202399817 ], [ 6.092019397253078, 48.662666477187003 ], [ 6.092096017489342, 48.662708981666832 ], [ 6.092178558091968, 48.662746306486376 ], [ 6.092266224136328, 48.662778092176254 ], [ 6.092358171330505, 48.66280403261301 ], [ 6.092453514147071, 48.662823877967632 ], [ 6.092551334352171, 48.662837437111762 ], [ 6.092650689849791, 48.662844579458742 ], [ 6.092750623755962, 48.662845236221301 ], [ 6.092850173615474, 48.662839401074272 ], [ 6.092948380672259, 48.662827130215348 ], [ 6.093044299104148, 48.662808541823885 ], [ 6.093137005132979, 48.662783814922605 ], [ 6.093225605922285, 48.662753187653216 ], [ 6.093309248176829, 48.662716954982656 ], [ 6.09338712636111, 48.662675465862151 ], [ 6.093458490457687, 48.662629119866047 ], [ 6.093522653190568, 48.662578363343393 ], [ 6.093578996644069, 48.662523685118778 ], [ 6.093626978213437, 48.662465611784341 ], [ 6.093666135829914, 48.662404702627924 ], [ 6.093696092409941, 48.662341544246459 ], [ 6.093716559485684, 48.662276744896424 ], [ 6.093727339981979, 48.662210928635666 ], [ 6.093728330112969, 48.66214472931329 ], [ 6.093719520380213, 48.66207878446518 ], [ 6.093700995662753, 48.662013729174213 ], [ 6.093672934398268, 48.661950189954133 ], [ 6.093635606863304, 48.661888778716012 ], [ 6.093589372569155, 48.661830086875547 ], [ 6.093534676798554, 48.661774679657583 ], [ 6.093472046316531, 48.661723090653176 ], [ 6.093402084296819, 48.661675816681175 ], [ 6.093325464512645, 48.661633313004039 ], [ 6.093242924847909, 48.661595988943823 ], [ 6.093155260191193, 48.661564203940742 ], [ 6.093063314781087, 48.661538264091824 ], [ 6.092967974076462, 48.661518419203553 ] ] ], [ [ [ 6.095583673276302, 48.661434384803393 ], [ 6.095484320056809, 48.661427244892657 ], [ 6.0953843888254, 48.661426590421136 ], [ 6.095284841937391, 48.661432427691516 ], [ 6.095186638047242, 48.66144470048976 ], [ 6.095090722877571, 48.661463290626365 ], [ 6.094998020112668, 48.66148801907449 ], [ 6.094909422504111, 48.661518647693825 ], [ 6.094825783274099, 48.661554881523621 ], [ 6.094747907899277, 48.661596371623055 ], [ 6.094676546354124, 48.661642718431246 ], [ 6.094612385888598, 48.661693475614868 ], [ 6.094556044409565, 48.66174815436603 ], [ 6.094508064529775, 48.661806228109398 ], [ 6.094468908341682, 48.661867137572962 ], [ 6.094438952966469, 48.661930296173779 ], [ 6.094418486921188, 48.66199509566669 ], [ 6.094407707339008, 48.662060912001856 ], [ 6.094406718069404, 48.662127111334527 ], [ 6.094415528676654, 48.662193056129183 ], [ 6.094434054346288, 48.662258111299309 ], [ 6.094462116700508, 48.662321650323797 ], [ 6.09449944551473, 48.662383061280778 ], [ 6.094545681318794, 48.662441752741024 ], [ 6.094600378857836, 48.662497159464067 ], [ 6.094663011379518, 48.662548747842102 ], [ 6.094732975706371, 48.662596021039384 ], [ 6.094809598044411, 48.662638523777474 ], [ 6.094892140472129, 48.662675846720163 ], [ 6.094979808047313, 48.662707630416214 ], [ 6.095071756463307, 48.662733568761332 ], [ 6.095167100180912, 48.662753411946667 ], [ 6.09526492095759, 48.66276696886473 ], [ 6.095364276691828, 48.662774108950302 ], [ 6.095464210497376, 48.662774763437945 ], [ 6.095563759919989, 48.662768926024327 ], [ 6.09566196620781, 48.662756652929041 ], [ 6.095757883546077, 48.662738062352936 ], [ 6.095850588167163, 48.662713333339767 ], [ 6.095939187248159, 48.662682704051591 ], [ 6.096022827510279, 48.662646469474822 ], [ 6.096100703437216, 48.662604978578997 ], [ 6.096172065033271, 48.662558630955601 ], [ 6.096236225046534, 48.662507872969321 ], [ 6.096292565587516, 48.662453193458859 ], [ 6.096340544079516, 48.662395119028737 ], [ 6.096379698483415, 48.662334208977342 ], [ 6.09640965174659, 48.662271049910217 ], [ 6.096430115433161, 48.662206250090456 ], [ 6.096440892500596, 48.66214043358044 ], [ 6.096441879196062, 48.662074234231653 ], [ 6.096433066054207, 48.662008289580221 ], [ 6.096414537986901, 48.661943234707174 ], [ 6.096386473464085, 48.661879696122178 ], [ 6.096349142793679, 48.66181828573022 ], [ 6.096302905517177, 48.661759594938822 ], [ 6.096248206946028, 48.661704188962759 ], [ 6.09618557387223, 48.6616526013811 ], [ 6.096115609494475, 48.661605328998995 ], [ 6.096038987608698, 48.661562827063598 ], [ 6.095956446119033, 48.66152550488021 ], [ 6.095868779931637, 48.661493721870926 ], [ 6.095776833299836, 48.661467784113611 ], [ 6.095681491694267, 48.661447941394599 ], [ 6.095583673276302, 48.661434384803393 ] ] ], [ [ [ 6.078051513457337, 48.663688950319788 ], [ 6.077952158351044, 48.663681795809445 ], [ 6.077852223034159, 48.66368112664086 ], [ 6.077752669901346, 48.663686949258242 ], [ 6.077654457667191, 48.663699207588692 ], [ 6.077558532134669, 48.663717783582037 ], [ 6.077465817087854, 48.663742498347638 ], [ 6.077377205396592, 48.663773113876928 ], [ 6.077293550418689, 48.663809335335252 ], [ 6.077215657782437, 48.663850813900901 ], [ 6.077144277628538, 48.663897150124086 ], [ 6.077080097386141, 48.663947897773411 ], [ 6.077023735152559, 48.664002568132808 ], [ 6.076975733740408, 48.664060634707766 ], [ 6.076936555449495, 48.664121538295319 ], [ 6.076906577613859, 48.664184692369112 ], [ 6.07688608896685, 48.664249488727577 ], [ 6.076875286859299, 48.664315303351088 ], [ 6.076874275357615, 48.664381502411366 ], [ 6.076883064240183, 48.664447448375505 ], [ 6.076901568901762, 48.664512506145783 ], [ 6.07692961116688, 48.664576049176013 ], [ 6.076966921004435, 48.664637465505763 ], [ 6.076993383941408, 48.664671074102898 ], [ 6.076940740529944, 48.664656214723607 ], [ 6.076845400260974, 48.664636356992055 ], [ 6.07674758076498, 48.664622784979898 ], [ 6.07664822406322, 48.664615629388337 ], [ 6.076548286978835, 48.664614959127107 ], [ 6.076448731923511, 48.664620780650935 ], [ 6.076350517630351, 48.66463303789746 ], [ 6.076254589922151, 48.664651612826916 ], [ 6.076161872603941, 48.664676326558947 ], [ 6.076073258567438, 48.664706941094913 ], [ 6.075989601193033, 48.664743161609742 ], [ 6.075911706132096, 48.664784639290808 ], [ 6.075840323548678, 48.664830974696855 ], [ 6.075776140895323, 48.664881721604296 ], [ 6.075719776292567, 48.664936391304288 ], [ 6.075671772575836, 48.664994457308609 ], [ 6.075632592067135, 48.665055360419856 ], [ 6.075602612121859, 48.665118514116173 ], [ 6.075582121493675, 48.665183310199687 ], [ 6.075571317552497, 48.665249124653414 ], [ 6.075570304382393, 48.665315323650709 ], [ 6.075579091777817, 48.665381269659264 ], [ 6.075597595147848, 48.665446327580923 ], [ 6.075625636329462, 48.665509870868071 ], [ 6.075662945301985, 48.665571287557775 ], [ 6.075709162786363, 48.665629986165619 ], [ 6.075763843704177, 48.66568540138227 ], [ 6.075826461463181, 48.665736999518195 ], [ 6.075896413028091, 48.665784283643596 ], [ 6.07597302472785, 48.665826798374837 ], [ 6.076055558743415, 48.665864134260225 ], [ 6.076143220213607, 48.665895931723824 ], [ 6.076235164890573, 48.665921884528814 ], [ 6.076330507271132, 48.665941742726972 ], [ 6.076428329125633, 48.665955315066341 ], [ 6.07652768834218, 48.665962470833129 ], [ 6.076627628000991, 48.665963141110886 ], [ 6.076727185591446, 48.665957319444203 ], [ 6.076825402283018, 48.665945061900977 ], [ 6.076921332160742, 48.665926486532342 ], [ 6.077014051336214, 48.665901772235564 ], [ 6.077064789623241, 48.665884243002537 ], [ 6.077042356733946, 48.665919114323074 ], [ 6.077012377995785, 48.665982268328129 ], [ 6.076991888775693, 48.66604706460695 ], [ 6.076981086430024, 48.666112879140677 ], [ 6.076980075027484, 48.666179078101905 ], [ 6.076988864345505, 48.66624502395868 ], [ 6.077007369774653, 48.666310081614292 ], [ 6.077035413132069, 48.666373624523686 ], [ 6.07707272437613, 48.666435040727592 ], [ 6.077118944205905, 48.666493738746247 ], [ 6.077173627520387, 48.666549153276016 ], [ 6.077236247704247, 48.66660075063394 ], [ 6.077306201698847, 48.666648033897758 ], [ 6.077382815809731, 48.666690547692099 ], [ 6.077465352194634, 48.666727882574307 ], [ 6.077553015969556, 48.666759678978124 ], [ 6.077644962864447, 48.666785630676884 ], [ 6.077740307354765, 48.666805487733093 ], [ 6.077838131190539, 48.666819058905745 ], [ 6.077937492240792, 48.666826213492278 ], [ 6.078037433568075, 48.6668268825876 ], [ 6.078136992645704, 48.666821059747754 ], [ 6.078235210628828, 48.666808801051879 ], [ 6.078331141590041, 48.666790224562213 ], [ 6.078423861630506, 48.66676550918686 ], [ 6.078512477778801, 48.66673489295647 ], [ 6.078596136591758, 48.666698670731734 ], [ 6.078674032374397, 48.666657191363242 ], [ 6.078745414939779, 48.666610854331445 ], [ 6.078809596834033, 48.666560105899045 ], [ 6.078865959956929, 48.666505434812706 ], [ 6.078913961514277, 48.666447367595843 ], [ 6.078953139244812, 48.66638646347738 ], [ 6.078983115871262, 48.66632330900574 ], [ 6.079003602732733, 48.666258512399729 ], [ 6.07901440256351, 48.666192697690811 ], [ 6.079015411391538, 48.666126498713105 ], [ 6.079006619538319, 48.666060552999191 ], [ 6.078988111710714, 48.66599549564031 ], [ 6.078960066183753, 48.665931953170116 ], [ 6.078922753082431, 48.665870537530992 ], [ 6.078896288298875, 48.665836929396065 ], [ 6.078948933454252, 48.665851787896983 ], [ 6.07904427673731, 48.665871643925847 ], [ 6.079142099164844, 48.665885214039101 ], [ 6.079241458619438, 48.665892367544416 ], [ 6.079341398179015, 48.665893035547079 ], [ 6.079440955333911, 48.665887211613637 ], [ 6.079539171257798, 48.665874951833807 ], [ 6.079635100043101, 48.66585637428026 ], [ 6.079727817811939, 48.665831657871294 ], [ 6.079816431614771, 48.665801040647594 ], [ 6.079900088031017, 48.665764817479378 ], [ 6.079977981388781, 48.665723337226282 ], [ 6.080049361524481, 48.665676999377339 ], [ 6.080113541007643, 48.665626250203061 ], [ 6.080169901761258, 48.665571578457332 ], [ 6.080217901013955, 48.665513510669875 ], [ 6.080257076526666, 48.6654526060751 ], [ 6.080287051043475, 48.665389451226034 ], [ 6.080307535923807, 48.665324654345106 ], [ 6.080318333921026, 48.665258839466418 ], [ 6.080319341080731, 48.665192640425751 ], [ 6.080310547740492, 48.665126694756296 ], [ 6.080292038621489, 48.665061637548824 ], [ 6.080263992011187, 48.664998095335555 ], [ 6.080226678045014, 48.664936680056393 ], [ 6.080180456103603, 48.664877983165937 ], [ 6.080125771350734, 48.664822569937684 ], [ 6.080063150445344, 48.66477097402057 ], [ 6.079993196468951, 48.664723692300022 ], [ 6.079916583117337, 48.664681180113099 ], [ 6.079834048212455, 48.664643846863854 ], [ 6.079746386597068, 48.664612052080948 ], [ 6.079654442480479, 48.664586101955628 ], [ 6.079559101309105, 48.664566246393328 ], [ 6.079461281240143, 48.664552676607244 ], [ 6.079361924300368, 48.664545523277113 ], [ 6.079261987315215, 48.664544855290899 ], [ 6.07916243269541, 48.664550679081444 ], [ 6.079064219169865, 48.664562938564515 ], [ 6.078968292553984, 48.664581515678854 ], [ 6.07887557664228, 48.664606231523017 ], [ 6.07882484020184, 48.66462376154557 ], [ 6.078847271347216, 48.664588889851657 ], [ 6.078877247071287, 48.66452573531128 ], [ 6.078897733359841, 48.664460938625631 ], [ 6.078908532952675, 48.664395123826907 ], [ 6.078909541880024, 48.664328924750158 ], [ 6.078900750462431, 48.664262978928882 ], [ 6.078882243402558, 48.664197921455326 ], [ 6.078854198968039, 48.664134378864297 ], [ 6.07881688727335, 48.664072963099308 ], [ 6.078770667677245, 48.664014265619635 ], [ 6.078715985320921, 48.663958851704486 ], [ 6.078653366840235, 48.663907255009377 ], [ 6.078583415293353, 48.663859972427232 ], [ 6.078506804352662, 48.663817459303424 ], [ 6.078424271816899, 48.663780125051019 ], [ 6.078336612506011, 48.663748329208339 ], [ 6.078244670607109, 48.663722377976839 ], [ 6.078149331545258, 48.66370252127259 ], [ 6.078051513457337, 48.663688950319788 ] ] ], [ [ [ 6.089003891237763, 48.663421589244713 ], [ 6.088906070859906, 48.663408027196091 ], [ 6.088806714803461, 48.663400881731334 ], [ 6.088706779885353, 48.663400221662641 ], [ 6.088607228496405, 48.663406053346591 ], [ 6.088509019334415, 48.663418320622966 ], [ 6.088413098172771, 48.663436905355439 ], [ 6.088320388753462, 48.663461628569202 ], [ 6.088231783892144, 48.663492252174358 ], [ 6.088148136880856, 48.663528481258446 ], [ 6.088070253271177, 48.663569966926332 ], [ 6.087998883116884, 48.663616309659851 ], [ 6.087934713750841, 48.663667063164866 ], [ 6.087878363165622, 48.663721738668933 ], [ 6.087830374061674, 48.663779809628004 ], [ 6.087791208620276, 48.663840716796898 ], [ 6.087761244051729, 48.663903873614743 ], [ 6.087740768961614, 48.663968671853567 ], [ 6.08772998057021, 48.664034487475597 ], [ 6.087728982811832, 48.664100686642975 ], [ 6.08773778533251, 48.664166631821736 ], [ 6.087756303395656, 48.664231687921699 ], [ 6.087784358696735, 48.664295228412797 ], [ 6.087821681079089, 48.664356641359056 ], [ 6.087867911134511, 48.664415335312064 ], [ 6.087922603663504, 48.664470745007343 ], [ 6.087985231961989, 48.664522336808496 ], [ 6.088055192893171, 48.664569613846801 ], [ 6.08813181269578, 48.664612120806787 ], [ 6.088214353472725, 48.664649448311657 ], [ 6.0883020202977, 48.664681236866173 ], [ 6.088393968871277, 48.664707180319311 ], [ 6.08848931365274, 48.664727028812941 ], [ 6.088587136389312, 48.66474059118854 ], [ 6.088686494960599, 48.664747736828275 ], [ 6.088786432453028, 48.664748396913232 ], [ 6.088885986376849, 48.664742565086186 ], [ 6.088984197936851, 48.664730297512875 ], [ 6.089080121267491, 48.664711712341031 ], [ 6.089172832543426, 48.664686988562323 ], [ 6.089223565576644, 48.664669454136522 ], [ 6.089201141314747, 48.664704327780299 ], [ 6.089171177953905, 48.664767484906754 ], [ 6.089150704272428, 48.664832283340758 ], [ 6.089139917477024, 48.664898099042667 ], [ 6.089138921486642, 48.664964298173828 ], [ 6.089147725930285, 48.665030243200626 ], [ 6.089166246052849, 48.665095299034384 ], [ 6.089194303529963, 48.665158839147551 ], [ 6.089231628184018, 48.665220251607806 ], [ 6.089277860584922, 48.665278944971426 ], [ 6.089332555510596, 48.665334353979617 ], [ 6.089395186233877, 48.665385945002576 ], [ 6.089426238971821, 48.665406928211702 ], [ 6.089397757497794, 48.665429455115401 ], [ 6.089341406543223, 48.665484131230173 ], [ 6.089293417446638, 48.665542202692279 ], [ 6.089254252389247, 48.665603110251723 ], [ 6.089224288577654, 48.665666267343838 ], [ 6.089203814610158, 48.665731065738044 ], [ 6.089193027696227, 48.665796881395075 ], [ 6.089192031755949, 48.66586308047669 ], [ 6.089200836417849, 48.665929025449792 ], [ 6.089219356924718, 48.665994081226174 ], [ 6.089247414948489, 48.666057621278874 ], [ 6.089284740306287, 48.666119033676132 ], [ 6.089330973561245, 48.666177726974837 ], [ 6.08938566948306, 48.666233135916819 ], [ 6.089448301334973, 48.66628472687291 ], [ 6.089518265945968, 48.66633200298255 ], [ 6.089594889519335, 48.666374508939207 ], [ 6.089677434121669, 48.666411835375726 ], [ 6.089765104789818, 48.666443622807208 ], [ 6.089857057187342, 48.666469565093372 ], [ 6.089952405736695, 48.666489412387399 ], [ 6.090050232148808, 48.666502973542265 ], [ 6.090149594267888, 48.666510117951908 ], [ 6.090249535146197, 48.666510776809289 ], [ 6.090349092261365, 48.666504943768977 ], [ 6.090447306787453, 48.666492675008406 ], [ 6.090543232830345, 48.666474088686726 ], [ 6.090635946538581, 48.66644936380672 ], [ 6.090724555001728, 48.666418738490613 ], [ 6.090808204850642, 48.666382507686556 ], [ 6.090886090476679, 48.666341020327792 ], [ 6.09091776815618, 48.666320450711517 ], [ 6.090951777480926, 48.666339316293438 ], [ 6.091034322996051, 48.666376641791508 ], [ 6.091121994429845, 48.666408428226006 ], [ 6.091213947438493, 48.666434369466309 ], [ 6.09130929643856, 48.666454215675614 ], [ 6.09140712313664, 48.666467775717386 ], [ 6.091506485374185, 48.666474918996293 ], [ 6.09160642620231, 48.66647557671611 ], [ 6.091705983099138, 48.666469742542439 ], [ 6.091804197240823, 48.666457472663581 ], [ 6.091900122736961, 48.666438885249491 ], [ 6.09199283574135, 48.666414159313447 ], [ 6.092081443350341, 48.666383532987858 ], [ 6.092165092203015, 48.666347301230608 ], [ 6.092242976700327, 48.666305812984092 ], [ 6.092314346764033, 48.666259467814278 ], [ 6.092378515060675, 48.666208712062193 ], [ 6.092434863620986, 48.666154034545073 ], [ 6.092482849791032, 48.6660959618482 ], [ 6.092522011457752, 48.66603505325331 ], [ 6.092551971498579, 48.665971895351888 ], [ 6.092572441412359, 48.66590709639582 ], [ 6.092583224096597, 48.665841280439146 ], [ 6.09258421574437, 48.665775081328043 ], [ 6.092575406842634, 48.665709136596369 ], [ 6.092556882262437, 48.66564408132588 ], [ 6.092528820440138, 48.665580542030099 ], [ 6.092491491657658, 48.665519130620872 ], [ 6.092465018333721, 48.66548552548884 ], [ 6.092517666989189, 48.66550037800166 ], [ 6.092613014781288, 48.665520223183783 ], [ 6.092710840070468, 48.665533782166314 ], [ 6.092810200711746, 48.665540924364166 ], [ 6.092910139771614, 48.665541580991508 ], [ 6.093009694745225, 48.665535745724462 ], [ 6.093107906827257, 48.665523474761891 ], [ 6.09320383014714, 48.665504886284147 ], [ 6.093296540879636, 48.665480159314761 ], [ 6.093347273299687, 48.665462623145658 ], [ 6.093324851447243, 48.665497497541857 ], [ 6.093294892611413, 48.665560655662674 ], [ 6.093274423728252, 48.66562545476166 ], [ 6.093263641958265, 48.665691270792777 ], [ 6.093262651172002, 48.66575746991419 ], [ 6.093271460948353, 48.66582341459241 ], [ 6.09328998648085, 48.665888469742065 ], [ 6.093318049393029, 48.665952008842211 ], [ 6.09335537945493, 48.666013419970298 ], [ 6.093401617184388, 48.666072111695399 ], [ 6.093456317307996, 48.666127518774502 ], [ 6.093518953048531, 48.666179107596413 ], [ 6.093588921197523, 48.666226381321096 ], [ 6.093665547924185, 48.666268884664994 ], [ 6.093748095264738, 48.666306208286144 ], [ 6.09383576822966, 48.666337992726675 ], [ 6.093927722460386, 48.666363931875217 ], [ 6.094023072361713, 48.666383775915094 ], [ 6.094120899631549, 48.666397333730657 ], [ 6.094220262105844, 48.66640447474802 ], [ 6.094320202833431, 48.66640513019275 ], [ 6.094419759293398, 48.666399293752349 ], [ 6.094517972666111, 48.666387021636965 ], [ 6.094613897068569, 48.666368432038063 ], [ 6.094706608665109, 48.666343703989988 ], [ 6.094795214565639, 48.666313075645476 ], [ 6.094878861425694, 48.666276841981855 ], [ 6.094956743665423, 48.666235351959905 ], [ 6.09502811122833, 48.666189005162643 ], [ 6.095092276805036, 48.666138247946819 ], [ 6.095148622452477, 48.66608356914373 ], [ 6.095196605544772, 48.666025495351057 ], [ 6.095235763998502, 48.66596458586109 ], [ 6.095265720722045, 48.665901427273958 ], [ 6.095286187246197, 48.665836627848087 ], [ 6.095296966501107, 48.665770811642098 ], [ 6.095297954712876, 48.665704612504534 ], [ 6.095289142401557, 48.66563866796951 ], [ 6.095270614471025, 48.665573613116919 ], [ 6.095242549389909, 48.665510074456236 ], [ 6.095205217471515, 48.665448663893187 ], [ 6.095178742439707, 48.665415059361841 ], [ 6.095231391794817, 48.665429910677005 ], [ 6.095326740488034, 48.665449753689714 ], [ 6.095424566348837, 48.665463310446071 ], [ 6.095523927226742, 48.665470450382422 ], [ 6.095623866185961, 48.665471104734728 ], [ 6.095723420722616, 48.665465267201007 ], [ 6.095821632035591, 48.665452994001946 ], [ 6.095917554261727, 48.665434403339447 ], [ 6.09601026358632, 48.665409674258086 ], [ 6.096098867141161, 48.665379044920556 ], [ 6.096182511604378, 48.665342810313767 ], [ 6.096260391419204, 48.665301319407547 ], [ 6.096292066355404, 48.665280748345246 ], [ 6.096326076942495, 48.665299612410386 ], [ 6.096408624651796, 48.665336934219582 ], [ 6.096496297608721, 48.66536871672929 ], [ 6.096588251454776, 48.66539465384669 ], [ 6.096683600598464, 48.665414495774684 ], [ 6.096781426744992, 48.665428051417976 ], [ 6.096880787741124, 48.665435190223569 ], [ 6.09698072664993, 48.665435843438345 ], [ 6.097080280968018, 48.665430004771274 ], [ 6.097178491896381, 48.665417730453989 ], [ 6.09727441357556, 48.665399138699115 ], [ 6.097367122196122, 48.665374408561782 ], [ 6.097417853148792, 48.665356870658755 ], [ 6.097395434055794, 48.665391745823669 ], [ 6.097365480195844, 48.665454904973011 ], [ 6.097345016397086, 48.665519704776628 ], [ 6.097334239771058, 48.665585521181669 ], [ 6.097333254138775, 48.665651720342709 ], [ 6.097342069029486, 48.665717664725868 ], [ 6.097360599587476, 48.665782719248611 ], [ 6.097388667387872, 48.665846257396069 ], [ 6.097426002153642, 48.6659076672548 ], [ 6.097472244357314, 48.665966357406155 ], [ 6.097526948682391, 48.666021762622272 ], [ 6.097589588311184, 48.666073349309883 ], [ 6.09765955999777, 48.666120620649487 ], [ 6.097736189877293, 48.666163121380542 ], [ 6.097818739955605, 48.666200442186202 ], [ 6.097906415216814, 48.666232223635753 ], [ 6.097998371280237, 48.666258159646603 ], [ 6.098093722533021, 48.666278000432293 ], [ 6.098191550660054, 48.666291554908547 ], [ 6.098290913489029, 48.666298692533594 ], [ 6.098390854065364, 48.666299344565715 ], [ 6.098490409869606, 48.666293504725232 ], [ 6.098588622088432, 48.666281229255084 ], [ 6.098684544849958, 48.666262636379031 ], [ 6.098777254334324, 48.666237905162959 ], [ 6.098865857671785, 48.666207273790143 ], [ 6.098949501542563, 48.66617103726707 ], [ 6.099027380395596, 48.666129544582027 ], [ 6.099098744207009, 48.666083195343703 ], [ 6.099162905703558, 48.666032435932379 ], [ 6.099219246981472, 48.665977755200466 ], [ 6.099267225456959, 48.665919679764237 ], [ 6.099306379091064, 48.665858768931791 ], [ 6.099336330838582, 48.665795609316177 ], [ 6.099356792278235, 48.665730809185767 ], [ 6.099367566389137, 48.66566499260594 ], [ 6.099368549446934, 48.665598793428828 ], [ 6.099359732021308, 48.66553284918897 ], [ 6.099341199065394, 48.665467794963341 ], [ 6.099313129096211, 48.665404257255439 ], [ 6.09927579247414, 48.665342847961782 ], [ 6.099229548797987, 48.665284158479302 ], [ 6.099174843440838, 48.665228754010187 ], [ 6.099112203260042, 48.665177168118987 ], [ 6.099042231522736, 48.665129897594575 ], [ 6.098965602095727, 48.665087397666184 ], [ 6.09888305295577, 48.665050077619831 ], [ 6.098795379082698, 48.665018296856999 ], [ 6.098703424803847, 48.664992361433946 ], [ 6.098608075663495, 48.6649725211145 ], [ 6.098510249895567, 48.66495896696506 ], [ 6.098410889581717, 48.664951829514791 ], [ 6.09831095157987, 48.664951177498743 ], [ 6.098211398310542, 48.664957017195917 ], [ 6.09811318848964, 48.664969292368951 ], [ 6.098017267896901, 48.664987884805463 ], [ 6.097924560268837, 48.665012615456455 ], [ 6.097873829819963, 48.665030153580183 ], [ 6.097896248438996, 48.664995278314713 ], [ 6.097926201394815, 48.664932119007617 ], [ 6.097946664243665, 48.664867319072258 ], [ 6.097957439951094, 48.664801502572153 ], [ 6.097958424777365, 48.664735303358675 ], [ 6.097949609275132, 48.664669358966677 ], [ 6.097931078379002, 48.664604304474665 ], [ 6.097903010586159, 48.664540766388654 ], [ 6.097865676236024, 48.664479356608794 ], [ 6.097819434905523, 48.664420666536756 ], [ 6.097764731945151, 48.664365261380361 ], [ 6.097702094189178, 48.664313674710776 ], [ 6.097632124881387, 48.664266403324383 ], [ 6.097555497865189, 48.664223902458737 ], [ 6.097472951094125, 48.664186581408835 ], [ 6.097385279525215, 48.664154799585859 ], [ 6.097293327463608, 48.664128863056263 ], [ 6.097197980432226, 48.664109021594562 ], [ 6.097100156644689, 48.664095466278106 ], [ 6.09700079816358, 48.66408832764732 ], [ 6.096900861829175, 48.664087674448616 ], [ 6.096801310045932, 48.664093512972421 ], [ 6.096703101515451, 48.664105786992636 ], [ 6.096607182005035, 48.664124378307989 ], [ 6.096514475240776, 48.664149107880256 ], [ 6.096425874012768, 48.664179737558342 ], [ 6.096342231578063, 48.664215972371274 ], [ 6.096264353444171, 48.664257463368777 ], [ 6.096232679116744, 48.664278034441402 ], [ 6.096198669227597, 48.664259170333445 ], [ 6.09611612336901, 48.664221848345079 ], [ 6.096028452565432, 48.664190065525148 ], [ 6.095936501114642, 48.664164127949689 ], [ 6.095841154533686, 48.664144285403282 ], [ 6.095743331031842, 48.66413072897376 ], [ 6.095643972668943, 48.664123589212267 ], [ 6.095544036284125, 48.66412293487609 ], [ 6.095444484282337, 48.664128772266572 ], [ 6.095346275367276, 48.664141045168563 ], [ 6.095250355309955, 48.664159635391563 ], [ 6.09515764784173, 48.664184363907893 ], [ 6.095106917268449, 48.664201900866296 ], [ 6.095129337377333, 48.664167026096955 ], [ 6.095159293199883, 48.664103867441213 ], [ 6.095179759152524, 48.664039067935789 ], [ 6.095190538170908, 48.663973251640066 ], [ 6.095191526483415, 48.663907052403459 ], [ 6.095182714609117, 48.66384110776103 ], [ 6.095164187447689, 48.663776052793672 ], [ 6.095136123460342, 48.663712514012033 ], [ 6.095098792949848, 48.663651103322941 ], [ 6.095052555456159, 48.663592412136808 ], [ 6.094997856292821, 48.663537005672197 ], [ 6.094935222257536, 48.663485417512895 ], [ 6.09486525655826, 48.663438144469602 ], [ 6.094788633003652, 48.663395641795809 ], [ 6.094706089513921, 48.663358318803994 ], [ 6.094618421014485, 48.663326534923989 ], [ 6.09452647178094, 48.663300596242074 ], [ 6.094431127308972, 48.663280752553462 ], [ 6.094333305787555, 48.663267194957001 ], [ 6.09423394925745, 48.663260054015041 ], [ 6.094134014540146, 48.663259398496272 ], [ 6.094034464024531, 48.663265234713428 ], [ 6.093936256399993, 48.663277506462641 ], [ 6.093840337425114, 48.663296095564519 ], [ 6.093747630820828, 48.663320823002167 ], [ 6.093659029375683, 48.663351450644996 ], [ 6.093575386348827, 48.663387683541693 ], [ 6.093497507253465, 48.663429172760395 ], [ 6.09346583233947, 48.663449743112132 ], [ 6.093431823986774, 48.66343087820168 ], [ 6.093349281409591, 48.663393554271416 ], [ 6.093261613675571, 48.663361769394484 ], [ 6.093169665052938, 48.663335829666742 ], [ 6.093074321031495, 48.663315984893458 ], [ 6.092976499795882, 48.663302426183954 ], [ 6.092877143384104, 48.663295284111307 ], [ 6.092777208616511, 48.663294627455059 ], [ 6.092677657882474, 48.66330046253892 ], [ 6.092579449873488, 48.663312733169917 ], [ 6.092483530351834, 48.663331321179449 ], [ 6.092390823043713, 48.663356047561145 ], [ 6.09230222074445, 48.66338667419457 ], [ 6.092218576721415, 48.663422906138138 ], [ 6.09214069649741, 48.663464394469159 ], [ 6.092069330093612, 48.66351073964379 ], [ 6.092005164806767, 48.663561495344453 ], [ 6.091948818590169, 48.663616172777516 ], [ 6.091900834102199, 48.663674245380356 ], [ 6.091861673479681, 48.663735153891942 ], [ 6.091831713886508, 48.66379831173851 ], [ 6.091811243880354, 48.663863110682144 ], [ 6.091800460632534, 48.663928926678324 ], [ 6.091799468027831, 48.663995125885542 ], [ 6.091808275662638, 48.664061070769485 ], [ 6.091826798751117, 48.664126126242792 ], [ 6.091854858940335, 48.664189665781436 ], [ 6.091892186026555, 48.664251077458594 ], [ 6.091938420556268, 48.664309769838106 ], [ 6.091993117286882, 48.664365177670632 ], [ 6.092055749473853, 48.664416767337691 ], [ 6.092086802703716, 48.664437749870821 ], [ 6.092058322903306, 48.664460277428518 ], [ 6.09200197577406, 48.664514954845437 ], [ 6.091953990520573, 48.664573027425867 ], [ 6.091914829287042, 48.664633935908952 ], [ 6.091884869243248, 48.664697093721202 ], [ 6.091864398951201, 48.664761892625073 ], [ 6.091853615584974, 48.664827708576389 ], [ 6.091852623030488, 48.66489390773409 ], [ 6.091861430883657, 48.664959852564337 ], [ 6.091879954356542, 48.665024907980296 ], [ 6.091908015092506, 48.665088447458466 ], [ 6.091945342882548, 48.665149859072613 ], [ 6.091971815702707, 48.66518346432953 ], [ 6.091919167521239, 48.665168611571673 ], [ 6.091823820633361, 48.665148765828732 ], [ 6.091725996294226, 48.665135206113895 ], [ 6.091626636571729, 48.665128063009924 ], [ 6.091526698318098, 48.665127405306293 ], [ 6.091427143956279, 48.665133239336832 ], [ 6.091328932212697, 48.665145508918684 ], [ 6.091233008885599, 48.665164095893346 ], [ 6.091140297737831, 48.665188821264415 ], [ 6.091089564843426, 48.665206356498317 ], [ 6.091111988061456, 48.665171482514019 ], [ 6.091141949310229, 48.665108324921185 ], [ 6.091162420632878, 48.665043526160225 ], [ 6.091173204913336, 48.664977710283374 ], [ 6.091174198329311, 48.66491151113599 ], [ 6.091165391350724, 48.664845566252296 ], [ 6.091146868830105, 48.664780510715502 ], [ 6.091118809183973, 48.664716971041742 ], [ 6.091081482673297, 48.664655559146432 ], [ 6.091035248799511, 48.664596866451603 ], [ 6.090980552841303, 48.664541458190335 ], [ 6.090917921565512, 48.664489867963752 ], [ 6.090847958153521, 48.664442592602434 ], [ 6.09077133639197, 48.664400087382241 ], [ 6.090688794183797, 48.664362761640085 ], [ 6.090601126442087, 48.664330974832367 ], [ 6.090509177435133, 48.664305033073546 ], [ 6.09041383265645, 48.664285186188444 ], [ 6.090316010297963, 48.664271625306696 ], [ 6.090216652408492, 48.664264481022308 ], [ 6.09011671582262, 48.664263822136128 ], [ 6.090017162947227, 48.664269654993348 ], [ 6.089918952494425, 48.664281923422443 ], [ 6.089823030250033, 48.664300509275989 ], [ 6.089730319966467, 48.664325233568412 ], [ 6.089679587437002, 48.664342768214951 ], [ 6.089702011224898, 48.664307894470575 ], [ 6.0897319736815, 48.664244737186323 ], [ 6.089752446412899, 48.664179938620542 ], [ 6.089763232289462, 48.664114122823513 ], [ 6.089764227473517, 48.664047923639892 ], [ 6.089755422417966, 48.66398197860422 ], [ 6.089736901956808, 48.663916922801185 ], [ 6.089708844486735, 48.663853382749451 ], [ 6.089671520247754, 48.663791970368131 ], [ 6.089625288719427, 48.6637332770839 ], [ 6.089570595157848, 48.66367786813553 ], [ 6.089507966306782, 48.663626277130739 ], [ 6.089438005324257, 48.663579000907625 ], [ 6.089361385973518, 48.663536494750325 ], [ 6.08927884613429, 48.663499168004833 ], [ 6.089191180696841, 48.663467380137149 ], [ 6.089099233907279, 48.663441437271935 ], [ 6.089003891237763, 48.663421589244713 ] ], [ [ 6.09460019945784, 48.664546144325897 ], [ 6.09465093053489, 48.664528607588196 ], [ 6.09462850995204, 48.66456348225698 ], [ 6.094598553225344, 48.66462664075496 ], [ 6.094578086322759, 48.664691440128628 ], [ 6.094567306385716, 48.664757256329288 ], [ 6.09456631726711, 48.664823455513456 ], [ 6.094575128529767, 48.664889400147054 ], [ 6.09459365535291, 48.664954455145136 ], [ 6.094621719347638, 48.665017993988229 ], [ 6.094659050273568, 48.665079404756241 ], [ 6.094685524801585, 48.665113009412472 ], [ 6.09463287592046, 48.66509815785227 ], [ 6.094537528131418, 48.665078314278716 ], [ 6.094439703220591, 48.665064756790031 ], [ 6.094340343261376, 48.665057615947532 ], [ 6.094240405108282, 48.665056960518932 ], [ 6.094140851183284, 48.665062796816137 ], [ 6.094042640208603, 48.665075068634479 ], [ 6.093946717975083, 48.665093657793904 ], [ 6.093854008235037, 48.665118385276962 ], [ 6.093803276318771, 48.665135921666831 ], [ 6.093825697697222, 48.665101047170033 ], [ 6.093855655628852, 48.66503788889144 ], [ 6.093876123562003, 48.664973089660663 ], [ 6.093886904413256, 48.664907273534453 ], [ 6.093887894393336, 48.664841074360567 ], [ 6.093879084005263, 48.664775129673508 ], [ 6.093860558134392, 48.664710074554577 ], [ 6.093832495229512, 48.664646535515843 ], [ 6.093795165582974, 48.664585124466676 ], [ 6.093768691894168, 48.664551519597801 ], [ 6.093821339979697, 48.664566371546506 ], [ 6.093916686563802, 48.664586215701434 ], [ 6.094014510444064, 48.664599773624772 ], [ 6.094113869489071, 48.664606914741597 ], [ 6.094213806780691, 48.664607570276516 ], [ 6.094313359831103, 48.664601733916157 ], [ 6.094411569853513, 48.664589461869909 ], [ 6.094507490997184, 48.664570872328554 ], [ 6.09460019945784, 48.664546144325897 ] ] ], [ [ [ 6.0861924424431, 48.66347835064672 ], [ 6.086093086623837, 48.663471202920547 ], [ 6.085993151605682, 48.663470540576888 ], [ 6.085893599780418, 48.663476369994214 ], [ 6.085795389850045, 48.663488635034135 ], [ 6.085699467595349, 48.663507217581873 ], [ 6.085606756768845, 48.663531938683647 ], [ 6.08551815019974, 48.663562560269888 ], [ 6.085434501196519, 48.66359878744759 ], [ 6.085356615329937, 48.663640271339993 ], [ 6.085285242675511, 48.663686612446028 ], [ 6.085221070590173, 48.663737364487204 ], [ 6.085164717092686, 48.663792038705218 ], [ 6.085116724911543, 48.663850108568347 ], [ 6.085077556257653, 48.663911014842029 ], [ 6.085047588372253, 48.663974170973951 ], [ 6.08502710989287, 48.664038968742794 ], [ 6.085016318072419, 48.664104784115324 ], [ 6.085015316878238, 48.664170983256028 ], [ 6.085024115989447, 48.664236928631247 ], [ 6.085042630702294, 48.664301985148903 ], [ 6.085070682744508, 48.664365526274899 ], [ 6.085108001990821, 48.664426940067131 ], [ 6.085154229063225, 48.664485635069049 ], [ 6.085208918790957, 48.6645410460061 ], [ 6.085271544496916, 48.664592639229888 ], [ 6.085341503069277, 48.664639917858032 ], [ 6.085418120769489, 48.664682426559722 ], [ 6.085500659720712, 48.664719755941391 ], [ 6.085588325014226, 48.66475154648974 ], [ 6.085680272365352, 48.664777492034524 ], [ 6.085775616245149, 48.66479734269749 ], [ 6.085873438409523, 48.664810907299191 ], [ 6.085972796743595, 48.664818055200392 ], [ 6.086072734336077, 48.664818717560351 ], [ 6.086172288696252, 48.664812888 ], [ 6.086270501024708, 48.664800622663186 ], [ 6.0863664254485, 48.664782039676119 ], [ 6.086459138131756, 48.66475731800945 ], [ 6.086547746173917, 48.664726695754474 ], [ 6.086631396209889, 48.664690467829885 ], [ 6.086709282629226, 48.66464898314112 ], [ 6.086780655335172, 48.664602641219922 ], [ 6.086844826968814, 48.664551888376018 ], [ 6.086901179528746, 48.664497213398633 ], [ 6.086949170322509, 48.664439142848614 ], [ 6.086988337192505, 48.664378235986995 ], [ 6.087018302966054, 48.664315079388594 ], [ 6.087038779086788, 48.66425028129273 ], [ 6.087049568392428, 48.664184465745173 ], [ 6.087050567012283, 48.664118266588147 ], [ 6.087041765366163, 48.66405232135596 ], [ 6.087023248255233, 48.663987265135198 ], [ 6.086995194043922, 48.66392372444853 ], [ 6.086957872940857, 48.663862311221195 ], [ 6.086911644395397, 48.663803616888003 ], [ 6.086856953634916, 48.663748206697846 ], [ 6.0867943273762, 48.6636966142704 ], [ 6.08672436875232, 48.663649336457468 ], [ 6.086647751503804, 48.663606828558464 ], [ 6.086565213490134, 48.663569499936187 ], [ 6.086477549584003, 48.663537710074699 ], [ 6.086385604016769, 48.663511765117875 ], [ 6.086290262248824, 48.663491914921373 ], [ 6.0861924424431, 48.66347835064672 ] ] ], [ [ [ 6.083576625966175, 48.66356217881841 ], [ 6.083478806732816, 48.663548612317683 ], [ 6.083379451150974, 48.663541462330109 ], [ 6.083279516033007, 48.663540797711498 ], [ 6.083179963771659, 48.663546624862185 ], [ 6.083081753073133, 48.663558887665644 ], [ 6.082985829725605, 48.663577468028606 ], [ 6.08289311749212, 48.663602187018355 ], [ 6.082804509215428, 48.663632806585646 ], [ 6.082720858220459, 48.663669031856941 ], [ 6.082642970097149, 48.663710513973811 ], [ 6.082571594942742, 48.663756853452284 ], [ 6.082507420138247, 48.663807604029557 ], [ 6.082451063728612, 48.663862276961432 ], [ 6.082403068470369, 48.663920345728584 ], [ 6.082363896604063, 48.663981251106954 ], [ 6.082333925401864, 48.664044406552904 ], [ 6.082313443533241, 48.664109203851709 ], [ 6.082302648283751, 48.664175018974625 ], [ 6.082301643653751, 48.664241218088605 ], [ 6.082310439355453, 48.664307163660204 ], [ 6.082328950717938, 48.664372220595467 ], [ 6.082356999501205, 48.664435762356277 ], [ 6.08239431561137, 48.664497176994409 ], [ 6.082440539700631, 48.664555873045195 ], [ 6.082495226626956, 48.664611285223963 ], [ 6.082557849740228, 48.664662879870349 ], [ 6.08262780595359, 48.664710160088262 ], [ 6.082704421551213, 48.664752670531627 ], [ 6.08278695867651, 48.664790001790053 ], [ 6.082874622438347, 48.664821794332184 ], [ 6.082966568566797, 48.664847741968607 ], [ 6.083061911544696, 48.664867594800874 ], [ 6.08315973313664, 48.664881161628671 ], [ 6.08325909123326, 48.664888311791337 ], [ 6.083359028925558, 48.66488897642634 ], [ 6.083458583721854, 48.664883149132642 ], [ 6.083556796818535, 48.664870886032375 ], [ 6.083652722335259, 48.66485230523012 ], [ 6.083745436425625, 48.664827585675532 ], [ 6.083834046175522, 48.664796965439514 ], [ 6.083917698203405, 48.664760739421354 ], [ 6.083995586879646, 48.66471925650815 ], [ 6.084066962085748, 48.664672916214485 ], [ 6.084131136438721, 48.664622164834483 ], [ 6.084187491910965, 48.664567491143224 ], [ 6.084235485781972, 48.664509421689168 ], [ 6.084274655864507, 48.66444851572281 ], [ 6.08430462495495, 48.664385359810339 ], [ 6.084325104464988, 48.664320562184457 ], [ 6.084335897199701, 48.664254746886449 ], [ 6.08433689925537, 48.664188547756098 ], [ 6.084328101018719, 48.664122602327474 ], [ 6.08430958725808, 48.66405754568904 ], [ 6.084281536305617, 48.663994004367524 ], [ 6.084244218338572, 48.66393259029423 ], [ 6.084197992776105, 48.663873894912143 ], [ 6.084143304816864, 48.663818483480277 ], [ 6.084080681150664, 48.663766889630217 ], [ 6.084010724885604, 48.663719610227496 ], [ 6.083934109739505, 48.663677100586852 ], [ 6.083851573551598, 48.663639770087812 ], [ 6.083763911176999, 48.663607978232569 ], [ 6.083671966832319, 48.66358203118417 ], [ 6.083576625966175, 48.66356217881841 ] ] ], [ [ [ 6.085039519933061, 48.665324624410566 ], [ 6.084941697024186, 48.665311059130381 ], [ 6.084842337894517, 48.665303910372728 ], [ 6.084742399390579, 48.665303246981502 ], [ 6.084642843937725, 48.665309075345291 ], [ 6.084544630272887, 48.665321339335854 ], [ 6.084448704212813, 48.665339920848503 ], [ 6.084355989546665, 48.665364640939444 ], [ 6.084267379140621, 48.665395261548831 ], [ 6.084183726340116, 48.665431487793072 ], [ 6.084105836752478, 48.665472970804402 ], [ 6.08407415690745, 48.665493538625078 ], [ 6.084040150613451, 48.665474671067713 ], [ 6.083957611513306, 48.665437340698453 ], [ 6.083869946061526, 48.665405548969169 ], [ 6.083777998504358, 48.665379602041718 ], [ 6.083682654321353, 48.665359749790731 ], [ 6.083584831698705, 48.665346183397489 ], [ 6.083485472687779, 48.665339033509099 ], [ 6.083385534133957, 48.66533836898035 ], [ 6.083285978463072, 48.665344196210789 ], [ 6.083187764414154, 48.665356459083064 ], [ 6.08309183780765, 48.665375039503282 ], [ 6.082999122437984, 48.665399758538179 ], [ 6.08291051117811, 48.665430378138055 ], [ 6.082826857381684, 48.665466603429053 ], [ 6.082748966665621, 48.66550808555256 ], [ 6.082677589152135, 48.665554425024553 ], [ 6.082613412244954, 48.6656051755823 ], [ 6.082557054009277, 48.665659848481738 ], [ 6.082509057219221, 48.665717917203906 ], [ 6.082469884130088, 48.665778822525162 ], [ 6.082439912025824, 48.665841977902417 ], [ 6.082419429584588, 48.665906775121584 ], [ 6.082408634097452, 48.665972590154752 ], [ 6.082407629567069, 48.666038789169683 ], [ 6.082416425704689, 48.66610473463389 ], [ 6.082434937835201, 48.666169791454472 ], [ 6.082462987711205, 48.666233333094389 ], [ 6.082500305228302, 48.666294747606635 ], [ 6.082546531025138, 48.666353443527683 ], [ 6.08260121994324, 48.66640885557414 ], [ 6.082663845313307, 48.666460450086937 ], [ 6.08273380402675, 48.666507730171261 ], [ 6.082810422343664, 48.666550240482287 ], [ 6.082892962381271, 48.666587571610961 ], [ 6.08298062922039, 48.666619364027135 ], [ 6.083072578561455, 48.666645311542588 ], [ 6.083167924856364, 48.666665164260088 ], [ 6.083265749837765, 48.666678730980408 ], [ 6.083365111363642, 48.66668588104389 ], [ 6.08346505249197, 48.666686545589016 ], [ 6.083564610697978, 48.666680718215581 ], [ 6.083662827145213, 48.666668455046477 ], [ 6.083758755921058, 48.666649874186959 ], [ 6.083851473147728, 48.666625154587209 ], [ 6.083940085880903, 48.666594534318619 ], [ 6.084023740710308, 48.666558308280749 ], [ 6.084101631979332, 48.666516825360908 ], [ 6.084133312433355, 48.666496257550591 ], [ 6.084167319425169, 48.666515125065189 ], [ 6.084249860375824, 48.666552455255449 ], [ 6.084337527980856, 48.666584246674702 ], [ 6.084429477933325, 48.666610193144315 ], [ 6.084524824679239, 48.666630044777129 ], [ 6.084622649946898, 48.666643610384362 ], [ 6.084722011591535, 48.666650759317086 ], [ 6.084821952669977, 48.666651422724634 ], [ 6.084921510657935, 48.66664559421784 ], [ 6.085019726721053, 48.666633329930413 ], [ 6.085115654950419, 48.666614747978457 ], [ 6.085208371473508, 48.666590027322641 ], [ 6.085296983352777, 48.666559406044541 ], [ 6.085380637186178, 48.666523179053407 ], [ 6.08545852732669, 48.66648169524575 ], [ 6.085529903641721, 48.666435354144753 ], [ 6.085594078737596, 48.666384602052318 ], [ 6.085650434579569, 48.666329927750397 ], [ 6.085698428443568, 48.666271857793312 ], [ 6.085737598142432, 48.666210951436412 ], [ 6.085767566476235, 48.66614779524965 ], [ 6.085788044863955, 48.666082997468379 ], [ 6.085798836121487, 48.666017182135342 ], [ 6.085799836359336, 48.665950983090703 ], [ 6.085791035981736, 48.665885037867689 ], [ 6.085772519777643, 48.665819981552772 ], [ 6.085744466102748, 48.665756440669561 ], [ 6.085707145160522, 48.665695027145169 ], [ 6.085660916398771, 48.665636332417286 ], [ 6.085606225046958, 48.665580921738581 ], [ 6.085543597827566, 48.665529328733427 ], [ 6.085473637882918, 48.665482050259222 ], [ 6.085397018966265, 48.665439541621751 ], [ 6.085314478953154, 48.665402212190891 ], [ 6.085226812735533, 48.665370421458533 ], [ 6.085134864567022, 48.665344475576894 ], [ 6.085039519933061, 48.665324624410566 ] ] ], [ [ [ 6.195699188382719, 48.72090390307914 ], [ 6.195599708476428, 48.720896846977844 ], [ 6.19549966232748, 48.720896276468814 ], [ 6.195400013397828, 48.720902197046129 ], [ 6.195301721324575, 48.720914551693518 ], [ 6.195205732679554, 48.720933221433263 ], [ 6.195112971854639, 48.720958026471891 ], [ 6.195024332160564, 48.720988727931513 ], [ 6.194940667224859, 48.721025030149924 ], [ 6.194862782771786, 48.721066583527715 ], [ 6.194791428863325, 48.721112987894571 ], [ 6.194727292675981, 48.721163796362831 ], [ 6.194670991882914, 48.721218519630732 ], [ 6.194623068705168, 48.721276630694206 ], [ 6.194583984689245, 48.721337569921822 ], [ 6.194554116261402, 48.721400750443955 ], [ 6.19453375110146, 48.72146556380433 ], [ 6.194523085371124, 48.721531385819503 ], [ 6.194522221823515, 48.721597582590029 ], [ 6.194531168812227, 48.721663516604984 ], [ 6.194549840209424, 48.721728552881686 ], [ 6.194578056233923, 48.721792065080919 ], [ 6.194615545181226, 48.721853441539153 ], [ 6.194661946039001, 48.721912091159361 ], [ 6.194716811962799, 48.721967449104014 ], [ 6.194779614578592, 48.722018982235056 ], [ 6.194849749070734, 48.722066194248782 ], [ 6.194926540006368, 48.722108630455971 ], [ 6.195009247840188, 48.722145882161193 ], [ 6.195097076036915, 48.72217759059923 ], [ 6.195189178742893, 48.722203450390609 ], [ 6.195284668932898, 48.72222321248298 ], [ 6.195382626953664, 48.722236686549877 ], [ 6.195482109381823, 48.722243742824006 ], [ 6.195582158110892, 48.722244313347105 ], [ 6.195681809579765, 48.722238392624497 ], [ 6.195780104053759, 48.722226037678091 ], [ 6.195876094868783, 48.722207367497077 ], [ 6.195968857549568, 48.722182561891863 ], [ 6.196057498714064, 48.722151859762135 ], [ 6.196141164678229, 48.722115556795842 ], [ 6.196219049678281, 48.722074002621149 ], [ 6.196290403631219, 48.722027597438974 ], [ 6.196354539358829, 48.721976788168305 ], [ 6.196410839205617, 48.721922064141765 ], [ 6.196458760986906, 48.721863952392575 ], [ 6.196497843209858, 48.721803012578498 ], [ 6.196527709517118, 48.721739831591719 ], [ 6.19654807231036, 48.72167501790635 ], [ 6.196558735518829, 48.721609195718315 ], [ 6.196559596486315, 48.721542998933742 ], [ 6.196550646958383, 48.721477065064065 ], [ 6.196531973160444, 48.721412029086387 ], [ 6.196503754965943, 48.721348517328437 ], [ 6.19646626416277, 48.721287141436783 ], [ 6.196419861834574, 48.721228492486674 ], [ 6.196364994882317, 48.721173135289916 ], [ 6.196302191719544, 48.72112160295579 ], [ 6.196232057182926, 48.721074391757377 ], [ 6.196155266707025, 48.72103195635259 ], [ 6.196072559819483, 48.720994705406 ], [ 6.195984733019214, 48.720962997653693 ], [ 6.195892632106208, 48.720937138448754 ], [ 6.195797144036785, 48.720917376821042 ], [ 6.195699188382719, 48.72090390307914 ] ] ], [ [ [ 6.206237830754381, 48.604493399138399 ], [ 6.206138570576435, 48.604486351133701 ], [ 6.206038746719894, 48.604485789404961 ], [ 6.205939320506079, 48.604491719361747 ], [ 6.205841249427383, 48.604504083897417 ], [ 6.205745477927494, 48.604522763939038 ], [ 6.205652928307209, 48.604547579593941 ], [ 6.205564491843365, 48.604578291882 ], [ 6.205481020206381, 48.604614605036701 ], [ 6.20540331725902, 48.604656169353305 ], [ 6.205332131315308, 48.604702584556193 ], [ 6.205268147934168, 48.604753403653319 ], [ 6.205211983317137, 48.604808137240546 ], [ 6.205164178373756, 48.604866258214429 ], [ 6.205125193511783, 48.604927206848089 ], [ 6.205095404202463, 48.604990396181329 ], [ 6.20507509736353, 48.605055217672977 ], [ 6.205064468594881, 48.605121047061346 ], [ 6.205063620293514, 48.605187250375863 ], [ 6.205072560666031, 48.605253190042703 ], [ 6.20509120364815, 48.605318231024668 ], [ 6.205119369732179, 48.605381746937269 ], [ 6.205156787694434, 48.605443126081198 ], [ 6.205203097206081, 48.605501777333551 ], [ 6.205257852302281, 48.605557135841089 ], [ 6.205320525676264, 48.605608668460341 ], [ 6.205390513757006, 48.605655878892556 ], [ 6.205467142521661, 48.605698312463709 ], [ 6.205549673986738, 48.605735560503753 ], [ 6.205637313315534, 48.605767264282804 ], [ 6.205729216473378, 48.605793118466259 ], [ 6.205824498356912, 48.605812874055751 ], [ 6.205922241319103, 48.605826340787488 ], [ 6.206021504007861, 48.605833388964776 ], [ 6.206121330433075, 48.605833950707343 ], [ 6.206220759174713, 48.605828020605109 ], [ 6.206318832643237, 48.605815655770286 ], [ 6.206414606303118, 48.605796975287291 ], [ 6.206507157770557, 48.605772159065765 ], [ 6.206595595697726, 48.605741446107629 ], [ 6.206679068357974, 48.605705132205124 ], [ 6.206756771849215, 48.605663567091746 ], [ 6.206827957836519, 48.605617151073702 ], [ 6.206891940759292, 48.605566331174394 ], [ 6.20694810443361, 48.605511596828769 ], [ 6.206995907986159, 48.60545347516944 ], [ 6.20703489106263, 48.605392525949604 ], [ 6.207064678260394, 48.605329336151989 ], [ 6.207084982742864, 48.605264514335616 ], [ 6.207095609000702, 48.60519868477467 ], [ 6.207096454733393, 48.60513248144629 ], [ 6.207087511833056, 48.605066541924941 ], [ 6.207068866461108, 48.605001501242107 ], [ 6.207040698217087, 48.604937985770896 ], [ 6.207003278407679, 48.604876607193575 ], [ 6.206956967432707, 48.604817956611299 ], [ 6.206902211313242, 48.604762598851565 ], [ 6.20683953739538, 48.604711067029086 ], [ 6.206769549271044, 48.604663857412028 ], [ 6.206692920964756, 48.604621424643057 ], [ 6.206610390442395, 48.604584177361403 ], [ 6.20652275250443, 48.604552474267798 ], [ 6.206430851132087, 48.604526620670519 ], [ 6.20633557136011, 48.604506865545403 ], [ 6.206237830754381, 48.604493399138399 ] ] ], [ [ [ 6.208948238178561, 48.604420339414048 ], [ 6.208848977774368, 48.604413293668543 ], [ 6.208749154028072, 48.604412734212225 ], [ 6.208649728259932, 48.604418666432757 ], [ 6.208551657958049, 48.604431033201699 ], [ 6.208455887558633, 48.604449715424636 ], [ 6.208363339351878, 48.604474533187876 ], [ 6.208274904601017, 48.604505247490962 ], [ 6.208191434959973, 48.604541562548029 ], [ 6.208113734272285, 48.604583128635966 ], [ 6.208042550830224, 48.604629545462117 ], [ 6.207978570168621, 48.604680366018819 ], [ 6.207922408462824, 48.604735100887851 ], [ 6.207874606594342, 48.604793222953454 ], [ 6.207835624941323, 48.604854172478213 ], [ 6.207805838944107, 48.604917362493346 ], [ 6.207785535488533, 48.604982184451117 ], [ 6.207774910141914, 48.605048014085341 ], [ 6.207774065268297, 48.6051142174231 ], [ 6.207783009041266, 48.605180156890327 ], [ 6.207801655363793, 48.605245197451751 ], [ 6.207829824696017, 48.605308712726945 ], [ 6.20786724578297, 48.605370091022721 ], [ 6.207913558265724, 48.60542874122433 ], [ 6.207968316150823, 48.605484098488688 ], [ 6.208030992104635, 48.605535629684262 ], [ 6.208062056855641, 48.605556583007335 ], [ 6.208033659002714, 48.605579139351768 ], [ 6.207977496390593, 48.605633874206411 ], [ 6.207929693762828, 48.605691996251238 ], [ 6.20789071150488, 48.60575294574906 ], [ 6.207860925062916, 48.605816135731331 ], [ 6.207840621327061, 48.605880957650662 ], [ 6.207829995867325, 48.605946787241216 ], [ 6.207829151048848, 48.606012990530537 ], [ 6.207838095044684, 48.606078929944957 ], [ 6.207856741755661, 48.606143970449764 ], [ 6.207884911638176, 48.606207485665045 ], [ 6.207922333431962, 48.606268863898187 ], [ 6.207968646771286, 48.606327514035101 ], [ 6.208023405654443, 48.606382871233258 ], [ 6.208086082738192, 48.606434402361806 ], [ 6.20815607441578, 48.606481611136353 ], [ 6.208232706629716, 48.606524042898819 ], [ 6.20831524136329, 48.606561288996609 ], [ 6.208402883748319, 48.606592990718518 ], [ 6.208494789720696, 48.606618842749761 ], [ 6.208590074149953, 48.606638596112703 ], [ 6.208687819364539, 48.606652060564983 ], [ 6.208787083990672, 48.606659106431884 ], [ 6.208886912019579, 48.606659665855375 ], [ 6.208986342015782, 48.606653733447693 ], [ 6.209084416377662, 48.606641366343268 ], [ 6.209180190561085, 48.606622683648382 ], [ 6.209272742177211, 48.606597865293985 ], [ 6.209361179876781, 48.606567150302524 ], [ 6.209444651935336, 48.606530834485795 ], [ 6.20952235445659, 48.606489267595769 ], [ 6.209593539114953, 48.606442849955769 ], [ 6.209657520362634, 48.606392028604802 ], [ 6.209713682031843, 48.606337292991789 ], [ 6.209761483268583, 48.606279170261537 ], [ 6.209800463740842, 48.606218220177574 ], [ 6.209830248071082, 48.606155029730971 ], [ 6.209850549450329, 48.606090207486972 ], [ 6.209861172399134, 48.60602437772387 ], [ 6.209862014648853, 48.60595817442077 ], [ 6.209853068125148, 48.60589223515187 ], [ 6.209834419024333, 48.605827194946293 ], [ 6.209806246981855, 48.605763680172423 ], [ 6.209768823340983, 48.605702302505918 ], [ 6.209722508538436, 48.605643653039138 ], [ 6.209667748632147, 48.605588296588806 ], [ 6.209605071004678, 48.605536766257046 ], [ 6.209574005648035, 48.605515813336226 ], [ 6.209602402803133, 48.605493256623241 ], [ 6.209658563566054, 48.605438520995833 ], [ 6.20970636404356, 48.605380398244812 ], [ 6.209745343910956, 48.605319448133919 ], [ 6.209775127796523, 48.605256257654467 ], [ 6.209795428895571, 48.605191435372021 ], [ 6.209806051731346, 48.605125605565263 ], [ 6.209806894036295, 48.605059402213705 ], [ 6.209797947735543, 48.604993462892004 ], [ 6.209779299023258, 48.604928422629769 ], [ 6.209751127531142, 48.604864907796006 ], [ 6.209713704597164, 48.604803530066903 ], [ 6.209667390651235, 48.604744880535378 ], [ 6.209612631743036, 48.604689524018859 ], [ 6.209549955245518, 48.604637993620081 ], [ 6.209479964775444, 48.604590785593444 ], [ 6.209403334379927, 48.604548354566369 ], [ 6.209320802044959, 48.604511109161272 ], [ 6.209233162588468, 48.604479408060833 ], [ 6.209141260006301, 48.60445355655412 ], [ 6.209045979344848, 48.60443380359682 ], [ 6.208948238178561, 48.604420339414048 ] ] ], [ [ [ 6.210897419672807, 48.61248617645407 ], [ 6.210799662998943, 48.612472713880287 ], [ 6.210700387080488, 48.612465669724912 ], [ 6.210600547962643, 48.612465111824541 ], [ 6.210501107113691, 48.612471045551821 ], [ 6.210403022166962, 48.612483413763862 ], [ 6.21030723769969, 48.612502097352284 ], [ 6.210214676137547, 48.612526916390308 ], [ 6.210126228872372, 48.61255763186518 ], [ 6.210042747678608, 48.612593947979718 ], [ 6.209965036511045, 48.612635515000669 ], [ 6.209893843762886, 48.612681932626387 ], [ 6.209829855058584, 48.612732753841478 ], [ 6.209773686650946, 48.612787489221411 ], [ 6.209725879486027, 48.61284561164549 ], [ 6.209686893992993, 48.612906561372853 ], [ 6.209657105649172, 48.612969751432757 ], [ 6.209636801363017, 48.613034573277055 ], [ 6.209626176709848, 48.613100402640647 ], [ 6.209625334047044, 48.613166605553239 ], [ 6.209634281526911, 48.613232544444799 ], [ 6.209652933016734, 48.613297584285661 ], [ 6.209681108926896, 48.613361098702292 ], [ 6.209718537939086, 48.613422476009795 ], [ 6.209764859618062, 48.613481125102957 ], [ 6.209819627881807, 48.613536481149332 ], [ 6.209882315296743, 48.613588011029137 ], [ 6.209952318156621, 48.613635218470016 ], [ 6.21002896229626, 48.613677648826744 ], [ 6.210111509584092, 48.613714893460255 ], [ 6.210199165031027, 48.61374659367344 ], [ 6.210291084447156, 48.613772444166052 ], [ 6.210386382572532, 48.613792195975265 ], [ 6.210484141603695, 48.613805658873687 ], [ 6.210583420033791, 48.613812703201575 ], [ 6.210683261721098, 48.613813261115695 ], [ 6.210782705098588, 48.613807327242853 ], [ 6.210880792435765, 48.61379495873156 ], [ 6.210976579063527, 48.613776274701678 ], [ 6.211069142473181, 48.613751455096967 ], [ 6.21115759120188, 48.613720738951969 ], [ 6.21124107341895, 48.613684422089563 ], [ 6.211318785130267, 48.613642854271774 ], [ 6.211350383573719, 48.613622251773478 ], [ 6.211384402023852, 48.613641083800815 ], [ 6.211466950218201, 48.613678327495869 ], [ 6.211554606424552, 48.613710026712283 ], [ 6.211646526445681, 48.613735876159431 ], [ 6.211741825015815, 48.613755626884533 ], [ 6.211839584327208, 48.613769088670658 ], [ 6.211938862870308, 48.61377613186874 ], [ 6.212038704502305, 48.613776688646468 ], [ 6.212138147656704, 48.613770753641553 ], [ 6.212236234605156, 48.613758384013444 ], [ 6.212332020682305, 48.613739698892743 ], [ 6.212424583384757, 48.613714878233715 ], [ 6.212513031256483, 48.613684161081046 ], [ 6.212596512475059, 48.613647843267358 ], [ 6.212674223055979, 48.613606274563807 ], [ 6.212745414596038, 48.613559855311223 ], [ 6.212809401481168, 48.61350903256411 ], [ 6.212865567489297, 48.613454295784862 ], [ 6.212913371724643, 48.613396172129491 ], [ 6.212952353826331, 48.61333522137047 ], [ 6.212982138401135, 48.613272030505328 ], [ 6.213002438637735, 48.613207208103361 ], [ 6.2130130590677, 48.613141378444389 ], [ 6.213013897446653, 48.613075175506509 ], [ 6.21300494573754, 48.613009236860393 ], [ 6.212986290186629, 48.612944197529174 ], [ 6.212958110491488, 48.612880683872802 ], [ 6.212920678069096, 48.612819307556215 ], [ 6.212874353440744, 48.612760659658676 ], [ 6.212819582759001, 48.612705304981887 ], [ 6.212756893510199, 48.612653776610884 ], [ 6.212686889433907, 48.612606570780521 ], [ 6.212610244708267, 48.612564142097078 ], [ 6.212527697457277, 48.612526899160379 ], [ 6.212440042642503, 48.61249520062934 ], [ 6.212348124407693, 48.612469351768304 ], [ 6.212252827949976, 48.612449601507485 ], [ 6.212155070995912, 48.612436140045979 ], [ 6.212055794964468, 48.612429097020375 ], [ 6.211955955901932, 48.612428540256374 ], [ 6.211856515276053, 48.612434475115691 ], [ 6.211758430718013, 48.612446844444506 ], [ 6.211662646801305, 48.612465529123746 ], [ 6.211570085946298, 48.612490349216067 ], [ 6.211481639538023, 48.612521065698559 ], [ 6.211398159342668, 48.612557382764393 ], [ 6.211320449305417, 48.612598950671121 ], [ 6.211288851467738, 48.61261955317886 ], [ 6.211254833715667, 48.612600721108386 ], [ 6.211172287371113, 48.612563477233252 ], [ 6.211084633315684, 48.612531777705478 ], [ 6.210992715685816, 48.612505927798985 ], [ 6.210897419672807, 48.61248617645407 ] ] ], [ [ [ 6.248892453413772, 48.723067567267819 ], [ 6.248792962225859, 48.723060555522395 ], [ 6.248692911375267, 48.723060029608092 ], [ 6.248593264369229, 48.723065994589589 ], [ 6.248494980826328, 48.723078393022938 ], [ 6.248399007236255, 48.723097105508764 ], [ 6.248306267845929, 48.723121951841975 ], [ 6.248217655759684, 48.723152692746993 ], [ 6.248134024339214, 48.7231890321817 ], [ 6.248056178986054, 48.723230620188296 ], [ 6.24798486938568, 48.723277056263015 ], [ 6.247920782287934, 48.723327893212812 ], [ 6.247864534893269, 48.723382641461605 ], [ 6.247816668908517, 48.723440773764771 ], [ 6.24777764532943, 48.72350173028628 ], [ 6.247747840000258, 48.72356492398999 ], [ 6.24772753999318, 48.723629746292644 ], [ 6.247716940842466, 48.723695572924697 ], [ 6.247716144660053, 48.723761769942151 ], [ 6.247725159150773, 48.723827699831773 ], [ 6.247743897536707, 48.723892727650536 ], [ 6.247772179391514, 48.723956227140704 ], [ 6.247809732376692, 48.7240175867611 ], [ 6.247856194863157, 48.724076215576879 ], [ 6.2479111194129, 48.724131548950787 ], [ 6.247973977087252, 48.72418305398147 ], [ 6.248044162540272, 48.724230234635819 ], [ 6.248120999848275, 48.724272636526607 ], [ 6.248203749019308, 48.724309851288879 ], [ 6.24829161311995, 48.724341520513235 ], [ 6.248383745950725, 48.724367339197862 ], [ 6.248479260196252, 48.724387058686268 ], [ 6.248577235971568, 48.724400489062333 ], [ 6.248676729682292, 48.724407500979538 ], [ 6.248776783113275, 48.724408026906779 ], [ 6.248876432658125, 48.724402061778939 ], [ 6.24897471860069, 48.724389663045542 ], [ 6.249070694359059, 48.724370950117489 ], [ 6.249163435602992, 48.724346103216909 ], [ 6.249252049156921, 48.724315361641175 ], [ 6.249335681602745, 48.724279021458131 ], [ 6.249413527499533, 48.724237432654391 ], [ 6.249484837140909, 48.724190995764317 ], [ 6.249548923775461, 48.724140158012332 ], [ 6.249605170220537, 48.724085409005305 ], [ 6.249653034805791, 48.724027276017011 ], [ 6.24969205658926, 48.723966318909788 ], [ 6.249721859795695, 48.723903124742328 ], [ 6.249742157434492, 48.723838302115695 ], [ 6.249752754062396, 48.723772475311875 ], [ 6.249753547664417, 48.723706278281455 ], [ 6.249744530634887, 48.72364034853819 ], [ 6.249725789849289, 48.723575321019474 ], [ 6.249697505826184, 48.72351182197152 ], [ 6.249659950987399, 48.723450462918485 ], [ 6.249613487033251, 48.723391834773473 ], [ 6.249558561458152, 48.723336502147866 ], [ 6.249495703240175, 48.723284997914334 ], [ 6.249425517746151, 48.723237818075333 ], [ 6.249348680901343, 48.723195416986755 ], [ 6.249265932679899, 48.723158202982709 ], [ 6.249178069978753, 48.723126534443487 ], [ 6.249085938943598, 48.723100716344547 ], [ 6.248990426820808, 48.72308099731989 ], [ 6.248892453413772, 48.723067567267819 ] ] ], [ [ [ 6.246172218591193, 48.657426138595369 ], [ 6.246072852611648, 48.657419124191925 ], [ 6.245972927334426, 48.657418595967933 ], [ 6.245873405057512, 48.657424559010259 ], [ 6.245775244198369, 48.657436955893694 ], [ 6.245679390065267, 48.657455667233776 ], [ 6.245586765754759, 48.657480512836422 ], [ 6.245498263262967, 48.657511253433086 ], [ 6.245414734896181, 48.657547592984677 ], [ 6.245336985063505, 48.657589181532202 ], [ 6.245265762530523, 48.657635618566708 ], [ 6.245201753208565, 48.657686456885884 ], [ 6.245145573549041, 48.657741206900504 ], [ 6.245097764606424, 48.657799341348891 ], [ 6.24505878682706, 48.657860300374409 ], [ 6.245029015614061, 48.657923496916752 ], [ 6.245008737710969, 48.657988322365313 ], [ 6.244998148439093, 48.658054152420291 ], [ 6.244997349815142, 48.658120353104742 ], [ 6.245006349567368, 48.658186286870063 ], [ 6.245025061059697, 48.658251318735935 ], [ 6.245053304124707, 48.658314822405636 ], [ 6.245090806797383, 48.658376186297737 ], [ 6.245137207933114, 48.658434819436266 ], [ 6.245192060684681, 48.658490157142353 ], [ 6.245254836804834, 48.658541666472885 ], [ 6.245324931733029, 48.658588851353358 ], [ 6.245401670417383, 48.658631257355871 ], [ 6.245484313815767, 48.658668476075874 ], [ 6.245572066013441, 48.658700149065837 ], [ 6.245664081888667, 48.658725971287659 ], [ 6.245759475252481, 48.658745694050808 ], [ 6.24585732738415, 48.658759127407635 ], [ 6.245956695880143, 48.658766141982902 ], [ 6.246056623731281, 48.658766670219897 ], [ 6.24615614854067, 48.658760707031284 ], [ 6.246254311793523, 48.658748309847887 ], [ 6.246350168089582, 48.658729598065705 ], [ 6.24644279424917, 48.658704751895797 ], [ 6.24653129820511, 48.658674010628516 ], [ 6.246614827594843, 48.658637670328716 ], [ 6.246692577969954, 48.658596080984154 ], [ 6.246763800544016, 48.658549643134414 ], [ 6.246827809404117, 48.658498804013107 ], [ 6.246883988116595, 48.658444053240345 ], [ 6.246931795663377, 48.658385918106873 ], [ 6.246970771651752, 48.658324958495704 ], [ 6.247000540747439, 48.658261761489619 ], [ 6.247020816288261, 48.658196935717044 ], [ 6.247031403043691, 48.658131105490263 ], [ 6.247032199093723, 48.658064904792802 ], [ 6.247023196809024, 48.657998971173775 ], [ 6.247004482922985, 48.657933939607865 ], [ 6.246976237695019, 48.657870436380264 ], [ 6.246938733173262, 48.657809073055425 ], [ 6.246892330573384, 48.65775044058752 ], [ 6.24683747679887, 48.657695103629635 ], [ 6.246774700136281, 48.657643595096133 ], [ 6.246704605167007, 48.657596411030887 ], [ 6.246627866944511, 48.657554005830491 ], [ 6.24654522449317, 48.657516787868651 ], [ 6.246457473691335, 48.657485115563787 ], [ 6.246365459607095, 48.657459293927616 ], [ 6.246270068360593, 48.657439571628203 ], [ 6.246172218591193, 48.657426138595369 ] ] ], [ [ [ 6.265603443218164, 48.685702574993122 ], [ 6.265504020895175, 48.685695576956064 ], [ 6.265404041382565, 48.685695065034999 ], [ 6.265304467500589, 48.685701044159785 ], [ 6.265206258163665, 48.685713456750307 ], [ 6.265110359146894, 48.685732183270879 ], [ 6.265017693979063, 48.685757043381194 ], [ 6.264929155049757, 48.685787797673008 ], [ 6.264845595016168, 48.685824149975339 ], [ 6.264767818592374, 48.685865750206403 ], [ 6.264696574800051, 48.685912197744742 ], [ 6.264632549755287, 48.685963045286869 ], [ 6.26457636006094, 48.686017803154733 ], [ 6.26452854686815, 48.686075944011037 ], [ 6.264489570664235, 48.686136907937431 ], [ 6.264459806837174, 48.686200107826402 ], [ 6.264439542059423, 48.686264935035133 ], [ 6.264428971525932, 48.686330765246801 ], [ 6.264428197072989, 48.686396964483023 ], [ 6.264437226196106, 48.686462895209083 ], [ 6.264455971976393, 48.686527922473957 ], [ 6.26448425391624, 48.686591420025231 ], [ 6.264521799676274, 48.686652776340367 ], [ 6.264568247696944, 48.686711400516373 ], [ 6.264623150679511, 48.686766727960688 ], [ 6.264685979892973, 48.686818225829036 ], [ 6.264756130265459, 48.686865398157281 ], [ 6.264832926211109, 48.686907790638422 ], [ 6.264915628136312, 48.686944994998107 ], [ 6.265003439562649, 48.686976652927093 ], [ 6.265095514797943, 48.687002459532373 ], [ 6.265190967081517, 48.687022166273799 ], [ 6.265288877125167, 48.687035583358011 ], [ 6.265388301967592, 48.687042581566494 ], [ 6.265488284056926, 48.687043093500165 ], [ 6.265587860473889, 48.687037114228687 ], [ 6.265686072206647, 48.687024701337819 ], [ 6.265781973388025, 48.687005974374792 ], [ 6.265874640406055, 48.686981113696881 ], [ 6.26596318080005, 48.686950358734187 ], [ 6.266046741856528, 48.686914005683455 ], [ 6.266124518822104, 48.686872404655219 ], [ 6.266195762654282, 48.686825956301604 ], [ 6.26625978723544, 48.686775107957381 ], [ 6.26631597598054, 48.686720349331466 ], [ 6.266363787774918, 48.686662207790263 ], [ 6.266402762184995, 48.686601243278446 ], [ 6.266432523891733, 48.686538042926053 ], [ 6.266452786304154, 48.68647321539369 ], [ 6.26646335431821, 48.686407385010568 ], [ 6.266464126194431, 48.686341185761748 ], [ 6.266455094536326, 48.686275255182373 ], [ 6.266436346360208, 48.686210228217845 ], [ 6.266408062255753, 48.686146731109048 ], [ 6.266370514645518, 48.686085375361486 ], [ 6.266324065160161, 48.686026751856375 ], [ 6.266269161154703, 48.68597142516046 ], [ 6.266206331399458, 48.68591992808927 ], [ 6.266136180987117, 48.685872756576309 ], [ 6.266059385505073, 48.685830364897257 ], [ 6.265976684529117, 48.685793161295635 ], [ 6.265888874501194, 48.685761504051541 ], [ 6.265796801059736, 48.685735698031664 ], [ 6.265701350896486, 48.685715991753675 ], [ 6.265603443218164, 48.685702574993122 ] ] ], [ [ [ 6.292237174514835, 48.65526162783528 ], [ 6.292137806486985, 48.655254651824251 ], [ 6.292037884895903, 48.655254162219499 ], [ 6.291938372004073, 48.655260163735981 ], [ 6.291840226138588, 48.655272598577959 ], [ 6.291744392463337, 48.655291346995405 ], [ 6.291651793877882, 48.655316228437215 ], [ 6.291563322130628, 48.65534700328967 ], [ 6.291479829231818, 48.655383375183796 ], [ 6.291402119249021, 48.655424993849131 ], [ 6.291330940564086, 48.65547145848668 ], [ 6.291266978666106, 48.655522321628276 ], [ 6.291210849549815, 48.655577093445658 ], [ 6.291163093782965, 48.655635246467178 ], [ 6.291124171299826, 48.655696220657276 ], [ 6.291094456971006, 48.655759428809652 ], [ 6.291074236992244, 48.655824262201868 ], [ 6.291063706127018, 48.655890096457568 ], [ 6.291062965829556, 48.655956297559371 ], [ 6.291072023266392, 48.656022227954629 ], [ 6.29109079124591, 48.656087252695485 ], [ 6.291119089056661, 48.656150745553809 ], [ 6.291156644206375, 48.656212095052261 ], [ 6.291203095045027, 48.656270710353496 ], [ 6.291257994246695, 48.656326026950417 ], [ 6.291320813116745, 48.656377512103212 ], [ 6.291390946682888, 48.656424669970235 ], [ 6.291467719521093, 48.656467046383668 ], [ 6.291550392260267, 48.656504233223984 ], [ 6.291638168703065, 48.656535872350645 ], [ 6.291730203494221, 48.656561659051704 ], [ 6.291825610262566, 48.656581344978704 ], [ 6.29192347015826, 48.656594740538779 ], [ 6.292022840702979, 48.656601716720687 ], [ 6.292122764867813, 48.656602206337496 ], [ 6.292222280291366, 48.656596204673804 ], [ 6.292320428549257, 48.656583769530982 ], [ 6.292416264385655, 48.65656502067062 ], [ 6.292508864817947, 48.65654013866088 ], [ 6.292597338026757, 48.656509363137268 ], [ 6.292680831945672, 48.656472990494564 ], [ 6.292758542467922, 48.656431371031985 ], [ 6.29282972119093, 48.656384905579195 ], [ 6.292893682624138, 48.656334041635645 ], [ 6.29294981079067, 48.656279269060462 ], [ 6.292997565159276, 48.656221115354398 ], [ 6.293036485849419, 48.656160140579289 ], [ 6.293066198059396, 48.656096931963958 ], [ 6.293086415674892, 48.656032098248623 ], [ 6.293096944023247, 48.655966263822037 ], [ 6.29309768174696, 48.655900062708184 ], [ 6.293088621778399, 48.655834132460136 ], [ 6.293069851406476, 48.655769108020138 ], [ 6.293041551434579, 48.655705615604717 ], [ 6.293003994438026, 48.655644266674202 ], [ 6.292957542137819, 48.655585652044131 ], [ 6.292902641916047, 48.65553033619576 ], [ 6.292839822506542, 48.655478851840201 ], [ 6.292769688902326, 48.655431694788454 ], [ 6.292692916528894, 48.65538931917694 ], [ 6.292610244739478, 48.655352133094453 ], [ 6.292522469694924, 48.655320494652337 ], [ 6.292430436696765, 48.655294708536289 ], [ 6.292335032047262, 48.655275023072235 ], [ 6.292237174514835, 48.65526162783528 ] ] ], [ [ [ 6.293861340723313, 48.657933606868063 ], [ 6.293763477826822, 48.657920212914135 ], [ 6.293664104545435, 48.657913238191171 ], [ 6.293564177861931, 48.657912749867137 ], [ 6.293464660087837, 48.657918752644647 ], [ 6.293366509597258, 48.657931188715814 ], [ 6.293270671598624, 48.657949938318794 ], [ 6.29317806903313, 48.657974820891042 ], [ 6.293089593687512, 48.658005596807975 ], [ 6.293006097606662, 48.658041969690338 ], [ 6.292928384888796, 48.65808358925819 ], [ 6.29289679173374, 48.658104212630185 ], [ 6.292862715045175, 48.658085404592953 ], [ 6.292780038874288, 48.658048218712167 ], [ 6.292692259203266, 48.658016580466544 ], [ 6.292600221378189, 48.657990794539792 ], [ 6.292504811747803, 48.657971109256081 ], [ 6.292406949128494, 48.657957714188768 ], [ 6.292307575956748, 48.657950738335032 ], [ 6.292207649214291, 48.657950248873703 ], [ 6.292108131213214, 48.657956250518389 ], [ 6.292009980329811, 48.657968685472078 ], [ 6.291914141776294, 48.657987433983713 ], [ 6.2918215384992, 48.658012315501246 ], [ 6.291733062292116, 48.658043090410239 ], [ 6.291649565208233, 48.658079462341163 ], [ 6.291571851355423, 48.658121081023232 ], [ 6.291500669152803, 48.658167545657243 ], [ 6.291436704123345, 48.65821840877512 ], [ 6.291380572291946, 48.658273180548775 ], [ 6.291332814252501, 48.658331333507022 ], [ 6.291293889961171, 48.658392307614911 ], [ 6.29126417430598, 48.658455515666894 ], [ 6.291243953495445, 48.658520348941529 ], [ 6.291233422301057, 48.658586183063598 ], [ 6.291232682180221, 48.658652384016982 ], [ 6.291241740297769, 48.658718314250493 ], [ 6.291260509455535, 48.658783338817798 ], [ 6.291288808930725, 48.658846831492461 ], [ 6.291326366215046, 48.658908180798932 ], [ 6.291372819637918, 48.658966795901641 ], [ 6.291427721848529, 48.659022112295489 ], [ 6.291490544123274, 48.659073597242568 ], [ 6.291521674077947, 48.659094527849248 ], [ 6.291493283163561, 48.659117103084142 ], [ 6.291437150427066, 48.659171874843203 ], [ 6.291389391630041, 48.659230027780332 ], [ 6.291350466735945, 48.65929100186078 ], [ 6.291320750638605, 48.659354209879275 ], [ 6.291300529550798, 48.659419043114674 ], [ 6.291289998246688, 48.659484877192156 ], [ 6.291289258184734, 48.659551078096051 ], [ 6.291298316529207, 48.65961700827561 ], [ 6.291317086079754, 48.659682032785021 ], [ 6.291345386109801, 48.659745525398435 ], [ 6.291382944105712, 48.659806874640871 ], [ 6.291429398390052, 48.659865489677387 ], [ 6.291484301603717, 48.659920806003512 ], [ 6.291547125013443, 48.659972290881988 ], [ 6.291617263603216, 48.660019448473811 ], [ 6.291694041900626, 48.660061824613862 ], [ 6.291776720482006, 48.660099011185196 ], [ 6.291864503093741, 48.660130650049886 ], [ 6.291956544321156, 48.660156436498511 ], [ 6.292051957731094, 48.660176122185042 ], [ 6.292149824409745, 48.66018951751893 ], [ 6.292249201813458, 48.660196493491092 ], [ 6.292349132847264, 48.660196982916666 ], [ 6.292448655083609, 48.660190981082017 ], [ 6.292546810032493, 48.660178545790231 ], [ 6.292642652373647, 48.660159796804315 ], [ 6.292735259061806, 48.660134914693607 ], [ 6.292823738217344, 48.660104139094621 ], [ 6.292907237716578, 48.66006776640284 ], [ 6.292984953398991, 48.660026146917986 ], [ 6.293056136812313, 48.659979681469906 ], [ 6.29312010242081, 48.659928817558033 ], [ 6.293176234207403, 48.65987404504115 ], [ 6.293223991605979, 48.659815891419484 ], [ 6.293262914706824, 48.659754916754011 ], [ 6.293292628685021, 48.659691708272575 ], [ 6.29331284740923, 48.659626874714036 ], [ 6.293323376196121, 48.65956104046569 ], [ 6.293324113683971, 48.659494839549744 ], [ 6.293315052807428, 48.659428909517416 ], [ 6.293296280864153, 48.659363885308842 ], [ 6.293267978672668, 48.659300393138345 ], [ 6.293230418829677, 48.659239044463867 ], [ 6.29320381981202, 48.659205483843174 ], [ 6.29325651897225, 48.659220247728406 ], [ 6.293351931163804, 48.659239932389781 ], [ 6.293449796423841, 48.659253326666814 ], [ 6.293549172222375, 48.659260301560607 ], [ 6.293649101479891, 48.659260789896685 ], [ 6.293748621785951, 48.659254786971928 ], [ 6.293846774669142, 48.659242350599875 ], [ 6.293942614829088, 48.659223600553972 ], [ 6.294035219241536, 48.659198717413751 ], [ 6.294123696048778, 48.659167940825661 ], [ 6.294207193149744, 48.659131567194684 ], [ 6.294284906407023, 48.659089946829603 ], [ 6.294356087391693, 48.659043480568727 ], [ 6.294420050591417, 48.65899261591931 ], [ 6.294476180012312, 48.658937842747292 ], [ 6.294523935111049, 48.658879688559146 ], [ 6.294562856000061, 48.658818713421361 ], [ 6.294592567875735, 48.658755504566265 ], [ 6.29461278462698, 48.65869067073637 ], [ 6.294623311589465, 48.658624836321543 ], [ 6.294624047419031, 48.658558635345621 ], [ 6.294614985066302, 48.658492705360416 ], [ 6.29459621184315, 48.658427681305568 ], [ 6.294567908580423, 48.658364189393929 ], [ 6.294530347885137, 48.658302841080967 ], [ 6.294483891513915, 48.65824422717629 ], [ 6.294428986888053, 48.658188912154166 ], [ 6.294366162783796, 48.658137428717723 ], [ 6.294296024239381, 48.658090272669106 ], [ 6.294219246727879, 48.658047898135123 ], [ 6.294136569651998, 48.658010713194152 ], [ 6.294048789223496, 48.657979075946557 ], [ 6.293956750795751, 48.657953291066519 ], [ 6.293861340723313, 48.657933606868063 ] ] ], [ [ [ 6.289750434797195, 48.658931365693213 ], [ 6.289651060130165, 48.658924387630343 ], [ 6.289551131552725, 48.65892389594223 ], [ 6.289451611394639, 48.65892989536394 ], [ 6.289353458052974, 48.658942328119871 ], [ 6.289257616763613, 48.658961074480139 ], [ 6.289165010499437, 48.658985953913394 ], [ 6.289076531082801, 48.659016726825286 ], [ 6.288993030597799, 48.65905309686552 ], [ 6.288915313185056, 48.659094713781499 ], [ 6.288844127297971, 48.659141176791053 ], [ 6.288780158494999, 48.659192038441738 ], [ 6.28872402283737, 48.659246808919612 ], [ 6.28867626095583, 48.659304960765915 ], [ 6.288637332843542, 48.659365933956487 ], [ 6.288607613425323, 48.659429141294552 ], [ 6.28858738894593, 48.659493974065562 ], [ 6.288576854212192, 48.659559807899171 ], [ 6.288576110715594, 48.659626008781999 ], [ 6.288585165653484, 48.659691939163572 ], [ 6.28860393185832, 48.659756964096111 ], [ 6.288632228635747, 48.659820457349667 ], [ 6.288669783503458, 48.659881807443135 ], [ 6.288716234814141, 48.659940423533364 ], [ 6.288771135237339, 48.659995741105718 ], [ 6.288833956066657, 48.660047227410949 ], [ 6.288904092310941, 48.66009438659632 ], [ 6.288980868520367, 48.660136764481344 ], [ 6.289063545291381, 48.660173952932283 ], [ 6.289151326387804, 48.66020559379313 ], [ 6.289243366409557, 48.660231382335226 ], [ 6.289338778935098, 48.660251070192366 ], [ 6.289436645059131, 48.660264467753102 ], [ 6.289536022243351, 48.660271445986901 ], [ 6.2896359533949, 48.660271937687135 ], [ 6.289735476085095, 48.660265938118251 ], [ 6.28983363181956, 48.660253505061512 ], [ 6.289929475270461, 48.660234758258397 ], [ 6.290022083381846, 48.660209878257241 ], [ 6.290110564260377, 48.660179104674192 ], [ 6.290194065765776, 48.660142733885408 ], [ 6.290271783718207, 48.6601011161722 ], [ 6.290342969643531, 48.660054652347384 ], [ 6.290406937981825, 48.660003789894745 ], [ 6.290463072689714, 48.659949018659049 ], [ 6.290510833172949, 48.659890866128137 ], [ 6.290549759492108, 48.659829892352548 ], [ 6.290579476791276, 48.659766684551478 ], [ 6.290599698907136, 48.659701851457278 ], [ 6.290610231123685, 48.659636017452762 ], [ 6.290610972046173, 48.659569816557806 ], [ 6.290601914576174, 48.659503886323414 ], [ 6.290583145978538, 48.659438861691669 ], [ 6.290554847039572, 48.659375368880973 ], [ 6.290517290324653, 48.659314019355413 ], [ 6.290470837552074, 48.659255403936321 ], [ 6.290415936108481, 48.659200087112524 ], [ 6.290353114739473, 48.659148601604521 ], [ 6.29028297845695, 48.659101443234412 ], [ 6.290206202712203, 48.659059066151329 ], [ 6.29012352689093, 48.659021878458219 ], [ 6.29003574719281, 48.658990238281959 ], [ 6.289943708964188, 48.658964450324923 ], [ 6.289848298557697, 48.658944762930773 ], [ 6.289750434797195, 48.658931365693213 ] ] ] ] } }
]
}
